{"format": "layers-model", "generatedBy": "keras v2.4.0", "convertedBy": "TensorFlow.js Converter v3.6.0", "modelTopology": {"keras_version": "2.4.0", "backend": "tensorflow", "model_config": {"class_name": "Functional", "config": {"name": "model_4", "layers": [{"class_name": "InputLayer", "config": {"batch_input_shape": [null, 10, 1], "dtype": "float32", "sparse": false, "ragged": false, "name": "input_1"}, "name": "input_1", "inbound_nodes": []}, {"class_name": "InputLayer", "config": {"batch_input_shape": [null, 10, 2], "dtype": "float32", "sparse": false, "ragged": false, "name": "input_2"}, "name": "input_2", "inbound_nodes": []}, {"class_name": "InputLayer", "config": {"batch_input_shape": [null, 10, 2], "dtype": "float32", "sparse": false, "ragged": false, "name": "input_3"}, "name": "input_3", "inbound_nodes": []}, {"class_name": "InputLayer", "config": {"batch_input_shape": [null, 10, 1], "dtype": "float32", "sparse": false, "ragged": false, "name": "input_4"}, "name": "input_4", "inbound_nodes": []}, {"class_name": "Conv1D", "config": {"name": "conv1d", "trainable": true, "dtype": "float32", "filters": 64, "kernel_size": [3], "strides": [1], "padding": "valid", "data_format": "channels_last", "dilation_rate": [1], "groups": 1, "activation": "relu", "use_bias": true, "kernel_initializer": {"class_name": "GlorotUniform", "config": {"seed": null}}, "bias_initializer": {"class_name": "Zeros", "config": {}}, "kernel_regularizer": null, "bias_regularizer": null, "activity_regularizer": null, "kernel_constraint": null, "bias_constraint": null}, "name": "conv1d", "inbound_nodes": [[["input_1", 0, 0, {}]]]}, {"class_name": "Conv1D", "config": {"name": "conv1d_2", "trainable": true, "dtype": "float32", "filters": 64, "kernel_size": [3], "strides": [1], "padding": "valid", "data_format": "channels_last", "dilation_rate": [1], "groups": 1, "activation": "relu", "use_bias": true, "kernel_initializer": {"class_name": "GlorotUniform", "config": {"seed": null}}, "bias_initializer": {"class_name": "Zeros", "config": {}}, "kernel_regularizer": null, "bias_regularizer": null, "activity_regularizer": null, "kernel_constraint": null, "bias_constraint": null}, "name": "conv1d_2", "inbound_nodes": [[["input_2", 0, 0, {}]]]}, {"class_name": "Conv1D", "config": {"name": "conv1d_4", "trainable": true, "dtype": "float32", "filters": 64, "kernel_size": [3], "strides": [1], "padding": "valid", "data_format": "channels_last", "dilation_rate": [1], "groups": 1, "activation": "relu", "use_bias": true, "kernel_initializer": {"class_name": "GlorotUniform", "config": {"seed": null}}, "bias_initializer": {"class_name": "Zeros", "config": {}}, "kernel_regularizer": null, "bias_regularizer": null, "activity_regularizer": null, "kernel_constraint": null, "bias_constraint": null}, "name": "conv1d_4", "inbound_nodes": [[["input_3", 0, 0, {}]]]}, {"class_name": "Conv1D", "config": {"name": "conv1d_6", "trainable": true, "dtype": "float32", "filters": 64, "kernel_size": [3], "strides": [1], "padding": "valid", "data_format": "channels_last", "dilation_rate": [1], "groups": 1, "activation": "relu", "use_bias": true, "kernel_initializer": {"class_name": "GlorotUniform", "config": {"seed": null}}, "bias_initializer": {"class_name": "Zeros", "config": {}}, "kernel_regularizer": null, "bias_regularizer": null, "activity_regularizer": null, "kernel_constraint": null, "bias_constraint": null}, "name": "conv1d_6", "inbound_nodes": [[["input_4", 0, 0, {}]]]}, {"class_name": "Conv1D", "config": {"name": "conv1d_1", "trainable": true, "dtype": "float32", "filters": 64, "kernel_size": [3], "strides": [1], "padding": "valid", "data_format": "channels_last", "dilation_rate": [2], "groups": 1, "activation": "relu", "use_bias": true, "kernel_initializer": {"class_name": "GlorotUniform", "config": {"seed": null}}, "bias_initializer": {"class_name": "Zeros", "config": {}}, "kernel_regularizer": null, "bias_regularizer": null, "activity_regularizer": null, "kernel_constraint": null, "bias_constraint": null}, "name": "conv1d_1", "inbound_nodes": [[["conv1d", 0, 0, {}]]]}, {"class_name": "Conv1D", "config": {"name": "conv1d_3", "trainable": true, "dtype": "float32", "filters": 64, "kernel_size": [3], "strides": [1], "padding": "valid", "data_format": "channels_last", "dilation_rate": [2], "groups": 1, "activation": "relu", "use_bias": true, "kernel_initializer": {"class_name": "GlorotUniform", "config": {"seed": null}}, "bias_initializer": {"class_name": "Zeros", "config": {}}, "kernel_regularizer": null, "bias_regularizer": null, "activity_regularizer": null, "kernel_constraint": null, "bias_constraint": null}, "name": "conv1d_3", "inbound_nodes": [[["conv1d_2", 0, 0, {}]]]}, {"class_name": "Conv1D", "config": {"name": "conv1d_5", "trainable": true, "dtype": "float32", "filters": 64, "kernel_size": [3], "strides": [1], "padding": "valid", "data_format": "channels_last", "dilation_rate": [2], "groups": 1, "activation": "relu", "use_bias": true, "kernel_initializer": {"class_name": "GlorotUniform", "config": {"seed": null}}, "bias_initializer": {"class_name": "Zeros", "config": {}}, "kernel_regularizer": null, "bias_regularizer": null, "activity_regularizer": null, "kernel_constraint": null, "bias_constraint": null}, "name": "conv1d_5", "inbound_nodes": [[["conv1d_4", 0, 0, {}]]]}, {"class_name": "Conv1D", "config": {"name": "conv1d_7", "trainable": true, "dtype": "float32", "filters": 64, "kernel_size": [3], "strides": [1], "padding": "valid", "data_format": "channels_last", "dilation_rate": [2], "groups": 1, "activation": "relu", "use_bias": true, "kernel_initializer": {"class_name": "GlorotUniform", "config": {"seed": null}}, "bias_initializer": {"class_name": "Zeros", "config": {}}, "kernel_regularizer": null, "bias_regularizer": null, "activity_regularizer": null, "kernel_constraint": null, "bias_constraint": null}, "name": "conv1d_7", "inbound_nodes": [[["conv1d_6", 0, 0, {}]]]}, {"class_name": "Concatenate", "config": {"name": "concatenate", "trainable": true, "dtype": "float32", "axis": -1}, "name": "concatenate", "inbound_nodes": [[["conv1d_1", 0, 0, {}], ["conv1d_3", 0, 0, {}], ["conv1d_5", 0, 0, {}], ["conv1d_7", 0, 0, {}]]]}, {"class_name": "LSTM", "config": {"name": "lstm", "trainable": true, "dtype": "float32", "return_sequences": true, "return_state": false, "go_backwards": false, "stateful": false, "unroll": false, "time_major": false, "units": 100, "activation": "tanh", "recurrent_activation": "sigmoid", "use_bias": true, "kernel_initializer": {"class_name": "GlorotUniform", "config": {"seed": null}}, "recurrent_initializer": {"class_name": "Orthogonal", "config": {"gain": 1.0, "seed": null}}, "bias_initializer": {"class_name": "Zeros", "config": {}}, "unit_forget_bias": true, "kernel_regularizer": null, "recurrent_regularizer": null, "bias_regularizer": null, "activity_regularizer": null, "kernel_constraint": null, "recurrent_constraint": null, "bias_constraint": null, "dropout": 0.0, "recurrent_dropout": 0.0, "implementation": 2}, "name": "lstm", "inbound_nodes": [[["concatenate", 0, 0, {}]]]}, {"class_name": "LSTM", "config": {"name": "lstm_1", "trainable": true, "dtype": "float32", "return_sequences": false, "return_state": false, "go_backwards": false, "stateful": false, "unroll": false, "time_major": false, "units": 100, "activation": "tanh", "recurrent_activation": "sigmoid", "use_bias": true, "kernel_initializer": {"class_name": "GlorotUniform", "config": {"seed": null}}, "recurrent_initializer": {"class_name": "Orthogonal", "config": {"gain": 1.0, "seed": null}}, "bias_initializer": {"class_name": "Zeros", "config": {}}, "unit_forget_bias": true, "kernel_regularizer": null, "recurrent_regularizer": null, "bias_regularizer": null, "activity_regularizer": null, "kernel_constraint": null, "recurrent_constraint": null, "bias_constraint": null, "dropout": 0.0, "recurrent_dropout": 0.0, "implementation": 2}, "name": "lstm_1", "inbound_nodes": [[["lstm", 0, 0, {}]]]}, {"class_name": "Dense", "config": {"name": "dense", "trainable": true, "dtype": "float32", "units": 10, "activation": "relu", "use_bias": true, "kernel_initializer": {"class_name": "GlorotUniform", "config": {"seed": null}}, "bias_initializer": {"class_name": "Zeros", "config": {}}, "kernel_regularizer": null, "bias_regularizer": null, "activity_regularizer": null, "kernel_constraint": null, "bias_constraint": null}, "name": "dense", "inbound_nodes": [[["lstm_1", 0, 0, {}]]]}, {"class_name": "Dense", "config": {"name": "dense_1", "trainable": true, "dtype": "float32", "units": 7, "activation": "softmax", "use_bias": true, "kernel_initializer": {"class_name": "GlorotUniform", "config": {"seed": null}}, "bias_initializer": {"class_name": "Zeros", "config": {}}, "kernel_regularizer": null, "bias_regularizer": null, "activity_regularizer": null, "kernel_constraint": null, "bias_constraint": null}, "name": "dense_1", "inbound_nodes": [[["dense", 0, 0, {}]]]}], "input_layers": [["input_1", 0, 0], ["input_2", 0, 0], ["input_3", 0, 0], ["input_4", 0, 0]], "output_layers": [["dense_1", 0, 0]]}}, "training_config": {"loss": "sparse_categorical_crossentropy", "metrics": [[{"class_name": "MeanMetricWrapper", "config": {"name": "accuracy", "dtype": "float32", "fn": "sparse_categorical_accuracy"}}]], "weighted_metrics": null, "loss_weights": null, "optimizer_config": {"class_name": "Adam", "config": {"name": "Adam", "learning_rate": 0.0010000000474974513, "decay": 0.0, "beta_1": 0.8999999761581421, "beta_2": 0.9990000128746033, "epsilon": 1e-07, "amsgrad": false}}}}, "weightsManifest": [{"paths": ["group1-shard1of1.bin"], "weights": [{"name": "conv1d/kernel", "shape": [3, 1, 64], "dtype": "float32"}, {"name": "conv1d/bias", "shape": [64], "dtype": "float32"}, {"name": "conv1d_1/kernel", "shape": [3, 64, 64], "dtype": "float32"}, {"name": "conv1d_1/bias", "shape": [64], "dtype": "float32"}, {"name": "conv1d_2/kernel", "shape": [3, 2, 64], "dtype": "float32"}, {"name": "conv1d_2/bias", "shape": [64], "dtype": "float32"}, {"name": "conv1d_3/kernel", "shape": [3, 64, 64], "dtype": "float32"}, {"name": "conv1d_3/bias", "shape": [64], "dtype": "float32"}, {"name": "conv1d_4/kernel", "shape": [3, 2, 64], "dtype": "float32"}, {"name": "conv1d_4/bias", "shape": [64], "dtype": "float32"}, {"name": "conv1d_5/kernel", "shape": [3, 64, 64], "dtype": "float32"}, {"name": "conv1d_5/bias", "shape": [64], "dtype": "float32"}, {"name": "conv1d_6/kernel", "shape": [3, 1, 64], "dtype": "float32"}, {"name": "conv1d_6/bias", "shape": [64], "dtype": "float32"}, {"name": "conv1d_7/kernel", "shape": [3, 64, 64], "dtype": "float32"}, {"name": "conv1d_7/bias", "shape": [64], "dtype": "float32"}, {"name": "dense/kernel", "shape": [100, 10], "dtype": "float32"}, {"name": "dense/bias", "shape": [10], "dtype": "float32"}, {"name": "dense_1/kernel", "shape": [10, 7], "dtype": "float32"}, {"name": "dense_1/bias", "shape": [7], "dtype": "float32"}, {"name": "lstm/lstm_cell/kernel", "shape": [256, 400], "dtype": "float32"}, {"name": "lstm/lstm_cell/recurrent_kernel", "shape": [100, 400], "dtype": "float32"}, {"name": "lstm/lstm_cell/bias", "shape": [400], "dtype": "float32"}, {"name": "lstm_1/lstm_cell_1/kernel", "shape": [100, 400], "dtype": "float32"}, {"name": "lstm_1/lstm_cell_1/recurrent_kernel", "shape": [100, 400], "dtype": "float32"}, {"name": "lstm_1/lstm_cell_1/bias", "shape": [400], "dtype": "float32"}]}]}