platform_name,platform_version,platform_product,platform_manufacturer,platform_layout,platform_os,platform_description,date,label,s_movement,do_absolute,do_alpha,do_beta,do_gamma,acc_g_x,acc_g_y,acc_g_z,acc_x,acc_y,acc_z,rot_alpha,rot_beta,rot_gamma
Chrome Mobile,90.0.4430.82,Asus X01AD,Asus,Blink,[object Object],Chrome Mobile 90.0.4430.82 on Asus X01AD (Android 9),2021-05-06T05:09:50.800Z,着席,あ,false,101,18.1,4.3,-0.7000000000000001,3.1,8.9,0,0,-0.6000000000000001,11.3,-20.1,-7.9
Chrome Mobile,90.0.4430.82,Asus X01AD,Asus,Blink,[object Object],Chrome Mobile 90.0.4430.82 on Asus X01AD (Android 9),2021-05-06T05:09:51.001Z,着席,あ,false,74.3,59.2,-7.4,1.2000000000000002,10,4.5,0.6000000000000001,1.4000000000000001,-0.5,8.3,-0.7,-3.9
Chrome Mobile,90.0.4430.82,Asus X01AD,Asus,Blink,[object Object],Chrome Mobile 90.0.4430.82 on Asus X01AD (Android 9),2021-05-06T05:09:51.202Z,着席,あ,false,61,69.5,8.9,-1.1,3.5,2.6,-0.5,-6,-0.9,87.2,3.8,-28.700000000000003
Chrome Mobile,90.0.4430.82,Asus X01AD,Asus,Blink,[object Object],Chrome Mobile 90.0.4430.82 on Asus X01AD (Android 9),2021-05-06T05:09:51.402Z,着席,あ,false,89.10000000000001,71.5,-23,2.5,9.600000000000001,-0.7000000000000001,1.3,0.7000000000000001,-3.4000000000000004,-83.00000000000001,3.9,134.00000000000003
Chrome Mobile,90.0.4430.82,Asus X01AD,Asus,Blink,[object Object],Chrome Mobile 90.0.4430.82 on Asus X01AD (Android 9),2021-05-06T05:09:51.603Z,着席,あ,false,76.9,74.60000000000001,-6.9,2.3000000000000003,7.5,6.1000000000000005,2,-2.6,3.4000000000000004,146.1,10.8,-151.9
Chrome Mobile,90.0.4430.82,Asus X01AD,Asus,Blink,[object Object],Chrome Mobile 90.0.4430.82 on Asus X01AD (Android 9),2021-05-06T05:09:51.803Z,着席,あ,false,15.4,82.60000000000001,56.6,-0.30000000000000004,-3.3000000000000003,1.6,0.7000000000000001,-12.600000000000001,1,-80.4,-0.4,118.10000000000001
Chrome Mobile,90.0.4430.82,Asus X01AD,Asus,Blink,[object Object],Chrome Mobile 90.0.4430.82 on Asus X01AD (Android 9),2021-05-06T05:09:52.005Z,着席,あ,false,101.4,67.4,-20.8,6,19.400000000000002,2.3000000000000003,4.6000000000000005,9.9,-1.4000000000000001,178,18.200000000000003,-84.2
Chrome Mobile,90.0.4430.82,Asus X01AD,Asus,Blink,[object Object],Chrome Mobile 90.0.4430.82 on Asus X01AD (Android 9),2021-05-06T05:09:52.206Z,着席,あ,false,19.6,82,60.300000000000004,-2.6,-4.3,0,-1.4000000000000001,-13.8,-0.6000000000000001,-21.300000000000004,22.2,45.6
Chrome Mobile,90.0.4430.82,Asus X01AD,Asus,Blink,[object Object],Chrome Mobile 90.0.4430.82 on Asus X01AD (Android 9),2021-05-06T05:09:52.406Z,着席,あ,false,101.60000000000001,55.900000000000006,-6.4,4.7,29.3,14.5,4.1000000000000005,20.900000000000002,8.9,83.70000000000002,25.5,9.600000000000001
Chrome Mobile,90.0.4430.82,Asus X01AD,Asus,Blink,[object Object],Chrome Mobile 90.0.4430.82 on Asus X01AD (Android 9),2021-05-06T05:09:52.606Z,着席,あ,false,35.9,81,51.7,-2.6,-6,0.2,-1.4000000000000001,-15.700000000000001,-0.7000000000000001,69.80000000000001,14.100000000000001,-26.9
Chrome Mobile,90.0.4430.82,Asus X01AD,Asus,Blink,[object Object],Chrome Mobile 90.0.4430.82 on Asus X01AD (Android 9),2021-05-06T05:09:52.807Z,着席,あ,false,99.10000000000001,57.400000000000006,-10.3,5.4,31,17.6,4.4,22.900000000000002,12.5,-129.00000000000003,10,43.800000000000004
Chrome Mobile,90.0.4430.82,Asus X01AD,Asus,Blink,[object Object],Chrome Mobile 90.0.4430.82 on Asus X01AD (Android 9),2021-05-06T05:09:53.008Z,着席,あ,false,50.2,80.2,36,-0.9,-1.6,4,0.1,-11.600000000000001,2.6,157,-8.8,-80.2
Chrome Mobile,90.0.4430.82,Asus X01AD,Asus,Blink,[object Object],Chrome Mobile 90.0.4430.82 on Asus X01AD (Android 9),2021-05-06T05:09:53.208Z,着席,あ,false,86.9,76.9,0.2,0,6.2,3.3000000000000003,0,-2.8000000000000003,1.3,-227.6,6.300000000000001,98.60000000000001
Chrome Mobile,90.0.4430.82,Asus X01AD,Asus,Blink,[object Object],Chrome Mobile 90.0.4430.82 on Asus X01AD (Android 9),2021-05-06T05:09:53.409Z,着席,あ,false,91.4,76.10000000000001,-2.6,0.8,7.800000000000001,3,0.7000000000000001,-2.2,0.5,136.8,-0.30000000000000004,-98.3
Chrome Mobile,90.0.4430.82,Asus X01AD,Asus,Blink,[object Object],Chrome Mobile 90.0.4430.82 on Asus X01AD (Android 9),2021-05-06T05:09:53.609Z,着席,あ,false,57.2,85.10000000000001,33.9,-2.1,-3.9000000000000004,-0.5,-1.7000000000000002,-13.200000000000001,-1.2000000000000002,-94,25,62.300000000000004
Chrome Mobile,90.0.4430.82,Asus X01AD,Asus,Blink,[object Object],Chrome Mobile 90.0.4430.82 on Asus X01AD (Android 9),2021-05-06T05:09:53.810Z,着席,あ,false,114.4,67.8,-18.5,7.300000000000001,19.200000000000003,4.2,6.1000000000000005,9.700000000000001,0.5,161.00000000000003,11.900000000000002,-83.00000000000001
Chrome Mobile,90.0.4430.82,Asus X01AD,Asus,Blink,[object Object],Chrome Mobile 90.0.4430.82 on Asus X01AD (Android 9),2021-05-06T05:09:54.010Z,着席,あ,false,5.300000000000001,82.80000000000001,87.2,-2,-3.7,-1.1,-0.8,-13.200000000000001,-1.1,-16.5,5,32.6
Chrome Mobile,90.0.4430.82,Asus X01AD,Asus,Blink,[object Object],Chrome Mobile 90.0.4430.82 on Asus X01AD (Android 9),2021-05-06T05:09:54.211Z,着席,あ,false,112.5,62.5,-16.8,10.600000000000001,34.800000000000004,13.3,9.200000000000001,25.900000000000002,8.9,23,9.4,12.4
Chrome Mobile,90.0.4430.82,Asus X01AD,Asus,Blink,[object Object],Chrome Mobile 90.0.4430.82 on Asus X01AD (Android 9),2021-05-06T05:09:54.412Z,着席,あ,false,9.3,83.5,81.4,-3.2,-5.800000000000001,0.5,-2.1,-15.600000000000001,0.30000000000000004,68.7,3.4,-25.1
Chrome Mobile,90.0.4430.82,Asus X01AD,Asus,Blink,[object Object],Chrome Mobile 90.0.4430.82 on Asus X01AD (Android 9),2021-05-06T05:09:54.613Z,着席,あ,false,111,65.8,-14.700000000000001,5.9,25.8,14.100000000000001,4.9,17.3,10.4,-214.5,14.800000000000002,100.4
Chrome Mobile,90.0.4430.82,Asus X01AD,Asus,Blink,[object Object],Chrome Mobile 90.0.4430.82 on Asus X01AD (Android 9),2021-05-06T05:09:54.814Z,着席,あ,false,64.60000000000001,82.80000000000001,30,-2.8000000000000003,-1.9000000000000001,4,-2.2,-11.9,2.9000000000000004,122.90000000000002,-47.7,-122.69999999999999
Chrome Mobile,90.0.4430.82,Asus X01AD,Asus,Blink,[object Object],Chrome Mobile 90.0.4430.82 on Asus X01AD (Android 9),2021-05-06T05:09:55.014Z,着席,あ,false,103.80000000000001,73.7,-7.1000000000000005,0.9,12.200000000000001,1.9000000000000001,0.6000000000000001,3.4000000000000004,-0.7000000000000001,-250.00000000000003,25.4,102.3
Chrome Mobile,90.0.4430.82,Asus X01AD,Asus,Blink,[object Object],Chrome Mobile 90.0.4430.82 on Asus X01AD (Android 9),2021-05-06T05:09:55.215Z,着席,あ,false,86.60000000000001,75.60000000000001,12.3,0,2.1,3.5,0.5,-7.800000000000001,1,165.6,-19.6,-116.4
Chrome Mobile,90.0.4430.82,Asus X01AD,Asus,Blink,[object Object],Chrome Mobile 90.0.4430.82 on Asus X01AD (Android 9),2021-05-06T05:09:55.416Z,着席,あ,false,63.1,82.9,29.700000000000003,-0.7000000000000001,1.3,-0.8,-0.1,-7.9,-1.8,-119.20000000000002,-9.5,89.5
Chrome Mobile,90.0.4430.82,Asus X01AD,Asus,Blink,[object Object],Chrome Mobile 90.0.4430.82 on Asus X01AD (Android 9),2021-05-06T05:09:55.617Z,着席,あ,false,105.30000000000001,68.4,-6.9,4.2,13.5,6.7,3.7,4,2.9000000000000004,178.20000000000002,10.200000000000001,-81
Chrome Mobile,90.0.4430.82,Asus X01AD,Asus,Blink,[object Object],Chrome Mobile 90.0.4430.82 on Asus X01AD (Android 9),2021-05-06T05:09:55.817Z,着席,あ,false,24.5,80.9,71.5,-2.7,-2.4000000000000004,-0.7000000000000001,-1.2000000000000002,-11.8,-1.1,-44.4,6,41.300000000000004
Chrome Mobile,90.0.4430.82,Asus X01AD,Asus,Blink,[object Object],Chrome Mobile 90.0.4430.82 on Asus X01AD (Android 9),2021-05-06T05:09:56.018Z,着席,あ,false,109.80000000000001,66.8,-7.7,7.300000000000001,23.700000000000003,9.200000000000001,6.7,14.4,5.300000000000001,101.9,47.900000000000006,-36.400000000000006
Chrome Mobile,90.0.4430.82,Asus X01AD,Asus,Blink,[object Object],Chrome Mobile 90.0.4430.82 on Asus X01AD (Android 9),2021-05-06T05:09:56.219Z,着席,あ,false,181.70000000000002,99.60000000000001,-85.4,-3.3000000000000003,-3.1,-1.3,-1.7000000000000002,-12.700000000000001,-1.1,32.7,-19.300000000000004,33.2
Chrome Mobile,90.0.4430.82,Asus X01AD,Asus,Blink,[object Object],Chrome Mobile 90.0.4430.82 on Asus X01AD (Android 9),2021-05-06T05:09:56.420Z,着席,あ,false,104.9,65.2,-6.4,3.1,31.700000000000003,19.5,2.7,22.900000000000002,15.5,-117.4,8.3,44.8
Chrome Mobile,90.0.4430.82,Asus X01AD,Asus,Blink,[object Object],Chrome Mobile 90.0.4430.82 on Asus X01AD (Android 9),2021-05-06T05:09:56.620Z,着席,あ,false,177.3,97.60000000000001,-79.30000000000001,-4.1000000000000005,-4.1000000000000005,0.2,-2.8000000000000003,-13.9,0.4,61.300000000000004,35,-61.199999999999996
Chrome Mobile,90.0.4430.82,Asus X01AD,Asus,Blink,[object Object],Chrome Mobile 90.0.4430.82 on Asus X01AD (Android 9),2021-05-06T05:09:56.827Z,着席,あ,false,100.4,73,-2.6,-1.6,15.3,6.5,-1.7000000000000002,6.4,3.8000000000000003,-250.00000000000003,31.400000000000002,64.9
Chrome Mobile,90.0.4430.82,Asus X01AD,Asus,Blink,[object Object],Chrome Mobile 90.0.4430.82 on Asus X01AD (Android 9),2021-05-06T05:09:57.027Z,着席,あ,false,68,84.60000000000001,29.900000000000002,-2,-0.8,1.8,-1.6,-10.9,0.9,167.79999999999998,-45.6,-98.9
Chrome Mobile,90.0.4430.82,Asus X01AD,Asus,Blink,[object Object],Chrome Mobile 90.0.4430.82 on Asus X01AD (Android 9),2021-05-06T05:09:57.228Z,着席,あ,false,107.4,81.9,-10.3,1.4000000000000001,5,1.8,1.2000000000000002,-4.1000000000000005,0.5,-218.10000000000002,-3.6000000000000005,89.10000000000001
Chrome Mobile,90.0.4430.82,Asus X01AD,Asus,Blink,[object Object],Chrome Mobile 90.0.4430.82 on Asus X01AD (Android 9),2021-05-06T05:09:57.429Z,着席,あ,false,112.60000000000001,75.5,-16,2.3000000000000003,8.9,4.9,1.6,-1,2.4000000000000004,121.30000000000001,10.600000000000001,-135.6
Chrome Mobile,90.0.4430.82,Asus X01AD,Asus,Blink,[object Object],Chrome Mobile 90.0.4430.82 on Asus X01AD (Android 9),2021-05-06T05:09:57.631Z,着席,あ,false,10.9,85.10000000000001,85.2,-1.3,-2.3000000000000003,-2.4000000000000004,-0.5,-11.700000000000001,-2.4000000000000004,-77.7,-20.1,55.8
Chrome Mobile,90.0.4430.82,Asus X01AD,Asus,Blink,[object Object],Chrome Mobile 90.0.4430.82 on Asus X01AD (Android 9),2021-05-06T05:09:57.831Z,着席,あ,false,98.4,61.6,-1.5,1.5,24,15.200000000000001,1.4000000000000001,15.100000000000001,10.4,83.4,36.9,-62.4
Chrome Mobile,90.0.4430.82,Asus X01AD,Asus,Blink,[object Object],Chrome Mobile 90.0.4430.82 on Asus X01AD (Android 9),2021-05-06T05:09:58.032Z,着席,あ,false,183.10000000000002,97,-87.30000000000001,-1.5,-2.9000000000000004,-1.4000000000000001,-0.30000000000000004,-12.600000000000001,-1.4000000000000001,87.10000000000001,-3.3000000000000007,15.2
Chrome Mobile,90.0.4430.82,Asus X01AD,Asus,Blink,[object Object],Chrome Mobile 90.0.4430.82 on Asus X01AD (Android 9),2021-05-06T05:09:58.232Z,着席,あ,false,111.10000000000001,71.60000000000001,-17.8,6.6000000000000005,22.200000000000003,9.5,5.7,13.3,6.6000000000000005,-231.7,23.3,70.9
Chrome Mobile,90.0.4430.82,Asus X01AD,Asus,Blink,[object Object],Chrome Mobile 90.0.4430.82 on Asus X01AD (Android 9),2021-05-06T05:09:58.433Z,着席,あ,false,52.300000000000004,82.9,42.1,-3.9000000000000004,-0.5,3.9000000000000004,-3.1,-10.600000000000001,3,134.70000000000002,-38.900000000000006,-106.30000000000001
Chrome Mobile,90.0.4430.82,Asus X01AD,Asus,Blink,[object Object],Chrome Mobile 90.0.4430.82 on Asus X01AD (Android 9),2021-05-06T05:09:58.633Z,着席,あ,false,88,80.9,3.6,-0.5,6.4,-1.7000000000000002,-0.4,-2.7,-3.2,-243.30000000000004,0.7,68.7
Chrome Mobile,90.0.4430.82,Asus X01AD,Asus,Blink,[object Object],Chrome Mobile 90.0.4430.82 on Asus X01AD (Android 9),2021-05-06T05:09:58.834Z,着席,あ,false,91.30000000000001,77.80000000000001,2.5,-0.1,5.9,3.7,0.5,-2.2,1.6,170.60000000000002,-0.2,-85.9
Chrome Mobile,90.0.4430.82,Asus X01AD,Asus,Blink,[object Object],Chrome Mobile 90.0.4430.82 on Asus X01AD (Android 9),2021-05-06T05:09:59.035Z,着席,あ,false,162.4,96.5,-72.2,-1.5,-1.6,-1.3,-0.5,-11,-1,-60.1,1.5,32.6
Chrome Mobile,90.0.4430.82,Asus X01AD,Asus,Blink,[object Object],Chrome Mobile 90.0.4430.82 on Asus X01AD (Android 9),2021-05-06T05:09:59.235Z,着席,あ,false,99,72.9,-5.6000000000000005,5.1000000000000005,20.5,9.1,4.800000000000001,10.8,6.1000000000000005,138.40000000000003,-3.1,-4.5
Chrome Mobile,90.0.4430.82,Asus X01AD,Asus,Blink,[object Object],Chrome Mobile 90.0.4430.82 on Asus X01AD (Android 9),2021-05-06T05:09:59.436Z,着席,あ,false,142.20000000000002,96.60000000000001,-50,-1.7000000000000002,-1.5,-2.8000000000000003,-0.9,-11.100000000000001,-2.1,2.9,-2.5,14.700000000000001
Chrome Mobile,90.0.4430.82,Asus X01AD,Asus,Blink,[object Object],Chrome Mobile 90.0.4430.82 on Asus X01AD (Android 9),2021-05-06T05:09:59.636Z,着席,あ,false,95.30000000000001,65.60000000000001,-1.4000000000000001,3.6,27.700000000000003,16.2,3.1,20.200000000000003,12.3,-161.70000000000002,21.1,19.6
Chrome Mobile,90.0.4430.82,Asus X01AD,Asus,Blink,[object Object],Chrome Mobile 90.0.4430.82 on Asus X01AD (Android 9),2021-05-06T05:09:59.837Z,着席,あ,false,49.400000000000006,84.10000000000001,42.6,-1.9000000000000001,-0.1,1.8,-1.2000000000000002,-10.100000000000001,1,131.79999999999998,-21.900000000000002,-18.5
Chrome Mobile,90.0.4430.82,Asus X01AD,Asus,Blink,[object Object],Chrome Mobile 90.0.4430.82 on Asus X01AD (Android 9),2021-05-06T05:10:00.037Z,着席,あ,false,84.5,80,6.9,-0.7000000000000001,10.9,0.8,-0.6000000000000001,1.8,-0.7000000000000001,-213.20000000000002,0.6000000000000001,37.9
Chrome Mobile,90.0.4430.82,Asus X01AD,Asus,Blink,[object Object],Chrome Mobile 90.0.4430.82 on Asus X01AD (Android 9),2021-05-06T05:10:00.238Z,着席,あ,false,75.2,81.2,16.7,-2.4000000000000004,1.7000000000000002,4,-2,-8.3,2.6,125.7,0.1,-72.10000000000001
Chrome Mobile,90.0.4430.82,Asus X01AD,Asus,Blink,[object Object],Chrome Mobile 90.0.4430.82 on Asus X01AD (Android 9),2021-05-06T05:10:00.439Z,着席,あ,false,71.9,86.4,16.7,0.9,4.2,-1.6,1,-5,-2.2,-172.2,32,49.800000000000004
Chrome Mobile,90.0.4430.82,Asus X01AD,Asus,Blink,[object Object],Chrome Mobile 90.0.4430.82 on Asus X01AD (Android 9),2021-05-06T05:10:00.639Z,着席,あ,false,85.2,76.80000000000001,5.6000000000000005,-0.2,9.8,3.5,0,-0.1,1.2000000000000002,116.9,38.800000000000004,-81.2
Chrome Mobile,90.0.4430.82,Asus X01AD,Asus,Blink,[object Object],Chrome Mobile 90.0.4430.82 on Asus X01AD (Android 9),2021-05-06T05:10:00.840Z,着席,あ,false,5.7,86,83.60000000000001,-1.1,-1.2000000000000002,-2.3000000000000003,-0.5,-10.5,-2.4000000000000004,-87.40000000000002,-2.1,37.7
Chrome Mobile,90.0.4430.82,Asus X01AD,Asus,Blink,[object Object],Chrome Mobile 90.0.4430.82 on Asus X01AD (Android 9),2021-05-06T05:10:01.041Z,着席,あ,false,105,67.8,-16,7.7,24.1,9.600000000000001,6.7,14.8,6,151,-1.7,18.200000000000003
Chrome Mobile,90.0.4430.82,Asus X01AD,Asus,Blink,[object Object],Chrome Mobile 90.0.4430.82 on Asus X01AD (Android 9),2021-05-06T05:10:01.241Z,着席,あ,false,149.8,94.9,-61.7,-2.4000000000000004,-2.3000000000000003,-1.8,-1.6,-11.9,-1.5,25,12.4,8
Chrome Mobile,90.0.4430.82,Asus X01AD,Asus,Blink,[object Object],Chrome Mobile 90.0.4430.82 on Asus X01AD (Android 9),2021-05-06T05:10:01.441Z,着席,あ,false,95.9,65,-6.300000000000001,5.4,30.900000000000002,16.900000000000002,5,22.1,12.8,-82.7,13.8,48.10000000000001
Chrome Mobile,90.0.4430.82,Asus X01AD,Asus,Blink,[object Object],Chrome Mobile 90.0.4430.82 on Asus X01AD (Android 9),2021-05-06T05:10:01.642Z,着席,あ,false,166.4,95.30000000000001,-77.80000000000001,-2.1,-1.8,-1.1,-1.2000000000000002,-11.600000000000001,-0.9,96.1,7.1000000000000005,-11.4
Chrome Mobile,90.0.4430.82,Asus X01AD,Asus,Blink,[object Object],Chrome Mobile 90.0.4430.82 on Asus X01AD (Android 9),2021-05-06T05:10:01.843Z,着席,あ,false,94.30000000000001,75.8,-5.300000000000001,1.3,20.700000000000003,2.2,1.1,11.700000000000001,-0.1,-197.8,25.1,27.3
Chrome Mobile,90.0.4430.82,Asus X01AD,Asus,Blink,[object Object],Chrome Mobile 90.0.4430.82 on Asus X01AD (Android 9),2021-05-06T05:10:02.043Z,着席,あ,false,42.400000000000006,84.7,45.800000000000004,-1.9000000000000001,2.2,1.8,-1.2000000000000002,-7.800000000000001,1.1,129.3,-12.200000000000001,-60.5
Chrome Mobile,90.0.4430.82,Asus X01AD,Asus,Blink,[object Object],Chrome Mobile 90.0.4430.82 on Asus X01AD (Android 9),2021-05-06T05:10:02.244Z,着席,あ,false,40.2,84.9,48.800000000000004,-0.5,1.7000000000000002,-0.30000000000000004,0.1,-7.5,-0.8,-162.3,-9.5,56.400000000000006
Chrome Mobile,90.0.4430.82,Asus X01AD,Asus,Blink,[object Object],Chrome Mobile 90.0.4430.82 on Asus X01AD (Android 9),2021-05-06T05:10:02.444Z,着席,あ,false,95.5,75.9,-5.7,1.2000000000000002,10.9,4.800000000000001,1,1,2.3000000000000003,165.3,-4.9,-95.1
Chrome Mobile,90.0.4430.82,Asus X01AD,Asus,Blink,[object Object],Chrome Mobile 90.0.4430.82 on Asus X01AD (Android 9),2021-05-06T05:10:02.645Z,着席,あ,false,162.3,95.9,-74.4,-2.2,-1.7000000000000002,-2.3000000000000003,-1.3,-11.100000000000001,-2.1,-55.8,-4.800000000000001,49.300000000000004
Chrome Mobile,90.0.4430.82,Asus X01AD,Asus,Blink,[object Object],Chrome Mobile 90.0.4430.82 on Asus X01AD (Android 9),2021-05-06T05:10:02.855Z,着席,あ,false,99.30000000000001,68.2,-8.3,6.1000000000000005,25.6,10.200000000000001,5.6000000000000005,16.3,6.5,91.7,2,10.200000000000001
Chrome Mobile,90.0.4430.82,Asus X01AD,Asus,Blink,[object Object],Chrome Mobile 90.0.4430.82 on Asus X01AD (Android 9),2021-05-06T05:10:03.060Z,着席,あ,false,153.3,96.2,-65.60000000000001,-2.2,-3.1,-2,-1.2000000000000002,-12.600000000000001,-1.6,15.6,11.1,11.000000000000002
Chrome Mobile,90.0.4430.82,Asus X01AD,Asus,Blink,[object Object],Chrome Mobile 90.0.4430.82 on Asus X01AD (Android 9),2021-05-06T05:10:03.261Z,着席,あ,false,100.80000000000001,66.60000000000001,-13,5.9,31.400000000000002,12.8,5,22.400000000000002,9.1,-73.6,12.299999999999999,3.8
Chrome Mobile,90.0.4430.82,Asus X01AD,Asus,Blink,[object Object],Chrome Mobile 90.0.4430.82 on Asus X01AD (Android 9),2021-05-06T05:10:03.462Z,着席,あ,false,174.8,93.9,-88.5,-1.4000000000000001,-2.2,-1.1,-0.8,-12,-1.1,89.6,-2.4000000000000004,-15.899999999999999
Chrome Mobile,90.0.4430.82,Asus X01AD,Asus,Blink,[object Object],Chrome Mobile 90.0.4430.82 on Asus X01AD (Android 9),2021-05-06T05:10:03.663Z,着席,あ,false,98.10000000000001,69.8,-9,3.8000000000000003,25.5,11.100000000000001,3.3000000000000003,16.6,7.800000000000001,-148.3,20.7,60.400000000000006
Chrome Mobile,90.0.4430.82,Asus X01AD,Asus,Blink,[object Object],Chrome Mobile 90.0.4430.82 on Asus X01AD (Android 9),2021-05-06T05:10:03.863Z,着席,あ,false,48.400000000000006,83.80000000000001,39.300000000000004,-2.5,-0.4,2.1,-1.8,-10.3,1.2000000000000002,107.30000000000001,-21.8,-52.5
Chrome Mobile,90.0.4430.82,Asus X01AD,Asus,Blink,[object Object],Chrome Mobile 90.0.4430.82 on Asus X01AD (Android 9),2021-05-06T05:10:04.064Z,着席,あ,false,103.10000000000001,74.2,-14.3,5.300000000000001,18.900000000000002,3,4.7,10,0.6000000000000001,-186.8,-23.400000000000002,121.70000000000002
Chrome Mobile,90.0.4430.82,Asus X01AD,Asus,Blink,[object Object],Chrome Mobile 90.0.4430.82 on Asus X01AD (Android 9),2021-05-06T05:10:04.265Z,着席,あ,false,52.2,79.5,37.6,-3.8000000000000003,-0.9,3.3000000000000003,-2.7,-10.8,1.8,102.10000000000001,-16.4,-56.10000000000001
Chrome Mobile,90.0.4430.82,Asus X01AD,Asus,Blink,[object Object],Chrome Mobile 90.0.4430.82 on Asus X01AD (Android 9),2021-05-06T05:10:04.465Z,着席,あ,false,103.30000000000001,71.8,-12.4,1,14.8,8.700000000000001,0.4,6,5.9,-191.39999999999998,-25.900000000000002,106.9
Chrome Mobile,90.0.4430.82,Asus X01AD,Asus,Blink,[object Object],Chrome Mobile 90.0.4430.82 on Asus X01AD (Android 9),2021-05-06T05:10:04.666Z,着席,あ,false,85.80000000000001,77.7,6.2,-2.2,3,4.5,-2.2,-6.800000000000001,2.2,78.2,-29.300000000000004,-117.7
Chrome Mobile,90.0.4430.82,Asus X01AD,Asus,Blink,[object Object],Chrome Mobile 90.0.4430.82 on Asus X01AD (Android 9),2021-05-06T05:10:04.867Z,着席,あ,false,86.4,74.60000000000001,4.9,-1,5.5,1.6,-0.8,-3.5,-0.8,-142.7,-4.4,68.7
Chrome Mobile,90.0.4430.82,Asus X01AD,Asus,Blink,[object Object],Chrome Mobile 90.0.4430.82 on Asus X01AD (Android 9),2021-05-06T05:10:05.067Z,着席,あ,false,97.9,74.4,-5.7,0.1,7.1000000000000005,3.2,-0.2,-2.7,0.5,126,4.9,-76
Chrome Mobile,90.0.4430.82,Asus X01AD,Asus,Blink,[object Object],Chrome Mobile 90.0.4430.82 on Asus X01AD (Android 9),2021-05-06T05:10:05.268Z,着席,あ,false,84.2,80.4,8,-1.6,0.9,-1.4000000000000001,-1.4000000000000001,-8.3,-2.9000000000000004,-128.70000000000002,8.8,46.6
Chrome Mobile,90.0.4430.82,Asus X01AD,Asus,Blink,[object Object],Chrome Mobile 90.0.4430.82 on Asus X01AD (Android 9),2021-05-06T05:10:05.469Z,着席,あ,false,100.10000000000001,69,-5.300000000000001,4.2,13.200000000000001,5.4,3.9000000000000004,3.8000000000000003,1.8,159.5,14,-54.4
Chrome Mobile,90.0.4430.82,Asus X01AD,Asus,Blink,[object Object],Chrome Mobile 90.0.4430.82 on Asus X01AD (Android 9),2021-05-06T05:10:05.669Z,着席,あ,false,48.5,83.4,45.1,-2.4000000000000004,-1.1,-2.4000000000000004,-1.6,-10.5,-3.1,-56.9,-0.7,30.699999999999996
Chrome Mobile,90.0.4430.82,Asus X01AD,Asus,Blink,[object Object],Chrome Mobile 90.0.4430.82 on Asus X01AD (Android 9),2021-05-06T05:10:05.870Z,着席,あ,false,105.30000000000001,63.900000000000006,-10.8,6.5,23.3,10.200000000000001,5.7,14.3,5.9,105.7,-27.6,-7.1000000000000005
Chrome Mobile,90.0.4430.82,Asus X01AD,Asus,Blink,[object Object],Chrome Mobile 90.0.4430.82 on Asus X01AD (Android 9),2021-05-06T05:10:06.070Z,着席,あ,false,34.1,83.80000000000001,58.5,-2.5,-2.5,-1.4000000000000001,-1.6,-12.200000000000001,-1.9000000000000001,13.5,24.900000000000002,-6.9
Chrome Mobile,90.0.4430.82,Asus X01AD,Asus,Blink,[object Object],Chrome Mobile 90.0.4430.82 on Asus X01AD (Android 9),2021-05-06T05:10:06.272Z,着席,あ,false,105.2,63.5,-11.100000000000001,3.9000000000000004,26.3,14,3.1,17.5,9.700000000000001,-6.300000000000001,-31.099999999999998,18.4
Chrome Mobile,90.0.4430.82,Asus X01AD,Asus,Blink,[object Object],Chrome Mobile 90.0.4430.82 on Asus X01AD (Android 9),2021-05-06T05:10:06.472Z,着席,あ,false,69.4,84.5,22,-2.5,-1.5,-0.4,-2.1,-11.200000000000001,-1.3,52.400000000000006,6,-34.400000000000006
Chrome Mobile,90.0.4430.82,Asus X01AD,Asus,Blink,[object Object],Chrome Mobile 90.0.4430.82 on Asus X01AD (Android 9),2021-05-06T05:10:06.673Z,着席,あ,false,99.30000000000001,62.900000000000006,-3.6,5.7,25.1,12.9,5.4,16.7,8.6,-159.8,35.9,40.6
Chrome Mobile,90.0.4430.82,Asus X01AD,Asus,Blink,[object Object],Chrome Mobile 90.0.4430.82 on Asus X01AD (Android 9),2021-05-06T05:10:06.873Z,着席,あ,false,70.7,76.5,22.1,-3.2,-0.6000000000000001,2.4000000000000004,-2.3000000000000003,-10.3,0.2,117.20000000000002,-36.9,-26.200000000000003
Chrome Mobile,90.0.4430.82,Asus X01AD,Asus,Blink,[object Object],Chrome Mobile 90.0.4430.82 on Asus X01AD (Android 9),2021-05-06T05:10:07.074Z,着席,あ,false,92.2,67.3,0.2,1,16.5,7.800000000000001,1,7.800000000000001,4.2,-169.9,-0.5,70.4
Chrome Mobile,90.0.4430.82,Asus X01AD,Asus,Blink,[object Object],Chrome Mobile 90.0.4430.82 on Asus X01AD (Android 9),2021-05-06T05:10:07.274Z,着席,あ,false,91.9,79.4,0,-2.5,1.9000000000000001,3,-2.5,-8,1.2000000000000002,121.9,-31.9,-50.7
Chrome Mobile,90.0.4430.82,Asus X01AD,Asus,Blink,[object Object],Chrome Mobile 90.0.4430.82 on Asus X01AD (Android 9),2021-05-06T05:10:07.475Z,着席,あ,false,100.4,74.5,-8.4,3.5,6.300000000000001,1.6,3.2,-2.7,-0.6000000000000001,-133,-23.5,54.1
Chrome Mobile,90.0.4430.82,Asus X01AD,Asus,Blink,[object Object],Chrome Mobile 90.0.4430.82 on Asus X01AD (Android 9),2021-05-06T05:10:07.676Z,着席,あ,false,99.10000000000001,72.4,-7.300000000000001,0.4,9,5.300000000000001,0,-0.8,2.2,146.60000000000002,11.8,-93.60000000000001
Chrome Mobile,90.0.4430.82,Asus X01AD,Asus,Blink,[object Object],Chrome Mobile 90.0.4430.82 on Asus X01AD (Android 9),2021-05-06T05:10:07.876Z,着席,あ,false,22.5,83.7,65.9,-2.9000000000000004,-0.8,-0.4,-1.9000000000000001,-10.200000000000001,-0.8,-79.7,-1.7,28.800000000000004
Chrome Mobile,90.0.4430.82,Asus X01AD,Asus,Blink,[object Object],Chrome Mobile 90.0.4430.82 on Asus X01AD (Android 9),2021-05-06T05:10:08.077Z,着席,あ,false,102.4,69.9,-12.200000000000001,5.2,20.5,6.800000000000001,4.4,11,3.4000000000000004,91.50000000000001,39.400000000000006,-50.2
Chrome Mobile,90.0.4430.82,Asus X01AD,Asus,Blink,[object Object],Chrome Mobile 90.0.4430.82 on Asus X01AD (Android 9),2021-05-06T05:10:08.277Z,着席,あ,false,18.7,85.60000000000001,68.8,-2.9000000000000004,-2.8000000000000003,-1.2000000000000002,-2.2,-12.4,-1.5,-41,-1.9,18.900000000000002
Chrome Mobile,90.0.4430.82,Asus X01AD,Asus,Blink,[object Object],Chrome Mobile 90.0.4430.82 on Asus X01AD (Android 9),2021-05-06T05:10:08.478Z,着席,あ,false,98.5,65.2,-11,5.1000000000000005,28.3,11.4,4.4,19.3,7.300000000000001,35.2,-4.300000000000001,24.900000000000002
Chrome Mobile,90.0.4430.82,Asus X01AD,Asus,Blink,[object Object],Chrome Mobile 90.0.4430.82 on Asus X01AD (Android 9),2021-05-06T05:10:08.679Z,着席,あ,false,174.8,96.4,-89.2,-3.4000000000000004,-2.7,-1.3,-2.3000000000000003,-12.4,-1.3,71.39999999999999,11.6,-18.1
Chrome Mobile,90.0.4430.82,Asus X01AD,Asus,Blink,[object Object],Chrome Mobile 90.0.4430.82 on Asus X01AD (Android 9),2021-05-06T05:10:08.884Z,着席,あ,false,93.5,66.9,-4.9,4,26.700000000000003,11.700000000000001,3.7,18,8,-161.20000000000002,44.10000000000001,59.1
Chrome Mobile,90.0.4430.82,Asus X01AD,Asus,Blink,[object Object],Chrome Mobile 90.0.4430.82 on Asus X01AD (Android 9),2021-05-06T05:10:09.085Z,着席,あ,false,37.4,85.30000000000001,48.2,-2,-0.30000000000000004,1.6,-1.4000000000000001,-10.3,1,127.9,-15.700000000000001,-43.6
Chrome Mobile,90.0.4430.82,Asus X01AD,Asus,Blink,[object Object],Chrome Mobile 90.0.4430.82 on Asus X01AD (Android 9),2021-05-06T05:10:09.285Z,着席,あ,false,85.7,78,1.3,-0.4,11.4,1.6,-0.4,2.3000000000000003,-0.30000000000000004,-206.99999999999997,-5.8,64.9
Chrome Mobile,90.0.4430.82,Asus X01AD,Asus,Blink,[object Object],Chrome Mobile 90.0.4430.82 on Asus X01AD (Android 9),2021-05-06T05:10:09.486Z,着席,あ,false,81.80000000000001,78.4,4,-0.6000000000000001,4.3,2.6,-0.5,-5.6000000000000005,0.6000000000000001,132,-14.700000000000001,-86.4
Chrome Mobile,90.0.4430.82,Asus X01AD,Asus,Blink,[object Object],Chrome Mobile 90.0.4430.82 on Asus X01AD (Android 9),2021-05-06T05:10:09.687Z,着席,あ,false,67.60000000000001,81.2,18.8,-2.2,3.1,0.4,-1.7000000000000002,-6.1000000000000005,-1,-150.4,-5.2,66.80000000000001
Chrome Mobile,90.0.4430.82,Asus X01AD,Asus,Blink,[object Object],Chrome Mobile 90.0.4430.82 on Asus X01AD (Android 9),2021-05-06T05:10:09.887Z,着席,あ,false,92.10000000000001,75.10000000000001,-4.1000000000000005,1.7000000000000002,10.5,5.4,1.3,0.7000000000000001,2.6,114.00000000000001,6.2,-79.7
Chrome Mobile,90.0.4430.82,Asus X01AD,Asus,Blink,[object Object],Chrome Mobile 90.0.4430.82 on Asus X01AD (Android 9),2021-05-06T05:10:10.089Z,着席,あ,false,74.9,83.4,11.4,-1.8,1,-0.6000000000000001,-1.6,-8.3,-1.7000000000000002,-117.5,5.1000000000000005,56
Chrome Mobile,90.0.4430.82,Asus X01AD,Asus,Blink,[object Object],Chrome Mobile 90.0.4430.82 on Asus X01AD (Android 9),2021-05-06T05:10:10.295Z,着席,あ,false,102.5,71.8,-12.8,5.300000000000001,14.700000000000001,2.9000000000000004,4.6000000000000005,5,-0.2,155.60000000000002,-8.3,-52.60000000000001
Chrome Mobile,90.0.4430.82,Asus X01AD,Asus,Blink,[object Object],Chrome Mobile 90.0.4430.82 on Asus X01AD (Android 9),2021-05-06T05:10:10.496Z,着席,あ,false,30.700000000000003,85.30000000000001,54.800000000000004,-2.4000000000000004,-2.2,-0.8,-1.8,-11.600000000000001,-1.2000000000000002,-43.2,-20.400000000000002,29.600000000000005
Chrome Mobile,90.0.4430.82,Asus X01AD,Asus,Blink,[object Object],Chrome Mobile 90.0.4430.82 on Asus X01AD (Android 9),2021-05-06T05:10:10.696Z,着席,あ,false,91.2,66.3,-6.1000000000000005,3.1,23.5,12.3,2.7,14.4,8.3,63.599999999999994,-2.9,-34.2
Chrome Mobile,90.0.4430.82,Asus X01AD,Asus,Blink,[object Object],Chrome Mobile 90.0.4430.82 on Asus X01AD (Android 9),2021-05-06T05:10:10.897Z,着席,あ,false,33.6,84.5,52.2,-1.7000000000000002,-2.1,-2.4000000000000004,-1,-11.700000000000001,-3,9.600000000000001,10.4,9.5
Chrome Mobile,90.0.4430.82,Asus X01AD,Asus,Blink,[object Object],Chrome Mobile 90.0.4430.82 on Asus X01AD (Android 9),2021-05-06T05:10:11.097Z,着席,あ,false,101.5,62.2,-11.200000000000001,7.4,28.5,13.8,6.5,19.8,9.3,12.200000000000001,20.2,62.4
Chrome Mobile,90.0.4430.82,Asus X01AD,Asus,Blink,[object Object],Chrome Mobile 90.0.4430.82 on Asus X01AD (Android 9),2021-05-06T05:10:11.298Z,着席,あ,false,43.1,82.5,44.7,-3.3000000000000003,-2.8000000000000003,1.7000000000000002,-2.3000000000000003,-12.600000000000001,0.7000000000000001,81,14.100000000000001,-29.700000000000006
Chrome Mobile,90.0.4430.82,Asus X01AD,Asus,Blink,[object Object],Chrome Mobile 90.0.4430.82 on Asus X01AD (Android 9),2021-05-06T05:10:11.498Z,着席,あ,false,94.60000000000001,64.7,-3.7,2.8000000000000003,23.8,12.5,2.5,15.3,8.5,-184.5,-7.300000000000001,42.900000000000006
Chrome Mobile,90.0.4430.82,Asus X01AD,Asus,Blink,[object Object],Chrome Mobile 90.0.4430.82 on Asus X01AD (Android 9),2021-05-06T05:10:11.699Z,着席,あ,false,59.400000000000006,79,31.8,-3.2,-0.2,2.1,-2.2,-10,0.4,120.80000000000001,-6.4,-51.1
Chrome Mobile,90.0.4430.82,Asus X01AD,Asus,Blink,[object Object],Chrome Mobile 90.0.4430.82 on Asus X01AD (Android 9),2021-05-06T05:10:11.899Z,着席,あ,false,88.60000000000001,73,3.2,0.4,12.200000000000001,2.9000000000000004,0.5,3.3000000000000003,0.2,-159,-58.60000000000001,81.90000000000002
Chrome Mobile,90.0.4430.82,Asus X01AD,Asus,Blink,[object Object],Chrome Mobile 90.0.4430.82 on Asus X01AD (Android 9),2021-05-06T05:10:12.100Z,着席,あ,false,84.80000000000001,77.4,2,-0.1,5.300000000000001,3,0,-4.7,0.8,141.5,3.2,-83.89999999999999
Chrome Mobile,90.0.4430.82,Asus X01AD,Asus,Blink,[object Object],Chrome Mobile 90.0.4430.82 on Asus X01AD (Android 9),2021-05-06T05:10:12.300Z,着席,あ,false,61.800000000000004,83.7,22.1,-2,1.4000000000000001,-1.7000000000000002,-1.6,-7.9,-2.6,-142.50000000000003,0.2,69.80000000000001
Chrome Mobile,90.0.4430.82,Asus X01AD,Asus,Blink,[object Object],Chrome Mobile 90.0.4430.82 on Asus X01AD (Android 9),2021-05-06T05:10:12.501Z,着席,あ,false,96.80000000000001,78.2,-10.600000000000001,1,8.5,2.4000000000000004,0.6000000000000001,-1.4000000000000001,0.30000000000000004,127.80000000000001,-5.9,-83.80000000000001
Chrome Mobile,90.0.4430.82,Asus X01AD,Asus,Blink,[object Object],Chrome Mobile 90.0.4430.82 on Asus X01AD (Android 9),2021-05-06T05:10:12.702Z,着席,あ,false,94.60000000000001,86,-7.800000000000001,-1.1,-0.2,-0.5,-1.2000000000000002,-9.5,-1.2000000000000002,-119.30000000000003,44.5,65.5
Chrome Mobile,90.0.4430.82,Asus X01AD,Asus,Blink,[object Object],Chrome Mobile 90.0.4430.82 on Asus X01AD (Android 9),2021-05-06T05:10:12.902Z,着席,あ,false,115.4,72.10000000000001,-24.900000000000002,5.300000000000001,15.5,3.6,3.9000000000000004,5.800000000000001,0.7000000000000001,146.20000000000002,-14,-73.10000000000001
Chrome Mobile,90.0.4430.82,Asus X01AD,Asus,Blink,[object Object],Chrome Mobile 90.0.4430.82 on Asus X01AD (Android 9),2021-05-06T05:10:13.103Z,着席,あ,false,31.200000000000003,85.10000000000001,57.300000000000004,-3,-2.9000000000000004,-1.3,-2.3000000000000003,-12.3,-1.7000000000000002,-58.1,14.800000000000002,36.6
Chrome Mobile,90.0.4430.82,Asus X01AD,Asus,Blink,[object Object],Chrome Mobile 90.0.4430.82 on Asus X01AD (Android 9),2021-05-06T05:10:13.303Z,着席,あ,false,104.60000000000001,66.5,-16.2,5,21.3,8,3.9000000000000004,12,4.1000000000000005,145.5,-8,-8.3
Chrome Mobile,90.0.4430.82,Asus X01AD,Asus,Blink,[object Object],Chrome Mobile 90.0.4430.82 on Asus X01AD (Android 9),2021-05-06T05:10:13.504Z,着席,あ,false,14,86.80000000000001,73.5,-2,-1.6,-1.9000000000000001,-1.5,-11.200000000000001,-2,14.600000000000001,-10.700000000000001,10.200000000000001
Chrome Mobile,90.0.4430.82,Asus X01AD,Asus,Blink,[object Object],Chrome Mobile 90.0.4430.82 on Asus X01AD (Android 9),2021-05-06T05:10:13.705Z,着席,あ,false,104.4,67.60000000000001,-13.9,8.3,25.400000000000002,7.9,7.4,16.1,4.2,98.3,-8.600000000000001,21.1
Chrome Mobile,90.0.4430.82,Asus X01AD,Asus,Blink,[object Object],Chrome Mobile 90.0.4430.82 on Asus X01AD (Android 9),2021-05-06T05:10:13.905Z,着席,あ,false,29,86,57.400000000000006,-3,-2.8000000000000003,-1.1,-2.4000000000000004,-12.5,-1.5,4.6,-8.100000000000001,12.299999999999999
Chrome Mobile,90.0.4430.82,Asus X01AD,Asus,Blink,[object Object],Chrome Mobile 90.0.4430.82 on Asus X01AD (Android 9),2021-05-06T05:10:14.106Z,着席,あ,false,97.10000000000001,63.1,-8.9,3.9000000000000004,27.6,13.100000000000001,3.2,18.900000000000002,8.8,-60.5,20.900000000000002,18.6
Chrome Mobile,90.0.4430.82,Asus X01AD,Asus,Blink,[object Object],Chrome Mobile 90.0.4430.82 on Asus X01AD (Android 9),2021-05-06T05:10:14.306Z,着席,あ,false,47.5,84.7,39.300000000000004,-2.8000000000000003,-1.2000000000000002,0.8,-2.2,-11.100000000000001,0.1,106.70000000000002,7.300000000000001,-23.800000000000004
Chrome Mobile,90.0.4430.82,Asus X01AD,Asus,Blink,[object Object],Chrome Mobile 90.0.4430.82 on Asus X01AD (Android 9),2021-05-06T05:10:14.507Z,着席,あ,false,102.30000000000001,73,-14.200000000000001,4.5,21.1,5.4,3.8000000000000003,12.200000000000001,2.7,-167.60000000000002,23,81.3
Chrome Mobile,90.0.4430.82,Asus X01AD,Asus,Blink,[object Object],Chrome Mobile 90.0.4430.82 on Asus X01AD (Android 9),2021-05-06T05:10:14.708Z,着席,あ,false,73,86,14.100000000000001,-2.1,1,2.1,-1.9000000000000001,-8.9,1.4000000000000001,101.10000000000001,-32.300000000000004,-58.2
Chrome Mobile,90.0.4430.82,Asus X01AD,Asus,Blink,[object Object],Chrome Mobile 90.0.4430.82 on Asus X01AD (Android 9),2021-05-06T05:10:14.913Z,着席,あ,false,94.5,75.2,-6.2,1.6,9.3,0.4,1.3,0.4,-1.9000000000000001,-240.8,34.400000000000006,53.2
Chrome Mobile,90.0.4430.82,Asus X01AD,Asus,Blink,[object Object],Chrome Mobile 90.0.4430.82 on Asus X01AD (Android 9),2021-05-06T05:10:15.114Z,着席,あ,false,89.2,76.60000000000001,-2.1,-1.9000000000000001,5.1000000000000005,5.5,-2,-4.800000000000001,3.1,153.89999999999998,-30.599999999999998,-98.10000000000001
Chrome Mobile,90.0.4430.82,Asus X01AD,Asus,Blink,[object Object],Chrome Mobile 90.0.4430.82 on Asus X01AD (Android 9),2021-05-06T05:10:15.315Z,着席,あ,false,82.2,84.7,6.1000000000000005,-0.5,0.9,-1.9000000000000001,-0.4,-8.4,-2.7,-113.89999999999999,-1.3,60.400000000000006
Chrome Mobile,90.0.4430.82,Asus X01AD,Asus,Blink,[object Object],Chrome Mobile 90.0.4430.82 on Asus X01AD (Android 9),2021-05-06T05:10:15.515Z,着席,あ,false,111.4,74.8,-23.900000000000002,3.9000000000000004,11.100000000000001,1.6,2.8000000000000003,1.4000000000000001,-0.9,107.30000000000001,-12,-98.8
Chrome Mobile,90.0.4430.82,Asus X01AD,Asus,Blink,[object Object],Chrome Mobile 90.0.4430.82 on Asus X01AD (Android 9),2021-05-06T05:10:15.716Z,着席,あ,false,72.2,82.5,13,-2.3000000000000003,-1.7000000000000002,-0.5,-2,-11,-1.7000000000000002,-94.2,12,51.4
Chrome Mobile,90.0.4430.82,Asus X01AD,Asus,Blink,[object Object],Chrome Mobile 90.0.4430.82 on Asus X01AD (Android 9),2021-05-06T05:10:15.917Z,着席,あ,false,101.5,67.4,-16.900000000000002,5.2,16.1,6.4,4.1000000000000005,6.7,2.6,153.3,-15.899999999999999,-53.599999999999994
Chrome Mobile,90.0.4430.82,Asus X01AD,Asus,Blink,[object Object],Chrome Mobile 90.0.4430.82 on Asus X01AD (Android 9),2021-05-06T05:10:16.117Z,着席,あ,false,48.400000000000006,84.5,37.5,-2.7,-2.6,-1.4000000000000001,-2.1,-12.100000000000001,-2.1,-30.5,19.6,27.700000000000003
Chrome Mobile,90.0.4430.82,Asus X01AD,Asus,Blink,[object Object],Chrome Mobile 90.0.4430.82 on Asus X01AD (Android 9),2021-05-06T05:10:16.318Z,着席,あ,false,104.80000000000001,68.10000000000001,-20.6,6.5,24,9.200000000000001,5.2,14.8,5.7,49.6,13.100000000000001,-10.9
Chrome Mobile,90.0.4430.82,Asus X01AD,Asus,Blink,[object Object],Chrome Mobile 90.0.4430.82 on Asus X01AD (Android 9),2021-05-06T05:10:16.519Z,着席,あ,false,40.800000000000004,86.30000000000001,42,-2.4000000000000004,-1.9000000000000001,-2.1,-2,-11.700000000000001,-2.5,30.000000000000004,9,-10.5
Chrome Mobile,90.0.4430.82,Asus X01AD,Asus,Blink,[object Object],Chrome Mobile 90.0.4430.82 on Asus X01AD (Android 9),2021-05-06T05:10:16.719Z,着席,あ,false,100,67.2,-16.1,5.1000000000000005,27,11.4,4,18.1,7.800000000000001,-48.50000000000001,13.399999999999999,26.700000000000003
Chrome Mobile,90.0.4430.82,Asus X01AD,Asus,Blink,[object Object],Chrome Mobile 90.0.4430.82 on Asus X01AD (Android 9),2021-05-06T05:10:16.920Z,着席,あ,false,33.800000000000004,84.4,50.2,-3,-0.7000000000000001,-0.30000000000000004,-2.3000000000000003,-10.5,-1,65.10000000000001,7,-32.9
Chrome Mobile,90.0.4430.82,Asus X01AD,Asus,Blink,[object Object],Chrome Mobile 90.0.4430.82 on Asus X01AD (Android 9),2021-05-06T05:10:17.121Z,着席,あ,false,98.10000000000001,68.2,-13.100000000000001,6.7,26.3,10.100000000000001,5.9,17.5,6.6000000000000005,-96.80000000000001,1.4,32.5
Chrome Mobile,90.0.4430.82,Asus X01AD,Asus,Blink,[object Object],Chrome Mobile 90.0.4430.82 on Asus X01AD (Android 9),2021-05-06T05:10:17.322Z,着席,あ,false,36.6,85,46.7,-2.5,0.2,0.8,-1.9000000000000001,-9.700000000000001,0.2,87.50000000000001,-18.900000000000002,-49.800000000000004
Chrome Mobile,90.0.4430.82,Asus X01AD,Asus,Blink,[object Object],Chrome Mobile 90.0.4430.82 on Asus X01AD (Android 9),2021-05-06T05:10:17.523Z,着席,あ,false,91.9,75.10000000000001,-10.3,2.6,16.900000000000002,2.2,2.1,7.9,-0.2,-190.40000000000003,17.1,66.80000000000001
Chrome Mobile,90.0.4430.82,Asus X01AD,Asus,Blink,[object Object],Chrome Mobile 90.0.4430.82 on Asus X01AD (Android 9),2021-05-06T05:10:17.723Z,着席,あ,false,52,83,29.1,-1.8,2.6,2.2,-1.3,-7.300000000000001,1,128.20000000000002,-10,-80.9
Chrome Mobile,90.0.4430.82,Asus X01AD,Asus,Blink,[object Object],Chrome Mobile 90.0.4430.82 on Asus X01AD (Android 9),2021-05-06T05:10:17.924Z,着席,あ,false,71.60000000000001,80.7,10.3,-0.30000000000000004,6.5,0.2,-0.1,-2.7,-1.3,-152.6,-17,87.40000000000002
Chrome Mobile,90.0.4430.82,Asus X01AD,Asus,Blink,[object Object],Chrome Mobile 90.0.4430.82 on Asus X01AD (Android 9),2021-05-06T05:10:18.124Z,着席,あ,false,80.9,79.10000000000001,1.1,0.2,7.9,3.4000000000000004,0.2,-2,1.4000000000000001,110.80000000000001,-3.7000000000000006,-104.50000000000001
Chrome Mobile,90.0.4430.82,Asus X01AD,Asus,Blink,[object Object],Chrome Mobile 90.0.4430.82 on Asus X01AD (Android 9),2021-05-06T05:10:18.325Z,着席,あ,false,18.5,83.10000000000001,64,-3,-0.1,-1.8,-2,-9.4,-2.3000000000000003,-101.30000000000001,3,58.1
Chrome Mobile,90.0.4430.82,Asus X01AD,Asus,Blink,[object Object],Chrome Mobile 90.0.4430.82 on Asus X01AD (Android 9),2021-05-06T05:10:18.525Z,着席,あ,false,93,72.8,-9,6.5,19.400000000000002,4.9,6,9.8,1.8,133.4,2.9,-33
Chrome Mobile,90.0.4430.82,Asus X01AD,Asus,Blink,[object Object],Chrome Mobile 90.0.4430.82 on Asus X01AD (Android 9),2021-05-06T05:10:18.726Z,着席,あ,false,354.3,80.80000000000001,88.5,-4.1000000000000005,-4,-2.6,-2.5,-13.5,-2.6,-35.1,18,14.5
Chrome Mobile,90.0.4430.82,Asus X01AD,Asus,Blink,[object Object],Chrome Mobile 90.0.4430.82 on Asus X01AD (Android 9),2021-05-06T05:10:18.926Z,着席,あ,false,95.7,69.4,-10.8,7.9,27.6,9.9,7.2,18.2,6.4,51.50000000000001,12.4,-5.500000000000001
Chrome Mobile,90.0.4430.82,Asus X01AD,Asus,Blink,[object Object],Chrome Mobile 90.0.4430.82 on Asus X01AD (Android 9),2021-05-06T05:10:19.127Z,着席,あ,false,140,101.5,-57.800000000000004,-3.3000000000000003,-3.5,-3.3000000000000003,-1.7000000000000002,-13,-2.2,61.9,6.4,-26.9
Chrome Mobile,90.0.4430.82,Asus X01AD,Asus,Blink,[object Object],Chrome Mobile 90.0.4430.82 on Asus X01AD (Android 9),2021-05-06T05:10:19.328Z,着席,あ,false,84.60000000000001,73.2,-1.9000000000000001,5.1000000000000005,25.8,13,5,16.8,10.3,-179,-15.700000000000001,63.10000000000001
Chrome Mobile,90.0.4430.82,Asus X01AD,Asus,Blink,[object Object],Chrome Mobile 90.0.4430.82 on Asus X01AD (Android 9),2021-05-06T05:10:19.533Z,着席,あ,false,352.20000000000005,84.60000000000001,89.30000000000001,-1.1,-2.5,1.4000000000000001,-0.2,-12.5,1.4000000000000001,115.9,-17.9,-65.7
Chrome Mobile,90.0.4430.82,Asus X01AD,Asus,Blink,[object Object],Chrome Mobile 90.0.4430.82 on Asus X01AD (Android 9),2021-05-06T05:10:19.734Z,着席,あ,false,76.2,75.3,6.300000000000001,2.2,18.3,6.7,2.4000000000000004,9.3,4.3,-185.6,-22.6,105.5
Chrome Mobile,90.0.4430.82,Asus X01AD,Asus,Blink,[object Object],Chrome Mobile 90.0.4430.82 on Asus X01AD (Android 9),2021-05-06T05:10:19.935Z,着席,あ,false,55,86.10000000000001,25.400000000000002,-0.5,1.2000000000000002,2.3000000000000003,-0.2,-8.8,1.7000000000000002,134.8,-16.200000000000003,-76.2
Chrome Mobile,90.0.4430.82,Asus X01AD,Asus,Blink,[object Object],Chrome Mobile 90.0.4430.82 on Asus X01AD (Android 9),2021-05-06T05:10:20.135Z,着席,あ,false,53.6,80.9,28.3,-2.3000000000000003,8,0.30000000000000004,-1.6,-1.1,-1,-175.20000000000002,-2.2,71.7
Chrome Mobile,90.0.4430.82,Asus X01AD,Asus,Blink,[object Object],Chrome Mobile 90.0.4430.82 on Asus X01AD (Android 9),2021-05-06T05:10:20.337Z,着席,あ,false,76,81.30000000000001,5.7,-0.5,6,3.3000000000000003,-0.4,-4,1.7000000000000002,125.50000000000001,7.8,-77.3
Chrome Mobile,90.0.4430.82,Asus X01AD,Asus,Blink,[object Object],Chrome Mobile 90.0.4430.82 on Asus X01AD (Android 9),2021-05-06T05:10:20.538Z,着席,あ,false,48.6,82.2,33.7,-0.8,3.5,0.6000000000000001,-0.1,-5.7,-0.5,-145.00000000000003,-27,69.10000000000001
Chrome Mobile,90.0.4430.82,Asus X01AD,Asus,Blink,[object Object],Chrome Mobile 90.0.4430.82 on Asus X01AD (Android 9),2021-05-06T05:10:20.738Z,着席,あ,false,84.4,78.80000000000001,-2.2,-0.1,8.700000000000001,3.4000000000000004,-0.1,-1.2000000000000002,1.5,109.9,15.899999999999999,-83.2
Chrome Mobile,90.0.4430.82,Asus X01AD,Asus,Blink,[object Object],Chrome Mobile 90.0.4430.82 on Asus X01AD (Android 9),2021-05-06T05:10:20.948Z,着席,あ,false,41,84.4,41.6,-1.9000000000000001,0.7000000000000001,-1,-1.3,-8.6,-1.7000000000000002,-103.60000000000001,5.7,38.300000000000004
Chrome Mobile,90.0.4430.82,Asus X01AD,Asus,Blink,[object Object],Chrome Mobile 90.0.4430.82 on Asus X01AD (Android 9),2021-05-06T05:10:21.149Z,着席,あ,false,96.60000000000001,74.5,-12.4,4.9,17.400000000000002,6.4,4.3,7.7,3.7,104.2,18.200000000000003,-53.50000000000001
Chrome Mobile,90.0.4430.82,Asus X01AD,Asus,Blink,[object Object],Chrome Mobile 90.0.4430.82 on Asus X01AD (Android 9),2021-05-06T05:10:21.355Z,着席,あ,false,154.10000000000002,94.5,-68.9,-2,-2.2,-2.5,-1.3,-11.600000000000001,-2.3000000000000003,-52.7,-8.3,27.3
Chrome Mobile,90.0.4430.82,Asus X01AD,Asus,Blink,[object Object],Chrome Mobile 90.0.4430.82 on Asus X01AD (Android 9),2021-05-06T05:10:21.557Z,着席,あ,false,104,74.8,-20.1,6,18.1,4.3,5.1000000000000005,8.4,1.9000000000000001,110.10000000000001,10.4,-52.400000000000006
Chrome Mobile,90.0.4430.82,Asus X01AD,Asus,Blink,[object Object],Chrome Mobile 90.0.4430.82 on Asus X01AD (Android 9),2021-05-06T05:10:21.758Z,着席,あ,false,6.6000000000000005,83.4,78.80000000000001,-2.8000000000000003,-3,-1.7000000000000002,-1.7000000000000002,-12.4,-1.9000000000000001,-73.5,22.9,3.7000000000000006
Chrome Mobile,90.0.4430.82,Asus X01AD,Asus,Blink,[object Object],Chrome Mobile 90.0.4430.82 on Asus X01AD (Android 9),2021-05-06T05:10:21.958Z,着席,あ,false,98.4,71.60000000000001,-11.9,5.800000000000001,22.5,6.5,5.1000000000000005,13,3.4000000000000004,97.3,10.4,-31.799999999999997
Chrome Mobile,90.0.4430.82,Asus X01AD,Asus,Blink,[object Object],Chrome Mobile 90.0.4430.82 on Asus X01AD (Android 9),2021-05-06T05:10:22.159Z,着席,あ,false,14.100000000000001,83,73.10000000000001,-2.6,-2.3000000000000003,-0.8,-1.5,-11.8,-1.2000000000000002,-9,9.100000000000001,18.200000000000003
Chrome Mobile,90.0.4430.82,Asus X01AD,Asus,Blink,[object Object],Chrome Mobile 90.0.4430.82 on Asus X01AD (Android 9),2021-05-06T05:10:22.359Z,着席,あ,false,92.80000000000001,69.60000000000001,-6.6000000000000005,3.4000000000000004,26.200000000000003,11.200000000000001,3,16.900000000000002,7.800000000000001,29.500000000000004,18.3,1.9
Chrome Mobile,90.0.4430.82,Asus X01AD,Asus,Blink,[object Object],Chrome Mobile 90.0.4430.82 on Asus X01AD (Android 9),2021-05-06T05:10:22.560Z,着席,あ,false,7.5,86.30000000000001,78.30000000000001,-1.2000000000000002,-2.2,-2.1,-0.6000000000000001,-11.8,-2.2,29.200000000000003,-0.1,3.9
Chrome Mobile,90.0.4430.82,Asus X01AD,Asus,Blink,[object Object],Chrome Mobile 90.0.4430.82 on Asus X01AD (Android 9),2021-05-06T05:10:22.760Z,着席,あ,false,93.30000000000001,69.8,-9.600000000000001,5.9,28.700000000000003,10.3,5.4,19.5,7,-12.9,-31.6,19.5
Chrome Mobile,90.0.4430.82,Asus X01AD,Asus,Blink,[object Object],Chrome Mobile 90.0.4430.82 on Asus X01AD (Android 9),2021-05-06T05:10:22.961Z,着席,あ,false,2.6,83.5,80.4,-2.6,-1.8,-0.4,-1.5,-11.5,-0.6000000000000001,71.8,23.099999999999998,-26.9
Chrome Mobile,90.0.4430.82,Asus X01AD,Asus,Blink,[object Object],Chrome Mobile 90.0.4430.82 on Asus X01AD (Android 9),2021-05-06T05:10:23.161Z,着席,あ,false,76,70.8,5.7,-1.9000000000000001,23.3,12.3,-1.6,14.4,9.200000000000001,-153.50000000000003,-15.000000000000002,50.7
Chrome Mobile,90.0.4430.82,Asus X01AD,Asus,Blink,[object Object],Chrome Mobile 90.0.4430.82 on Asus X01AD (Android 9),2021-05-06T05:10:23.364Z,着席,あ,false,23.8,84.2,57.6,-2.7,0.2,0.5,-1.9000000000000001,-9.700000000000001,0,108.8,18.5,-25
Chrome Mobile,90.0.4430.82,Asus X01AD,Asus,Blink,[object Object],Chrome Mobile 90.0.4430.82 on Asus X01AD (Android 9),2021-05-06T05:10:23.565Z,着席,あ,false,71.5,80.5,10.200000000000001,-1.1,11,1.8,-0.9,1.8,0.30000000000000004,-171.39999999999998,-10.200000000000001,41.4
Chrome Mobile,90.0.4430.82,Asus X01AD,Asus,Blink,[object Object],Chrome Mobile 90.0.4430.82 on Asus X01AD (Android 9),2021-05-06T05:10:23.765Z,着席,あ,false,87.30000000000001,84.2,-5.7,-1.2000000000000002,3.9000000000000004,2.6,-1.3,-6.1000000000000005,1.6,114.80000000000001,-3.2,-56.2
Chrome Mobile,90.0.4430.82,Asus X01AD,Asus,Blink,[object Object],Chrome Mobile 90.0.4430.82 on Asus X01AD (Android 9),2021-05-06T05:10:23.966Z,着席,あ,false,77.80000000000001,83.80000000000001,4,1,7.800000000000001,-0.4,1.1,-1.5,-1.4000000000000001,-145.00000000000003,-14.800000000000002,24.8
Chrome Mobile,90.0.4430.82,Asus X01AD,Asus,Blink,[object Object],Chrome Mobile 90.0.4430.82 on Asus X01AD (Android 9),2021-05-06T05:10:24.166Z,着席,あ,false,76,82.5,6.7,-1.2000000000000002,5.9,2.9000000000000004,-1,-4.1000000000000005,1.6,103.7,8.100000000000001,-74.80000000000001
Chrome Mobile,90.0.4430.82,Asus X01AD,Asus,Blink,[object Object],Chrome Mobile 90.0.4430.82 on Asus X01AD (Android 9),2021-05-06T05:10:24.367Z,着席,あ,false,50.400000000000006,83.9,32.5,0,3.6,-2.2,0.6000000000000001,-5.7,-3,-116.5,-15.299999999999999,40.7
Chrome Mobile,90.0.4430.82,Asus X01AD,Asus,Blink,[object Object],Chrome Mobile 90.0.4430.82 on Asus X01AD (Android 9),2021-05-06T05:10:24.568Z,着席,あ,false,87.10000000000001,78.2,-5.2,1.3,10,3,1.2000000000000002,0.1,1,112.9,15.899999999999999,-46
Chrome Mobile,90.0.4430.82,Asus X01AD,Asus,Blink,[object Object],Chrome Mobile 90.0.4430.82 on Asus X01AD (Android 9),2021-05-06T05:10:24.768Z,着席,あ,false,51.7,84.4,31.3,0.7000000000000001,1.6,-0.30000000000000004,1.2000000000000002,-7.7,-1.1,-86.5,-16.700000000000003,34
Chrome Mobile,90.0.4430.82,Asus X01AD,Asus,Blink,[object Object],Chrome Mobile 90.0.4430.82 on Asus X01AD (Android 9),2021-05-06T05:10:24.969Z,着席,あ,false,92.80000000000001,73,-11.200000000000001,4.3,16.7,5.6000000000000005,3.7,7,2.7,121.4,-3.8,-14
Chrome Mobile,90.0.4430.82,Asus X01AD,Asus,Blink,[object Object],Chrome Mobile 90.0.4430.82 on Asus X01AD (Android 9),2021-05-06T05:10:25.169Z,着席,あ,false,27.5,83,52.6,-2.6,-1,-1,-1.7000000000000002,-10.4,-1.7000000000000002,-54.199999999999996,-13.100000000000001,-1.7
Chrome Mobile,90.0.4430.82,Asus X01AD,Asus,Blink,[object Object],Chrome Mobile 90.0.4430.82 on Asus X01AD (Android 9),2021-05-06T05:10:25.370Z,着席,あ,false,85.7,70.3,-6.4,5.1000000000000005,19.3,6.800000000000001,4.800000000000001,9.8,3.5,109.8,-5.2,-13.100000000000001
Chrome Mobile,90.0.4430.82,Asus X01AD,Asus,Blink,[object Object],Chrome Mobile 90.0.4430.82 on Asus X01AD (Android 9),2021-05-06T05:10:25.571Z,着席,あ,false,13.600000000000001,83.4,65.4,-2.6,-1.9000000000000001,-1.5,-1.6,-11.4,-2,-37.2,-14.800000000000002,27.2
Chrome Mobile,90.0.4430.82,Asus X01AD,Asus,Blink,[object Object],Chrome Mobile 90.0.4430.82 on Asus X01AD (Android 9),2021-05-06T05:10:25.771Z,着席,あ,false,89,68.7,-10.200000000000001,6.7,23.5,9.1,6,14.200000000000001,5.5,82.7,-10.299999999999999,-7
Chrome Mobile,90.0.4430.82,Asus X01AD,Asus,Blink,[object Object],Chrome Mobile 90.0.4430.82 on Asus X01AD (Android 9),2021-05-06T05:10:25.971Z,着席,あ,false,4.4,83.9,74.10000000000001,-2.6,-2,-2.2,-1.6,-11.600000000000001,-2.5,8.5,5.1000000000000005,1.7
Chrome Mobile,90.0.4430.82,Asus X01AD,Asus,Blink,[object Object],Chrome Mobile 90.0.4430.82 on Asus X01AD (Android 9),2021-05-06T05:10:26.172Z,着席,あ,false,89.10000000000001,66.60000000000001,-12,5.9,28.6,14,5.1000000000000005,19.6,10.200000000000001,8.8,0.2,25.200000000000003
Chrome Mobile,90.0.4430.82,Asus X01AD,Asus,Blink,[object Object],Chrome Mobile 90.0.4430.82 on Asus X01AD (Android 9),2021-05-06T05:10:26.372Z,着席,あ,false,358,83.10000000000001,77.7,-2.7,-1.6,-1,-1.6,-11.4,-1.3,78.5,12.8,-31.9
Chrome Mobile,90.0.4430.82,Asus X01AD,Asus,Blink,[object Object],Chrome Mobile 90.0.4430.82 on Asus X01AD (Android 9),2021-05-06T05:10:26.572Z,着席,あ,false,80.9,70.9,-4.4,4.6000000000000005,26.900000000000002,8.9,4.3,18,5.800000000000001,-136,8.4,46.9
Chrome Mobile,90.0.4430.82,Asus X01AD,Asus,Blink,[object Object],Chrome Mobile 90.0.4430.82 on Asus X01AD (Android 9),2021-05-06T05:10:26.773Z,着席,あ,false,357.8,83.2,79.2,-2.4000000000000004,-1.7000000000000002,0.7000000000000001,-1.3,-11.600000000000001,0.5,127.80000000000001,11.1,-24.7
Chrome Mobile,90.0.4430.82,Asus X01AD,Asus,Blink,[object Object],Chrome Mobile 90.0.4430.82 on Asus X01AD (Android 9),2021-05-06T05:10:26.979Z,着席,あ,false,77.80000000000001,74.9,0.9,-0.2,14.8,5.4,-0.2,5.9,3,-218.3,-3.6000000000000005,98.60000000000001
Chrome Mobile,90.0.4430.82,Asus X01AD,Asus,Blink,[object Object],Chrome Mobile 90.0.4430.82 on Asus X01AD (Android 9),2021-05-06T05:10:27.180Z,着席,あ,false,76.4,80.2,3.4000000000000004,-1.9000000000000001,2,3.7,-1.8,-7.9,1.9000000000000001,140,-3.4,-79.1
Chrome Mobile,90.0.4430.82,Asus X01AD,Asus,Blink,[object Object],Chrome Mobile 90.0.4430.82 on Asus X01AD (Android 9),2021-05-06T05:10:27.381Z,着席,あ,false,60.800000000000004,78.80000000000001,17.900000000000002,-0.8,6.1000000000000005,0.2,-0.2,-3,-1.5,-166.3,-23.700000000000003,55.2
Chrome Mobile,90.0.4430.82,Asus X01AD,Asus,Blink,[object Object],Chrome Mobile 90.0.4430.82 on Asus X01AD (Android 9),2021-05-06T05:10:27.581Z,着席,あ,false,76.60000000000001,74.9,3.3000000000000003,0,6.800000000000001,4,0.2,-3,1.4000000000000001,144.20000000000002,5.7,-54.4
Chrome Mobile,90.0.4430.82,Asus X01AD,Asus,Blink,[object Object],Chrome Mobile 90.0.4430.82 on Asus X01AD (Android 9),2021-05-06T05:10:27.782Z,着席,あ,false,49,80.60000000000001,28.700000000000003,-2.5,0.9,1.3,-1.7000000000000002,-8.3,0,-159.70000000000002,32.300000000000004,38.300000000000004
Chrome Mobile,90.0.4430.82,Asus X01AD,Asus,Blink,[object Object],Chrome Mobile 90.0.4430.82 on Asus X01AD (Android 9),2021-05-06T05:10:27.983Z,着席,あ,false,80.30000000000001,72.60000000000001,-3,2.1,12.9,5.2,2,3.2,2.2,131.29999999999998,14.5,-69.3
Chrome Mobile,90.0.4430.82,Asus X01AD,Asus,Blink,[object Object],Chrome Mobile 90.0.4430.82 on Asus X01AD (Android 9),2021-05-06T05:10:28.184Z,着席,あ,false,16.7,82,60.300000000000004,-2.5,-1.1,-1.5,-1.3,-10.5,-2.2,-72.7,-0.2,20.2
Chrome Mobile,90.0.4430.82,Asus X01AD,Asus,Blink,[object Object],Chrome Mobile 90.0.4430.82 on Asus X01AD (Android 9),2021-05-06T05:10:28.384Z,着席,あ,false,84.10000000000001,69.5,-9.4,7,20.700000000000003,7.5,6.5,11.3,4,83.70000000000002,-17.300000000000004,-41.300000000000004
Chrome Mobile,90.0.4430.82,Asus X01AD,Asus,Blink,[object Object],Chrome Mobile 90.0.4430.82 on Asus X01AD (Android 9),2021-05-06T05:10:28.590Z,着席,あ,false,349.40000000000003,81.30000000000001,85.10000000000001,-3.4000000000000004,-2.3000000000000003,-4.3,-2,-11.8,-4.4,-7.500000000000001,10.9,10.700000000000001
Chrome Mobile,90.0.4430.82,Asus X01AD,Asus,Blink,[object Object],Chrome Mobile 90.0.4430.82 on Asus X01AD (Android 9),2021-05-06T05:10:28.791Z,着席,あ,false,81,68.4,-5.7,5.7,23.5,8.4,5.300000000000001,14.3,4.7,62.4,2.1,-3
Chrome Mobile,90.0.4430.82,Asus X01AD,Asus,Blink,[object Object],Chrome Mobile 90.0.4430.82 on Asus X01AD (Android 9),2021-05-06T05:10:28.991Z,着席,あ,false,6.7,82.30000000000001,70.10000000000001,-2.7,-2.1,-3.7,-1.5,-11.600000000000001,-4.1000000000000005,9,15.299999999999999,4.2
Chrome Mobile,90.0.4430.82,Asus X01AD,Asus,Blink,[object Object],Chrome Mobile 90.0.4430.82 on Asus X01AD (Android 9),2021-05-06T05:10:29.192Z,着席,あ,false,85,70.60000000000001,-10.3,6.300000000000001,25.200000000000003,9.600000000000001,5.7,15.9,6.300000000000001,69.7,-10.600000000000001,7.200000000000001
Chrome Mobile,90.0.4430.82,Asus X01AD,Asus,Blink,[object Object],Chrome Mobile 90.0.4430.82 on Asus X01AD (Android 9),2021-05-06T05:10:29.392Z,着席,あ,false,155.60000000000002,96.2,-82.5,-3.6,-2.4000000000000004,-2.5,-2.6,-12,-2.4000000000000004,6.2,23.099999999999998,-3.1
Chrome Mobile,90.0.4430.82,Asus X01AD,Asus,Blink,[object Object],Chrome Mobile 90.0.4430.82 on Asus X01AD (Android 9),2021-05-06T05:10:29.593Z,着席,あ,false,77.60000000000001,72,-2.1,3.6,27.400000000000002,7.300000000000001,3.5,18.2,4.2,-11.000000000000002,-6.600000000000001,1.7
Chrome Mobile,90.0.4430.82,Asus X01AD,Asus,Blink,[object Object],Chrome Mobile 90.0.4430.82 on Asus X01AD (Android 9),2021-05-06T05:10:29.793Z,着席,あ,false,156.4,96.2,-83.2,-2.1,-1.9000000000000001,-1.2000000000000002,-1,-11.600000000000001,-1.1,68.5,18,-16.8
Chrome Mobile,90.0.4430.82,Asus X01AD,Asus,Blink,[object Object],Chrome Mobile 90.0.4430.82 on Asus X01AD (Android 9),2021-05-06T05:10:29.994Z,着席,あ,false,97.80000000000001,76.80000000000001,-24,7,21.700000000000003,2,6.1000000000000005,12.600000000000001,0,-149,62.7,73.9
Chrome Mobile,90.0.4430.82,Asus X01AD,Asus,Blink,[object Object],Chrome Mobile 90.0.4430.82 on Asus X01AD (Android 9),2021-05-06T05:10:30.194Z,着席,あ,false,22.6,85.7,51.6,-1.8,1,3,-1.2000000000000002,-9,2.6,106.1,-7.6,-95.69999999999999
Chrome Mobile,90.0.4430.82,Asus X01AD,Asus,Blink,[object Object],Chrome Mobile 90.0.4430.82 on Asus X01AD (Android 9),2021-05-06T05:10:30.395Z,着席,あ,false,41.400000000000006,79.30000000000001,34.9,-0.4,9.700000000000001,1,0.6000000000000001,0.6000000000000001,-0.4,-205.5,-27.5,54.50000000000001
Chrome Mobile,90.0.4430.82,Asus X01AD,Asus,Blink,[object Object],Chrome Mobile 90.0.4430.82 on Asus X01AD (Android 9),2021-05-06T05:10:30.595Z,着席,あ,false,42.800000000000004,83.9,33.7,-1.8,4.5,1.1,-1.2000000000000002,-5.6000000000000005,0.2,139.4,-0.4,-61.50000000000001
Chrome Mobile,90.0.4430.82,Asus X01AD,Asus,Blink,[object Object],Chrome Mobile 90.0.4430.82 on Asus X01AD (Android 9),2021-05-06T05:10:30.796Z,着席,あ,false,31.8,84.7,46,0.8,2.7,1,1.5,-6.5,0.4,-123.00000000000001,-18.6,67.60000000000001
Chrome Mobile,90.0.4430.82,Asus X01AD,Asus,Blink,[object Object],Chrome Mobile 90.0.4430.82 on Asus X01AD (Android 9),2021-05-06T05:10:30.997Z,着席,あ,false,76.4,77,1.5,-1.4000000000000001,9.700000000000001,6.2,-1.3,-0.2,4,107.4,19.700000000000003,-78.5
Chrome Mobile,90.0.4430.82,Asus X01AD,Asus,Blink,[object Object],Chrome Mobile 90.0.4430.82 on Asus X01AD (Android 9),2021-05-06T05:10:31.197Z,着席,あ,false,36.9,83.7,40.6,-2.1,-0.1,-1.6,-1.4000000000000001,-9.3,-2.3000000000000003,-129.9,-21.7,33.2
Chrome Mobile,90.0.4430.82,Asus X01AD,Asus,Blink,[object Object],Chrome Mobile 90.0.4430.82 on Asus X01AD (Android 9),2021-05-06T05:10:31.398Z,着席,あ,false,80.7,74.2,-5.9,0.8,13.100000000000001,7.6000000000000005,0.5,3.3000000000000003,4.800000000000001,102.3,31.9,-100
Chrome Mobile,90.0.4430.82,Asus X01AD,Asus,Blink,[object Object],Chrome Mobile 90.0.4430.82 on Asus X01AD (Android 9),2021-05-06T05:10:31.598Z,着席,あ,false,0.8,83.5,75.5,0.1,-1,-1.8,1.1,-10.3,-2.1,-53,-26.5,34.50000000000001
Chrome Mobile,90.0.4430.82,Asus X01AD,Asus,Blink,[object Object],Chrome Mobile 90.0.4430.82 on Asus X01AD (Android 9),2021-05-06T05:10:31.799Z,着席,あ,false,89.60000000000001,73,-12.3,5,19.700000000000003,7,4.3,10,4.1000000000000005,92.50000000000001,37.1,-40.800000000000004
Chrome Mobile,90.0.4430.82,Asus X01AD,Asus,Blink,[object Object],Chrome Mobile 90.0.4430.82 on Asus X01AD (Android 9),2021-05-06T05:10:31.999Z,着席,あ,false,8.1,82.9,70.8,-1.8,-2.6,-1.4000000000000001,-0.7000000000000001,-12,-1.8,-50.8,-11.900000000000002,18.8
Chrome Mobile,90.0.4430.82,Asus X01AD,Asus,Blink,[object Object],Chrome Mobile 90.0.4430.82 on Asus X01AD (Android 9),2021-05-06T05:10:32.200Z,着席,あ,false,93.4,72.10000000000001,-14.5,7.9,23.1,4.4,7.1000000000000005,13.600000000000001,1.4000000000000001,95.9,14.800000000000002,-8.3
Chrome Mobile,90.0.4430.82,Asus X01AD,Asus,Blink,[object Object],Chrome Mobile 90.0.4430.82 on Asus X01AD (Android 9),2021-05-06T05:10:32.400Z,着席,あ,false,359,84.9,79.9,-1.6,-2.5,-0.9,-0.8,-12,-1.1,-2.7,-7.1000000000000005,0.2
Chrome Mobile,90.0.4430.82,Asus X01AD,Asus,Blink,[object Object],Chrome Mobile 90.0.4430.82 on Asus X01AD (Android 9),2021-05-06T05:10:32.601Z,着席,あ,false,85.5,70.10000000000001,-5.800000000000001,4.6000000000000005,28,9,4.3,18.7,5.6000000000000005,29.600000000000005,-31.3,1.8000000000000003
Chrome Mobile,90.0.4430.82,Asus X01AD,Asus,Blink,[object Object],Chrome Mobile 90.0.4430.82 on Asus X01AD (Android 9),2021-05-06T05:10:32.801Z,着席,あ,false,0.4,82.7,79.5,-2.9000000000000004,-3.6,-1.4000000000000001,-1.7000000000000002,-13.100000000000001,-1.6,4.800000000000001,1.6,-2.2
Chrome Mobile,90.0.4430.82,Asus X01AD,Asus,Blink,[object Object],Chrome Mobile 90.0.4430.82 on Asus X01AD (Android 9),2021-05-06T05:10:33.010Z,着席,あ,false,94.7,67.10000000000001,-15.8,6.6000000000000005,29.900000000000002,10.700000000000001,5.6000000000000005,21,7.1000000000000005,-45.7,-0.8,-3.9
Chrome Mobile,90.0.4430.82,Asus X01AD,Asus,Blink,[object Object],Chrome Mobile 90.0.4430.82 on Asus X01AD (Android 9),2021-05-06T05:10:33.210Z,着席,あ,false,11.200000000000001,82.4,68.2,-2.1,-2.8000000000000003,-2.3000000000000003,-0.9,-12.4,-2.8000000000000003,62.300000000000004,-12.200000000000001,-4
Chrome Mobile,90.0.4430.82,Asus X01AD,Asus,Blink,[object Object],Chrome Mobile 90.0.4430.82 on Asus X01AD (Android 9),2021-05-06T05:10:33.411Z,着席,あ,false,86.7,66.2,-6.7,3.4000000000000004,27.700000000000003,12.100000000000001,3,18.900000000000002,8.200000000000001,-71.5,-47.3,61.39999999999999
Chrome Mobile,90.0.4430.82,Asus X01AD,Asus,Blink,[object Object],Chrome Mobile 90.0.4430.82 on Asus X01AD (Android 9),2021-05-06T05:10:33.612Z,着席,あ,false,38.1,82.30000000000001,41.400000000000006,-1.9000000000000001,-1.7000000000000002,0.1,-1,-11.5,-0.9,81.60000000000001,11.2,-53.9
Chrome Mobile,90.0.4430.82,Asus X01AD,Asus,Blink,[object Object],Chrome Mobile 90.0.4430.82 on Asus X01AD (Android 9),2021-05-06T05:10:33.813Z,着席,あ,false,81.4,70.2,-1.9000000000000001,1.6,19.8,7.9,1.5,11,4.7,-143.2,8.899999999999999,78.60000000000001
Chrome Mobile,90.0.4430.82,Asus X01AD,Asus,Blink,[object Object],Chrome Mobile 90.0.4430.82 on Asus X01AD (Android 9),2021-05-06T05:10:34.014Z,着席,あ,false,47.1,82.2,32.5,-1.3,1.4000000000000001,2,-0.6000000000000001,-8.5,0.9,116.4,3.7000000000000006,-65.5
Chrome Mobile,90.0.4430.82,Asus X01AD,Asus,Blink,[object Object],Chrome Mobile 90.0.4430.82 on Asus X01AD (Android 9),2021-05-06T05:10:34.214Z,着席,あ,false,66.5,78.80000000000001,11.8,-0.1,11.8,2.3000000000000003,0.30000000000000004,2.6,0.5,-140.3,-27.099999999999998,73
Chrome Mobile,90.0.4430.82,Asus X01AD,Asus,Blink,[object Object],Chrome Mobile 90.0.4430.82 on Asus X01AD (Android 9),2021-05-06T05:10:34.415Z,着席,あ,false,54.300000000000004,81.80000000000001,23.5,-1.2000000000000002,4.5,2.2,-0.7000000000000001,-5.5,0.8,97.40000000000002,9.8,-72.50000000000001
Chrome Mobile,90.0.4430.82,Asus X01AD,Asus,Blink,[object Object],Chrome Mobile 90.0.4430.82 on Asus X01AD (Android 9),2021-05-06T05:10:34.616Z,着席,あ,false,40.2,82.9,36.5,-0.7000000000000001,4.800000000000001,-0.9,0,-4.6000000000000005,-1.8,-75.7,-20.400000000000002,74.5
Chrome Mobile,90.0.4430.82,Asus X01AD,Asus,Blink,[object Object],Chrome Mobile 90.0.4430.82 on Asus X01AD (Android 9),2021-05-06T05:10:34.816Z,着席,あ,false,91.4,78,-12.8,1,11.4,3.9000000000000004,0.6000000000000001,1.5,1.9000000000000001,86.5,18.700000000000003,-60.2
Chrome Mobile,90.0.4430.82,Asus X01AD,Asus,Blink,[object Object],Chrome Mobile 90.0.4430.82 on Asus X01AD (Android 9),2021-05-06T05:10:35.017Z,着席,あ,false,42.5,86.30000000000001,35.7,-1.4000000000000001,1.2000000000000002,1.2000000000000002,-1,-8.200000000000001,0.7000000000000001,-61,2,44.7
Chrome Mobile,90.0.4430.82,Asus X01AD,Asus,Blink,[object Object],Chrome Mobile 90.0.4430.82 on Asus X01AD (Android 9),2021-05-06T05:10:35.223Z,着席,あ,false,107.30000000000001,73.60000000000001,-24.6,5.2,18.7,4.3,4,9.1,1.7000000000000002,85.4,32.9,-41.6
Chrome Mobile,90.0.4430.82,Asus X01AD,Asus,Blink,[object Object],Chrome Mobile 90.0.4430.82 on Asus X01AD (Android 9),2021-05-06T05:10:35.424Z,着席,あ,false,169.20000000000002,94,-84.7,-2.9000000000000004,-1.7000000000000002,-0.9,-2.3000000000000003,-11.200000000000001,-0.8,-56.9,6.600000000000001,15.299999999999999
Chrome Mobile,90.0.4430.82,Asus X01AD,Asus,Blink,[object Object],Chrome Mobile 90.0.4430.82 on Asus X01AD (Android 9),2021-05-06T05:10:35.625Z,着席,あ,false,109.7,72.8,-25,5.800000000000001,21.900000000000002,5.800000000000001,4.5,12.4,3.2,70,7.6,-21.400000000000002
Chrome Mobile,90.0.4430.82,Asus X01AD,Asus,Blink,[object Object],Chrome Mobile 90.0.4430.82 on Asus X01AD (Android 9),2021-05-06T05:10:35.825Z,着席,あ,false,154.10000000000002,94.80000000000001,-67.5,-3.3000000000000003,-2.2,-2.7,-2.6,-11.8,-2.4000000000000004,1.8000000000000003,4.1,-2.1
Chrome Mobile,90.0.4430.82,Asus X01AD,Asus,Blink,[object Object],Chrome Mobile 90.0.4430.82 on Asus X01AD (Android 9),2021-05-06T05:10:36.026Z,着席,あ,false,107.10000000000001,72,-22.3,6.5,25.5,7.300000000000001,4.6000000000000005,16.2,6.6000000000000005,-0.7,-20.2,42.1
Chrome Mobile,90.0.4430.82,Asus X01AD,Asus,Blink,[object Object],Chrome Mobile 90.0.4430.82 on Asus X01AD (Android 9),2021-05-06T05:10:36.226Z,着席,あ,false,9.8,84.4,75.8,-1.7000000000000002,0.7000000000000001,0,-0.8,-9.1,-0.2,73.7,-14,-57.1
Chrome Mobile,90.0.4430.82,Asus X01AD,Asus,Blink,[object Object],Chrome Mobile 90.0.4430.82 on Asus X01AD (Android 9),2021-05-06T05:10:36.427Z,着席,あ,false,102.7,75.8,-17.1,3.5,17.3,4.1000000000000005,2,5.1000000000000005,1.8,-137.3,0.5,126.10000000000001
Chrome Mobile,90.0.4430.82,Asus X01AD,Asus,Blink,[object Object],Chrome Mobile 90.0.4430.82 on Asus X01AD (Android 9),2021-05-06T05:10:36.627Z,着席,あ,false,73,81.30000000000001,15.200000000000001,-0.1,4.3,2.9000000000000004,0.30000000000000004,-5.7,1.4000000000000001,120.80000000000001,3.2,-93.2
Chrome Mobile,90.0.4430.82,Asus X01AD,Asus,Blink,[object Object],Chrome Mobile 90.0.4430.82 on Asus X01AD (Android 9),2021-05-06T05:10:36.828Z,着席,あ,false,61.5,83.60000000000001,27.400000000000002,-0.4,3.4000000000000004,-0.5,0.1,-5.9,-1.4000000000000001,-118.00000000000001,-17,102.4
Chrome Mobile,90.0.4430.82,Asus X01AD,Asus,Blink,[object Object],Chrome Mobile 90.0.4430.82 on Asus X01AD (Android 9),2021-05-06T05:10:37.028Z,着席,あ,false,97,79.4,-7.5,-0.1,8.9,4.2,-0.4,-1.1,2.3000000000000003,109.39999999999999,7.6,-115.8
Chrome Mobile,90.0.4430.82,Asus X01AD,Asus,Blink,[object Object],Chrome Mobile 90.0.4430.82 on Asus X01AD (Android 9),2021-05-06T05:10:37.229Z,着席,あ,false,23.700000000000003,84.80000000000001,66.10000000000001,-2,-0.7000000000000001,-2.1,-1.1,-10,-2.4000000000000004,-70.5,5.2,57.9
Chrome Mobile,90.0.4430.82,Asus X01AD,Asus,Blink,[object Object],Chrome Mobile 90.0.4430.82 on Asus X01AD (Android 9),2021-05-06T05:10:37.430Z,着席,あ,false,106.2,72.4,-17.8,4.2,17.1,7.2,3.3000000000000003,7.5,4.3,80.60000000000001,23.900000000000006,-89.8
Chrome Mobile,90.0.4430.82,Asus X01AD,Asus,Blink,[object Object],Chrome Mobile 90.0.4430.82 on Asus X01AD (Android 9),2021-05-06T05:10:37.630Z,着席,あ,false,17.900000000000002,83.10000000000001,69.60000000000001,-2.5,-1.7000000000000002,-1.8,-1.4000000000000001,-11.100000000000001,-2.2,-50.8,21,32.9
Chrome Mobile,90.0.4430.82,Asus X01AD,Asus,Blink,[object Object],Chrome Mobile 90.0.4430.82 on Asus X01AD (Android 9),2021-05-06T05:10:37.831Z,着席,あ,false,108.4,73.9,-20.3,5.9,21.200000000000003,4.5,5,11.700000000000001,1.9000000000000001,65.6,10,-37
Chrome Mobile,90.0.4430.82,Asus X01AD,Asus,Blink,[object Object],Chrome Mobile 90.0.4430.82 on Asus X01AD (Android 9),2021-05-06T05:10:38.031Z,着席,あ,false,358.8,84.7,86.5,-2.8000000000000003,-0.9,-1.1,-1.9000000000000001,-10.5,-1.1,-6.500000000000001,2.5,-4
Chrome Mobile,90.0.4430.82,Asus X01AD,Asus,Blink,[object Object],Chrome Mobile 90.0.4430.82 on Asus X01AD (Android 9),2021-05-06T05:10:38.232Z,着席,あ,false,103.30000000000001,71.7,-16.400000000000002,7.300000000000001,25.5,7.1000000000000005,6.4,16.1,4.1000000000000005,60.7,-11.6,1.6
Chrome Mobile,90.0.4430.82,Asus X01AD,Asus,Blink,[object Object],Chrome Mobile 90.0.4430.82 on Asus X01AD (Android 9),2021-05-06T05:10:38.432Z,着席,あ,false,7.800000000000001,82.7,78.30000000000001,-2.8000000000000003,-0.8,0,-1.6,-10.4,-0.30000000000000004,37.1,7.9,-13.100000000000001
Chrome Mobile,90.0.4430.82,Asus X01AD,Asus,Blink,[object Object],Chrome Mobile 90.0.4430.82 on Asus X01AD (Android 9),2021-05-06T05:10:38.633Z,着席,あ,false,106.5,71.9,-20.400000000000002,7.9,27.3,7.2,6.800000000000001,18.1,4.4,-87.50000000000001,-8.5,52.300000000000004
Chrome Mobile,90.0.4430.82,Asus X01AD,Asus,Blink,[object Object],Chrome Mobile 90.0.4430.82 on Asus X01AD (Android 9),2021-05-06T05:10:38.833Z,着席,あ,false,32.9,82.5,53.7,-3.6,-0.4,1.1,-2.5,-10.200000000000001,0.4,99.2,1.2000000000000002,-43.900000000000006
Chrome Mobile,90.0.4430.82,Asus X01AD,Asus,Blink,[object Object],Chrome Mobile 90.0.4430.82 on Asus X01AD (Android 9),2021-05-06T05:10:39.039Z,着席,あ,false,98.2,75.60000000000001,-11.4,1.2000000000000002,15.5,5.1000000000000005,0.8,6.5,2.9000000000000004,-162.7,-20.2,103.7
Chrome Mobile,90.0.4430.82,Asus X01AD,Asus,Blink,[object Object],Chrome Mobile 90.0.4430.82 on Asus X01AD (Android 9),2021-05-06T05:10:39.240Z,着席,あ,false,44.300000000000004,81.4,43.2,-3.3000000000000003,0.30000000000000004,1.8,-2.3000000000000003,-9.600000000000001,0.7000000000000001,130.8,-23.400000000000002,-59.60000000000001
Chrome Mobile,90.0.4430.82,Asus X01AD,Asus,Blink,[object Object],Chrome Mobile 90.0.4430.82 on Asus X01AD (Android 9),2021-05-06T05:10:39.440Z,着席,あ,false,82.9,81.10000000000001,2.8000000000000003,-1,8.8,2.1,-1,-0.4,0.6000000000000001,-131.9,-34.7,112.20000000000002
Chrome Mobile,90.0.4430.82,Asus X01AD,Asus,Blink,[object Object],Chrome Mobile 90.0.4430.82 on Asus X01AD (Android 9),2021-05-06T05:10:39.641Z,着席,あ,false,85.4,80.5,-0.1,-0.6000000000000001,5.9,3,-0.6000000000000001,-4,1.4000000000000001,90.1,-1.7,-91.50000000000001
Chrome Mobile,90.0.4430.82,Asus X01AD,Asus,Blink,[object Object],Chrome Mobile 90.0.4430.82 on Asus X01AD (Android 9),2021-05-06T05:10:39.841Z,着席,あ,false,54.2,83.80000000000001,32,-1,1.6,-0.7000000000000001,-0.5,-7.6000000000000005,-1.5,-77.4,-11.1,81.60000000000001
Chrome Mobile,90.0.4430.82,Asus X01AD,Asus,Blink,[object Object],Chrome Mobile 90.0.4430.82 on Asus X01AD (Android 9),2021-05-06T05:10:40.042Z,着席,あ,false,100.5,74.9,-16,3,14.4,4.800000000000001,2.1,4.7,2.1,97.89999999999999,4,-70.6
Chrome Mobile,90.0.4430.82,Asus X01AD,Asus,Blink,[object Object],Chrome Mobile 90.0.4430.82 on Asus X01AD (Android 9),2021-05-06T05:10:40.243Z,着席,あ,false,17.3,82.7,67.10000000000001,-3.3000000000000003,-0.9,-1.8,-2.2,-10.3,-2.2,-30.5,4.4,11.000000000000002
Chrome Mobile,90.0.4430.82,Asus X01AD,Asus,Blink,[object Object],Chrome Mobile 90.0.4430.82 on Asus X01AD (Android 9),2021-05-06T05:10:40.443Z,着席,あ,false,99.9,69.5,-16.3,6.4,24.200000000000003,8.200000000000001,5.4,14.9,4.9,72.7,6.8,-44.00000000000001
Chrome Mobile,90.0.4430.82,Asus X01AD,Asus,Blink,[object Object],Chrome Mobile 90.0.4430.82 on Asus X01AD (Android 9),2021-05-06T05:10:40.644Z,着席,あ,false,174.10000000000002,101,-88.9,-2.8000000000000003,-1.3,-1.9000000000000001,-1,-10.9,-1.9000000000000001,50,10.4,-16.900000000000002
Chrome Mobile,90.0.4430.82,Asus X01AD,Asus,Blink,[object Object],Chrome Mobile 90.0.4430.82 on Asus X01AD (Android 9),2021-05-06T05:10:40.845Z,着席,あ,false,88.9,71.60000000000001,-2.9000000000000004,5.9,24.200000000000003,13.3,5.800000000000001,15.3,10.3,-151.20000000000002,-39,112.20000000000002
Chrome Mobile,90.0.4430.82,Asus X01AD,Asus,Blink,[object Object],Chrome Mobile 90.0.4430.82 on Asus X01AD (Android 9),2021-05-06T05:10:41.046Z,着席,あ,false,30.5,82.10000000000001,54.900000000000006,-1.8,0.8,0.8,-0.7000000000000001,-9.1,0,103.60000000000001,1.2000000000000002,-67.3
Chrome Mobile,90.0.4430.82,Asus X01AD,Asus,Blink,[object Object],Chrome Mobile 90.0.4430.82 on Asus X01AD (Android 9),2021-05-06T05:10:41.247Z,着席,あ,false,69.4,78.80000000000001,14.9,-1.3,12.100000000000001,1,-0.8,3,-0.8,-171,-23.700000000000003,79.7
Chrome Mobile,90.0.4430.82,Asus X01AD,Asus,Blink,[object Object],Chrome Mobile 90.0.4430.82 on Asus X01AD (Android 9),2021-05-06T05:10:41.447Z,着席,あ,false,59.7,80.10000000000001,25.200000000000003,-0.4,4.9,2.3000000000000003,0.30000000000000004,-5.1000000000000005,0.8,116,7.400000000000001,-84.2
Chrome Mobile,90.0.4430.82,Asus X01AD,Asus,Blink,[object Object],Chrome Mobile 90.0.4430.82 on Asus X01AD (Android 9),2021-05-06T05:10:41.648Z,着席,あ,false,24.6,81.60000000000001,59.900000000000006,-1.9000000000000001,5.300000000000001,-2.3000000000000003,-0.7000000000000001,-3.9000000000000004,-2.9000000000000004,-113.1,-32.1,91.50000000000001
Chrome Mobile,90.0.4430.82,Asus X01AD,Asus,Blink,[object Object],Chrome Mobile 90.0.4430.82 on Asus X01AD (Android 9),2021-05-06T05:10:41.849Z,着席,あ,false,64.9,81.60000000000001,19.3,-0.4,7.7,2.3000000000000003,0.1,-2.3000000000000003,0.9,97.10000000000001,23.900000000000006,-78.60000000000001
Chrome Mobile,90.0.4430.82,Asus X01AD,Asus,Blink,[object Object],Chrome Mobile 90.0.4430.82 on Asus X01AD (Android 9),2021-05-06T05:10:42.050Z,着席,あ,false,9.8,79.7,75.10000000000001,-4.1000000000000005,0.7000000000000001,-2.6,-2.4000000000000004,-8.5,-3,-95.4,4.2,46.800000000000004
Chrome Mobile,90.0.4430.82,Asus X01AD,Asus,Blink,[object Object],Chrome Mobile 90.0.4430.82 on Asus X01AD (Android 9),2021-05-06T05:10:42.250Z,着席,あ,false,69.4,79.60000000000001,16.6,0,11.4,2.8000000000000003,0.5,1.5,1.1,127.69999999999999,20.599999999999998,-55.8
Chrome Mobile,90.0.4430.82,Asus X01AD,Asus,Blink,[object Object],Chrome Mobile 90.0.4430.82 on Asus X01AD (Android 9),2021-05-06T05:10:42.451Z,着席,あ,false,159.8,98.80000000000001,-73.9,-2.7,-1.8,-2.5,-1.3,-11.100000000000001,-2.1,-45.9,-7.699999999999999,49
Chrome Mobile,90.0.4430.82,Asus X01AD,Asus,Blink,[object Object],Chrome Mobile 90.0.4430.82 on Asus X01AD (Android 9),2021-05-06T05:10:42.651Z,着席,あ,false,103.2,75.9,-16.1,5.2,20,4.7,4.5,10.3,2.4000000000000004,79.7,16.700000000000003,-48.300000000000004
Chrome Mobile,90.0.4430.82,Asus X01AD,Asus,Blink,[object Object],Chrome Mobile 90.0.4430.82 on Asus X01AD (Android 9),2021-05-06T05:10:42.852Z,着席,あ,false,165.3,98.5,-79.5,-2.7,-2.3000000000000003,-2.7,-1.3,-11.8,-2.4000000000000004,16.700000000000003,2.7,4.800000000000001
Chrome Mobile,90.0.4430.82,Asus X01AD,Asus,Blink,[object Object],Chrome Mobile 90.0.4430.82 on Asus X01AD (Android 9),2021-05-06T05:10:43.054Z,着席,あ,false,96.80000000000001,69.9,-10.200000000000001,5.4,26.400000000000002,9.9,4.800000000000001,17.1,6.5,25.4,18.900000000000002,4.300000000000001
Chrome Mobile,90.0.4430.82,Asus X01AD,Asus,Blink,[object Object],Chrome Mobile 90.0.4430.82 on Asus X01AD (Android 9),2021-05-06T05:10:43.260Z,着席,あ,false,7.4,79.80000000000001,78.7,-3.1,-0.8,-1.3,-1.5,-10.3,-1.7000000000000002,48.6,-13.6,-26.200000000000003
Chrome Mobile,90.0.4430.82,Asus X01AD,Asus,Blink,[object Object],Chrome Mobile 90.0.4430.82 on Asus X01AD (Android 9),2021-05-06T05:10:43.460Z,着席,あ,false,93.4,70.5,-7.2,6.800000000000001,25.700000000000003,13.3,6.4,16.7,10.100000000000001,-88.20000000000002,-4.9,69.10000000000001
Chrome Mobile,90.0.4430.82,Asus X01AD,Asus,Blink,[object Object],Chrome Mobile 90.0.4430.82 on Asus X01AD (Android 9),2021-05-06T05:10:43.661Z,着席,あ,false,19,81,67.9,-2.9000000000000004,0.7000000000000001,1.3,-1.5,-9.1,0.7000000000000001,79.7,-2.2,-68.5
Chrome Mobile,90.0.4430.82,Asus X01AD,Asus,Blink,[object Object],Chrome Mobile 90.0.4430.82 on Asus X01AD (Android 9),2021-05-06T05:10:43.861Z,着席,あ,false,61.6,80.7,26,1.3,17.5,1.1,2,8.200000000000001,-0.30000000000000004,-137.1,26.9,57.49999999999999
Chrome Mobile,90.0.4430.82,Asus X01AD,Asus,Blink,[object Object],Chrome Mobile 90.0.4430.82 on Asus X01AD (Android 9),2021-05-06T05:10:44.062Z,着席,あ,false,10.3,81.9,76.80000000000001,-2,2.8000000000000003,-0.5,-0.6000000000000001,-7,-0.8,71.19999999999999,-6.500000000000001,-52.400000000000006
Chrome Mobile,90.0.4430.82,Asus X01AD,Asus,Blink,[object Object],Chrome Mobile 90.0.4430.82 on Asus X01AD (Android 9),2021-05-06T05:10:44.263Z,着席,あ,false,84.10000000000001,82.4,2.8000000000000003,6.800000000000001,21.6,4.5,6.800000000000001,12.100000000000001,3.2,-89.10000000000001,23.5,27.099999999999998
Chrome Mobile,90.0.4430.82,Asus X01AD,Asus,Blink,[object Object],Chrome Mobile 90.0.4430.82 on Asus X01AD (Android 9),2021-05-06T05:10:44.463Z,着席,あ,false,165.3,97.9,-76.5,-2.7,-0.2,-3.1,-1.5,-9.8,-2.7,22.8,-10.700000000000001,-17.400000000000002
Chrome Mobile,90.0.4430.82,Asus X01AD,Asus,Blink,[object Object],Chrome Mobile 90.0.4430.82 on Asus X01AD (Android 9),2021-05-06T05:10:44.664Z,着席,あ,false,108.80000000000001,76.4,-22.3,7.9,23.6,10.100000000000001,7,14.100000000000001,7.9,-55.1,26.9,-3.6000000000000005
Chrome Mobile,90.0.4430.82,Asus X01AD,Asus,Blink,[object Object],Chrome Mobile 90.0.4430.82 on Asus X01AD (Android 9),2021-05-06T05:10:44.865Z,着席,あ,false,359.8,81.5,87.2,-4.7,-1.2000000000000002,-4.2,-3.3000000000000003,-10.700000000000001,-4.3,23,9.2,-24.5
Chrome Mobile,90.0.4430.82,Asus X01AD,Asus,Blink,[object Object],Chrome Mobile 90.0.4430.82 on Asus X01AD (Android 9),2021-05-06T05:10:45.070Z,着席,あ,false,100.5,75.5,-15.4,5.300000000000001,23,11.100000000000001,4.7,13.4,8.700000000000001,81.90000000000002,26.000000000000004,-41
Chrome Mobile,90.0.4430.82,Asus X01AD,Asus,Blink,[object Object],Chrome Mobile 90.0.4430.82 on Asus X01AD (Android 9),2021-05-06T05:10:45.270Z,着席,あ,false,139.4,103.60000000000001,-53.300000000000004,-4.7,-3,-3.3000000000000003,-2.9000000000000004,-12.3,-2,2.9,-16,7.699999999999999
Chrome Mobile,90.0.4430.82,Asus X01AD,Asus,Blink,[object Object],Chrome Mobile 90.0.4430.82 on Asus X01AD (Android 9),2021-05-06T05:10:45.471Z,着席,あ,false,99.2,78.2,-13.4,4.9,28,6.9,4.4,18.400000000000002,5,13.399999999999999,27.2,-6.2
Chrome Mobile,90.0.4430.82,Asus X01AD,Asus,Blink,[object Object],Chrome Mobile 90.0.4430.82 on Asus X01AD (Android 9),2021-05-06T05:10:45.671Z,着席,あ,false,143.1,99.5,-57.7,-2.2,-2.2,-1.4000000000000001,-0.9,-11.700000000000001,-0.6000000000000001,34.1,-6.8,-23.2
Chrome Mobile,90.0.4430.82,Asus X01AD,Asus,Blink,[object Object],Chrome Mobile 90.0.4430.82 on Asus X01AD (Android 9),2021-05-06T05:10:45.872Z,着席,あ,false,90.80000000000001,76.80000000000001,-2.5,2.8000000000000003,27.200000000000003,6.800000000000001,2.7,17.900000000000002,4.6000000000000005,-71.8,-10.299999999999999,52.900000000000006
Chrome Mobile,90.0.4430.82,Asus X01AD,Asus,Blink,[object Object],Chrome Mobile 90.0.4430.82 on Asus X01AD (Android 9),2021-05-06T05:10:46.073Z,着席,あ,false,164.3,96,-76,-2.5,-0.5,-0.1,-1.5,-10.3,0.2,68.5,4.9,-41.300000000000004
Chrome Mobile,90.0.4430.82,Asus X01AD,Asus,Blink,[object Object],Chrome Mobile 90.0.4430.82 on Asus X01AD (Android 9),2021-05-06T05:10:46.273Z,着席,あ,false,87.80000000000001,75.7,1.9000000000000001,5,27.3,9.4,5.1000000000000005,18.1,7.1000000000000005,-139.1,8.2,83.00000000000001
Chrome Mobile,90.0.4430.82,Asus X01AD,Asus,Blink,[object Object],Chrome Mobile 90.0.4430.82 on Asus X01AD (Android 9),2021-05-06T05:10:46.474Z,着席,あ,false,170.5,96.5,-83,-2.2,-0.5,2.5,-1.1,-10.3,2.6,92,-4,-45.400000000000006
Chrome Mobile,90.0.4430.82,Asus X01AD,Asus,Blink,[object Object],Chrome Mobile 90.0.4430.82 on Asus X01AD (Android 9),2021-05-06T05:10:46.674Z,着席,あ,false,51.900000000000006,83,37.4,-2.8000000000000003,11.600000000000001,2.4000000000000004,-2.1,2.4000000000000004,1.5,-164.3,4.300000000000001,69.00000000000001
Chrome Mobile,90.0.4430.82,Asus X01AD,Asus,Blink,[object Object],Chrome Mobile 90.0.4430.82 on Asus X01AD (Android 9),2021-05-06T05:10:46.875Z,着席,あ,false,30.1,83.10000000000001,60.300000000000004,-0.8,5.1000000000000005,1,0.2,-4.9,0.4,112.80000000000001,-16.4,-90.5
Chrome Mobile,90.0.4430.82,Asus X01AD,Asus,Blink,[object Object],Chrome Mobile 90.0.4430.82 on Asus X01AD (Android 9),2021-05-06T05:10:47.076Z,着席,あ,false,11.700000000000001,80.10000000000001,76.7,-3,2.3000000000000003,-1.1,-1.5,-6.800000000000001,-1.4000000000000001,-168.9,-11.700000000000001,62.6
Chrome Mobile,90.0.4430.82,Asus X01AD,Asus,Blink,[object Object],Chrome Mobile 90.0.4430.82 on Asus X01AD (Android 9),2021-05-06T05:10:47.277Z,着席,あ,false,51.900000000000006,82.7,36.1,-0.9,7.5,1.8,-0.1,-2.4000000000000004,0.8,130,3.3000000000000007,-72.80000000000001
Chrome Mobile,90.0.4430.82,Asus X01AD,Asus,Blink,[object Object],Chrome Mobile 90.0.4430.82 on Asus X01AD (Android 9),2021-05-06T05:10:47.478Z,着席,あ,false,165.9,99.80000000000001,-78.30000000000001,-3.1,-1.2000000000000002,-3.7,-1.6,-10.4,-3.4000000000000004,-91.6,-6.600000000000001,46.1
Chrome Mobile,90.0.4430.82,Asus X01AD,Asus,Blink,[object Object],Chrome Mobile 90.0.4430.82 on Asus X01AD (Android 9),2021-05-06T05:10:47.679Z,着席,あ,false,92.80000000000001,79.5,-5.4,4.3,15.3,3.2,4.1000000000000005,5.4,1.4000000000000001,102.5,5,-85.30000000000001
Chrome Mobile,90.0.4430.82,Asus X01AD,Asus,Blink,[object Object],Chrome Mobile 90.0.4430.82 on Asus X01AD (Android 9),2021-05-06T05:10:47.879Z,着席,あ,false,162.60000000000002,103.60000000000001,-76.60000000000001,-4,-2.3000000000000003,-2.2,-1.8,-11.5,-1.7000000000000002,-31,3.1,36.300000000000004
Chrome Mobile,90.0.4430.82,Asus X01AD,Asus,Blink,[object Object],Chrome Mobile 90.0.4430.82 on Asus X01AD (Android 9),2021-05-06T05:10:48.080Z,着席,あ,false,85.9,76.3,1.3,3.8000000000000003,22.200000000000003,6,3.9000000000000004,12.600000000000001,3.6,81.3,-0.2,-19.300000000000004
Chrome Mobile,90.0.4430.82,Asus X01AD,Asus,Blink,[object Object],Chrome Mobile 90.0.4430.82 on Asus X01AD (Android 9),2021-05-06T05:10:48.281Z,着席,あ,false,157.70000000000002,100.5,-71.9,-2.6,-1.9000000000000001,-1.9000000000000001,-0.9,-11.3,-1.3,21.6,-8.8,8.100000000000001
Chrome Mobile,90.0.4430.82,Asus X01AD,Asus,Blink,[object Object],Chrome Mobile 90.0.4430.82 on Asus X01AD (Android 9),2021-05-06T05:10:48.482Z,着席,あ,false,96,73.2,-7.9,7.9,28.700000000000003,10.3,7.5,19.400000000000002,7.6000000000000005,-11.8,-30.200000000000003,54.800000000000004
Chrome Mobile,90.0.4430.82,Asus X01AD,Asus,Blink,[object Object],Chrome Mobile 90.0.4430.82 on Asus X01AD (Android 9),2021-05-06T05:10:48.682Z,着席,あ,false,171.5,100.10000000000001,-85.4,-3.9000000000000004,-1.1,0,-2.1,-10.700000000000001,0.1,71.6,-12.5,-46.9
Chrome Mobile,90.0.4430.82,Asus X01AD,Asus,Blink,[object Object],Chrome Mobile 90.0.4430.82 on Asus X01AD (Android 9),2021-05-06T05:10:48.883Z,着席,あ,false,79.30000000000001,72.2,9.600000000000001,1.8,25.1,12,2.2,16.1,9.200000000000001,-163.20000000000002,34.2,70.2
Chrome Mobile,90.0.4430.82,Asus X01AD,Asus,Blink,[object Object],Chrome Mobile 90.0.4430.82 on Asus X01AD (Android 9),2021-05-06T05:10:49.084Z,着席,あ,false,7.9,82.10000000000001,79.5,-1.7000000000000002,0.8,0.5,-0.4,-9.1,0.30000000000000004,90.70000000000002,-4.1,-46
Chrome Mobile,90.0.4430.82,Asus X01AD,Asus,Blink,[object Object],Chrome Mobile 90.0.4430.82 on Asus X01AD (Android 9),2021-05-06T05:10:49.284Z,着席,あ,false,53.400000000000006,81.5,34.4,-3.2,7.4,1.3,-2.5,-1.8,0.2,-178.1,22.4,89.4
Chrome Mobile,90.0.4430.82,Asus X01AD,Asus,Blink,[object Object],Chrome Mobile 90.0.4430.82 on Asus X01AD (Android 9),2021-05-06T05:10:49.485Z,着席,あ,false,76.10000000000001,83.30000000000001,12.4,1,7.300000000000001,2.6,1.2000000000000002,-2.8000000000000003,1.5,141.9,-12.8,-84.4
Chrome Mobile,90.0.4430.82,Asus X01AD,Asus,Blink,[object Object],Chrome Mobile 90.0.4430.82 on Asus X01AD (Android 9),2021-05-06T05:10:49.686Z,着席,あ,false,151.1,100.80000000000001,-64.10000000000001,-3.6,-1,-4.5,-2.1,-10.200000000000001,-3.7,-91.8,4.1,49.9
Chrome Mobile,90.0.4430.82,Asus X01AD,Asus,Blink,[object Object],Chrome Mobile 90.0.4430.82 on Asus X01AD (Android 9),2021-05-06T05:10:49.887Z,着席,あ,false,88.9,81.60000000000001,-1.4000000000000001,3.4000000000000004,13.600000000000001,1.1,3.4000000000000004,3.7,-0.30000000000000004,157.5,-11.700000000000001,-49.800000000000004
Chrome Mobile,90.0.4430.82,Asus X01AD,Asus,Blink,[object Object],Chrome Mobile 90.0.4430.82 on Asus X01AD (Android 9),2021-05-06T05:10:50.087Z,着席,あ,false,156.20000000000002,101.80000000000001,-70.10000000000001,-4.5,-2.1,-2.6,-2.7,-11.200000000000001,-2.1,-33.1,7,5.8
Chrome Mobile,90.0.4430.82,Asus X01AD,Asus,Blink,[object Object],Chrome Mobile 90.0.4430.82 on Asus X01AD (Android 9),2021-05-06T05:10:50.288Z,着席,あ,false,83.60000000000001,73.3,3.5,3.8000000000000003,24,10.200000000000001,3.9000000000000004,14.4,7.4,103.00000000000001,-6.300000000000001,7.8
Chrome Mobile,90.0.4430.82,Asus X01AD,Asus,Blink,[object Object],Chrome Mobile 90.0.4430.82 on Asus X01AD (Android 9),2021-05-06T05:10:50.489Z,着席,あ,false,151.3,101,-64.4,-3.8000000000000003,-2.3000000000000003,-2.3000000000000003,-2.2,-11.8,-1.5,28.1,11.700000000000001,-10.5
Chrome Mobile,90.0.4430.82,Asus X01AD,Asus,Blink,[object Object],Chrome Mobile 90.0.4430.82 on Asus X01AD (Android 9),2021-05-06T05:10:50.690Z,着席,あ,false,99.10000000000001,72.9,-11.5,8.4,31,9.200000000000001,7.800000000000001,21.8,6.4,-93.00000000000001,1.5,9.4
Chrome Mobile,90.0.4430.82,Asus X01AD,Asus,Blink,[object Object],Chrome Mobile 90.0.4430.82 on Asus X01AD (Android 9),2021-05-06T05:10:50.890Z,着席,あ,false,161.8,100.60000000000001,-77.30000000000001,-3.5,-1.9000000000000001,0.1,-1.7000000000000002,-12.3,-0.30000000000000004,85.4,-18.1,-51.2
Chrome Mobile,90.0.4430.82,Asus X01AD,Asus,Blink,[object Object],Chrome Mobile 90.0.4430.82 on Asus X01AD (Android 9),2021-05-06T05:10:51.105Z,着席,あ,false,86.5,79.2,-4.9,5.800000000000001,9.9,5.6000000000000005,5.7,1,3.9000000000000004,-215.3,-27.6,159
Chrome Mobile,90.0.4430.82,Asus X01AD,Asus,Blink,[object Object],Chrome Mobile 90.0.4430.82 on Asus X01AD (Android 9),2021-05-06T05:10:51.305Z,着席,あ,false,88.60000000000001,55.800000000000004,1.3,-0.8,7.800000000000001,7.6000000000000005,-0.7000000000000001,-0.30000000000000004,2,-46.4,50.1,-28.500000000000004
Chrome Mobile,90.0.4430.82,Asus X01AD,Asus,Blink,[object Object],Chrome Mobile 90.0.4430.82 on Asus X01AD (Android 9),2021-05-06T05:10:51.506Z,着席,あ,false,81.80000000000001,53.900000000000006,16.7,-2.3000000000000003,6.9,4.800000000000001,-0.7000000000000001,-1,-0.7000000000000001,-10.200000000000001,49.4,-13.399999999999999