platform_name,platform_version,platform_product,platform_manufacturer,platform_layout,platform_os,platform_description,date,label,s_movement,do_absolute,do_alpha,do_beta,do_gamma,acc_g_x,acc_g_y,acc_g_z,acc_x,acc_y,acc_z,rot_alpha,rot_beta,rot_gamma
Chrome Mobile,90.0.4430.82,Asus X01AD,Asus,Blink,[object Object],Chrome Mobile 90.0.4430.82 on Asus X01AD (Android 9),2021-05-06T05:15:35.817Z,着席,あ,false,55.2,33,-4.1000000000000005,0.8,5,9.5,0.2,-0.30000000000000004,1.2000000000000002,-51.1,-46.199999999999996,9.4
Chrome Mobile,90.0.4430.82,Asus X01AD,Asus,Blink,[object Object],Chrome Mobile 90.0.4430.82 on Asus X01AD (Android 9),2021-05-06T05:15:36.023Z,着席,あ,false,42,72.9,1,2.3000000000000003,6.800000000000001,2.9000000000000004,2.4000000000000004,-2.9000000000000004,-0.1,69.60000000000001,38.7,-33.2
Chrome Mobile,90.0.4430.82,Asus X01AD,Asus,Blink,[object Object],Chrome Mobile 90.0.4430.82 on Asus X01AD (Android 9),2021-05-06T05:15:36.224Z,着席,あ,false,51.400000000000006,70.5,-6.300000000000001,-0.9,10.100000000000001,2.6,-1.3,1.3,-0.5,-179.2,37.300000000000004,84.9
Chrome Mobile,90.0.4430.82,Asus X01AD,Asus,Blink,[object Object],Chrome Mobile 90.0.4430.82 on Asus X01AD (Android 9),2021-05-06T05:15:36.425Z,着席,あ,false,14.100000000000001,81.80000000000001,31.700000000000003,2,-2.2,6.300000000000001,2.8000000000000003,-12.4,5,110.70000000000002,9.4,-96.1
Chrome Mobile,90.0.4430.82,Asus X01AD,Asus,Blink,[object Object],Chrome Mobile 90.0.4430.82 on Asus X01AD (Android 9),2021-05-06T05:15:36.625Z,着席,あ,false,65.2,72.9,-12.4,3.1,26.200000000000003,6.5,2.5,17.3,3.8000000000000003,-242.60000000000002,16.8,141.5
Chrome Mobile,90.0.4430.82,Asus X01AD,Asus,Blink,[object Object],Chrome Mobile 90.0.4430.82 on Asus X01AD (Android 9),2021-05-06T05:15:36.828Z,着席,あ,false,342.3,82.2,71.9,-0.4,-9.9,5.6000000000000005,0.9,-19.8,5.2,42.5,4.6,-103.89999999999999
Chrome Mobile,90.0.4430.82,Asus X01AD,Asus,Blink,[object Object],Chrome Mobile 90.0.4430.82 on Asus X01AD (Android 9),2021-05-06T05:15:37.028Z,着席,あ,false,72.9,66.7,-12.8,6.4,39,12.100000000000001,5.5,30,8.3,-2.7,-20.400000000000002,19.6
Chrome Mobile,90.0.4430.82,Asus X01AD,Asus,Blink,[object Object],Chrome Mobile 90.0.4430.82 on Asus X01AD (Android 9),2021-05-06T05:15:37.228Z,着席,あ,false,349.1,77.80000000000001,73.9,-2.4000000000000004,-10.8,1.2000000000000002,-0.5,-20.3,0.7000000000000001,10.9,37.400000000000006,-11.1
Chrome Mobile,90.0.4430.82,Asus X01AD,Asus,Blink,[object Object],Chrome Mobile 90.0.4430.82 on Asus X01AD (Android 9),2021-05-06T05:15:37.429Z,着席,あ,false,70.8,67.10000000000001,-4.1000000000000005,4,28,9.8,3.7,18.7,5.9,121.30000000000001,14,-20.599999999999998
Chrome Mobile,90.0.4430.82,Asus X01AD,Asus,Blink,[object Object],Chrome Mobile 90.0.4430.82 on Asus X01AD (Android 9),2021-05-06T05:15:37.630Z,着席,あ,false,31.5,83.2,35,-2.1,-6.2,-0.4,-1.5,-15.5,-1.3,-59.00000000000001,15.5,82.39999999999999
Chrome Mobile,90.0.4430.82,Asus X01AD,Asus,Blink,[object Object],Chrome Mobile 90.0.4430.82 on Asus X01AD (Android 9),2021-05-06T05:15:37.830Z,着席,あ,false,89.2,76,-20.200000000000003,4.7,12.5,2.3000000000000003,3.8000000000000003,2.5,0,172.4,0.9000000000000001,-98.10000000000001
Chrome Mobile,90.0.4430.82,Asus X01AD,Asus,Blink,[object Object],Chrome Mobile 90.0.4430.82 on Asus X01AD (Android 9),2021-05-06T05:15:38.030Z,着席,あ,false,55.5,79.7,12.700000000000001,-0.6000000000000001,0.7000000000000001,-1.2000000000000002,-0.30000000000000004,-8.4,-2.8000000000000003,-150.9,17.400000000000002,111.9
Chrome Mobile,90.0.4430.82,Asus X01AD,Asus,Blink,[object Object],Chrome Mobile 90.0.4430.82 on Asus X01AD (Android 9),2021-05-06T05:15:38.231Z,着席,あ,false,57.800000000000004,80.5,12.700000000000001,0.2,2.6,2.3000000000000003,0.6000000000000001,-7.5,0.6000000000000001,158.00000000000003,0.30000000000000004,-142.7
Chrome Mobile,90.0.4430.82,Asus X01AD,Asus,Blink,[object Object],Chrome Mobile 90.0.4430.82 on Asus X01AD (Android 9),2021-05-06T05:15:38.432Z,着席,あ,false,78,76.2,-4,2.3000000000000003,14.4,-0.9,2.1,5.5,-3.1,-247.1,29.1,113.60000000000001
Chrome Mobile,90.0.4430.82,Asus X01AD,Asus,Blink,[object Object],Chrome Mobile 90.0.4430.82 on Asus X01AD (Android 9),2021-05-06T05:15:38.632Z,着席,あ,false,34.4,85.30000000000001,39.900000000000006,-0.9,-3.5,2.5,-0.4,-13.600000000000001,1.8,100.9,-9,-93.3
Chrome Mobile,90.0.4430.82,Asus X01AD,Asus,Blink,[object Object],Chrome Mobile 90.0.4430.82 on Asus X01AD (Android 9),2021-05-06T05:15:38.834Z,着席,あ,false,86,68.60000000000001,-8.9,2.6,27.200000000000003,10.600000000000001,2.1,18.5,7.2,-210,-12.200000000000001,66.60000000000001
Chrome Mobile,90.0.4430.82,Asus X01AD,Asus,Blink,[object Object],Chrome Mobile 90.0.4430.82 on Asus X01AD (Android 9),2021-05-06T05:15:39.035Z,着席,あ,false,42.5,85.80000000000001,31.6,-1.7000000000000002,-5.1000000000000005,0.2,-1.3,-15,-0.4,88.9,-10.700000000000001,-68.2
Chrome Mobile,90.0.4430.82,Asus X01AD,Asus,Blink,[object Object],Chrome Mobile 90.0.4430.82 on Asus X01AD (Android 9),2021-05-06T05:15:39.235Z,着席,あ,false,89.7,67.2,-13.600000000000001,3.3000000000000003,33.1,13.8,2.5,24.3,10.200000000000001,-133.20000000000002,-19,59.40000000000001
Chrome Mobile,90.0.4430.82,Asus X01AD,Asus,Blink,[object Object],Chrome Mobile 90.0.4430.82 on Asus X01AD (Android 9),2021-05-06T05:15:39.436Z,着席,あ,false,8.1,84.10000000000001,67.9,-3.1,-6.7,1.1,-2.3000000000000003,-16.5,0.6000000000000001,62.7,16.8,-55.8
Chrome Mobile,90.0.4430.82,Asus X01AD,Asus,Blink,[object Object],Chrome Mobile 90.0.4430.82 on Asus X01AD (Android 9),2021-05-06T05:15:39.637Z,着席,あ,false,95.7,64.4,-17.7,7.6000000000000005,35,17.400000000000002,6.300000000000001,26.3,13.4,-84.5,-27.2,39.50000000000001
Chrome Mobile,90.0.4430.82,Asus X01AD,Asus,Blink,[object Object],Chrome Mobile 90.0.4430.82 on Asus X01AD (Android 9),2021-05-06T05:15:39.838Z,着席,あ,false,13.9,83.5,62.2,-3.8000000000000003,-7,1.5,-2.8000000000000003,-16.7,1,34.300000000000004,18,-29.600000000000005
Chrome Mobile,90.0.4430.82,Asus X01AD,Asus,Blink,[object Object],Chrome Mobile 90.0.4430.82 on Asus X01AD (Android 9),2021-05-06T05:15:40.039Z,着席,あ,false,102.9,65.7,-24.6,9.700000000000001,33.800000000000004,13.5,8,24.8,9.8,69.20000000000002,-17.200000000000003,41.6
Chrome Mobile,90.0.4430.82,Asus X01AD,Asus,Blink,[object Object],Chrome Mobile 90.0.4430.82 on Asus X01AD (Android 9),2021-05-06T05:15:40.239Z,着席,あ,false,13.600000000000001,84.7,62.1,-4.7,-6.5,2.2,-3.9000000000000004,-16.1,1.7000000000000002,30.599999999999998,12.200000000000001,-10.9
Chrome Mobile,90.0.4430.82,Asus X01AD,Asus,Blink,[object Object],Chrome Mobile 90.0.4430.82 on Asus X01AD (Android 9),2021-05-06T05:15:40.441Z,着席,あ,false,99.2,66.9,-20.900000000000002,7.9,31.700000000000003,10.9,6.5,22.5,7.300000000000001,62.800000000000004,26.000000000000004,-35.9
Chrome Mobile,90.0.4430.82,Asus X01AD,Asus,Blink,[object Object],Chrome Mobile 90.0.4430.82 on Asus X01AD (Android 9),2021-05-06T05:15:40.642Z,着席,あ,false,358.3,83.30000000000001,78.4,-4,-6.1000000000000005,-1.3,-2.9000000000000004,-15.5,-1.5,-41.6,15.399999999999999,60.8
Chrome Mobile,90.0.4430.82,Asus X01AD,Asus,Blink,[object Object],Chrome Mobile 90.0.4430.82 on Asus X01AD (Android 9),2021-05-06T05:15:40.842Z,着席,あ,false,103.7,71.2,-24.700000000000003,7.6000000000000005,22.900000000000002,6,6.300000000000001,13.3,3,173.9,14.200000000000001,-55.8
Chrome Mobile,90.0.4430.82,Asus X01AD,Asus,Blink,[object Object],Chrome Mobile 90.0.4430.82 on Asus X01AD (Android 9),2021-05-06T05:15:41.042Z,着席,あ,false,358.8,84.10000000000001,79,-2.6,-6.800000000000001,-1.3,-1.6,-16.1,-1.4000000000000001,-79.19999999999999,4.800000000000001,91.10000000000001
Chrome Mobile,90.0.4430.82,Asus X01AD,Asus,Blink,[object Object],Chrome Mobile 90.0.4430.82 on Asus X01AD (Android 9),2021-05-06T05:15:41.243Z,着席,あ,false,103.10000000000001,77.30000000000001,-23.200000000000003,4.800000000000001,11.8,1.9000000000000001,3.9000000000000004,1.8,-0.2,156.9,-12.200000000000001,-114.99999999999999
Chrome Mobile,90.0.4430.82,Asus X01AD,Asus,Blink,[object Object],Chrome Mobile 90.0.4430.82 on Asus X01AD (Android 9),2021-05-06T05:15:41.444Z,着席,あ,false,70.2,83.10000000000001,8.5,-0.7000000000000001,1.4000000000000001,-1,-0.5,-7.7,-2.1,-154.5,6.699999999999999,87.7
Chrome Mobile,90.0.4430.82,Asus X01AD,Asus,Blink,[object Object],Chrome Mobile 90.0.4430.82 on Asus X01AD (Android 9),2021-05-06T05:15:41.644Z,着席,あ,false,71.9,80.4,8.9,0,3.6,2.3000000000000003,0.30000000000000004,-6.4,0.7000000000000001,141.8,-15.399999999999999,-103.00000000000001
Chrome Mobile,90.0.4430.82,Asus X01AD,Asus,Blink,[object Object],Chrome Mobile 90.0.4430.82 on Asus X01AD (Android 9),2021-05-06T05:15:41.850Z,着席,あ,false,94.30000000000001,75.10000000000001,-12,1.2000000000000002,14.700000000000001,3,0.7000000000000001,5.800000000000001,0.7000000000000001,-193.3,25.300000000000004,146.4
Chrome Mobile,90.0.4430.82,Asus X01AD,Asus,Blink,[object Object],Chrome Mobile 90.0.4430.82 on Asus X01AD (Android 9),2021-05-06T05:15:42.055Z,着席,あ,false,26.1,81.2,55,-2.6,-5.300000000000001,1.6,-1.4000000000000001,-15.200000000000001,0.8,100.5,17.6,-120.9
Chrome Mobile,90.0.4430.82,Asus X01AD,Asus,Blink,[object Object],Chrome Mobile 90.0.4430.82 on Asus X01AD (Android 9),2021-05-06T05:15:42.256Z,着席,あ,false,99.60000000000001,67.7,-18.900000000000002,7.2,28.400000000000002,16.3,6,19.700000000000003,12.9,-151.6,-73.8,132.70000000000002
Chrome Mobile,90.0.4430.82,Asus X01AD,Asus,Blink,[object Object],Chrome Mobile 90.0.4430.82 on Asus X01AD (Android 9),2021-05-06T05:15:42.458Z,着席,あ,false,24.400000000000002,84,51.400000000000006,-3.5,-4.2,3.3000000000000003,-2.6,-14.100000000000001,2.7,63.2,-27.099999999999998,-127.40000000000002
Chrome Mobile,90.0.4430.82,Asus X01AD,Asus,Blink,[object Object],Chrome Mobile 90.0.4430.82 on Asus X01AD (Android 9),2021-05-06T05:15:42.658Z,着席,あ,false,95.80000000000001,63.7,-18.7,11.600000000000001,35.6,15.700000000000001,10.200000000000001,27,11.700000000000001,-98.7,-53.300000000000004,30.000000000000004
Chrome Mobile,90.0.4430.82,Asus X01AD,Asus,Blink,[object Object],Chrome Mobile 90.0.4430.82 on Asus X01AD (Android 9),2021-05-06T05:15:42.859Z,着席,あ,false,11,81.2,65.60000000000001,-4,-5.800000000000001,1.4000000000000001,-2.6,-15.5,0.8,54,2.4000000000000004,-68.5
Chrome Mobile,90.0.4430.82,Asus X01AD,Asus,Blink,[object Object],Chrome Mobile 90.0.4430.82 on Asus X01AD (Android 9),2021-05-06T05:15:43.059Z,着席,あ,false,99.60000000000001,65.8,-24.5,11.5,35.2,10.8,9.9,26.400000000000002,7.2,-70.6,-32.7,34.400000000000006
Chrome Mobile,90.0.4430.82,Asus X01AD,Asus,Blink,[object Object],Chrome Mobile 90.0.4430.82 on Asus X01AD (Android 9),2021-05-06T05:15:43.260Z,着席,あ,false,2,83.10000000000001,69.5,-4.5,-6.4,-0.8,-3.4000000000000004,-16,-1.2000000000000002,26.200000000000003,-8.700000000000001,-51.9
Chrome Mobile,90.0.4430.82,Asus X01AD,Asus,Blink,[object Object],Chrome Mobile 90.0.4430.82 on Asus X01AD (Android 9),2021-05-06T05:15:43.461Z,着席,あ,false,98.80000000000001,61.6,-22.1,10.4,35.2,14,8.6,26.5,9.600000000000001,10.700000000000001,53.10000000000001,16.700000000000003
Chrome Mobile,90.0.4430.82,Asus X01AD,Asus,Blink,[object Object],Chrome Mobile 90.0.4430.82 on Asus X01AD (Android 9),2021-05-06T05:15:43.661Z,着席,あ,false,358.40000000000003,80.5,76.5,-5.7,-7.7,0.2,-4.1000000000000005,-17.2,-0.2,5.6,1.4,-16.4
Chrome Mobile,90.0.4430.82,Asus X01AD,Asus,Blink,[object Object],Chrome Mobile 90.0.4430.82 on Asus X01AD (Android 9),2021-05-06T05:15:43.862Z,着席,あ,false,95.4,67.3,-18,8.4,29.8,10.9,7.2,20.6,7.2,78.7,14.300000000000002,-10.700000000000001
Chrome Mobile,90.0.4430.82,Asus X01AD,Asus,Blink,[object Object],Chrome Mobile 90.0.4430.82 on Asus X01AD (Android 9),2021-05-06T05:15:44.063Z,着席,あ,false,14.4,81.30000000000001,63,-5.1000000000000005,-6.800000000000001,-1.3,-3.9000000000000004,-16.2,-1.9000000000000001,-28.3,8.100000000000001,48
Chrome Mobile,90.0.4430.82,Asus X01AD,Asus,Blink,[object Object],Chrome Mobile 90.0.4430.82 on Asus X01AD (Android 9),2021-05-06T05:15:44.264Z,着席,あ,false,88.2,66.8,-7.800000000000001,3.7,21.3,7.4,3.2,11.9,3.4000000000000004,158.00000000000003,-3.1,-54.699999999999996
Chrome Mobile,90.0.4430.82,Asus X01AD,Asus,Blink,[object Object],Chrome Mobile 90.0.4430.82 on Asus X01AD (Android 9),2021-05-06T05:15:44.465Z,着席,あ,false,50.1,79.60000000000001,27.6,-2.1,-4.3,-1.4000000000000001,-1.3,-13.5,-2.9000000000000004,-72.4,-21.300000000000004,92
Chrome Mobile,90.0.4430.82,Asus X01AD,Asus,Blink,[object Object],Chrome Mobile 90.0.4430.82 on Asus X01AD (Android 9),2021-05-06T05:15:44.665Z,着席,あ,false,96.5,71.4,-16.5,6.2,14.3,1.6,5.2,4.6000000000000005,-1.5,168.1,10.700000000000001,-78.7
Chrome Mobile,90.0.4430.82,Asus X01AD,Asus,Blink,[object Object],Chrome Mobile 90.0.4430.82 on Asus X01AD (Android 9),2021-05-06T05:15:44.866Z,着席,あ,false,63.2,78,15.3,-1.2000000000000002,-0.7000000000000001,-0.7000000000000001,-0.7000000000000001,-9.8,-2.6,-147.9,5,96.30000000000001
Chrome Mobile,90.0.4430.82,Asus X01AD,Asus,Blink,[object Object],Chrome Mobile 90.0.4430.82 on Asus X01AD (Android 9),2021-05-06T05:15:45.067Z,着席,あ,false,79.2,77,-2.4000000000000004,0.4,4,2.1,0.30000000000000004,-6,-0.2,151.3,-20.7,-105.20000000000002
Chrome Mobile,90.0.4430.82,Asus X01AD,Asus,Blink,[object Object],Chrome Mobile 90.0.4430.82 on Asus X01AD (Android 9),2021-05-06T05:15:45.267Z,着席,あ,false,78,72,-0.7000000000000001,-1.8,10.100000000000001,1.4000000000000001,-1.8,1.4000000000000001,-1.4000000000000001,-226.5,21.400000000000002,111.10000000000002
Chrome Mobile,90.0.4430.82,Asus X01AD,Asus,Blink,[object Object],Chrome Mobile 90.0.4430.82 on Asus X01AD (Android 9),2021-05-06T05:15:45.468Z,着席,あ,false,81.9,79.80000000000001,-6.2,-0.2,1.9000000000000001,2.9000000000000004,-0.4,-8.200000000000001,1.1,143.9,-31.9,-112
Chrome Mobile,90.0.4430.82,Asus X01AD,Asus,Blink,[object Object],Chrome Mobile 90.0.4430.82 on Asus X01AD (Android 9),2021-05-06T05:15:45.669Z,着席,あ,false,86.2,72.4,-7.7,-0.4,11.4,2.8000000000000003,-0.8,2.7,0,-222.30000000000004,24.1,135.7
Chrome Mobile,90.0.4430.82,Asus X01AD,Asus,Blink,[object Object],Chrome Mobile 90.0.4430.82 on Asus X01AD (Android 9),2021-05-06T05:15:45.870Z,着席,あ,false,82.30000000000001,79.2,-5.2,-0.4,0.6000000000000001,3.8000000000000003,-0.6000000000000001,-9.4,1.9000000000000001,107.4,-36.9,-126.8
Chrome Mobile,90.0.4430.82,Asus X01AD,Asus,Blink,[object Object],Chrome Mobile 90.0.4430.82 on Asus X01AD (Android 9),2021-05-06T05:15:46.070Z,着席,あ,false,84.7,71.2,-6.9,-0.5,11.8,1.8,-0.9,3.1,-1.1,-209.20000000000002,19.700000000000003,149.79999999999998
Chrome Mobile,90.0.4430.82,Asus X01AD,Asus,Blink,[object Object],Chrome Mobile 90.0.4430.82 on Asus X01AD (Android 9),2021-05-06T05:15:46.271Z,着席,あ,false,62.900000000000006,80.5,13.4,-1.9000000000000001,-2.9000000000000004,1.5,-1.5,-12.8,-0.1,113.1,-13.700000000000001,-106
Chrome Mobile,90.0.4430.82,Asus X01AD,Asus,Blink,[object Object],Chrome Mobile 90.0.4430.82 on Asus X01AD (Android 9),2021-05-06T05:15:46.472Z,着席,あ,false,96.10000000000001,65,-17.3,7.300000000000001,27.200000000000003,14.100000000000001,6.1000000000000005,18.7,10.3,-185.5,-25.8,85.69999999999999
Chrome Mobile,90.0.4430.82,Asus X01AD,Asus,Blink,[object Object],Chrome Mobile 90.0.4430.82 on Asus X01AD (Android 9),2021-05-06T05:15:46.672Z,着席,あ,false,48.5,81.4,28,-3.7,-5.6000000000000005,1,-3,-15.4,-0.30000000000000004,86.4,-2,-88.60000000000001
Chrome Mobile,90.0.4430.82,Asus X01AD,Asus,Blink,[object Object],Chrome Mobile 90.0.4430.82 on Asus X01AD (Android 9),2021-05-06T05:15:46.873Z,着席,あ,false,97.10000000000001,63.6,-19.3,9.600000000000001,32.1,17.2,8.200000000000001,23.5,13.200000000000001,-92.2,-50.900000000000006,39
Chrome Mobile,90.0.4430.82,Asus X01AD,Asus,Blink,[object Object],Chrome Mobile 90.0.4430.82 on Asus X01AD (Android 9),2021-05-06T05:15:47.073Z,着席,あ,false,32.6,81.4,43.7,-4.5,-7.300000000000001,0.8,-3.5,-16.900000000000002,-0.30000000000000004,20,18.3,-43.6
Chrome Mobile,90.0.4430.82,Asus X01AD,Asus,Blink,[object Object],Chrome Mobile 90.0.4430.82 on Asus X01AD (Android 9),2021-05-06T05:15:47.275Z,着席,あ,false,92.10000000000001,68.10000000000001,-16.5,5.1000000000000005,21.400000000000002,7.9,3.9000000000000004,14.9,6.6000000000000005,127.00000000000003,1.9,-14.200000000000001
Chrome Mobile,90.0.4430.82,Asus X01AD,Asus,Blink,[object Object],Chrome Mobile 90.0.4430.82 on Asus X01AD (Android 9),2021-05-06T05:15:47.475Z,着席,あ,false,37.9,82.2,37.9,-4.5,-5.800000000000001,-0.8,-3.7,-15.3,-1.8,-55.5,25.300000000000004,29.1
Chrome Mobile,90.0.4430.82,Asus X01AD,Asus,Blink,[object Object],Chrome Mobile 90.0.4430.82 on Asus X01AD (Android 9),2021-05-06T05:15:47.676Z,着席,あ,false,90,71.4,-14.100000000000001,2.7,16,6.9,1.9000000000000001,6.4,3.8000000000000003,136.5,17.799999999999997,-87.80000000000001
Chrome Mobile,90.0.4430.82,Asus X01AD,Asus,Blink,[object Object],Chrome Mobile 90.0.4430.82 on Asus X01AD (Android 9),2021-05-06T05:15:47.882Z,着席,あ,false,60.7,80.7,17.2,-0.6000000000000001,-2.2,-1.6,-0.1,-11.4,-3,-82.8,-18.1,82.50000000000001
Chrome Mobile,90.0.4430.82,Asus X01AD,Asus,Blink,[object Object],Chrome Mobile 90.0.4430.82 on Asus X01AD (Android 9),2021-05-06T05:15:48.085Z,着席,あ,false,91.10000000000001,73.4,-15.100000000000001,5.1000000000000005,12.9,3.5,4.2,3.2,0.4,164.6,-5.7,-77.5
Chrome Mobile,90.0.4430.82,Asus X01AD,Asus,Blink,[object Object],Chrome Mobile 90.0.4430.82 on Asus X01AD (Android 9),2021-05-06T05:15:48.286Z,着席,あ,false,60.1,79.7,16,-0.7000000000000001,-1.2000000000000002,-0.5,-0.2,-10.3,-2.1,-110.5,-11.4,90.70000000000002
Chrome Mobile,90.0.4430.82,Asus X01AD,Asus,Blink,[object Object],Chrome Mobile 90.0.4430.82 on Asus X01AD (Android 9),2021-05-06T05:15:48.486Z,着席,あ,false,83.30000000000001,77.7,-8.5,1.4000000000000001,6.6000000000000005,2.9000000000000004,1.1,-3.3000000000000003,0.8,136.1,-14,-112.9
Chrome Mobile,90.0.4430.82,Asus X01AD,Asus,Blink,[object Object],Chrome Mobile 90.0.4430.82 on Asus X01AD (Android 9),2021-05-06T05:15:48.687Z,着席,あ,false,70.7,79.2,0.6000000000000001,0.5,6.6000000000000005,-2.7,0.5,-2.5,-4.5,-122.50000000000001,-56.9,116.9
Chrome Mobile,90.0.4430.82,Asus X01AD,Asus,Blink,[object Object],Chrome Mobile 90.0.4430.82 on Asus X01AD (Android 9),2021-05-06T05:15:48.888Z,着席,あ,false,51.7,82.10000000000001,21.1,0.1,3.9000000000000004,0.8,0.6000000000000001,-6.2,-0.5,156.70000000000002,18.700000000000003,-114.40000000000002
Chrome Mobile,90.0.4430.82,Asus X01AD,Asus,Blink,[object Object],Chrome Mobile 90.0.4430.82 on Asus X01AD (Android 9),2021-05-06T05:15:49.088Z,着席,あ,false,64.8,79.9,9.5,-0.1,11.8,-2,0.2,2.6,-3.6,-198.79999999999998,-7.500000000000001,118.2
Chrome Mobile,90.0.4430.82,Asus X01AD,Asus,Blink,[object Object],Chrome Mobile 90.0.4430.82 on Asus X01AD (Android 9),2021-05-06T05:15:49.289Z,着席,あ,false,16.8,84.5,55.400000000000006,-0.8,1,2,0,-9.1,1.4000000000000001,111.20000000000002,-20.900000000000002,-102.89999999999999
Chrome Mobile,90.0.4430.82,Asus X01AD,Asus,Blink,[object Object],Chrome Mobile 90.0.4430.82 on Asus X01AD (Android 9),2021-05-06T05:15:49.489Z,着席,あ,false,71.10000000000001,75.3,2.6,0.7000000000000001,17.8,4.7,0.8,8.8,2.3000000000000003,-236.5,14,126.20000000000002
Chrome Mobile,90.0.4430.82,Asus X01AD,Asus,Blink,[object Object],Chrome Mobile 90.0.4430.82 on Asus X01AD (Android 9),2021-05-06T05:15:49.690Z,着席,あ,false,20.700000000000003,83.5,51.7,-1,0.5,2.1,-0.1,-9.5,1.4000000000000001,125.30000000000001,-33.6,-100.80000000000001
Chrome Mobile,90.0.4430.82,Asus X01AD,Asus,Blink,[object Object],Chrome Mobile 90.0.4430.82 on Asus X01AD (Android 9),2021-05-06T05:15:49.890Z,着席,あ,false,73.3,75.4,-2,0.7000000000000001,15.4,2.8000000000000003,0.6000000000000001,6.5,0.5,-235.4,-10.9,135.20000000000002
Chrome Mobile,90.0.4430.82,Asus X01AD,Asus,Blink,[object Object],Chrome Mobile 90.0.4430.82 on Asus X01AD (Android 9),2021-05-06T05:15:50.091Z,着席,あ,false,359.3,81.60000000000001,69.60000000000001,-1,-2.7,1.4000000000000001,0.4,-12.600000000000001,0.9,106.5,-29.300000000000004,-114.50000000000001
Chrome Mobile,90.0.4430.82,Asus X01AD,Asus,Blink,[object Object],Chrome Mobile 90.0.4430.82 on Asus X01AD (Android 9),2021-05-06T05:15:50.292Z,着席,あ,false,73.9,74.60000000000001,-6.1000000000000005,6,23.8,7.4,5.7,14.8,4.9,-197.70000000000002,-25.900000000000002,136.6
Chrome Mobile,90.0.4430.82,Asus X01AD,Asus,Blink,[object Object],Chrome Mobile 90.0.4430.82 on Asus X01AD (Android 9),2021-05-06T05:15:50.492Z,着席,あ,false,353.40000000000003,82.60000000000001,74.10000000000001,-0.7000000000000001,-0.7000000000000001,2.2,0.5,-10.600000000000001,1.9000000000000001,93.3,-19.5,-103.60000000000001
Chrome Mobile,90.0.4430.82,Asus X01AD,Asus,Blink,[object Object],Chrome Mobile 90.0.4430.82 on Asus X01AD (Android 9),2021-05-06T05:15:50.693Z,着席,あ,false,68.2,76.80000000000001,-1.6,4.5,24.6,4.9,4.4,15.5,2.7,-189.8,-34.400000000000006,120.4
Chrome Mobile,90.0.4430.82,Asus X01AD,Asus,Blink,[object Object],Chrome Mobile 90.0.4430.82 on Asus X01AD (Android 9),2021-05-06T05:15:50.893Z,着席,あ,false,149.9,97.30000000000001,-84,-1,-2.5,1,0.2,-12.3,1.2000000000000002,89,0.7,-84.1
Chrome Mobile,90.0.4430.82,Asus X01AD,Asus,Blink,[object Object],Chrome Mobile 90.0.4430.82 on Asus X01AD (Android 9),2021-05-06T05:15:51.094Z,着席,あ,false,80,71.5,-12.200000000000001,3.5,24.6,11.600000000000001,3.1,15.700000000000001,9.1,-246.9,16.700000000000003,140.9
Chrome Mobile,90.0.4430.82,Asus X01AD,Asus,Blink,[object Object],Chrome Mobile 90.0.4430.82 on Asus X01AD (Android 9),2021-05-06T05:15:51.294Z,着席,あ,false,342.5,81.5,84,-2.8000000000000003,-2.9000000000000004,2.1,-1.3,-12.700000000000001,2,73.9,-9.8,-88.20000000000002
Chrome Mobile,90.0.4430.82,Asus X01AD,Asus,Blink,[object Object],Chrome Mobile 90.0.4430.82 on Asus X01AD (Android 9),2021-05-06T05:15:51.495Z,着席,あ,false,79.30000000000001,68.7,-11.4,8.5,30.700000000000003,16.400000000000002,7.9,22,13,-177.6,-55.2,114.3
Chrome Mobile,90.0.4430.82,Asus X01AD,Asus,Blink,[object Object],Chrome Mobile 90.0.4430.82 on Asus X01AD (Android 9),2021-05-06T05:15:51.695Z,着席,あ,false,355.90000000000003,79.9,70.3,-2.8000000000000003,-4.6000000000000005,2.3000000000000003,-1.1,-14.3,1.7000000000000002,74.80000000000001,-7.8,-80.50000000000001
Chrome Mobile,90.0.4430.82,Asus X01AD,Asus,Blink,[object Object],Chrome Mobile 90.0.4430.82 on Asus X01AD (Android 9),2021-05-06T05:15:51.896Z,着席,あ,false,76.60000000000001,68.10000000000001,-9.4,7.1000000000000005,32.6,14.8,6.6000000000000005,23.700000000000003,11.200000000000001,-69.10000000000001,-29.200000000000003,56.400000000000006
Chrome Mobile,90.0.4430.82,Asus X01AD,Asus,Blink,[object Object],Chrome Mobile 90.0.4430.82 on Asus X01AD (Android 9),2021-05-06T05:15:52.096Z,着席,あ,false,336.5,77.10000000000001,87.10000000000001,-3.4000000000000004,-4.6000000000000005,1.3,-1.3,-14.200000000000001,1.2000000000000002,38.60000000000001,-5,-96.1
Chrome Mobile,90.0.4430.82,Asus X01AD,Asus,Blink,[object Object],Chrome Mobile 90.0.4430.82 on Asus X01AD (Android 9),2021-05-06T05:15:52.297Z,着席,あ,false,74.60000000000001,71.7,-9.4,6.1000000000000005,35.9,12.200000000000001,5.7,26.6,9.200000000000001,-22.5,14,38
Chrome Mobile,90.0.4430.82,Asus X01AD,Asus,Blink,[object Object],Chrome Mobile 90.0.4430.82 on Asus X01AD (Android 9),2021-05-06T05:15:52.497Z,着席,あ,false,339.6,79.10000000000001,87.7,-4.3,-7.1000000000000005,1.3,-1.9000000000000001,-16.3,1.5,8.100000000000001,14.700000000000001,4.1
Chrome Mobile,90.0.4430.82,Asus X01AD,Asus,Blink,[object Object],Chrome Mobile 90.0.4430.82 on Asus X01AD (Android 9),2021-05-06T05:15:52.698Z,着席,あ,false,82.5,69.2,-12.8,6.6000000000000005,29.3,10.3,5.800000000000001,19.900000000000002,6.800000000000001,97.8,24.900000000000002,-17
Chrome Mobile,90.0.4430.82,Asus X01AD,Asus,Blink,[object Object],Chrome Mobile 90.0.4430.82 on Asus X01AD (Android 9),2021-05-06T05:15:52.899Z,着席,あ,false,5.800000000000001,80,63.2,-4.800000000000001,-7.2,-0.8,-3.3000000000000003,-16.5,-1.5,-57.3,12.200000000000001,82.2
Chrome Mobile,90.0.4430.82,Asus X01AD,Asus,Blink,[object Object],Chrome Mobile 90.0.4430.82 on Asus X01AD (Android 9),2021-05-06T05:15:53.099Z,着席,あ,false,86.30000000000001,74.8,-15.600000000000001,4.3,13.8,2,3.5,4,-0.6000000000000001,162.7,7.1000000000000005,-105.9
Chrome Mobile,90.0.4430.82,Asus X01AD,Asus,Blink,[object Object],Chrome Mobile 90.0.4430.82 on Asus X01AD (Android 9),2021-05-06T05:15:53.300Z,着席,あ,false,59.2,80.60000000000001,11.5,0,3.3000000000000003,-2.1,0.30000000000000004,-5.800000000000001,-3.6,-129.9,5.500000000000001,147.7
Chrome Mobile,90.0.4430.82,Asus X01AD,Asus,Blink,[object Object],Chrome Mobile 90.0.4430.82 on Asus X01AD (Android 9),2021-05-06T05:15:53.500Z,着席,あ,false,59,81.7,12,0.2,2.4000000000000004,2,0.5,-7.6000000000000005,0.6000000000000001,109.8,-6.1000000000000005,-121
Chrome Mobile,90.0.4430.82,Asus X01AD,Asus,Blink,[object Object],Chrome Mobile 90.0.4430.82 on Asus X01AD (Android 9),2021-05-06T05:15:53.701Z,着席,あ,false,86.80000000000001,68.3,-15.200000000000001,6.4,25.700000000000003,10.100000000000001,5.5,17.1,6.800000000000001,-219.3,-36.2,106.70000000000002
Chrome Mobile,90.0.4430.82,Asus X01AD,Asus,Blink,[object Object],Chrome Mobile 90.0.4430.82 on Asus X01AD (Android 9),2021-05-06T05:15:53.911Z,着席,あ,false,27,82.4,42.6,-2.7,-5.800000000000001,1.7000000000000002,-1.8,-15.600000000000001,0.7000000000000001,57.00000000000001,-21.400000000000002,-73.2
Chrome Mobile,90.0.4430.82,Asus X01AD,Asus,Blink,[object Object],Chrome Mobile 90.0.4430.82 on Asus X01AD (Android 9),2021-05-06T05:15:54.112Z,着席,あ,false,90.4,64.60000000000001,-20.5,9,27.900000000000002,11,7.5,19,7,71.39999999999999,18.5,-0.30000000000000004
Chrome Mobile,90.0.4430.82,Asus X01AD,Asus,Blink,[object Object],Chrome Mobile 90.0.4430.82 on Asus X01AD (Android 9),2021-05-06T05:15:54.318Z,着席,あ,false,36.1,80.2,31.900000000000002,-5.5,-6.1000000000000005,-0.2,-4.7,-15.5,-1.6,-44.9,5.4,45.400000000000006
Chrome Mobile,90.0.4430.82,Asus X01AD,Asus,Blink,[object Object],Chrome Mobile 90.0.4430.82 on Asus X01AD (Android 9),2021-05-06T05:15:54.519Z,着席,あ,false,94.4,70,-23.700000000000003,5.1000000000000005,14.100000000000001,2.2,3.9000000000000004,4.4,-0.8,147.6,11.700000000000001,-95.60000000000002
Chrome Mobile,90.0.4430.82,Asus X01AD,Asus,Blink,[object Object],Chrome Mobile 90.0.4430.82 on Asus X01AD (Android 9),2021-05-06T05:15:54.719Z,着席,あ,false,58.800000000000004,81.9,9.8,-0.9,-1.6,1.2000000000000002,-0.7000000000000001,-10.8,-0.1,-75.9,-4.1,98.10000000000001
Chrome Mobile,90.0.4430.82,Asus X01AD,Asus,Blink,[object Object],Chrome Mobile 90.0.4430.82 on Asus X01AD (Android 9),2021-05-06T05:15:54.920Z,着席,あ,false,90.60000000000001,77.80000000000001,-20.400000000000002,2.1,7.9,0.5,1.3,-2,-1.5,127.00000000000003,14.300000000000002,-98.7
Chrome Mobile,90.0.4430.82,Asus X01AD,Asus,Blink,[object Object],Chrome Mobile 90.0.4430.82 on Asus X01AD (Android 9),2021-05-06T05:15:55.120Z,着席,あ,false,86.60000000000001,75.8,-15.200000000000001,1,11.5,0.4,0.4,2.5,-1.8,-159,-8.3,119.7
Chrome Mobile,90.0.4430.82,Asus X01AD,Asus,Blink,[object Object],Chrome Mobile 90.0.4430.82 on Asus X01AD (Android 9),2021-05-06T05:15:55.321Z,着席,あ,false,67.2,84.10000000000001,4.1000000000000005,0.4,0.9,0.8,0.5,-9,-0.2,95.9,-23.099999999999998,-85.69999999999999
Chrome Mobile,90.0.4430.82,Asus X01AD,Asus,Blink,[object Object],Chrome Mobile 90.0.4430.82 on Asus X01AD (Android 9),2021-05-06T05:15:55.521Z,着席,あ,false,87.60000000000001,71.9,-16.2,3.1,20.200000000000003,8,2.3000000000000003,11.3,5.1000000000000005,-160.50000000000003,-22.3,100.80000000000001
Chrome Mobile,90.0.4430.82,Asus X01AD,Asus,Blink,[object Object],Chrome Mobile 90.0.4430.82 on Asus X01AD (Android 9),2021-05-06T05:15:55.722Z,着席,あ,false,45.7,81.10000000000001,24,-2.5,-2,2.2,-1.9000000000000001,-11.700000000000001,0.8,53.50000000000001,-21.500000000000004,-67.2
Chrome Mobile,90.0.4430.82,Asus X01AD,Asus,Blink,[object Object],Chrome Mobile 90.0.4430.82 on Asus X01AD (Android 9),2021-05-06T05:15:55.922Z,着席,あ,false,92.7,68.9,-25.5,6.9,28,9.9,5.4,18.900000000000002,6.7,1.2000000000000002,32,2.8
Chrome Mobile,90.0.4430.82,Asus X01AD,Asus,Blink,[object Object],Chrome Mobile 90.0.4430.82 on Asus X01AD (Android 9),2021-05-06T05:15:56.123Z,着席,あ,false,23.3,83.5,43.1,-4.1000000000000005,-3.7,1.6,-3.3000000000000003,-13.3,0.8,-9.700000000000001,1.6,14.400000000000002
Chrome Mobile,90.0.4430.82,Asus X01AD,Asus,Blink,[object Object],Chrome Mobile 90.0.4430.82 on Asus X01AD (Android 9),2021-05-06T05:15:56.325Z,着席,あ,false,92.80000000000001,77.2,-23.8,4.7,14.100000000000001,1.9000000000000001,3.8000000000000003,4.3,-0.2,95.4,12.4,-106.20000000000002
Chrome Mobile,90.0.4430.82,Asus X01AD,Asus,Blink,[object Object],Chrome Mobile 90.0.4430.82 on Asus X01AD (Android 9),2021-05-06T05:15:56.526Z,着席,あ,false,57.7,82.7,11.8,-2.1,1,-2.2,-1.9000000000000001,-8.200000000000001,-3.4000000000000004,-110,7.200000000000001,138.7
Chrome Mobile,90.0.4430.82,Asus X01AD,Asus,Blink,[object Object],Chrome Mobile 90.0.4430.82 on Asus X01AD (Android 9),2021-05-06T05:15:56.726Z,着席,あ,false,88.4,81.80000000000001,-18.400000000000002,2.4000000000000004,6.1000000000000005,-0.8,1.9000000000000001,-3.9000000000000004,-2.2,103.89999999999999,3,-117.80000000000001
Chrome Mobile,90.0.4430.82,Asus X01AD,Asus,Blink,[object Object],Chrome Mobile 90.0.4430.82 on Asus X01AD (Android 9),2021-05-06T05:15:56.927Z,着席,あ,false,86.80000000000001,73.8,-13.4,2.9000000000000004,17.900000000000002,7.300000000000001,2.3000000000000003,8.9,4.800000000000001,-185.00000000000003,32,99.60000000000001
Chrome Mobile,90.0.4430.82,Asus X01AD,Asus,Blink,[object Object],Chrome Mobile 90.0.4430.82 on Asus X01AD (Android 9),2021-05-06T05:15:57.128Z,着席,あ,false,35.6,82.7,37.800000000000004,-3.2,-2.3000000000000003,1.2000000000000002,-2.4000000000000004,-12.100000000000001,0.2,46.800000000000004,-14.700000000000001,-82
Chrome Mobile,90.0.4430.82,Asus X01AD,Asus,Blink,[object Object],Chrome Mobile 90.0.4430.82 on Asus X01AD (Android 9),2021-05-06T05:15:57.328Z,着席,あ,false,91.4,66.9,-17.6,6.1000000000000005,27.400000000000002,14.200000000000001,5,18.6,10.600000000000001,-68.4,1.2000000000000002,42.800000000000004
Chrome Mobile,90.0.4430.82,Asus X01AD,Asus,Blink,[object Object],Chrome Mobile 90.0.4430.82 on Asus X01AD (Android 9),2021-05-06T05:15:57.528Z,着席,あ,false,35.800000000000004,80.5,38.1,-5.800000000000001,-6,0.6000000000000001,-4.800000000000001,-15.600000000000001,-0.7000000000000001,-2.4000000000000004,3.9,-17.6
Chrome Mobile,90.0.4430.82,Asus X01AD,Asus,Blink,[object Object],Chrome Mobile 90.0.4430.82 on Asus X01AD (Android 9),2021-05-06T05:15:57.729Z,着席,あ,false,90.60000000000001,66.3,-16.1,6.800000000000001,26.3,11.9,5.7,17.1,8.1,82.50000000000001,11.5,-24.200000000000003
Chrome Mobile,90.0.4430.82,Asus X01AD,Asus,Blink,[object Object],Chrome Mobile 90.0.4430.82 on Asus X01AD (Android 9),2021-05-06T05:15:57.930Z,着席,あ,false,30.3,83.4,42.7,-3.6,-4.800000000000001,-0.4,-2.8000000000000003,-14.200000000000001,-1.2000000000000002,-25.6,5.8,77.9
Chrome Mobile,90.0.4430.82,Asus X01AD,Asus,Blink,[object Object],Chrome Mobile 90.0.4430.82 on Asus X01AD (Android 9),2021-05-06T05:15:58.134Z,着席,あ,false,103.9,71.10000000000001,-29.700000000000003,7.7,20,3.6,6,10.4,0.8,116.5,7.200000000000001,-79.19999999999999
Chrome Mobile,90.0.4430.82,Asus X01AD,Asus,Blink,[object Object],Chrome Mobile 90.0.4430.82 on Asus X01AD (Android 9),2021-05-06T05:15:58.335Z,着席,あ,false,23.900000000000002,82.9,47.900000000000006,-3,-3.4000000000000004,-0.30000000000000004,-2.2,-12.700000000000001,-1.1,-70.9,30.3,70.5
Chrome Mobile,90.0.4430.82,Asus X01AD,Asus,Blink,[object Object],Chrome Mobile 90.0.4430.82 on Asus X01AD (Android 9),2021-05-06T05:15:58.535Z,着席,あ,false,76.80000000000001,74.2,-1.4000000000000001,3.9000000000000004,14.700000000000001,2.5,3.8000000000000003,5,-0.2,139.20000000000002,12.299999999999999,-58.7
Chrome Mobile,90.0.4430.82,Asus X01AD,Asus,Blink,[object Object],Chrome Mobile 90.0.4430.82 on Asus X01AD (Android 9),2021-05-06T05:15:58.736Z,着席,あ,false,36.7,81.2,35.4,-3,0.4,-0.2,-2.2,-8.8,-1.4000000000000001,-118.3,13.000000000000002,73.30000000000001
Chrome Mobile,90.0.4430.82,Asus X01AD,Asus,Blink,[object Object],Chrome Mobile 90.0.4430.82 on Asus X01AD (Android 9),2021-05-06T05:15:58.937Z,着席,あ,false,75.4,79.30000000000001,-2.8000000000000003,2.4000000000000004,9.4,-0.4,1.6,-2.5,-1.9000000000000001,120.80000000000001,4.2,-74.4
Chrome Mobile,90.0.4430.82,Asus X01AD,Asus,Blink,[object Object],Chrome Mobile 90.0.4430.82 on Asus X01AD (Android 9),2021-05-06T05:15:59.137Z,着席,あ,false,75.4,77.4,-4.1000000000000005,-1.2000000000000002,9.3,2.1,-1.3,0.2,0,-121.10000000000001,-14.5,118.50000000000001
Chrome Mobile,90.0.4430.82,Asus X01AD,Asus,Blink,[object Object],Chrome Mobile 90.0.4430.82 on Asus X01AD (Android 9),2021-05-06T05:15:59.339Z,着席,あ,false,60.5,83.5,9.9,-0.9,3.6,1.9000000000000001,-0.7000000000000001,-6.4,0.8,82.10000000000001,-8.4,-100.9
Chrome Mobile,90.0.4430.82,Asus X01AD,Asus,Blink,[object Object],Chrome Mobile 90.0.4430.82 on Asus X01AD (Android 9),2021-05-06T05:15:59.540Z,着席,あ,false,88.7,75.3,-18.1,5.800000000000001,20.1,5.300000000000001,5,11,3.1,-140.10000000000002,-9.3,95.5
Chrome Mobile,90.0.4430.82,Asus X01AD,Asus,Blink,[object Object],Chrome Mobile 90.0.4430.82 on Asus X01AD (Android 9),2021-05-06T05:15:59.741Z,着席,あ,false,10.700000000000001,84.9,58.2,-4.1000000000000005,-2.2,0.8,-3.3000000000000003,-12,0.4,48.400000000000006,-11.700000000000001,-41.900000000000006
Chrome Mobile,90.0.4430.82,Asus X01AD,Asus,Blink,[object Object],Chrome Mobile 90.0.4430.82 on Asus X01AD (Android 9),2021-05-06T05:15:59.948Z,着席,あ,false,92,71.8,-23.1,6.300000000000001,27.3,10.3,5.1000000000000005,18.1,7.5,-41.1,3.7000000000000006,3.2
Chrome Mobile,90.0.4430.82,Asus X01AD,Asus,Blink,[object Object],Chrome Mobile 90.0.4430.82 on Asus X01AD (Android 9),2021-05-06T05:16:00.149Z,着席,あ,false,6.7,83.2,62.5,-4.3,-3.5,1,-3.3000000000000003,-13,0.4,0,15.700000000000001,3.7000000000000006
Chrome Mobile,90.0.4430.82,Asus X01AD,Asus,Blink,[object Object],Chrome Mobile 90.0.4430.82 on Asus X01AD (Android 9),2021-05-06T05:16:00.351Z,着席,あ,false,94.4,71,-23,6.5,25,8,5.300000000000001,15.600000000000001,5,34.60000000000001,43.800000000000004,-49.50000000000001
Chrome Mobile,90.0.4430.82,Asus X01AD,Asus,Blink,[object Object],Chrome Mobile 90.0.4430.82 on Asus X01AD (Android 9),2021-05-06T05:16:00.551Z,着席,あ,false,22.8,81.80000000000001,49,-3.1,-3.8000000000000003,-0.8,-2.1,-13.200000000000001,-1.7000000000000002,-22.4,-4.2,65.3
Chrome Mobile,90.0.4430.82,Asus X01AD,Asus,Blink,[object Object],Chrome Mobile 90.0.4430.82 on Asus X01AD (Android 9),2021-05-06T05:16:00.753Z,着席,あ,false,87.5,76,-13.100000000000001,4.4,12.100000000000001,0.8,3.9000000000000004,2.3000000000000003,-1.6,150.00000000000003,34.400000000000006,-99.7
Chrome Mobile,90.0.4430.82,Asus X01AD,Asus,Blink,[object Object],Chrome Mobile 90.0.4430.82 on Asus X01AD (Android 9),2021-05-06T05:16:00.954Z,着席,あ,false,64.2,80.2,8.5,-1.3,4.7,-1.7000000000000002,-1.1,-4.4,-3.2,-146.4,-26.400000000000006,115.9
Chrome Mobile,90.0.4430.82,Asus X01AD,Asus,Blink,[object Object],Chrome Mobile 90.0.4430.82 on Asus X01AD (Android 9),2021-05-06T05:16:01.154Z,着席,あ,false,79.30000000000001,81.7,-7.4,1,4.9,0.4,0.8,-5,-1,112.60000000000001,-7.699999999999999,-107.5
Chrome Mobile,90.0.4430.82,Asus X01AD,Asus,Blink,[object Object],Chrome Mobile 90.0.4430.82 on Asus X01AD (Android 9),2021-05-06T05:16:01.355Z,着席,あ,false,87.80000000000001,74.60000000000001,-16.2,1.1,13.5,5.2,0.5,4.6000000000000005,2.8000000000000003,-187.4,-6.2,114.00000000000001
Chrome Mobile,90.0.4430.82,Asus X01AD,Asus,Blink,[object Object],Chrome Mobile 90.0.4430.82 on Asus X01AD (Android 9),2021-05-06T05:16:01.556Z,着席,あ,false,52,82.5,15.700000000000001,-1.5,0.4,0.4,-1.2000000000000002,-9.4,-0.9,63.10000000000001,-26.5,-107.10000000000001
Chrome Mobile,90.0.4430.82,Asus X01AD,Asus,Blink,[object Object],Chrome Mobile 90.0.4430.82 on Asus X01AD (Android 9),2021-05-06T05:16:01.756Z,着席,あ,false,95.5,72.10000000000001,-27.5,7.1000000000000005,25.900000000000002,9.200000000000001,5.800000000000001,16.8,6.6000000000000005,-56.9,-29.1,67.5
Chrome Mobile,90.0.4430.82,Asus X01AD,Asus,Blink,[object Object],Chrome Mobile 90.0.4430.82 on Asus X01AD (Android 9),2021-05-06T05:16:01.957Z,着席,あ,false,23.400000000000002,83,43.400000000000006,-3.7,-2.9000000000000004,1.7000000000000002,-2.9000000000000004,-12.5,0.8,1.7,-0.4,-10.200000000000001
Chrome Mobile,90.0.4430.82,Asus X01AD,Asus,Blink,[object Object],Chrome Mobile 90.0.4430.82 on Asus X01AD (Android 9),2021-05-06T05:16:02.158Z,着席,あ,false,95.80000000000001,73.9,-28.200000000000003,5.1000000000000005,21.1,4.1000000000000005,3.8000000000000003,11.5,1.7000000000000002,67.5,21.8,-68.7
Chrome Mobile,90.0.4430.82,Asus X01AD,Asus,Blink,[object Object],Chrome Mobile 90.0.4430.82 on Asus X01AD (Android 9),2021-05-06T05:16:02.359Z,着席,あ,false,22.8,83.80000000000001,43.7,-2.5,-4.1000000000000005,-0.8,-1.8,-13.5,-1.5,-37.300000000000004,15.399999999999999,79.19999999999999
Chrome Mobile,90.0.4430.82,Asus X01AD,Asus,Blink,[object Object],Chrome Mobile 90.0.4430.82 on Asus X01AD (Android 9),2021-05-06T05:16:02.559Z,着席,あ,false,93.4,72.10000000000001,-23.400000000000002,6.6000000000000005,17.5,2.8000000000000003,5.4,7.9,0,114.99999999999999,18.200000000000003,-90.9
Chrome Mobile,90.0.4430.82,Asus X01AD,Asus,Blink,[object Object],Chrome Mobile 90.0.4430.82 on Asus X01AD (Android 9),2021-05-06T05:16:02.760Z,着席,あ,false,35.9,79.30000000000001,33.9,-3.1,-2.4000000000000004,-0.9,-2.1,-11.700000000000001,-2.4000000000000004,-78.3,18.3,77.60000000000001
Chrome Mobile,90.0.4430.82,Asus X01AD,Asus,Blink,[object Object],Chrome Mobile 90.0.4430.82 on Asus X01AD (Android 9),2021-05-06T05:16:02.960Z,着席,あ,false,74.8,74.60000000000001,-3.5,3.2,10.9,1.4000000000000001,3,1.1,-1.2000000000000002,136.8,6.500000000000001,-106.60000000000001
Chrome Mobile,90.0.4430.82,Asus X01AD,Asus,Blink,[object Object],Chrome Mobile 90.0.4430.82 on Asus X01AD (Android 9),2021-05-06T05:16:03.161Z,着席,あ,false,52.2,79.7,18.2,-0.6000000000000001,1.4000000000000001,-1.9000000000000001,0,-7.7,-3.5,-104.9,-15.899999999999999,136.8
Chrome Mobile,90.0.4430.82,Asus X01AD,Asus,Blink,[object Object],Chrome Mobile 90.0.4430.82 on Asus X01AD (Android 9),2021-05-06T05:16:03.361Z,着席,あ,false,73.8,76.9,-2.8000000000000003,1.9000000000000001,7.6000000000000005,1,1.7000000000000002,-2.2,-1.3,132.8,14.700000000000001,-108.39999999999999
Chrome Mobile,90.0.4430.82,Asus X01AD,Asus,Blink,[object Object],Chrome Mobile 90.0.4430.82 on Asus X01AD (Android 9),2021-05-06T05:16:03.562Z,着席,あ,false,65.3,78.5,3,-1.3,7.7,-1.4000000000000001,-1.2000000000000002,-1.4000000000000001,-3.2,-138.10000000000002,-6.600000000000001,137.3
Chrome Mobile,90.0.4430.82,Asus X01AD,Asus,Blink,[object Object],Chrome Mobile 90.0.4430.82 on Asus X01AD (Android 9),2021-05-06T05:16:03.762Z,着席,あ,false,46,81.9,23.1,0.30000000000000004,1.2000000000000002,1.7000000000000002,0.9,-8.8,0.4,93.7,4,-124.60000000000001
Chrome Mobile,90.0.4430.82,Asus X01AD,Asus,Blink,[object Object],Chrome Mobile 90.0.4430.82 on Asus X01AD (Android 9),2021-05-06T05:16:03.963Z,着席,あ,false,85.80000000000001,72.7,-14.5,4.2,19.5,7.9,3.5,10.700000000000001,5.300000000000001,-242.70000000000002,-13.399999999999999,107.7
Chrome Mobile,90.0.4430.82,Asus X01AD,Asus,Blink,[object Object],Chrome Mobile 90.0.4430.82 on Asus X01AD (Android 9),2021-05-06T05:16:04.163Z,着席,あ,false,24.6,81.10000000000001,47.2,-2.2,-1.9000000000000001,0.4,-1.1,-11.8,-0.6000000000000001,94.5,-2.2,-84.9
Chrome Mobile,90.0.4430.82,Asus X01AD,Asus,Blink,[object Object],Chrome Mobile 90.0.4430.82 on Asus X01AD (Android 9),2021-05-06T05:16:04.364Z,着席,あ,false,81.9,68.3,-11,2.1,23.8,15,1.4000000000000001,15.100000000000001,11.5,-168.8,-28.900000000000002,71.9
Chrome Mobile,90.0.4430.82,Asus X01AD,Asus,Blink,[object Object],Chrome Mobile 90.0.4430.82 on Asus X01AD (Android 9),2021-05-06T05:16:04.565Z,着席,あ,false,19.900000000000002,83.30000000000001,49.7,-3.2,-2.6,0.5,-2.3000000000000003,-12.4,-0.2,41,-11.3,-79.8
Chrome Mobile,90.0.4430.82,Asus X01AD,Asus,Blink,[object Object],Chrome Mobile 90.0.4430.82 on Asus X01AD (Android 9),2021-05-06T05:16:04.766Z,着席,あ,false,91.9,69.9,-24.200000000000003,8.5,30.400000000000002,11.9,7.1000000000000005,21.200000000000003,8.8,-16.8,-23.400000000000002,42.800000000000004
Chrome Mobile,90.0.4430.82,Asus X01AD,Asus,Blink,[object Object],Chrome Mobile 90.0.4430.82 on Asus X01AD (Android 9),2021-05-06T05:16:04.966Z,着席,あ,false,352.90000000000003,83,75.8,-4.4,-4.4,0,-3.3000000000000003,-14,-0.30000000000000004,27,1.7,-9.100000000000001
Chrome Mobile,90.0.4430.82,Asus X01AD,Asus,Blink,[object Object],Chrome Mobile 90.0.4430.82 on Asus X01AD (Android 9),2021-05-06T05:16:05.166Z,着席,あ,false,95.60000000000001,70.3,-26.8,8.700000000000001,30.3,12.4,7.2,21,9.5,35.599999999999994,26.700000000000003,-1.2000000000000002
Chrome Mobile,90.0.4430.82,Asus X01AD,Asus,Blink,[object Object],Chrome Mobile 90.0.4430.82 on Asus X01AD (Android 9),2021-05-06T05:16:05.367Z,着席,あ,false,349.1,83,80.4,-5,-4.4,-0.5,-3.8000000000000003,-13.9,-0.7000000000000001,-6.300000000000001,-25.6,27.5
Chrome Mobile,90.0.4430.82,Asus X01AD,Asus,Blink,[object Object],Chrome Mobile 90.0.4430.82 on Asus X01AD (Android 9),2021-05-06T05:16:05.568Z,着席,あ,false,85.9,71.2,-16.900000000000002,4.4,21.700000000000003,8.3,3.5,12.3,5.300000000000001,48.2,21,-50.60000000000001
Chrome Mobile,90.0.4430.82,Asus X01AD,Asus,Blink,[object Object],Chrome Mobile 90.0.4430.82 on Asus X01AD (Android 9),2021-05-06T05:16:05.768Z,着席,あ,false,35.300000000000004,81.60000000000001,34.9,-3.6,-2.4000000000000004,-3.2,-2.8000000000000003,-11.700000000000001,-4.4,-34.400000000000006,-24.7,98.60000000000001
Chrome Mobile,90.0.4430.82,Asus X01AD,Asus,Blink,[object Object],Chrome Mobile 90.0.4430.82 on Asus X01AD (Android 9),2021-05-06T05:16:05.974Z,着席,あ,false,81,77.10000000000001,-13.600000000000001,1.6,7.9,0.8,1.1,-1.9000000000000001,-1.4000000000000001,117.80000000000001,26.5,-107.19999999999999
Chrome Mobile,90.0.4430.82,Asus X01AD,Asus,Blink,[object Object],Chrome Mobile 90.0.4430.82 on Asus X01AD (Android 9),2021-05-06T05:16:06.175Z,着席,あ,false,83.4,74,-16.400000000000002,2.3000000000000003,11.5,5.6000000000000005,1.5,2.6,3.1,-160.4,-14.100000000000001,132.5
Chrome Mobile,90.0.4430.82,Asus X01AD,Asus,Blink,[object Object],Chrome Mobile 90.0.4430.82 on Asus X01AD (Android 9),2021-05-06T05:16:06.381Z,着席,あ,false,51.900000000000006,80.30000000000001,16.5,-0.9,1.5,-0.8,-0.4,-8.4,-2.5,60.7,12.7,-116.80000000000001
Chrome Mobile,90.0.4430.82,Asus X01AD,Asus,Blink,[object Object],Chrome Mobile 90.0.4430.82 on Asus X01AD (Android 9),2021-05-06T05:16:06.582Z,着席,あ,false,82.4,69.2,-16.7,6.800000000000001,25.200000000000003,12,5.9,16.400000000000002,8.8,-126.8,-54.699999999999996,103.00000000000001
Chrome Mobile,90.0.4430.82,Asus X01AD,Asus,Blink,[object Object],Chrome Mobile 90.0.4430.82 on Asus X01AD (Android 9),2021-05-06T05:16:06.784Z,着席,あ,false,17.6,83.5,49.400000000000006,-2.9000000000000004,-3.7,2.1,-2.1,-13.4,1.4000000000000001,36.2,8.4,-51.70000000000001
Chrome Mobile,90.0.4430.82,Asus X01AD,Asus,Blink,[object Object],Chrome Mobile 90.0.4430.82 on Asus X01AD (Android 9),2021-05-06T05:16:06.984Z,着席,あ,false,95.9,67.60000000000001,-29,10.600000000000001,30.400000000000002,13.9,8.8,21.400000000000002,10.700000000000001,-40.300000000000004,-24.400000000000002,54.1
Chrome Mobile,90.0.4430.82,Asus X01AD,Asus,Blink,[object Object],Chrome Mobile 90.0.4430.82 on Asus X01AD (Android 9),2021-05-06T05:16:07.185Z,着席,あ,false,19.5,83.9,46,-3.8000000000000003,-4.7,2,-3,-14.4,1.2000000000000002,22.700000000000003,-15.000000000000002,-18.900000000000002
Chrome Mobile,90.0.4430.82,Asus X01AD,Asus,Blink,[object Object],Chrome Mobile 90.0.4430.82 on Asus X01AD (Android 9),2021-05-06T05:16:07.385Z,着席,あ,false,87.5,67.60000000000001,-19.5,6.1000000000000005,27,9.3,4.800000000000001,17.8,5.7,89.6,35.1,-35.4
Chrome Mobile,90.0.4430.82,Asus X01AD,Asus,Blink,[object Object],Chrome Mobile 90.0.4430.82 on Asus X01AD (Android 9),2021-05-06T05:16:07.586Z,着席,あ,false,3,80.4,65.8,-4.2,-6.7,-2.2,-2.8000000000000003,-16.1,-2.9000000000000004,-30.5,3.8,46.300000000000004
Chrome Mobile,90.0.4430.82,Asus X01AD,Asus,Blink,[object Object],Chrome Mobile 90.0.4430.82 on Asus X01AD (Android 9),2021-05-06T05:16:07.787Z,着席,あ,false,83.4,68.7,-14.600000000000001,5.9,21.5,7.2,5,12.100000000000001,3.6,165.9,28.1,-52.2
Chrome Mobile,90.0.4430.82,Asus X01AD,Asus,Blink,[object Object],Chrome Mobile 90.0.4430.82 on Asus X01AD (Android 9),2021-05-06T05:16:07.987Z,着席,あ,false,16.2,82.30000000000001,52.6,-1.5,-4.2,-0.6000000000000001,-0.5,-13.5,-1.4000000000000001,-60.8,-12.8,86.4
Chrome Mobile,90.0.4430.82,Asus X01AD,Asus,Blink,[object Object],Chrome Mobile 90.0.4430.82 on Asus X01AD (Android 9),2021-05-06T05:16:08.188Z,着席,あ,false,68,77.5,-0.8,1.9000000000000001,11,1.2000000000000002,1.9000000000000001,1.1,-1,149.79999999999998,-3.5,-98.60000000000001
Chrome Mobile,90.0.4430.82,Asus X01AD,Asus,Blink,[object Object],Chrome Mobile 90.0.4430.82 on Asus X01AD (Android 9),2021-05-06T05:16:08.388Z,着席,あ,false,55.300000000000004,82.7,11.600000000000001,-1,-0.4,-2.5,-0.6000000000000001,-9.600000000000001,-3.5,-103.2,23.5,119.39999999999999
Chrome Mobile,90.0.4430.82,Asus X01AD,Asus,Blink,[object Object],Chrome Mobile 90.0.4430.82 on Asus X01AD (Android 9),2021-05-06T05:16:08.589Z,着席,あ,false,56,83.30000000000001,11.9,0.9,5.9,1.7000000000000002,1.1,-4.2,0.5,147.9,1.2000000000000002,-127.5
Chrome Mobile,90.0.4430.82,Asus X01AD,Asus,Blink,[object Object],Chrome Mobile 90.0.4430.82 on Asus X01AD (Android 9),2021-05-06T05:16:08.790Z,着席,あ,false,55.2,82.10000000000001,13.3,0.30000000000000004,6.7,-2.3000000000000003,0.6000000000000001,-2.4000000000000004,-3.5,-198.60000000000002,-3.2,119.7
Chrome Mobile,90.0.4430.82,Asus X01AD,Asus,Blink,[object Object],Chrome Mobile 90.0.4430.82 on Asus X01AD (Android 9),2021-05-06T05:16:08.991Z,着席,あ,false,40.2,86,28.5,0,0.6000000000000001,1,0.30000000000000004,-9.4,0.4,113.7,-13.8,-83.80000000000001
Chrome Mobile,90.0.4430.82,Asus X01AD,Asus,Blink,[object Object],Chrome Mobile 90.0.4430.82 on Asus X01AD (Android 9),2021-05-06T05:16:09.191Z,着席,あ,false,82.30000000000001,72.60000000000001,-14.200000000000001,2.3000000000000003,22.3,8.4,1.7000000000000002,13.3,5.7,-204,-28.3,78.4
Chrome Mobile,90.0.4430.82,Asus X01AD,Asus,Blink,[object Object],Chrome Mobile 90.0.4430.82 on Asus X01AD (Android 9),2021-05-06T05:16:09.392Z,着席,あ,false,7.9,82.30000000000001,60.5,-2.7,-4.1000000000000005,2.3000000000000003,-1.6,-13.9,1.6,72.50000000000001,-16.1,-54.6
Chrome Mobile,90.0.4430.82,Asus X01AD,Asus,Blink,[object Object],Chrome Mobile 90.0.4430.82 on Asus X01AD (Android 9),2021-05-06T05:16:09.593Z,着席,あ,false,93.30000000000001,66.2,-25.5,8.9,29.5,14.4,7.2,20.700000000000003,10.9,-92.10000000000001,-11.8,90.4
Chrome Mobile,90.0.4430.82,Asus X01AD,Asus,Blink,[object Object],Chrome Mobile 90.0.4430.82 on Asus X01AD (Android 9),2021-05-06T05:16:09.793Z,着席,あ,false,31.6,83.9,36.1,-2.6,-3.2,0.5,-2,-13.100000000000001,-0.4,72.9,-13.000000000000002,-79.3
Chrome Mobile,90.0.4430.82,Asus X01AD,Asus,Blink,[object Object],Chrome Mobile 90.0.4430.82 on Asus X01AD (Android 9),2021-05-06T05:16:09.994Z,着席,あ,false,93.10000000000001,65.7,-23.8,11.4,31.3,10,9.700000000000001,22.400000000000002,6.300000000000001,7.9,17.300000000000004,18.6
Chrome Mobile,90.0.4430.82,Asus X01AD,Asus,Blink,[object Object],Chrome Mobile 90.0.4430.82 on Asus X01AD (Android 9),2021-05-06T05:16:10.195Z,着席,あ,false,9.1,80.9,61.800000000000004,-5.2,-6.2,0,-3.9000000000000004,-15.8,-0.7000000000000001,17.1,7,-8.600000000000001
Chrome Mobile,90.0.4430.82,Asus X01AD,Asus,Blink,[object Object],Chrome Mobile 90.0.4430.82 on Asus X01AD (Android 9),2021-05-06T05:16:10.396Z,着席,あ,false,97.60000000000001,66.5,-29,7.6000000000000005,26.5,13.4,5.7,17.2,9.9,79.9,52.1,-61.39999999999999
Chrome Mobile,90.0.4430.82,Asus X01AD,Asus,Blink,[object Object],Chrome Mobile 90.0.4430.82 on Asus X01AD (Android 9),2021-05-06T05:16:10.596Z,着席,あ,false,1.7000000000000002,82.30000000000001,67.60000000000001,-4.3,-6.5,-1.3,-3.9000000000000004,-16.400000000000002,-1.3,-41.7,1.1,76.89999999999999
Chrome Mobile,90.0.4430.82,Asus X01AD,Asus,Blink,[object Object],Chrome Mobile 90.0.4430.82 on Asus X01AD (Android 9),2021-05-06T05:16:10.797Z,着席,あ,false,101.60000000000001,72.2,-31.3,6.800000000000001,18.2,2.7,5.2,8.5,0,142.39999999999998,16.8,-88.8
Chrome Mobile,90.0.4430.82,Asus X01AD,Asus,Blink,[object Object],Chrome Mobile 90.0.4430.82 on Asus X01AD (Android 9),2021-05-06T05:16:10.997Z,着席,あ,false,43.7,84.9,24.400000000000002,-3.4000000000000004,-3.1,-1.1,-3.1,-12.4,-1.8,-80.60000000000001,18,108.50000000000001
Chrome Mobile,90.0.4430.82,Asus X01AD,Asus,Blink,[object Object],Chrome Mobile 90.0.4430.82 on Asus X01AD (Android 9),2021-05-06T05:16:11.198Z,着席,あ,false,94.60000000000001,79.10000000000001,-24.6,3.1,8.8,0.7000000000000001,2.3000000000000003,-1.2000000000000002,-1,125.4,0.30000000000000004,-133.3
Chrome Mobile,90.0.4430.82,Asus X01AD,Asus,Blink,[object Object],Chrome Mobile 90.0.4430.82 on Asus X01AD (Android 9),2021-05-06T05:16:11.399Z,着席,あ,false,74.10000000000001,80.10000000000001,-4.3,0.4,6.4,-1.8,0.30000000000000004,-2.7,-3.4000000000000004,-149.4,-22.3,130.20000000000002
Chrome Mobile,90.0.4430.82,Asus X01AD,Asus,Blink,[object Object],Chrome Mobile 90.0.4430.82 on Asus X01AD (Android 9),2021-05-06T05:16:11.600Z,着席,あ,false,72.4,82.60000000000001,-3.3000000000000003,0.6000000000000001,3.6,1.5,0.5,-6.4,0.2,119.1,-21.500000000000004,-104.10000000000001
Chrome Mobile,90.0.4430.82,Asus X01AD,Asus,Blink,[object Object],Chrome Mobile 90.0.4430.82 on Asus X01AD (Android 9),2021-05-06T05:16:11.800Z,着席,あ,false,83.60000000000001,77.4,-14.8,2.2,10.600000000000001,-0.9,1.7000000000000002,1.6,-2.8000000000000003,-188.4,-0.8,117
Chrome Mobile,90.0.4430.82,Asus X01AD,Asus,Blink,[object Object],Chrome Mobile 90.0.4430.82 on Asus X01AD (Android 9),2021-05-06T05:16:12.009Z,着席,あ,false,67.9,82.5,-0.2,-0.7000000000000001,1.6,1.7000000000000002,-0.7000000000000001,-8.4,0.4,115.39999999999999,-21.500000000000004,-99.30000000000001
Chrome Mobile,90.0.4430.82,Asus X01AD,Asus,Blink,[object Object],Chrome Mobile 90.0.4430.82 on Asus X01AD (Android 9),2021-05-06T05:16:12.212Z,着席,あ,false,89.5,69.3,-20.900000000000002,6,24.700000000000003,10.8,4.800000000000001,15.9,7.7,-187.7,-20.7,83.00000000000001
Chrome Mobile,90.0.4430.82,Asus X01AD,Asus,Blink,[object Object],Chrome Mobile 90.0.4430.82 on Asus X01AD (Android 9),2021-05-06T05:16:12.413Z,着席,あ,false,26.3,83.5,41.900000000000006,-1.7000000000000002,-3.5,0.4,-1,-13.3,-0.5,70.3,1,-54.6
Chrome Mobile,90.0.4430.82,Asus X01AD,Asus,Blink,[object Object],Chrome Mobile 90.0.4430.82 on Asus X01AD (Android 9),2021-05-06T05:16:12.614Z,着席,あ,false,92.5,66.4,-25,9,30.6,15.8,7.300000000000001,21.900000000000002,12.4,-146.60000000000002,-41.800000000000004,46.199999999999996
Chrome Mobile,90.0.4430.82,Asus X01AD,Asus,Blink,[object Object],Chrome Mobile 90.0.4430.82 on Asus X01AD (Android 9),2021-05-06T05:16:12.815Z,着席,あ,false,7,83.30000000000001,60.800000000000004,-2.7,-4.4,0.9,-1.6,-14.100000000000001,0.4,45.5,-10.299999999999999,-56
Chrome Mobile,90.0.4430.82,Asus X01AD,Asus,Blink,[object Object],Chrome Mobile 90.0.4430.82 on Asus X01AD (Android 9),2021-05-06T05:16:13.016Z,着席,あ,false,88.5,68.3,-20.900000000000002,7.300000000000001,30.200000000000003,14.200000000000001,6,21.1,10.8,0.2,26.1,-6.1000000000000005
Chrome Mobile,90.0.4430.82,Asus X01AD,Asus,Blink,[object Object],Chrome Mobile 90.0.4430.82 on Asus X01AD (Android 9),2021-05-06T05:16:13.216Z,着席,あ,false,3,81.2,63.800000000000004,-5.4,-6.1000000000000005,0.8,-4.1000000000000005,-15.600000000000001,0.1,-8.2,11.000000000000002,19.700000000000003
Chrome Mobile,90.0.4430.82,Asus X01AD,Asus,Blink,[object Object],Chrome Mobile 90.0.4430.82 on Asus X01AD (Android 9),2021-05-06T05:16:13.417Z,着席,あ,false,89,67.60000000000001,-20.8,5.7,25.700000000000003,10.5,4.4,16.5,6.9,48.10000000000001,39.300000000000004,-58
Chrome Mobile,90.0.4430.82,Asus X01AD,Asus,Blink,[object Object],Chrome Mobile 90.0.4430.82 on Asus X01AD (Android 9),2021-05-06T05:16:13.617Z,着席,あ,false,25.400000000000002,82.9,40.900000000000006,-3.2,-4.5,0.2,-2.4000000000000004,-13.9,-0.7000000000000001,-37.50000000000001,-3.1,60.2
Chrome Mobile,90.0.4430.82,Asus X01AD,Asus,Blink,[object Object],Chrome Mobile 90.0.4430.82 on Asus X01AD (Android 9),2021-05-06T05:16:13.818Z,着席,あ,false,85.30000000000001,74.5,-19,2.9000000000000004,13.8,3.5,2,4,1,120.3,14.5,-103.49999999999999
Chrome Mobile,90.0.4430.82,Asus X01AD,Asus,Blink,[object Object],Chrome Mobile 90.0.4430.82 on Asus X01AD (Android 9),2021-05-06T05:16:14.019Z,着席,あ,false,55.300000000000004,82.5,9.4,0.6000000000000001,0.2,-0.7000000000000001,0.8,-9,-1.9000000000000001,-90.19999999999999,-22.9,121.80000000000001
Chrome Mobile,90.0.4430.82,Asus X01AD,Asus,Blink,[object Object],Chrome Mobile 90.0.4430.82 on Asus X01AD (Android 9),2021-05-06T05:16:14.219Z,着席,あ,false,72.9,79,-7.800000000000001,1.9000000000000001,8.200000000000001,1.4000000000000001,1.6,-1.7000000000000002,-0.5,145.5,7.400000000000001,-103.8
Chrome Mobile,90.0.4430.82,Asus X01AD,Asus,Blink,[object Object],Chrome Mobile 90.0.4430.82 on Asus X01AD (Android 9),2021-05-06T05:16:14.420Z,着席,あ,false,77.10000000000001,79.80000000000001,-10.9,0,4.9,-1.7000000000000002,-0.30000000000000004,-4.2,-3.3000000000000003,-154.5,-5.8,147.2
Chrome Mobile,90.0.4430.82,Asus X01AD,Asus,Blink,[object Object],Chrome Mobile 90.0.4430.82 on Asus X01AD (Android 9),2021-05-06T05:16:14.620Z,着席,あ,false,67.4,80.2,-1.8,1.3,2.5,-0.9,1.2000000000000002,-7.4,-2.6,102.10000000000001,11.8,-120.4
Chrome Mobile,90.0.4430.82,Asus X01AD,Asus,Blink,[object Object],Chrome Mobile 90.0.4430.82 on Asus X01AD (Android 9),2021-05-06T05:16:14.821Z,着席,あ,false,90.60000000000001,71.60000000000001,-24.8,5.4,21.6,4.5,4.2,12.700000000000001,1.8,-185.6,5.9,133.10000000000002
Chrome Mobile,90.0.4430.82,Asus X01AD,Asus,Blink,[object Object],Chrome Mobile 90.0.4430.82 on Asus X01AD (Android 9),2021-05-06T05:16:15.021Z,着席,あ,false,31.5,83.9,35.5,-1.3,-2.7,-1.8,-0.6000000000000001,-12.600000000000001,-2.7,92.7,-4.800000000000001,-91.30000000000001
Chrome Mobile,90.0.4430.82,Asus X01AD,Asus,Blink,[object Object],Chrome Mobile 90.0.4430.82 on Asus X01AD (Android 9),2021-05-06T05:16:15.222Z,着席,あ,false,95.10000000000001,67.7,-31.5,12.700000000000001,31.3,18.6,10.8,22.5,15.5,-98.7,-66.5,47.3
Chrome Mobile,90.0.4430.82,Asus X01AD,Asus,Blink,[object Object],Chrome Mobile 90.0.4430.82 on Asus X01AD (Android 9),2021-05-06T05:16:15.423Z,着席,あ,false,2,83.2,63,-3.9000000000000004,-5.5,-0.2,-2.9000000000000004,-15.100000000000001,-0.8,41.300000000000004,-7.300000000000001,-34.7
Chrome Mobile,90.0.4430.82,Asus X01AD,Asus,Blink,[object Object],Chrome Mobile 90.0.4430.82 on Asus X01AD (Android 9),2021-05-06T05:16:15.623Z,着席,あ,false,84.5,67.3,-19,6.2,28.1,10.8,5,18.900000000000002,7.1000000000000005,88.4,41.4,-24.900000000000002
Chrome Mobile,90.0.4430.82,Asus X01AD,Asus,Blink,[object Object],Chrome Mobile 90.0.4430.82 on Asus X01AD (Android 9),2021-05-06T05:16:15.825Z,着席,あ,false,0.2,82.80000000000001,66,-4.7,-6.1000000000000005,0.1,-3.6,-15.600000000000001,-0.4,-19.799999999999997,-10.200000000000001,35.4
Chrome Mobile,90.0.4430.82,Asus X01AD,Asus,Blink,[object Object],Chrome Mobile 90.0.4430.82 on Asus X01AD (Android 9),2021-05-06T05:16:16.025Z,着席,あ,false,84.5,69,-17.3,5.6000000000000005,20.900000000000002,8.700000000000001,4.5,11.4,5.2,150.70000000000002,25,-70.10000000000001
Chrome Mobile,90.0.4430.82,Asus X01AD,Asus,Blink,[object Object],Chrome Mobile 90.0.4430.82 on Asus X01AD (Android 9),2021-05-06T05:16:16.226Z,着席,あ,false,16.3,82.5,50.5,-3.7,-4.6000000000000005,-1.1,-2.7,-13.9,-1.8,-58.400000000000006,5.4,94.4
Chrome Mobile,90.0.4430.82,Asus X01AD,Asus,Blink,[object Object],Chrome Mobile 90.0.4430.82 on Asus X01AD (Android 9),2021-05-06T05:16:16.426Z,着席,あ,false,90.30000000000001,76.5,-22.400000000000002,4.4,13.100000000000001,1.2000000000000002,3.5,3.2,-1,152.3,14,-104.7
Chrome Mobile,90.0.4430.82,Asus X01AD,Asus,Blink,[object Object],Chrome Mobile 90.0.4430.82 on Asus X01AD (Android 9),2021-05-06T05:16:16.627Z,着席,あ,false,47.5,86.2,19.700000000000003,1.2000000000000002,-0.6000000000000001,-2.2,1.5,-9.9,-2.8000000000000003,-93.00000000000001,-5.8,117.4
Chrome Mobile,90.0.4430.82,Asus X01AD,Asus,Blink,[object Object],Chrome Mobile 90.0.4430.82 on Asus X01AD (Android 9),2021-05-06T05:16:16.827Z,着席,あ,false,73.2,84,-3.7,2.1,5.4,-0.6000000000000001,2,-4.7,-1.7000000000000002,126.60000000000002,2.7,-114.99999999999999
Chrome Mobile,90.0.4430.82,Asus X01AD,Asus,Blink,[object Object],Chrome Mobile 90.0.4430.82 on Asus X01AD (Android 9),2021-05-06T05:16:17.028Z,着席,あ,false,84.30000000000001,78.2,-11.700000000000001,2,12.3,0.6000000000000001,1.6,3.3000000000000003,-1.3,-205.5,34.7,120.9
Chrome Mobile,90.0.4430.82,Asus X01AD,Asus,Blink,[object Object],Chrome Mobile 90.0.4430.82 on Asus X01AD (Android 9),2021-05-06T05:16:17.228Z,着席,あ,false,40.900000000000006,81.7,32.800000000000004,-1.4000000000000001,0.2,0,-0.6000000000000001,-9.700000000000001,-1.2000000000000002,75.00000000000001,-6.699999999999999,-107.19999999999999
Chrome Mobile,90.0.4430.82,Asus X01AD,Asus,Blink,[object Object],Chrome Mobile 90.0.4430.82 on Asus X01AD (Android 9),2021-05-06T05:16:17.429Z,着席,あ,false,89.9,71.2,-15.9,6.2,22.8,11.100000000000001,5.4,14,8.200000000000001,-142,-64.10000000000001,124.60000000000001
Chrome Mobile,90.0.4430.82,Asus X01AD,Asus,Blink,[object Object],Chrome Mobile 90.0.4430.82 on Asus X01AD (Android 9),2021-05-06T05:16:17.629Z,着席,あ,false,38.400000000000006,81.4,34.5,-2.3000000000000003,-1.4000000000000001,0.9,-1.5,-11.100000000000001,-0.30000000000000004,42.400000000000006,-15.5,-91.4
Chrome Mobile,90.0.4430.82,Asus X01AD,Asus,Blink,[object Object],Chrome Mobile 90.0.4430.82 on Asus X01AD (Android 9),2021-05-06T05:16:17.830Z,着席,あ,false,86.7,67.7,-14.700000000000001,7.4,30.700000000000003,14.3,6.5,21.8,10.700000000000001,-40.9,-61.10000000000001,34.800000000000004
Chrome Mobile,90.0.4430.82,Asus X01AD,Asus,Blink,[object Object],Chrome Mobile 90.0.4430.82 on Asus X01AD (Android 9),2021-05-06T05:16:18.035Z,着席,あ,false,6.6000000000000005,82.10000000000001,65,-3.4000000000000004,-4.2,0.8,-2.1,-13.8,0.2,25.4,-0.5,-24.900000000000002
Chrome Mobile,90.0.4430.82,Asus X01AD,Asus,Blink,[object Object],Chrome Mobile 90.0.4430.82 on Asus X01AD (Android 9),2021-05-06T05:16:18.236Z,着席,あ,false,93.2,66.9,-21.200000000000003,7.9,30.1,13.100000000000001,6.5,21.1,9.5,-33,26.300000000000004,28.600000000000005
Chrome Mobile,90.0.4430.82,Asus X01AD,Asus,Blink,[object Object],Chrome Mobile 90.0.4430.82 on Asus X01AD (Android 9),2021-05-06T05:16:18.436Z,着席,あ,false,25.3,82.60000000000001,46.2,-3.4000000000000004,-4.800000000000001,-0.6000000000000001,-2.5,-14.4,-1.4000000000000001,0.2,-9.5,-18.5
Chrome Mobile,90.0.4430.82,Asus X01AD,Asus,Blink,[object Object],Chrome Mobile 90.0.4430.82 on Asus X01AD (Android 9),2021-05-06T05:16:18.637Z,着席,あ,false,89.4,67.2,-18.400000000000002,6.4,26.700000000000003,10.700000000000001,5.2,17.5,7,88.00000000000001,20.599999999999998,-30.4
Chrome Mobile,90.0.4430.82,Asus X01AD,Asus,Blink,[object Object],Chrome Mobile 90.0.4430.82 on Asus X01AD (Android 9),2021-05-06T05:16:18.838Z,着席,あ,false,14.200000000000001,81.80000000000001,56.1,-4.4,-5.300000000000001,-0.2,-3.3000000000000003,-14.700000000000001,-1,-26.5,4,51.50000000000001
Chrome Mobile,90.0.4430.82,Asus X01AD,Asus,Blink,[object Object],Chrome Mobile 90.0.4430.82 on Asus X01AD (Android 9),2021-05-06T05:16:19.039Z,着席,あ,false,96.2,70.8,-25.700000000000003,5.5,17.8,4.5,4.1000000000000005,8.3,1.5,113.7,30.9,-85.30000000000001
Chrome Mobile,90.0.4430.82,Asus X01AD,Asus,Blink,[object Object],Chrome Mobile 90.0.4430.82 on Asus X01AD (Android 9),2021-05-06T05:16:19.239Z,着席,あ,false,43,82,26.400000000000002,-1.6,-3.2,0.8,-1,-12.5,-0.4,-69.00000000000001,-7.400000000000001,83.4
Chrome Mobile,90.0.4430.82,Asus X01AD,Asus,Blink,[object Object],Chrome Mobile 90.0.4430.82 on Asus X01AD (Android 9),2021-05-06T05:16:19.440Z,着席,あ,false,77.7,75.10000000000001,-7.4,2,9.600000000000001,2.4000000000000004,1.7000000000000002,-0.2,-0.2,144.5,20.2,-114.3
Chrome Mobile,90.0.4430.82,Asus X01AD,Asus,Blink,[object Object],Chrome Mobile 90.0.4430.82 on Asus X01AD (Android 9),2021-05-06T05:16:19.641Z,着席,あ,false,59.800000000000004,82.4,12,-2.9000000000000004,-2.2,-1.5,-2.6,-11.4,-2.7,-103.2,-0.2,132.9
Chrome Mobile,90.0.4430.82,Asus X01AD,Asus,Blink,[object Object],Chrome Mobile 90.0.4430.82 on Asus X01AD (Android 9),2021-05-06T05:16:19.841Z,着席,あ,false,83.2,76.10000000000001,-9.8,3.2,7.800000000000001,1.7000000000000002,2.8000000000000003,-2,-0.7000000000000001,92,1.6,-140.8
Chrome Mobile,90.0.4430.82,Asus X01AD,Asus,Blink,[object Object],Chrome Mobile 90.0.4430.82 on Asus X01AD (Android 9),2021-05-06T05:16:20.041Z,着席,あ,false,71.60000000000001,77,4.1000000000000005,0.2,1.8,-2.2,0.30000000000000004,-7.300000000000001,-4.3,-150.2,8.899999999999999,115.9
Chrome Mobile,90.0.4430.82,Asus X01AD,Asus,Blink,[object Object],Chrome Mobile 90.0.4430.82 on Asus X01AD (Android 9),2021-05-06T05:16:20.242Z,着席,あ,false,72.60000000000001,74.3,2.9000000000000004,0.30000000000000004,4.5,1,0.5,-5.2,-1.7000000000000002,130,18.3,-89.30000000000001
Chrome Mobile,90.0.4430.82,Asus X01AD,Asus,Blink,[object Object],Chrome Mobile 90.0.4430.82 on Asus X01AD (Android 9),2021-05-06T05:16:20.442Z,着席,あ,false,84.30000000000001,70.5,-8.3,1.8,12.100000000000001,-0.1,1.4000000000000001,3.4000000000000004,-3.2,-183.00000000000003,1.9,115.39999999999999
Chrome Mobile,90.0.4430.82,Asus X01AD,Asus,Blink,[object Object],Chrome Mobile 90.0.4430.82 on Asus X01AD (Android 9),2021-05-06T05:16:20.643Z,着席,あ,false,69.60000000000001,77.80000000000001,5.4,-0.6000000000000001,0.5,1.4000000000000001,-0.4,-9.3,-0.7000000000000001,104.3,8.8,-78
Chrome Mobile,90.0.4430.82,Asus X01AD,Asus,Blink,[object Object],Chrome Mobile 90.0.4430.82 on Asus X01AD (Android 9),2021-05-06T05:16:20.843Z,着席,あ,false,90.2,68.7,-13.5,3.6,18.2,7.2,2.9000000000000004,9.600000000000001,3.9000000000000004,-227.90000000000003,-5.2,58.400000000000006
Chrome Mobile,90.0.4430.82,Asus X01AD,Asus,Blink,[object Object],Chrome Mobile 90.0.4430.82 on Asus X01AD (Android 9),2021-05-06T05:16:21.045Z,着席,あ,false,63.7,80.7,10,-0.9,0.1,0.1,-0.6000000000000001,-9.700000000000001,-1.5,68.80000000000001,-17.300000000000004,-89.5
Chrome Mobile,90.0.4430.82,Asus X01AD,Asus,Blink,[object Object],Chrome Mobile 90.0.4430.82 on Asus X01AD (Android 9),2021-05-06T05:16:21.245Z,着席,あ,false,93.2,66.8,-21.200000000000003,10.4,22.700000000000003,6.9,9.1,14.200000000000001,3.5,-186.10000000000002,-53.2,125.9
Chrome Mobile,90.0.4430.82,Asus X01AD,Asus,Blink,[object Object],Chrome Mobile 90.0.4430.82 on Asus X01AD (Android 9),2021-05-06T05:16:21.446Z,着席,あ,false,47.1,79.5,27.6,-1.9000000000000001,-2,1.7000000000000002,-1.1,-11.9,0.1,99.10000000000001,13.8,-85.30000000000001
Chrome Mobile,90.0.4430.82,Asus X01AD,Asus,Blink,[object Object],Chrome Mobile 90.0.4430.82 on Asus X01AD (Android 9),2021-05-06T05:16:21.646Z,着席,あ,false,90.30000000000001,70.8,-15.8,4.9,20.8,8.6,4.1000000000000005,12,5.6000000000000005,-187.20000000000002,-67.7,100.30000000000001
Chrome Mobile,90.0.4430.82,Asus X01AD,Asus,Blink,[object Object],Chrome Mobile 90.0.4430.82 on Asus X01AD (Android 9),2021-05-06T05:16:21.847Z,着席,あ,false,52.400000000000006,81.9,21.6,-1.6,-1.5,0.5,-1.1,-11.4,-0.8,87.00000000000001,-31.3,-63.2
Chrome Mobile,90.0.4430.82,Asus X01AD,Asus,Blink,[object Object],Chrome Mobile 90.0.4430.82 on Asus X01AD (Android 9),2021-05-06T05:16:22.047Z,着席,あ,false,91.80000000000001,66,-19.200000000000003,5.800000000000001,26.3,13.700000000000001,4.5,17.5,10,-77.1,-42.7,41.6
Chrome Mobile,90.0.4430.82,Asus X01AD,Asus,Blink,[object Object],Chrome Mobile 90.0.4430.82 on Asus X01AD (Android 9),2021-05-06T05:16:22.248Z,着席,あ,false,46.900000000000006,82.30000000000001,26.900000000000002,-4.1000000000000005,-4,0,-3.6,-13.700000000000001,-1.2000000000000002,25.1,31.9,-28.700000000000003
Chrome Mobile,90.0.4430.82,Asus X01AD,Asus,Blink,[object Object],Chrome Mobile 90.0.4430.82 on Asus X01AD (Android 9),2021-05-06T05:16:22.454Z,着席,あ,false,96.2,65.5,-21.1,6.7,27.8,12.4,5.2,18.8,8.6,12.4,4.6,-8
Chrome Mobile,90.0.4430.82,Asus X01AD,Asus,Blink,[object Object],Chrome Mobile 90.0.4430.82 on Asus X01AD (Android 9),2021-05-06T05:16:22.655Z,着席,あ,false,46.7,84.10000000000001,23.700000000000003,-3.7,-4,1.6,-3.3000000000000003,-13.600000000000001,0.6000000000000001,-6.2,-29.600000000000005,8
Chrome Mobile,90.0.4430.82,Asus X01AD,Asus,Blink,[object Object],Chrome Mobile 90.0.4430.82 on Asus X01AD (Android 9),2021-05-06T05:16:22.855Z,着席,あ,false,93.5,68.10000000000001,-19.3,5.7,20.5,8.9,4.5,11.200000000000001,5.300000000000001,107.10000000000001,49.9,-29.500000000000004
Chrome Mobile,90.0.4430.82,Asus X01AD,Asus,Blink,[object Object],Chrome Mobile 90.0.4430.82 on Asus X01AD (Android 9),2021-05-06T05:16:23.056Z,着席,あ,false,63.2,83.60000000000001,9.4,-1.7000000000000002,-2.6,0,-1.5,-11.9,-1.1,-78.80000000000001,-11.8,59.1
Chrome Mobile,90.0.4430.82,Asus X01AD,Asus,Blink,[object Object],Chrome Mobile 90.0.4430.82 on Asus X01AD (Android 9),2021-05-06T05:16:23.258Z,着席,あ,false,85.4,77,-14.100000000000001,2.6,10.100000000000001,1,2.1,0.2,-1.2000000000000002,153.50000000000003,2.3,-82
Chrome Mobile,90.0.4430.82,Asus X01AD,Asus,Blink,[object Object],Chrome Mobile 90.0.4430.82 on Asus X01AD (Android 9),2021-05-06T05:16:23.458Z,着席,あ,false,72.4,79.7,0.7000000000000001,-1.1,1.9000000000000001,0.1,-1,-7.300000000000001,-1.6,-155.70000000000002,44.2,78.9
Chrome Mobile,90.0.4430.82,Asus X01AD,Asus,Blink,[object Object],Chrome Mobile 90.0.4430.82 on Asus X01AD (Android 9),2021-05-06T05:16:23.658Z,着席,あ,false,94.80000000000001,79.5,-20.6,1.5,6.800000000000001,0.30000000000000004,0.9,-3.1,-1.4000000000000001,154.10000000000002,-24.3,-95.20000000000002
Chrome Mobile,90.0.4430.82,Asus X01AD,Asus,Blink,[object Object],Chrome Mobile 90.0.4430.82 on Asus X01AD (Android 9),2021-05-06T05:16:23.859Z,着席,あ,false,86.30000000000001,78.10000000000001,-13.8,1,6.1000000000000005,-2,0.5,-2.9000000000000004,-3.9000000000000004,-180.29999999999998,19.6,110.10000000000001
Chrome Mobile,90.0.4430.82,Asus X01AD,Asus,Blink,[object Object],Chrome Mobile 90.0.4430.82 on Asus X01AD (Android 9),2021-05-06T05:16:24.064Z,着席,あ,false,78.60000000000001,77,-5.1000000000000005,1.2000000000000002,4.5,1.1,1,-5.4,-1.2000000000000002,112.30000000000001,1.1,-106.1
Chrome Mobile,90.0.4430.82,Asus X01AD,Asus,Blink,[object Object],Chrome Mobile 90.0.4430.82 on Asus X01AD (Android 9),2021-05-06T05:16:24.265Z,着席,あ,false,82.60000000000001,73.9,-8.200000000000001,0.5,10.100000000000001,0.30000000000000004,0.1,1.2000000000000002,-2.2,-134.3,-11.1,107.4
Chrome Mobile,90.0.4430.82,Asus X01AD,Asus,Blink,[object Object],Chrome Mobile 90.0.4430.82 on Asus X01AD (Android 9),2021-05-06T05:16:24.466Z,着席,あ,false,60.2,80.9,11.5,-0.6000000000000001,2.1,0.8,-0.30000000000000004,-7.800000000000001,-0.7000000000000001,121.2,0.4,-96.7
Chrome Mobile,90.0.4430.82,Asus X01AD,Asus,Blink,[object Object],Chrome Mobile 90.0.4430.82 on Asus X01AD (Android 9),2021-05-06T05:16:24.667Z,着席,あ,false,83.2,74.9,-11.5,2.1,15.700000000000001,2.6,1.6,6.7,0.2,-191.1,-16.4,106.20000000000002
Chrome Mobile,90.0.4430.82,Asus X01AD,Asus,Blink,[object Object],Chrome Mobile 90.0.4430.82 on Asus X01AD (Android 9),2021-05-06T05:16:24.867Z,着席,あ,false,35.5,83,36.2,0,-0.7000000000000001,-0.7000000000000001,0.7000000000000001,-10.600000000000001,-1.7000000000000002,81.10000000000001,-9.3,-79.3
Chrome Mobile,90.0.4430.82,Asus X01AD,Asus,Blink,[object Object],Chrome Mobile 90.0.4430.82 on Asus X01AD (Android 9),2021-05-06T05:16:25.068Z,着席,あ,false,92.10000000000001,67.60000000000001,-21.5,5.7,26.400000000000002,12.5,4.3,17.7,9.1,-136,-52.2,107.7
Chrome Mobile,90.0.4430.82,Asus X01AD,Asus,Blink,[object Object],Chrome Mobile 90.0.4430.82 on Asus X01AD (Android 9),2021-05-06T05:16:25.269Z,着席,あ,false,24.200000000000003,82.30000000000001,43.7,-2.5,-2.4000000000000004,2.4000000000000004,-1.5,-12.200000000000001,1.4000000000000001,63.4,-9.3,-86.7
Chrome Mobile,90.0.4430.82,Asus X01AD,Asus,Blink,[object Object],Chrome Mobile 90.0.4430.82 on Asus X01AD (Android 9),2021-05-06T05:16:25.469Z,着席,あ,false,95,70.4,-25.5,9.4,27.5,12.200000000000001,8,18.6,9.3,-120.4,-30.599999999999998,109.10000000000001
Chrome Mobile,90.0.4430.82,Asus X01AD,Asus,Blink,[object Object],Chrome Mobile 90.0.4430.82 on Asus X01AD (Android 9),2021-05-06T05:16:25.670Z,着席,あ,false,12.700000000000001,84,55.1,-2.5,-2.4000000000000004,1.1,-1.6,-12.200000000000001,0.5,49.50000000000001,-23.700000000000003,-66.3
Chrome Mobile,90.0.4430.82,Asus X01AD,Asus,Blink,[object Object],Chrome Mobile 90.0.4430.82 on Asus X01AD (Android 9),2021-05-06T05:16:25.871Z,着席,あ,false,91.7,68.2,-22.1,7.5,29.8,11.9,6.2,20.8,8.6,-77.5,-26.200000000000003,45.400000000000006
Chrome Mobile,90.0.4430.82,Asus X01AD,Asus,Blink,[object Object],Chrome Mobile 90.0.4430.82 on Asus X01AD (Android 9),2021-05-06T05:16:26.071Z,着席,あ,false,16.8,82.4,53,-1.8,-2.3000000000000003,1.7000000000000002,-0.8,-12.100000000000001,1,51.2,2.1,-66.9
Chrome Mobile,90.0.4430.82,Asus X01AD,Asus,Blink,[object Object],Chrome Mobile 90.0.4430.82 on Asus X01AD (Android 9),2021-05-06T05:16:26.272Z,着席,あ,false,82.10000000000001,68.2,-10.200000000000001,4.9,29.200000000000003,14.4,4.2,20.200000000000003,10.9,-53.300000000000004,-6.4,38.2
Chrome Mobile,90.0.4430.82,Asus X01AD,Asus,Blink,[object Object],Chrome Mobile 90.0.4430.82 on Asus X01AD (Android 9),2021-05-06T05:16:26.473Z,着席,あ,false,17.2,82.80000000000001,54.5,-3.6,-4.6000000000000005,1,-2.6,-14.200000000000001,0.30000000000000004,-7.200000000000001,2.5,2
Chrome Mobile,90.0.4430.82,Asus X01AD,Asus,Blink,[object Object],Chrome Mobile 90.0.4430.82 on Asus X01AD (Android 9),2021-05-06T05:16:26.674Z,着席,あ,false,86.9,66.10000000000001,-14.3,5.2,26.200000000000003,10.5,4.2,17.1,6.5,73.10000000000001,26.200000000000003,-10
Chrome Mobile,90.0.4430.82,Asus X01AD,Asus,Blink,[object Object],Chrome Mobile 90.0.4430.82 on Asus X01AD (Android 9),2021-05-06T05:16:26.875Z,着席,あ,false,31.3,82.5,43.2,-3.4000000000000004,-4.2,0.2,-2.5,-13.700000000000001,-0.7000000000000001,-27.800000000000004,18.3,24.5
Chrome Mobile,90.0.4430.82,Asus X01AD,Asus,Blink,[object Object],Chrome Mobile 90.0.4430.82 on Asus X01AD (Android 9),2021-05-06T05:16:27.075Z,着席,あ,false,85.5,69.8,-10.5,3.1,19.1,7,2.4000000000000004,9.600000000000001,3.6,117.1,31.799999999999997,-45.099999999999994
Chrome Mobile,90.0.4430.82,Asus X01AD,Asus,Blink,[object Object],Chrome Mobile 90.0.4430.82 on Asus X01AD (Android 9),2021-05-06T05:16:27.276Z,着席,あ,false,36.6,82.80000000000001,39.2,-3.1,-3.8000000000000003,-1.7000000000000002,-2.3000000000000003,-13.200000000000001,-2.6,-47.400000000000006,12.600000000000001,50.1
Chrome Mobile,90.0.4430.82,Asus X01AD,Asus,Blink,[object Object],Chrome Mobile 90.0.4430.82 on Asus X01AD (Android 9),2021-05-06T05:16:27.476Z,着席,あ,false,83.5,73.9,-6.2,1.9000000000000001,12.5,3.9000000000000004,1.6,2.8000000000000003,1.2000000000000002,123.7,39,-66.7
Chrome Mobile,90.0.4430.82,Asus X01AD,Asus,Blink,[object Object],Chrome Mobile 90.0.4430.82 on Asus X01AD (Android 9),2021-05-06T05:16:27.677Z,着席,あ,false,79.9,78.2,-2.2,0.30000000000000004,4.2,-1.8,0.30000000000000004,-4.9,-3.7,-133.70000000000002,-15.000000000000002,106.30000000000001
Chrome Mobile,90.0.4430.82,Asus X01AD,Asus,Blink,[object Object],Chrome Mobile 90.0.4430.82 on Asus X01AD (Android 9),2021-05-06T05:16:27.878Z,着席,あ,false,83.4,81.5,-5.7,0.5,3.7,-0.2,0.30000000000000004,-6.2,-1.7000000000000002,125.00000000000001,-11.1,-59.9
Chrome Mobile,90.0.4430.82,Asus X01AD,Asus,Blink,[object Object],Chrome Mobile 90.0.4430.82 on Asus X01AD (Android 9),2021-05-06T05:16:28.079Z,着席,あ,false,87.60000000000001,73.7,-10.3,2.8000000000000003,17.7,5.1000000000000005,2.3000000000000003,8.700000000000001,2.5,-176.10000000000002,15.299999999999999,72.80000000000001
Chrome Mobile,90.0.4430.82,Asus X01AD,Asus,Blink,[object Object],Chrome Mobile 90.0.4430.82 on Asus X01AD (Android 9),2021-05-06T05:16:28.279Z,着席,あ,false,62.5,84,14.100000000000001,-1,-0.5,-0.2,-0.8,-10.4,-1.2000000000000002,54.1,-0.1,-62.900000000000006
Chrome Mobile,90.0.4430.82,Asus X01AD,Asus,Blink,[object Object],Chrome Mobile 90.0.4430.82 on Asus X01AD (Android 9),2021-05-06T05:16:28.480Z,着席,あ,false,94.30000000000001,65.7,-18.7,7.4,27.200000000000003,16,6.2,18.400000000000002,12.3,-52.80000000000001,-58.7,53.50000000000001
Chrome Mobile,90.0.4430.82,Asus X01AD,Asus,Blink,[object Object],Chrome Mobile 90.0.4430.82 on Asus X01AD (Android 9),2021-05-06T05:16:28.680Z,着席,あ,false,49.5,81,28.3,-4.4,-4.4,-0.5,-3.7,-13.9,-1.8,-5.1000000000000005,28.400000000000002,-21.6
Chrome Mobile,90.0.4430.82,Asus X01AD,Asus,Blink,[object Object],Chrome Mobile 90.0.4430.82 on Asus X01AD (Android 9),2021-05-06T05:16:28.881Z,着席,あ,false,90.2,67.60000000000001,-13.4,6.2,21.6,10.700000000000001,5.300000000000001,12.3,7,84.3,59.1,-35.3
Chrome Mobile,90.0.4430.82,Asus X01AD,Asus,Blink,[object Object],Chrome Mobile 90.0.4430.82 on Asus X01AD (Android 9),2021-05-06T05:16:29.082Z,着席,あ,false,56.900000000000006,82.30000000000001,20.900000000000002,-1.8,-3.4000000000000004,-0.6000000000000001,-1.4000000000000001,-12.700000000000001,-1.8,-80.4,-18.8,52.400000000000006
Chrome Mobile,90.0.4430.82,Asus X01AD,Asus,Blink,[object Object],Chrome Mobile 90.0.4430.82 on Asus X01AD (Android 9),2021-05-06T05:16:29.282Z,着席,あ,false,87.4,74.7,-12,2.7,11.9,4,2.1,2.1,1.4000000000000001,146.3,-1.8000000000000003,-98.7
Chrome Mobile,90.0.4430.82,Asus X01AD,Asus,Blink,[object Object],Chrome Mobile 90.0.4430.82 on Asus X01AD (Android 9),2021-05-06T05:16:29.483Z,着席,あ,false,64,81.9,11.700000000000001,-0.9,1,-1.4000000000000001,-0.6000000000000001,-8.200000000000001,-2.7,-112.9,4.7,102.4
Chrome Mobile,90.0.4430.82,Asus X01AD,Asus,Blink,[object Object],Chrome Mobile 90.0.4430.82 on Asus X01AD (Android 9),2021-05-06T05:16:29.689Z,着席,あ,false,97,79,-20.900000000000002,3.1,9.700000000000001,2.2,2.4000000000000004,-0.30000000000000004,0.30000000000000004,139,2.3,-102.5
Chrome Mobile,90.0.4430.82,Asus X01AD,Asus,Blink,[object Object],Chrome Mobile 90.0.4430.82 on Asus X01AD (Android 9),2021-05-06T05:16:29.890Z,着席,あ,false,82.7,76.5,-4.4,0.1,8.5,-0.6000000000000001,0,-0.5,-2.7,-218.4,17.400000000000002,96.20000000000002
Chrome Mobile,90.0.4430.82,Asus X01AD,Asus,Blink,[object Object],Chrome Mobile 90.0.4430.82 on Asus X01AD (Android 9),2021-05-06T05:16:30.104Z,着席,あ,false,82.10000000000001,82.10000000000001,-6.6000000000000005,0.8,2.9000000000000004,1.6,0.6000000000000001,-7.1000000000000005,0.2,127.9,-33,-104.10000000000001
Chrome Mobile,90.0.4430.82,Asus X01AD,Asus,Blink,[object Object],Chrome Mobile 90.0.4430.82 on Asus X01AD (Android 9),2021-05-06T05:16:30.311Z,着席,あ,false,84.30000000000001,73.3,-7.300000000000001,2.2,11,0.5,2,2,-1.8,-204.5,9.8,108.10000000000001
Chrome Mobile,90.0.4430.82,Asus X01AD,Asus,Blink,[object Object],Chrome Mobile 90.0.4430.82 on Asus X01AD (Android 9),2021-05-06T05:16:30.512Z,着席,あ,false,40.1,86,35.6,-1.3,-3,1.5,-0.9,-12.9,0.9,82.2,-7.699999999999999,-74
Chrome Mobile,90.0.4430.82,Asus X01AD,Asus,Blink,[object Object],Chrome Mobile 90.0.4430.82 on Asus X01AD (Android 9),2021-05-06T05:16:30.712Z,着席,あ,false,102.10000000000001,67.8,-25.6,9.3,30.8,16.900000000000002,7.7,21.900000000000002,13.700000000000001,-128.5,-14.800000000000002,26.700000000000003
Chrome Mobile,90.0.4430.82,Asus X01AD,Asus,Blink,[object Object],Chrome Mobile 90.0.4430.82 on Asus X01AD (Android 9),2021-05-06T05:16:30.913Z,着席,あ,false,26.900000000000002,85,48.400000000000006,-3.2,-4,0.9,-2.5,-13.8,0.4,41.7,-2.9,-58.5
Chrome Mobile,90.0.4430.82,Asus X01AD,Asus,Blink,[object Object],Chrome Mobile 90.0.4430.82 on Asus X01AD (Android 9),2021-05-06T05:16:31.114Z,着席,あ,false,106.80000000000001,67.7,-30.400000000000002,10.9,31.5,11.200000000000001,9.1,22.6,8,-37.2,26.6,54.9
Chrome Mobile,90.0.4430.82,Asus X01AD,Asus,Blink,[object Object],Chrome Mobile 90.0.4430.82 on Asus X01AD (Android 9),2021-05-06T05:16:31.314Z,着席,あ,false,21.5,82.7,54.900000000000006,-4.4,-5.1000000000000005,1,-3.3000000000000003,-14.8,0.30000000000000004,-2.5,23.400000000000002,-43.800000000000004
Chrome Mobile,90.0.4430.82,Asus X01AD,Asus,Blink,[object Object],Chrome Mobile 90.0.4430.82 on Asus X01AD (Android 9),2021-05-06T05:16:31.515Z,着席,あ,false,89.80000000000001,65.7,-10,4,27.700000000000003,12.9,3.2,18.7,8.9,-11.700000000000001,52.60000000000001,-37.800000000000004
Chrome Mobile,90.0.4430.82,Asus X01AD,Asus,Blink,[object Object],Chrome Mobile 90.0.4430.82 on Asus X01AD (Android 9),2021-05-06T05:16:31.716Z,着席,あ,false,19.3,81.4,61.1,-3.4000000000000004,-4.800000000000001,0.8,-2.1,-14.4,0.1,24.8,8.899999999999999,-27.6
Chrome Mobile,90.0.4430.82,Asus X01AD,Asus,Blink,[object Object],Chrome Mobile 90.0.4430.82 on Asus X01AD (Android 9),2021-05-06T05:16:31.916Z,着席,あ,false,97.60000000000001,64.3,-16.2,8,30.3,11.600000000000001,6.800000000000001,21.5,7.5,3,-0.4,47.900000000000006
Chrome Mobile,90.0.4430.82,Asus X01AD,Asus,Blink,[object Object],Chrome Mobile 90.0.4430.82 on Asus X01AD (Android 9),2021-05-06T05:16:32.117Z,着席,あ,false,34.4,80.30000000000001,45,-5.7,-6.300000000000001,1.5,-4.4,-15.600000000000001,1.3,22.1,26.700000000000003,-15.299999999999999
Chrome Mobile,90.0.4430.82,Asus X01AD,Asus,Blink,[object Object],Chrome Mobile 90.0.4430.82 on Asus X01AD (Android 9),2021-05-06T05:16:32.318Z,着席,あ,false,94.9,65.7,-15.4,6.5,29.3,11.9,5.4,20.3,8,20.1,4.7,-21.500000000000004
Chrome Mobile,90.0.4430.82,Asus X01AD,Asus,Blink,[object Object],Chrome Mobile 90.0.4430.82 on Asus X01AD (Android 9),2021-05-06T05:16:32.518Z,着席,あ,false,25.5,82.4,53.6,-3.6,-5.2,-0.2,-2.5,-14.8,-1,-1.4,5.1000000000000005,3.9
Chrome Mobile,90.0.4430.82,Asus X01AD,Asus,Blink,[object Object],Chrome Mobile 90.0.4430.82 on Asus X01AD (Android 9),2021-05-06T05:16:32.719Z,着席,あ,false,94.30000000000001,67.8,-13.3,6.5,25.6,7.6000000000000005,5.6000000000000005,16.400000000000002,3.9000000000000004,70.7,27.5,-22.5
Chrome Mobile,90.0.4430.82,Asus X01AD,Asus,Blink,[object Object],Chrome Mobile 90.0.4430.82 on Asus X01AD (Android 9),2021-05-06T05:16:32.920Z,着席,あ,false,23.6,81.80000000000001,56.800000000000004,-4.2,-6.1000000000000005,-0.9,-3.1,-15.600000000000001,-1.7000000000000002,-25.200000000000003,30.5,34.900000000000006
Chrome Mobile,90.0.4430.82,Asus X01AD,Asus,Blink,[object Object],Chrome Mobile 90.0.4430.82 on Asus X01AD (Android 9),2021-05-06T05:16:33.120Z,着席,あ,false,98.5,68,-18.2,7.800000000000001,25,7.6000000000000005,6.6000000000000005,15.700000000000001,4,93.7,13.5,-18.700000000000003
Chrome Mobile,90.0.4430.82,Asus X01AD,Asus,Blink,[object Object],Chrome Mobile 90.0.4430.82 on Asus X01AD (Android 9),2021-05-06T05:16:33.321Z,着席,あ,false,39.5,80.7,41.1,-2.7,-5.5,-1.8,-1.7000000000000002,-14.9,-2.9000000000000004,-57.1,17.6,39.50000000000001
Chrome Mobile,90.0.4430.82,Asus X01AD,Asus,Blink,[object Object],Chrome Mobile 90.0.4430.82 on Asus X01AD (Android 9),2021-05-06T05:16:33.522Z,着席,あ,false,85.30000000000001,69.5,-6.6000000000000005,3.9000000000000004,18.8,6.1000000000000005,3.5,9.3,2.6,159.8,2.9,-34.900000000000006
Chrome Mobile,90.0.4430.82,Asus X01AD,Asus,Blink,[object Object],Chrome Mobile 90.0.4430.82 on Asus X01AD (Android 9),2021-05-06T05:16:33.723Z,着席,あ,false,24.400000000000002,83.30000000000001,52.800000000000004,-3,-3.6,-1.1,-2.1,-13,-1.7000000000000002,-77.20000000000002,27.2,54.50000000000001
Chrome Mobile,90.0.4430.82,Asus X01AD,Asus,Blink,[object Object],Chrome Mobile 90.0.4430.82 on Asus X01AD (Android 9),2021-05-06T05:16:33.923Z,着席,あ,false,98.30000000000001,71.10000000000001,-21,6.4,19.8,5.9,5.2,10.200000000000001,2.8000000000000003,126.4,14,-81.8
Chrome Mobile,90.0.4430.82,Asus X01AD,Asus,Blink,[object Object],Chrome Mobile 90.0.4430.82 on Asus X01AD (Android 9),2021-05-06T05:16:34.124Z,着席,あ,false,1.1,82.9,75,-2.9000000000000004,-4.6000000000000005,-1.6,-1.8,-14,-1.9000000000000001,-53,17.7,52.7
Chrome Mobile,90.0.4430.82,Asus X01AD,Asus,Blink,[object Object],Chrome Mobile 90.0.4430.82 on Asus X01AD (Android 9),2021-05-06T05:16:34.324Z,着席,あ,false,98.2,66.9,-21.900000000000002,9.5,27.700000000000003,7.2,8,18.5,3.6,99.60000000000001,2.3,-3.7000000000000006
Chrome Mobile,90.0.4430.82,Asus X01AD,Asus,Blink,[object Object],Chrome Mobile 90.0.4430.82 on Asus X01AD (Android 9),2021-05-06T05:16:34.525Z,着席,あ,false,359.70000000000005,82.30000000000001,75.10000000000001,-3.4000000000000004,-4.5,0.30000000000000004,-2.2,-14.100000000000001,-0.1,-10.5,17.200000000000003,-5.7
Chrome Mobile,90.0.4430.82,Asus X01AD,Asus,Blink,[object Object],Chrome Mobile 90.0.4430.82 on Asus X01AD (Android 9),2021-05-06T05:16:34.725Z,着席,あ,false,91.4,69.8,-16.1,5.5,27.700000000000003,8.8,4.6000000000000005,18.400000000000002,5.5,76.60000000000001,12.7,10.600000000000001
Chrome Mobile,90.0.4430.82,Asus X01AD,Asus,Blink,[object Object],Chrome Mobile 90.0.4430.82 on Asus X01AD (Android 9),2021-05-06T05:16:34.926Z,着席,あ,false,4.3,81.60000000000001,71.7,-5.1000000000000005,-6.7,-0.9,-3.7,-16.2,-1.3,-30.3,20.400000000000002,28.400000000000002
Chrome Mobile,90.0.4430.82,Asus X01AD,Asus,Blink,[object Object],Chrome Mobile 90.0.4430.82 on Asus X01AD (Android 9),2021-05-06T05:16:35.126Z,着席,あ,false,98,66.8,-21.400000000000002,6.5,25.8,11.100000000000001,5,16.6,7.4,93.89999999999999,37.1,-17.200000000000003
Chrome Mobile,90.0.4430.82,Asus X01AD,Asus,Blink,[object Object],Chrome Mobile 90.0.4430.82 on Asus X01AD (Android 9),2021-05-06T05:16:35.327Z,着席,あ,false,11.200000000000001,80.5,64,-4.9,-5.5,-0.9,-3.5,-15,-1.6,-34.300000000000004,-3.8,-3.6000000000000005
Chrome Mobile,90.0.4430.82,Asus X01AD,Asus,Blink,[object Object],Chrome Mobile 90.0.4430.82 on Asus X01AD (Android 9),2021-05-06T05:16:35.527Z,着席,あ,false,100.60000000000001,73.7,-26.1,6.5,21,3.2,5.2,11.3,0.7000000000000001,128.60000000000002,13.6,-49.699999999999996
Chrome Mobile,90.0.4430.82,Asus X01AD,Asus,Blink,[object Object],Chrome Mobile 90.0.4430.82 on Asus X01AD (Android 9),2021-05-06T05:16:35.727Z,着席,あ,false,3.3000000000000003,82.10000000000001,68.4,-4.800000000000001,-5.4,-0.8,-3.6,-14.8,-1.2000000000000002,-58,11.1,66.7
Chrome Mobile,90.0.4430.82,Asus X01AD,Asus,Blink,[object Object],Chrome Mobile 90.0.4430.82 on Asus X01AD (Android 9),2021-05-06T05:16:35.928Z,着席,あ,false,91.80000000000001,80.4,-15.700000000000001,4.4,13,0.9,3.9000000000000004,2.9000000000000004,-0.7000000000000001,183.4,30.799999999999997,-121.10000000000001
Chrome Mobile,90.0.4430.82,Asus X01AD,Asus,Blink,[object Object],Chrome Mobile 90.0.4430.82 on Asus X01AD (Android 9),2021-05-06T05:16:36.138Z,着席,あ,false,355.40000000000003,84.60000000000001,78.4,-2.2,-0.9,-2.1,-1.4000000000000001,-10.100000000000001,-2.3000000000000003,-127.3,-6.4,141.4
Chrome Mobile,90.0.4430.82,Asus X01AD,Asus,Blink,[object Object],Chrome Mobile 90.0.4430.82 on Asus X01AD (Android 9),2021-05-06T05:16:36.339Z,着席,あ,false,81.60000000000001,41.7,-8.6,2.5,7.300000000000001,12.700000000000001,1.4000000000000001,0.9,5.7,-169.9,36.300000000000004,-59.80000000000001
Chrome Mobile,90.0.4430.82,Asus X01AD,Asus,Blink,[object Object],Chrome Mobile 90.0.4430.82 on Asus X01AD (Android 9),2021-05-06T05:16:36.540Z,着席,あ,false,72.5,31.900000000000002,0.2,0.8,4.4,7.6000000000000005,0.8,-0.8,-0.6000000000000001,-7.9,20.5,0