platform_name,platform_version,platform_product,platform_manufacturer,platform_layout,platform_os,platform_description,date,label,s_movement,do_absolute,do_alpha,do_beta,do_gamma,acc_g_x,acc_g_y,acc_g_z,acc_x,acc_y,acc_z,rot_alpha,rot_beta,rot_gamma
Chrome Mobile,90.0.4430.82,Asus X01AD,Asus,Blink,[object Object],Chrome Mobile 90.0.4430.82 on Asus X01AD (Android 9),2021-05-06T06:10:07.204Z,歩行,あ,false,198.70000000000002,18.6,2,-0.2,2.3000000000000003,8.9,0.2,-0.9,-0.4,-5.7,-12.100000000000001,-6.1000000000000005
Chrome Mobile,90.0.4430.82,Asus X01AD,Asus,Blink,[object Object],Chrome Mobile 90.0.4430.82 on Asus X01AD (Android 9),2021-05-06T06:10:07.405Z,歩行,あ,false,205,81.60000000000001,-73.60000000000001,2.4000000000000004,-2.3000000000000003,5.9,1.2000000000000002,-11.200000000000001,5.5,-174.4,-12.299999999999999,99.30000000000001
Chrome Mobile,90.0.4430.82,Asus X01AD,Asus,Blink,[object Object],Chrome Mobile 90.0.4430.82 on Asus X01AD (Android 9),2021-05-06T06:10:07.606Z,歩行,あ,false,165.9,60.1,-32.300000000000004,11.4,24.3,5.7,8.6,15.100000000000001,1.3,250.00000000000003,-13.6,-87.3
Chrome Mobile,90.0.4430.82,Asus X01AD,Asus,Blink,[object Object],Chrome Mobile 90.0.4430.82 on Asus X01AD (Android 9),2021-05-06T06:10:07.807Z,歩行,あ,false,171.60000000000002,99.10000000000001,-34.1,-2.1,-4.2,0.9,-1.2000000000000002,-14.100000000000001,2.3000000000000003,67.60000000000001,10.200000000000001,-52.7
Chrome Mobile,90.0.4430.82,Asus X01AD,Asus,Blink,[object Object],Chrome Mobile 90.0.4430.82 on Asus X01AD (Android 9),2021-05-06T06:10:08.008Z,歩行,あ,false,200.20000000000002,86.10000000000001,-65,2.1,-3.4000000000000004,2.8000000000000003,1.6,-12.200000000000001,2.5,-186.10000000000002,-26.5,99.8
Chrome Mobile,90.0.4430.82,Asus X01AD,Asus,Blink,[object Object],Chrome Mobile 90.0.4430.82 on Asus X01AD (Android 9),2021-05-06T06:10:08.219Z,歩行,あ,false,163.4,65,-24.5,12.5,21.900000000000002,5.7,10.600000000000001,12.4,1.6,250.00000000000003,-3.3000000000000007,-128.3
Chrome Mobile,90.0.4430.82,Asus X01AD,Asus,Blink,[object Object],Chrome Mobile 90.0.4430.82 on Asus X01AD (Android 9),2021-05-06T06:10:08.420Z,歩行,あ,false,188.9,110.7,-55,-2.4000000000000004,-8.1,0.6000000000000001,0.30000000000000004,-17,2.5,20.599999999999998,9.3,37.7
Chrome Mobile,90.0.4430.82,Asus X01AD,Asus,Blink,[object Object],Chrome Mobile 90.0.4430.82 on Asus X01AD (Android 9),2021-05-06T06:10:08.621Z,歩行,あ,false,174.8,76.4,-45.7,6.300000000000001,7.2,3.5,4.9,-1,2.1,-250.00000000000003,-102.4,230.5
Chrome Mobile,90.0.4430.82,Asus X01AD,Asus,Blink,[object Object],Chrome Mobile 90.0.4430.82 on Asus X01AD (Android 9),2021-05-06T06:10:08.822Z,歩行,あ,false,158.8,82,-22.6,5.800000000000001,-0.5,11.100000000000001,5.300000000000001,-10.8,9.8,215.2,14.600000000000001,-249.90000000000003
Chrome Mobile,90.0.4430.82,Asus X01AD,Asus,Blink,[object Object],Chrome Mobile 90.0.4430.82 on Asus X01AD (Android 9),2021-05-06T06:10:09.023Z,歩行,あ,false,174.4,118.80000000000001,-36.4,-0.5,-6.300000000000001,-2.7,2.1,-14.4,0.8,67.00000000000001,-41.1,64.4
Chrome Mobile,90.0.4430.82,Asus X01AD,Asus,Blink,[object Object],Chrome Mobile 90.0.4430.82 on Asus X01AD (Android 9),2021-05-06T06:10:09.224Z,歩行,あ,false,211.8,82.7,-79.9,4.6000000000000005,6.5,5.1000000000000005,3.6,-1.7000000000000002,4.9,-250.00000000000003,5.6,248.3
Chrome Mobile,90.0.4430.82,Asus X01AD,Asus,Blink,[object Object],Chrome Mobile 90.0.4430.82 on Asus X01AD (Android 9),2021-05-06T06:10:09.425Z,歩行,あ,false,211.9,78.2,-75.60000000000001,5.2,3.1,15.4,5.1000000000000005,-2.5,11.9,159.3,-41,-249.90000000000003
Chrome Mobile,90.0.4430.82,Asus X01AD,Asus,Blink,[object Object],Chrome Mobile 90.0.4430.82 on Asus X01AD (Android 9),2021-05-06T06:10:09.625Z,歩行,あ,false,179.10000000000002,113.7,-40,-1.2000000000000002,-9.8,-0.8,1.1,-17.900000000000002,1.9000000000000001,6.1000000000000005,-9.3,55.60000000000001
Chrome Mobile,90.0.4430.82,Asus X01AD,Asus,Blink,[object Object],Chrome Mobile 90.0.4430.82 on Asus X01AD (Android 9),2021-05-06T06:10:09.826Z,歩行,あ,false,196.3,65.7,-64.3,20.700000000000003,15.200000000000001,22,17.7,8,20.6,-250.00000000000003,-87.2,250.00000000000003
Chrome Mobile,90.0.4430.82,Asus X01AD,Asus,Blink,[object Object],Chrome Mobile 90.0.4430.82 on Asus X01AD (Android 9),2021-05-06T06:10:10.027Z,歩行,あ,false,207.60000000000002,80.4,-70.4,1.1,-6,14.200000000000001,-0.5,-15.8,13.700000000000001,250.00000000000003,-30.9,-249.90000000000003
Chrome Mobile,90.0.4430.82,Asus X01AD,Asus,Blink,[object Object],Chrome Mobile 90.0.4430.82 on Asus X01AD (Android 9),2021-05-06T06:10:10.227Z,歩行,あ,false,169.3,114.7,-34.2,-1.4000000000000001,-6.9,-2.8000000000000003,0.6000000000000001,-14.700000000000001,0.2,10.5,2.1,50.60000000000001
Chrome Mobile,90.0.4430.82,Asus X01AD,Asus,Blink,[object Object],Chrome Mobile 90.0.4430.82 on Asus X01AD (Android 9),2021-05-06T06:10:10.428Z,歩行,あ,false,204.10000000000002,69.3,-74.5,12,14.8,12.700000000000001,9.4,7.6000000000000005,12,-249.80000000000004,9.100000000000001,249.6
Chrome Mobile,90.0.4430.82,Asus X01AD,Asus,Blink,[object Object],Chrome Mobile 90.0.4430.82 on Asus X01AD (Android 9),2021-05-06T06:10:10.629Z,歩行,あ,false,214.5,77.30000000000001,-76.7,2.3000000000000003,-2.1,11.9,0.30000000000000004,-11.600000000000001,11.4,250.00000000000003,-40.4,-249.90000000000003
Chrome Mobile,90.0.4430.82,Asus X01AD,Asus,Blink,[object Object],Chrome Mobile 90.0.4430.82 on Asus X01AD (Android 9),2021-05-06T06:10:10.830Z,歩行,あ,false,161.5,108,-23.3,-0.7000000000000001,-6.9,-1.3,0.5,-14.9,1.1,32.7,20.3,64.9
Chrome Mobile,90.0.4430.82,Asus X01AD,Asus,Blink,[object Object],Chrome Mobile 90.0.4430.82 on Asus X01AD (Android 9),2021-05-06T06:10:11.030Z,歩行,あ,false,222.5,62.400000000000006,-89.30000000000001,15.8,11.9,-0.4,12.3,5.2,-0.4,-250.00000000000003,-13.100000000000001,249.4
Chrome Mobile,90.0.4430.82,Asus X01AD,Asus,Blink,[object Object],Chrome Mobile 90.0.4430.82 on Asus X01AD (Android 9),2021-05-06T06:10:11.231Z,歩行,あ,false,211.4,67.9,-72.2,5.2,2.6,21.200000000000003,1.7000000000000002,-6.5,20.1,172.6,-42.60000000000001,-249.90000000000003
Chrome Mobile,90.0.4430.82,Asus X01AD,Asus,Blink,[object Object],Chrome Mobile 90.0.4430.82 on Asus X01AD (Android 9),2021-05-06T06:10:11.432Z,歩行,あ,false,173.3,110.60000000000001,-32.800000000000004,-1.5,-8.1,-0.6000000000000001,0.1,-16,1.9000000000000001,59.9,-24,29.400000000000002
Chrome Mobile,90.0.4430.82,Asus X01AD,Asus,Blink,[object Object],Chrome Mobile 90.0.4430.82 on Asus X01AD (Android 9),2021-05-06T06:10:11.634Z,歩行,あ,false,48.5,116.2,86.30000000000001,14.700000000000001,5.800000000000001,6.1000000000000005,11.5,-0.7000000000000001,6.300000000000001,-249.80000000000004,-16.1,250.10000000000002
Chrome Mobile,90.0.4430.82,Asus X01AD,Asus,Blink,[object Object],Chrome Mobile 90.0.4430.82 on Asus X01AD (Android 9),2021-05-06T06:10:11.835Z,歩行,あ,false,224.60000000000002,71.2,-84.5,3.7,-0.9,19.400000000000002,0.7000000000000001,-9.9,19.1,245.59999999999997,-47.1,-249.90000000000003
Chrome Mobile,90.0.4430.82,Asus X01AD,Asus,Blink,[object Object],Chrome Mobile 90.0.4430.82 on Asus X01AD (Android 9),2021-05-06T06:10:12.035Z,歩行,あ,false,160.4,115.80000000000001,-20,0.2,-6.7,-1.8,1.4000000000000001,-14.100000000000001,1.6,44.8,0.8,21.1
Chrome Mobile,90.0.4430.82,Asus X01AD,Asus,Blink,[object Object],Chrome Mobile 90.0.4430.82 on Asus X01AD (Android 9),2021-05-06T06:10:12.236Z,歩行,あ,false,55.900000000000006,111.7,75.3,5.7,3.7,2.6,3.4000000000000004,-3.1,3.6,-250.00000000000003,-79.8,250.10000000000002
Chrome Mobile,90.0.4430.82,Asus X01AD,Asus,Blink,[object Object],Chrome Mobile 90.0.4430.82 on Asus X01AD (Android 9),2021-05-06T06:10:12.442Z,歩行,あ,false,212.70000000000002,73.5,-82.30000000000001,5.6000000000000005,2.5,14.4,3,-6.4,14.100000000000001,76.7,29.800000000000004,-249.90000000000003
Chrome Mobile,90.0.4430.82,Asus X01AD,Asus,Blink,[object Object],Chrome Mobile 90.0.4430.82 on Asus X01AD (Android 9),2021-05-06T06:10:12.645Z,歩行,あ,false,152,113.4,-21.400000000000002,-1.2000000000000002,-5,-0.1,0,-12.5,3,60.1,-16.200000000000003,14.800000000000002
Chrome Mobile,90.0.4430.82,Asus X01AD,Asus,Blink,[object Object],Chrome Mobile 90.0.4430.82 on Asus X01AD (Android 9),2021-05-06T06:10:12.846Z,歩行,あ,false,78.7,108.2,50.300000000000004,3.5,-1.7000000000000002,-1,1.8,-8.4,0.4,-202.49999999999997,-8.4,240.9
Chrome Mobile,90.0.4430.82,Asus X01AD,Asus,Blink,[object Object],Chrome Mobile 90.0.4430.82 on Asus X01AD (Android 9),2021-05-06T06:10:13.047Z,歩行,あ,false,215.10000000000002,65.5,-87.2,13.8,14.9,-0.7000000000000001,10,6.6000000000000005,-0.9,139.60000000000002,-52.2,-249.90000000000003
Chrome Mobile,90.0.4430.82,Asus X01AD,Asus,Blink,[object Object],Chrome Mobile 90.0.4430.82 on Asus X01AD (Android 9),2021-05-06T06:10:13.258Z,歩行,あ,false,170.8,108.80000000000001,-35.2,-2.1,-6,4.6000000000000005,-0.6000000000000001,-13.8,6.800000000000001,-5.500000000000001,84.6,-63.2
Chrome Mobile,90.0.4430.82,Asus X01AD,Asus,Blink,[object Object],Chrome Mobile 90.0.4430.82 on Asus X01AD (Android 9),2021-05-06T06:10:13.463Z,歩行,あ,false,75.9,103.5,56,2.8000000000000003,-5.2,1.1,0.7000000000000001,-13,1.3,-171.90000000000003,-64.7,239.3
Chrome Mobile,90.0.4430.82,Asus X01AD,Asus,Blink,[object Object],Chrome Mobile 90.0.4430.82 on Asus X01AD (Android 9),2021-05-06T06:10:13.663Z,歩行,あ,false,202.8,66.2,-68.3,13.8,18.2,0.2,10.4,9.9,-1.1,181.2,-7.8,-249.90000000000003
Chrome Mobile,90.0.4430.82,Asus X01AD,Asus,Blink,[object Object],Chrome Mobile 90.0.4430.82 on Asus X01AD (Android 9),2021-05-06T06:10:13.864Z,歩行,あ,false,167.3,112.80000000000001,-31.1,-1.7000000000000002,-6.4,1.7000000000000002,-0.1,-13.8,4.4,50.60000000000001,14.800000000000002,-31.9
Chrome Mobile,90.0.4430.82,Asus X01AD,Asus,Blink,[object Object],Chrome Mobile 90.0.4430.82 on Asus X01AD (Android 9),2021-05-06T06:10:14.065Z,歩行,あ,false,107.4,104.60000000000001,24.3,1.8,-6,0,1,-12.8,1.6,-131.29999999999998,-30.200000000000003,248.20000000000002
Chrome Mobile,90.0.4430.82,Asus X01AD,Asus,Blink,[object Object],Chrome Mobile 90.0.4430.82 on Asus X01AD (Android 9),2021-05-06T06:10:14.266Z,歩行,あ,false,200.9,63,-72.10000000000001,18.1,32.800000000000004,-4.9,14,25.200000000000003,-6.5,247.7,-68.60000000000001,-211.9
Chrome Mobile,90.0.4430.82,Asus X01AD,Asus,Blink,[object Object],Chrome Mobile 90.0.4430.82 on Asus X01AD (Android 9),2021-05-06T06:10:14.467Z,歩行,あ,false,175.5,108.5,-38.2,-2.7,-5.800000000000001,1.2000000000000002,-1.1,-13.5,3.2,36.8,20.8,-26.799999999999997
Chrome Mobile,90.0.4430.82,Asus X01AD,Asus,Blink,[object Object],Chrome Mobile 90.0.4430.82 on Asus X01AD (Android 9),2021-05-06T06:10:14.668Z,歩行,あ,false,117.60000000000001,107.30000000000001,13.4,-0.9,-5.1000000000000005,0.30000000000000004,-1.4000000000000001,-11.8,2.4000000000000004,-114.80000000000001,11.3,195.3
Chrome Mobile,90.0.4430.82,Asus X01AD,Asus,Blink,[object Object],Chrome Mobile 90.0.4430.82 on Asus X01AD (Android 9),2021-05-06T06:10:14.869Z,歩行,あ,false,197.70000000000002,56.800000000000004,-70.10000000000001,21,39.1,4.2,16.400000000000002,32.1,2.2,250.00000000000003,-27.5,-65.2
Chrome Mobile,90.0.4430.82,Asus X01AD,Asus,Blink,[object Object],Chrome Mobile 90.0.4430.82 on Asus X01AD (Android 9),2021-05-06T06:10:15.069Z,歩行,あ,false,155.3,109.10000000000001,-25.5,-1.3,-5.7,-1.3,-0.1,-13.5,1.2000000000000002,36.6,62.800000000000004,-98.7
Chrome Mobile,90.0.4430.82,Asus X01AD,Asus,Blink,[object Object],Chrome Mobile 90.0.4430.82 on Asus X01AD (Android 9),2021-05-06T06:10:15.271Z,歩行,あ,false,141.1,107.60000000000001,-9,1.2000000000000002,-3.8000000000000003,5.1000000000000005,1.6,-10.700000000000001,7.300000000000001,-39,19.300000000000004,133.60000000000002
Chrome Mobile,90.0.4430.82,Asus X01AD,Asus,Blink,[object Object],Chrome Mobile 90.0.4430.82 on Asus X01AD (Android 9),2021-05-06T06:10:15.471Z,歩行,あ,false,189.60000000000002,52.6,-61.7,16.8,39.1,24.6,12.5,32.7,22.3,6.1000000000000005,46.9,102.89999999999999
Chrome Mobile,90.0.4430.82,Asus X01AD,Asus,Blink,[object Object],Chrome Mobile 90.0.4430.82 on Asus X01AD (Android 9),2021-05-06T06:10:15.672Z,歩行,あ,false,142.3,106.60000000000001,-10.600000000000001,-0.2,-5.300000000000001,-0.7000000000000001,0.1,-13.3,1.5,130,-11.2,-153
Chrome Mobile,90.0.4430.82,Asus X01AD,Asus,Blink,[object Object],Chrome Mobile 90.0.4430.82 on Asus X01AD (Android 9),2021-05-06T06:10:15.873Z,歩行,あ,false,151.8,110.10000000000001,-19.900000000000002,-1.6,-5.2,0.6000000000000001,-0.7000000000000001,-12,2.9000000000000004,-55.8,10.5,102.3
Chrome Mobile,90.0.4430.82,Asus X01AD,Asus,Blink,[object Object],Chrome Mobile 90.0.4430.82 on Asus X01AD (Android 9),2021-05-06T06:10:16.073Z,歩行,あ,false,185.5,57.400000000000006,-54.5,9.4,39.1,18.3,6.1000000000000005,32.7,15.9,-167.40000000000003,-2.2,74.89999999999999
Chrome Mobile,90.0.4430.82,Asus X01AD,Asus,Blink,[object Object],Chrome Mobile 90.0.4430.82 on Asus X01AD (Android 9),2021-05-06T06:10:16.274Z,歩行,あ,false,155.10000000000002,105.60000000000001,-22.200000000000003,0.9,-7.4,3.5,1.8,-15.5,5.6000000000000005,209.60000000000002,-42.900000000000006,-180.2
Chrome Mobile,90.0.4430.82,Asus X01AD,Asus,Blink,[object Object],Chrome Mobile 90.0.4430.82 on Asus X01AD (Android 9),2021-05-06T06:10:16.475Z,歩行,あ,false,156.70000000000002,115.5,-23.700000000000003,-1.8,-6.300000000000001,0.2,-0.6000000000000001,-12.8,3,-76,16.1,123.5
Chrome Mobile,90.0.4430.82,Asus X01AD,Asus,Blink,[object Object],Chrome Mobile 90.0.4430.82 on Asus X01AD (Android 9),2021-05-06T06:10:16.675Z,歩行,あ,false,188.3,51.900000000000006,-67,20.5,39.1,17.400000000000002,16.400000000000002,33.4,15.700000000000001,-250.00000000000003,-45.5,215.6
Chrome Mobile,90.0.4430.82,Asus X01AD,Asus,Blink,[object Object],Chrome Mobile 90.0.4430.82 on Asus X01AD (Android 9),2021-05-06T06:10:16.876Z,歩行,あ,false,208.3,78.30000000000001,-80.9,-0.6000000000000001,-5.4,11.100000000000001,-2.4000000000000004,-14.100000000000001,10.9,250.00000000000003,-44.00000000000001,-249.90000000000003
Chrome Mobile,90.0.4430.82,Asus X01AD,Asus,Blink,[object Object],Chrome Mobile 90.0.4430.82 on Asus X01AD (Android 9),2021-05-06T06:10:17.077Z,歩行,あ,false,162,110.7,-31.3,0.1,-5.2,-0.5,1.6,-12.5,1.8,31.3,48.70000000000001,17
Chrome Mobile,90.0.4430.82,Asus X01AD,Asus,Blink,[object Object],Chrome Mobile 90.0.4430.82 on Asus X01AD (Android 9),2021-05-06T06:10:17.278Z,歩行,あ,false,214.10000000000002,76.2,-82,1.9000000000000001,-1.1,-0.8,0.30000000000000004,-7.800000000000001,-1,-250.00000000000003,-80.7,240.8
Chrome Mobile,90.0.4430.82,Asus X01AD,Asus,Blink,[object Object],Chrome Mobile 90.0.4430.82 on Asus X01AD (Android 9),2021-05-06T06:10:17.482Z,歩行,あ,false,181.60000000000002,65.2,-52.400000000000006,10.9,13.9,3.6,7.9,5.7,1.3,250.00000000000003,12.5,-218.7
Chrome Mobile,90.0.4430.82,Asus X01AD,Asus,Blink,[object Object],Chrome Mobile 90.0.4430.82 on Asus X01AD (Android 9),2021-05-06T06:10:17.684Z,歩行,あ,false,169.70000000000002,113.30000000000001,-41,0.8,-6.800000000000001,-0.7000000000000001,2.9000000000000004,-14.200000000000001,1.7000000000000002,43.50000000000001,-10.9,-47.400000000000006
Chrome Mobile,90.0.4430.82,Asus X01AD,Asus,Blink,[object Object],Chrome Mobile 90.0.4430.82 on Asus X01AD (Android 9),2021-05-06T06:10:17.885Z,歩行,あ,false,113.30000000000001,102,10,1.6,-3.6,0.8,1.3,-10.5,2.3000000000000003,-188.20000000000002,-30.4,249.5
Chrome Mobile,90.0.4430.82,Asus X01AD,Asus,Blink,[object Object],Chrome Mobile 90.0.4430.82 on Asus X01AD (Android 9),2021-05-06T06:10:18.086Z,歩行,あ,false,189,70.10000000000001,-67.5,15,24.3,-3.8000000000000003,12.200000000000001,15.8,-5,248.9,0.30000000000000004,-186.99999999999997
Chrome Mobile,90.0.4430.82,Asus X01AD,Asus,Blink,[object Object],Chrome Mobile 90.0.4430.82 on Asus X01AD (Android 9),2021-05-06T06:10:18.287Z,歩行,あ,false,168.4,117.2,-39.800000000000004,-1.4000000000000001,-6.1000000000000005,0.1,1,-13.5,3,81.3,30.000000000000004,-55.900000000000006
Chrome Mobile,90.0.4430.82,Asus X01AD,Asus,Blink,[object Object],Chrome Mobile 90.0.4430.82 on Asus X01AD (Android 9),2021-05-06T06:10:18.487Z,歩行,あ,false,146.70000000000002,113.7,-21.400000000000002,-0.8,-5.6000000000000005,1.1,1,-12.4,3.6,-105.10000000000001,-2.7,183.00000000000003
Chrome Mobile,90.0.4430.82,Asus X01AD,Asus,Blink,[object Object],Chrome Mobile 90.0.4430.82 on Asus X01AD (Android 9),2021-05-06T06:10:18.688Z,歩行,あ,false,170.4,54.5,-59.300000000000004,14.600000000000001,39.1,15,10.5,32.2,14.700000000000001,-14.300000000000002,-10.299999999999999,-18.700000000000003
Chrome Mobile,90.0.4430.82,Asus X01AD,Asus,Blink,[object Object],Chrome Mobile 90.0.4430.82 on Asus X01AD (Android 9),2021-05-06T06:10:18.889Z,歩行,あ,false,171.8,101.80000000000001,-52.400000000000006,-0.7000000000000001,-5.300000000000001,2.4000000000000004,0.7000000000000001,-14.100000000000001,3.5,43.300000000000004,113.3,-248.79999999999998
Chrome Mobile,90.0.4430.82,Asus X01AD,Asus,Blink,[object Object],Chrome Mobile 90.0.4430.82 on Asus X01AD (Android 9),2021-05-06T06:10:19.090Z,歩行,あ,false,170.60000000000002,119.7,-51.6,-3.9000000000000004,-6.6000000000000005,0.4,-0.9,-13.4,2.8000000000000003,18,-0.30000000000000004,114.50000000000001
Chrome Mobile,90.0.4430.82,Asus X01AD,Asus,Blink,[object Object],Chrome Mobile 90.0.4430.82 on Asus X01AD (Android 9),2021-05-06T06:10:19.311Z,歩行,あ,false,181.70000000000002,67,-72.3,16,39.1,4.9,13.100000000000001,31.900000000000002,3.9000000000000004,-249.80000000000004,4.4,139.60000000000002
Chrome Mobile,90.0.4430.82,Asus X01AD,Asus,Blink,[object Object],Chrome Mobile 90.0.4430.82 on Asus X01AD (Android 9),2021-05-06T06:10:19.512Z,歩行,あ,false,156.10000000000002,102.7,-39,1.5,-1.9000000000000001,4,2.8000000000000003,-10.8,5.6000000000000005,49.699999999999996,68.60000000000001,-227.4
Chrome Mobile,90.0.4430.82,Asus X01AD,Asus,Blink,[object Object],Chrome Mobile 90.0.4430.82 on Asus X01AD (Android 9),2021-05-06T06:10:19.713Z,歩行,あ,false,171.5,124.9,-50.800000000000004,-4.4,-7.300000000000001,-1.3,-0.8,-13.9,1.6,-12.4,18,50.900000000000006
Chrome Mobile,90.0.4430.82,Asus X01AD,Asus,Blink,[object Object],Chrome Mobile 90.0.4430.82 on Asus X01AD (Android 9),2021-05-06T06:10:19.913Z,歩行,あ,false,25,101.2,88.10000000000001,17.8,17.400000000000002,4.6000000000000005,16.400000000000002,10.4,4.7,-209.00000000000003,-58.2,250.10000000000002
Chrome Mobile,90.0.4430.82,Asus X01AD,Asus,Blink,[object Object],Chrome Mobile 90.0.4430.82 on Asus X01AD (Android 9),2021-05-06T06:10:20.114Z,歩行,あ,false,185.20000000000002,82.5,-68.7,9.8,7.300000000000001,8.5,8.6,-2,8,90.5,24.3,-249.90000000000003
Chrome Mobile,90.0.4430.82,Asus X01AD,Asus,Blink,[object Object],Chrome Mobile 90.0.4430.82 on Asus X01AD (Android 9),2021-05-06T06:10:20.315Z,歩行,あ,false,176.70000000000002,128.5,-51.5,-5.800000000000001,-8.6,-2.2,-1.7000000000000002,-15.200000000000001,1,109.2,-14.300000000000002,-28.700000000000003
Chrome Mobile,90.0.4430.82,Asus X01AD,Asus,Blink,[object Object],Chrome Mobile 90.0.4430.82 on Asus X01AD (Android 9),2021-05-06T06:10:20.515Z,歩行,あ,false,139.5,103.5,-22.200000000000003,7.7,-4.2,3,8.4,-11.3,4.6000000000000005,-165.3,-59.5,250.10000000000002
Chrome Mobile,90.0.4430.82,Asus X01AD,Asus,Blink,[object Object],Chrome Mobile 90.0.4430.82 on Asus X01AD (Android 9),2021-05-06T06:10:20.716Z,歩行,あ,false,176.70000000000002,68.4,-62,16.5,26.400000000000002,-4.2,13.5,17.8,-5.800000000000001,231.00000000000006,-14.900000000000002,-188.5
Chrome Mobile,90.0.4430.82,Asus X01AD,Asus,Blink,[object Object],Chrome Mobile 90.0.4430.82 on Asus X01AD (Android 9),2021-05-06T06:10:20.918Z,歩行,あ,false,178.5,115.30000000000001,-55.5,-1.9000000000000001,-4.9,2.5,1.2000000000000002,-12.8,4.6000000000000005,39,29.200000000000003,-103.3
Chrome Mobile,90.0.4430.82,Asus X01AD,Asus,Blink,[object Object],Chrome Mobile 90.0.4430.82 on Asus X01AD (Android 9),2021-05-06T06:10:21.118Z,歩行,あ,false,164,114.7,-43.300000000000004,-2.4000000000000004,-5.9,0.30000000000000004,0,-12.9,2.8000000000000003,-41.300000000000004,2.9,132.1
Chrome Mobile,90.0.4430.82,Asus X01AD,Asus,Blink,[object Object],Chrome Mobile 90.0.4430.82 on Asus X01AD (Android 9),2021-05-06T06:10:21.319Z,歩行,あ,false,167.3,62.1,-49.900000000000006,12,39.1,23.400000000000002,9,31.6,20.8,-143.70000000000002,69.9,44.5
Chrome Mobile,90.0.4430.82,Asus X01AD,Asus,Blink,[object Object],Chrome Mobile 90.0.4430.82 on Asus X01AD (Android 9),2021-05-06T06:10:21.519Z,歩行,あ,false,176.8,109.5,-54.7,-1.1,-4.1000000000000005,-0.1,1.4000000000000001,-12.700000000000001,1.7000000000000002,66.5,45,-189.4
Chrome Mobile,90.0.4430.82,Asus X01AD,Asus,Blink,[object Object],Chrome Mobile 90.0.4430.82 on Asus X01AD (Android 9),2021-05-06T06:10:21.720Z,歩行,あ,false,175.4,120.5,-50.1,-2.2,-5,-1,0.9,-12,1.7000000000000002,-26.300000000000004,29.600000000000005,59.5
Chrome Mobile,90.0.4430.82,Asus X01AD,Asus,Blink,[object Object],Chrome Mobile 90.0.4430.82 on Asus X01AD (Android 9),2021-05-06T06:10:21.921Z,歩行,あ,false,197.20000000000002,79.30000000000001,-84.80000000000001,20.6,31.3,11.200000000000001,19.200000000000003,23.900000000000002,11,-250.00000000000003,-45.9,250.10000000000002
Chrome Mobile,90.0.4430.82,Asus X01AD,Asus,Blink,[object Object],Chrome Mobile 90.0.4430.82 on Asus X01AD (Android 9),2021-05-06T06:10:22.122Z,歩行,あ,false,142.20000000000002,89.10000000000001,-24.200000000000003,7,5.5,14.5,6.9,-3.9000000000000004,14.4,176.5,-28.3,-249.90000000000003
Chrome Mobile,90.0.4430.82,Asus X01AD,Asus,Blink,[object Object],Chrome Mobile 90.0.4430.82 on Asus X01AD (Android 9),2021-05-06T06:10:22.322Z,歩行,あ,false,178.20000000000002,128.20000000000002,-52.6,-3.4000000000000004,-6.7,1,0.8,-13.3,4.2,29.300000000000004,59.80000000000001,-31.3
Chrome Mobile,90.0.4430.82,Asus X01AD,Asus,Blink,[object Object],Chrome Mobile 90.0.4430.82 on Asus X01AD (Android 9),2021-05-06T06:10:22.524Z,歩行,あ,false,153,115.9,-37.4,2.2,-4.5,0,4.2,-11.3,2.6,-132.70000000000002,-28.3,246.8
Chrome Mobile,90.0.4430.82,Asus X01AD,Asus,Blink,[object Object],Chrome Mobile 90.0.4430.82 on Asus X01AD (Android 9),2021-05-06T06:10:22.725Z,歩行,あ,false,175.4,72.5,-59.900000000000006,17.3,36,-2.3000000000000003,14.9,27.200000000000003,-3.7,250.00000000000003,10.9,-161.6
Chrome Mobile,90.0.4430.82,Asus X01AD,Asus,Blink,[object Object],Chrome Mobile 90.0.4430.82 on Asus X01AD (Android 9),2021-05-06T06:10:22.926Z,歩行,あ,false,179.8,120.10000000000001,-55.800000000000004,-1.8,-4.2,2.8000000000000003,1.8,-11.9,5.300000000000001,42,56.7,-116.4
Chrome Mobile,90.0.4430.82,Asus X01AD,Asus,Blink,[object Object],Chrome Mobile 90.0.4430.82 on Asus X01AD (Android 9),2021-05-06T06:10:23.127Z,歩行,あ,false,170.8,125.7,-48.900000000000006,-3.1,-5.5,-0.30000000000000004,0.4,-11.9,2.8000000000000003,-19.200000000000003,-2,60.7
Chrome Mobile,90.0.4430.82,Asus X01AD,Asus,Blink,[object Object],Chrome Mobile 90.0.4430.82 on Asus X01AD (Android 9),2021-05-06T06:10:23.328Z,歩行,あ,false,188.4,75.8,-71.9,16.8,37.4,-5.5,15,29.900000000000002,-6.1000000000000005,-245.59999999999997,-18,216.5
Chrome Mobile,90.0.4430.82,Asus X01AD,Asus,Blink,[object Object],Chrome Mobile 90.0.4430.82 on Asus X01AD (Android 9),2021-05-06T06:10:23.528Z,歩行,あ,false,163.70000000000002,95.9,-43.900000000000006,4.1000000000000005,0.5,6.800000000000001,4.800000000000001,-8.9,7.5,216.20000000000002,45.5,-249.90000000000003
Chrome Mobile,90.0.4430.82,Asus X01AD,Asus,Blink,[object Object],Chrome Mobile 90.0.4430.82 on Asus X01AD (Android 9),2021-05-06T06:10:23.729Z,歩行,あ,false,168.4,128.20000000000002,-45.2,0.1,-5.300000000000001,0.8,3.8000000000000003,-11.9,4.4,21.1,6.699999999999999,12.7
Chrome Mobile,90.0.4430.82,Asus X01AD,Asus,Blink,[object Object],Chrome Mobile 90.0.4430.82 on Asus X01AD (Android 9),2021-05-06T06:10:23.931Z,歩行,あ,false,141.8,107.2,-20,0.6000000000000001,-5.800000000000001,-0.7000000000000001,1.3,-12.8,1.4000000000000001,-201.1,-15.399999999999999,250.10000000000002
Chrome Mobile,90.0.4430.82,Asus X01AD,Asus,Blink,[object Object],Chrome Mobile 90.0.4430.82 on Asus X01AD (Android 9),2021-05-06T06:10:24.132Z,歩行,あ,false,176.70000000000002,73.10000000000001,-52.300000000000004,18.3,28.200000000000003,-0.4,14.9,15.100000000000001,-3.5,249.00000000000003,-4.800000000000001,-198.9
Chrome Mobile,90.0.4430.82,Asus X01AD,Asus,Blink,[object Object],Chrome Mobile 90.0.4430.82 on Asus X01AD (Android 9),2021-05-06T06:10:24.334Z,歩行,あ,false,175.5,130.20000000000002,-46.7,-4.4,-7.800000000000001,-3.8000000000000003,-0.30000000000000004,-14.4,0.1,24.3,46,-48.10000000000001
Chrome Mobile,90.0.4430.82,Asus X01AD,Asus,Blink,[object Object],Chrome Mobile 90.0.4430.82 on Asus X01AD (Android 9),2021-05-06T06:10:24.540Z,歩行,あ,false,157,118,-35,-0.6000000000000001,-5.6000000000000005,0.7000000000000001,1.4000000000000001,-12.4,3.6,-99.00000000000001,-3,207.79999999999998
Chrome Mobile,90.0.4430.82,Asus X01AD,Asus,Blink,[object Object],Chrome Mobile 90.0.4430.82 on Asus X01AD (Android 9),2021-05-06T06:10:24.741Z,歩行,あ,false,171.8,54.1,-55.800000000000004,25,39.1,26.8,22,32.2,31.700000000000003,145.00000000000003,104.3,13.6
Chrome Mobile,90.0.4430.82,Asus X01AD,Asus,Blink,[object Object],Chrome Mobile 90.0.4430.82 on Asus X01AD (Android 9),2021-05-06T06:10:24.942Z,歩行,あ,false,158.60000000000002,111.7,-30.8,0.30000000000000004,-2,-0.2,2,-10.4,2.7,140.9,29.500000000000004,-165.4
Chrome Mobile,90.0.4430.82,Asus X01AD,Asus,Blink,[object Object],Chrome Mobile 90.0.4430.82 on Asus X01AD (Android 9),2021-05-06T06:10:25.144Z,歩行,あ,false,156.70000000000002,127.5,-25.3,-1.3,-6.1000000000000005,-2,0.8,-12.5,2.4000000000000004,28.500000000000004,32.9,39.1
Chrome Mobile,90.0.4430.82,Asus X01AD,Asus,Blink,[object Object],Chrome Mobile 90.0.4430.82 on Asus X01AD (Android 9),2021-05-06T06:10:25.353Z,歩行,あ,false,40.400000000000006,106.4,83.5,16.400000000000002,18.2,12.9,14.4,11.100000000000001,13.200000000000001,-250.00000000000003,-68.9,236.20000000000002
Chrome Mobile,90.0.4430.82,Asus X01AD,Asus,Blink,[object Object],Chrome Mobile 90.0.4430.82 on Asus X01AD (Android 9),2021-05-06T06:10:25.558Z,歩行,あ,false,56.7,100.7,73.3,3.9000000000000004,1.7000000000000002,15,2.3000000000000003,-7.6000000000000005,15.5,250.00000000000003,-51.9,-249.90000000000003
Chrome Mobile,90.0.4430.82,Asus X01AD,Asus,Blink,[object Object],Chrome Mobile 90.0.4430.82 on Asus X01AD (Android 9),2021-05-06T06:10:25.760Z,歩行,あ,false,173.20000000000002,121.80000000000001,-40.400000000000006,-1.6,-7.4,-0.8,1.3,-14.5,2.6,44.00000000000001,4,-32.5
Chrome Mobile,90.0.4430.82,Asus X01AD,Asus,Blink,[object Object],Chrome Mobile 90.0.4430.82 on Asus X01AD (Android 9),2021-05-06T06:10:25.961Z,歩行,あ,false,142,104.60000000000001,-13,0.4,-3.7,2,0.9,-10.9,3.8000000000000003,-170.9,-14.300000000000002,236.3
Chrome Mobile,90.0.4430.82,Asus X01AD,Asus,Blink,[object Object],Chrome Mobile 90.0.4430.82 on Asus X01AD (Android 9),2021-05-06T06:10:26.161Z,歩行,あ,false,183.9,62.2,-56.5,18.8,36.9,3.5,15.3,28.8,1.2000000000000002,250.00000000000003,7.699999999999999,-66.2
Chrome Mobile,90.0.4430.82,Asus X01AD,Asus,Blink,[object Object],Chrome Mobile 90.0.4430.82 on Asus X01AD (Android 9),2021-05-06T06:10:26.364Z,歩行,あ,false,171.5,111.9,-42.900000000000006,-0.7000000000000001,-4.5,0,1.6,-12.8,2.4000000000000004,39.50000000000001,12.100000000000001,-98.7
Chrome Mobile,90.0.4430.82,Asus X01AD,Asus,Blink,[object Object],Chrome Mobile 90.0.4430.82 on Asus X01AD (Android 9),2021-05-06T06:10:26.566Z,歩行,あ,false,160.60000000000002,113.80000000000001,-37.6,-0.8,-4.7,1.2000000000000002,1.1,-11.9,3.7,-45.6,16.4,90.5
Chrome Mobile,90.0.4430.82,Asus X01AD,Asus,Blink,[object Object],Chrome Mobile 90.0.4430.82 on Asus X01AD (Android 9),2021-05-06T06:10:26.767Z,歩行,あ,false,180.3,56.5,-59.5,22.200000000000003,39,24.6,18.3,32.2,22.3,-250.00000000000003,28,87.40000000000002
Chrome Mobile,90.0.4430.82,Asus X01AD,Asus,Blink,[object Object],Chrome Mobile 90.0.4430.82 on Asus X01AD (Android 9),2021-05-06T06:10:26.973Z,歩行,あ,false,159.3,104.60000000000001,-30.700000000000003,-1.3,-3.2,-0.7000000000000001,-0.1,-12.3,1.3,188.20000000000002,6.1000000000000005,-223.00000000000003
Chrome Mobile,90.0.4430.82,Asus X01AD,Asus,Blink,[object Object],Chrome Mobile 90.0.4430.82 on Asus X01AD (Android 9),2021-05-06T06:10:27.180Z,歩行,あ,false,171.9,125.10000000000001,-42.2,-1.2000000000000002,-4.800000000000001,0.5,2,-11.600000000000001,4,-6.300000000000001,6.300000000000001,6.2
Chrome Mobile,90.0.4430.82,Asus X01AD,Asus,Blink,[object Object],Chrome Mobile 90.0.4430.82 on Asus X01AD (Android 9),2021-05-06T06:10:27.380Z,歩行,あ,false,102.9,97.5,25.700000000000003,7.4,-1.5,0.5,7,-8.8,1.4000000000000001,-250.00000000000003,-46.300000000000004,250.10000000000002
Chrome Mobile,90.0.4430.82,Asus X01AD,Asus,Blink,[object Object],Chrome Mobile 90.0.4430.82 on Asus X01AD (Android 9),2021-05-06T06:10:27.582Z,歩行,あ,false,192.70000000000002,70.7,-65.4,14.100000000000001,19.700000000000003,2.6,11.200000000000001,10.600000000000001,1.2000000000000002,152.4,10,-249.90000000000003
Chrome Mobile,90.0.4430.82,Asus X01AD,Asus,Blink,[object Object],Chrome Mobile 90.0.4430.82 on Asus X01AD (Android 9),2021-05-06T06:10:27.785Z,歩行,あ,false,180.70000000000002,113.9,-56.5,1.5,-4,0.8,4.5,-12,2.7,8,-7,-35.9
Chrome Mobile,90.0.4430.82,Asus X01AD,Asus,Blink,[object Object],Chrome Mobile 90.0.4430.82 on Asus X01AD (Android 9),2021-05-06T06:10:27.985Z,歩行,あ,false,160.3,109.80000000000001,-36.6,-1.7000000000000002,-5.300000000000001,-1,-0.2,-12.5,1.1,0.8,1.7,121.70000000000002
Chrome Mobile,90.0.4430.82,Asus X01AD,Asus,Blink,[object Object],Chrome Mobile 90.0.4430.82 on Asus X01AD (Android 9),2021-05-06T06:10:28.186Z,歩行,あ,false,166.20000000000002,57.400000000000006,-42.2,7.1000000000000005,39.1,38.400000000000006,3.9000000000000004,31.6,34.9,144.20000000000002,123.30000000000003,56.10000000000001
Chrome Mobile,90.0.4430.82,Asus X01AD,Asus,Blink,[object Object],Chrome Mobile 90.0.4430.82 on Asus X01AD (Android 9),2021-05-06T06:10:28.387Z,歩行,あ,false,171,109.7,-46.2,0.5,-3.4000000000000004,-0.2,2.7,-12.100000000000001,2,105.3,12.8,-139.4
Chrome Mobile,90.0.4430.82,Asus X01AD,Asus,Blink,[object Object],Chrome Mobile 90.0.4430.82 on Asus X01AD (Android 9),2021-05-06T06:10:28.588Z,歩行,あ,false,174.20000000000002,119.60000000000001,-44.300000000000004,-3,-5.4,-1.6,-0.2,-12.5,1.3,-21.8,35.599999999999994,35.5
Chrome Mobile,90.0.4430.82,Asus X01AD,Asus,Blink,[object Object],Chrome Mobile 90.0.4430.82 on Asus X01AD (Android 9),2021-05-06T06:10:28.789Z,歩行,あ,false,203.60000000000002,78.80000000000001,-77.4,17.3,19,13.8,18.3,19.400000000000002,17.2,-250.00000000000003,53.7,250.10000000000002
Chrome Mobile,90.0.4430.82,Asus X01AD,Asus,Blink,[object Object],Chrome Mobile 90.0.4430.82 on Asus X01AD (Android 9),2021-05-06T06:10:28.990Z,歩行,あ,false,39.800000000000004,94,88.7,7,5.4,5.7,6.300000000000001,-4.2,5.7,186.99999999999997,-29.700000000000006,-249.90000000000003
Chrome Mobile,90.0.4430.82,Asus X01AD,Asus,Blink,[object Object],Chrome Mobile 90.0.4430.82 on Asus X01AD (Android 9),2021-05-06T06:10:29.190Z,歩行,あ,false,178.60000000000002,119.80000000000001,-51.2,-1.1,-4.9,0.5,2.3000000000000003,-12.3,3.2,43.1,30.000000000000004,0.30000000000000004
Chrome Mobile,90.0.4430.82,Asus X01AD,Asus,Blink,[object Object],Chrome Mobile 90.0.4430.82 on Asus X01AD (Android 9),2021-05-06T06:10:29.391Z,歩行,あ,false,153.70000000000002,105.2,-26.6,-2.4000000000000004,-4.6000000000000005,-1.8,-1.5,-12,0,-209.4,18.1,198.9
Chrome Mobile,90.0.4430.82,Asus X01AD,Asus,Blink,[object Object],Chrome Mobile 90.0.4430.82 on Asus X01AD (Android 9),2021-05-06T06:10:29.592Z,歩行,あ,false,179.8,62.7,-52.400000000000006,18.1,27.8,3.5,14.700000000000001,19.3,0.9,248.5,-4.5,-113.7
Chrome Mobile,90.0.4430.82,Asus X01AD,Asus,Blink,[object Object],Chrome Mobile 90.0.4430.82 on Asus X01AD (Android 9),2021-05-06T06:10:29.792Z,歩行,あ,false,173.9,112.10000000000001,-46.5,-1.6,-4.2,-2.5,0.8,-12.5,-0.1,156.3,-107.5,-84
Chrome Mobile,90.0.4430.82,Asus X01AD,Asus,Blink,[object Object],Chrome Mobile 90.0.4430.82 on Asus X01AD (Android 9),2021-05-06T06:10:29.993Z,歩行,あ,false,161.3,120.2,-39.800000000000004,-3,-5.4,-1.7000000000000002,-0.4,-12.3,1.4000000000000001,-8.899999999999999,5.9,92.2
Chrome Mobile,90.0.4430.82,Asus X01AD,Asus,Blink,[object Object],Chrome Mobile 90.0.4430.82 on Asus X01AD (Android 9),2021-05-06T06:10:30.193Z,歩行,あ,false,167.9,69.8,-50.6,2.6,39,18.8,-2.4000000000000004,31.1,22.1,-250.00000000000003,37.50000000000001,19.700000000000003
Chrome Mobile,90.0.4430.82,Asus X01AD,Asus,Blink,[object Object],Chrome Mobile 90.0.4430.82 on Asus X01AD (Android 9),2021-05-06T06:10:30.394Z,歩行,あ,false,166.9,111.30000000000001,-46.900000000000006,-0.2,-3,1,2.3000000000000003,-11.700000000000001,3.3000000000000003,203.4,36.400000000000006,-130.4
Chrome Mobile,90.0.4430.82,Asus X01AD,Asus,Blink,[object Object],Chrome Mobile 90.0.4430.82 on Asus X01AD (Android 9),2021-05-06T06:10:30.595Z,歩行,あ,false,156.8,127.7,-29.5,-1.5,-5.1000000000000005,-2.8000000000000003,1,-11.600000000000001,1.6,-15.8,41.50000000000001,16
Chrome Mobile,90.0.4430.82,Asus X01AD,Asus,Blink,[object Object],Chrome Mobile 90.0.4430.82 on Asus X01AD (Android 9),2021-05-06T06:10:30.795Z,歩行,あ,false,94.30000000000001,101.4,26.6,5.5,0.30000000000000004,10,4.800000000000001,-6.9,11.200000000000001,-250.00000000000003,-28.200000000000003,250.10000000000002
Chrome Mobile,90.0.4430.82,Asus X01AD,Asus,Blink,[object Object],Chrome Mobile 90.0.4430.82 on Asus X01AD (Android 9),2021-05-06T06:10:30.996Z,歩行,あ,false,208.10000000000002,80.9,-81.2,11.700000000000001,10.3,9.600000000000001,10.200000000000001,0.8,9.4,146.60000000000002,26.400000000000006,-249.7
Chrome Mobile,90.0.4430.82,Asus X01AD,Asus,Blink,[object Object],Chrome Mobile 90.0.4430.82 on Asus X01AD (Android 9),2021-05-06T06:10:31.197Z,歩行,あ,false,168.20000000000002,125.4,-36.7,0.1,-5.1000000000000005,-0.8,3.1,-12.100000000000001,3.2,152.2,-90.30000000000001,-16.200000000000003
Chrome Mobile,90.0.4430.82,Asus X01AD,Asus,Blink,[object Object],Chrome Mobile 90.0.4430.82 on Asus X01AD (Android 9),2021-05-06T06:10:31.403Z,歩行,あ,false,158.5,119.10000000000001,-28.400000000000002,-2.3000000000000003,-5.6000000000000005,1.2000000000000002,-0.5,-12.3,4.5,-107.30000000000001,11.2,151.8
Chrome Mobile,90.0.4430.82,Asus X01AD,Asus,Blink,[object Object],Chrome Mobile 90.0.4430.82 on Asus X01AD (Android 9),2021-05-06T06:10:31.607Z,歩行,あ,false,185.9,64.4,-58,15,39.1,10.9,11.700000000000001,31,8.9,198.3,41.4,-17
Chrome Mobile,90.0.4430.82,Asus X01AD,Asus,Blink,[object Object],Chrome Mobile 90.0.4430.82 on Asus X01AD (Android 9),2021-05-06T06:10:31.807Z,歩行,あ,false,176.10000000000002,111.5,-42.400000000000006,-2,-4.9,2.5,0.2,-13.200000000000001,4.9,2,108.2,-102.2
Chrome Mobile,90.0.4430.82,Asus X01AD,Asus,Blink,[object Object],Chrome Mobile 90.0.4430.82 on Asus X01AD (Android 9),2021-05-06T06:10:32.009Z,歩行,あ,false,173.20000000000002,119.30000000000001,-43.1,-1,-4.800000000000001,3.5,1.7000000000000002,-11.700000000000001,6.4,-27.6,-40.4,87.50000000000001
Chrome Mobile,90.0.4430.82,Asus X01AD,Asus,Blink,[object Object],Chrome Mobile 90.0.4430.82 on Asus X01AD (Android 9),2021-05-06T06:10:32.211Z,歩行,あ,false,175.8,71.2,-59.1,11.200000000000001,39.1,26.900000000000002,9,31.5,25.5,-250.00000000000003,36,122.90000000000002
Chrome Mobile,90.0.4430.82,Asus X01AD,Asus,Blink,[object Object],Chrome Mobile 90.0.4430.82 on Asus X01AD (Android 9),2021-05-06T06:10:32.411Z,歩行,あ,false,159,110.30000000000001,-36.800000000000004,1.4000000000000001,-2.5,0.6000000000000001,2.9000000000000004,-11.3,2.8000000000000003,237.3,-19.6,-238.40000000000003
Chrome Mobile,90.0.4430.82,Asus X01AD,Asus,Blink,[object Object],Chrome Mobile 90.0.4430.82 on Asus X01AD (Android 9),2021-05-06T06:10:32.613Z,歩行,あ,false,175.3,125.2,-37.5,-1.1,-5.5,-1.7000000000000002,1.8,-12.200000000000001,2,46,-42.900000000000006,-32.300000000000004
Chrome Mobile,90.0.4430.82,Asus X01AD,Asus,Blink,[object Object],Chrome Mobile 90.0.4430.82 on Asus X01AD (Android 9),2021-05-06T06:10:32.814Z,歩行,あ,false,115,97.80000000000001,16.1,2.6,-1,2.3000000000000003,2.3000000000000003,-8.200000000000001,3.2,-241.9,-88.9,250.00000000000003
Chrome Mobile,90.0.4430.82,Asus X01AD,Asus,Blink,[object Object],Chrome Mobile 90.0.4430.82 on Asus X01AD (Android 9),2021-05-06T06:10:33.015Z,歩行,あ,false,210.4,71.10000000000001,-76.5,15.3,16.900000000000002,0.8,15,12.100000000000001,-1,150.2,-14.5,-249.90000000000003
Chrome Mobile,90.0.4430.82,Asus X01AD,Asus,Blink,[object Object],Chrome Mobile 90.0.4430.82 on Asus X01AD (Android 9),2021-05-06T06:10:33.216Z,歩行,あ,false,171.8,117.60000000000001,-41.1,-2.8000000000000003,-3.6,-0.8,-0.1,-11.3,2.2,131.4,-82,-8
Chrome Mobile,90.0.4430.82,Asus X01AD,Asus,Blink,[object Object],Chrome Mobile 90.0.4430.82 on Asus X01AD (Android 9),2021-05-06T06:10:33.416Z,歩行,あ,false,153.5,113.80000000000001,-29.3,-2.7,-4.4,-0.30000000000000004,-1.2000000000000002,-11.600000000000001,2.5,-84.69999999999999,-3.9,147.7
Chrome Mobile,90.0.4430.82,Asus X01AD,Asus,Blink,[object Object],Chrome Mobile 90.0.4430.82 on Asus X01AD (Android 9),2021-05-06T06:10:33.617Z,歩行,あ,false,187.9,65.60000000000001,-62.300000000000004,18.1,39.1,3.2,14.700000000000001,30.8,1.5,241.20000000000002,96.9,-49.800000000000004
Chrome Mobile,90.0.4430.82,Asus X01AD,Asus,Blink,[object Object],Chrome Mobile 90.0.4430.82 on Asus X01AD (Android 9),2021-05-06T06:10:33.818Z,歩行,あ,false,168.9,117.10000000000001,-38.5,1,-3,-3.2,3.6,-11.3,0.1,56.7,61.39999999999999,-177.6
Chrome Mobile,90.0.4430.82,Asus X01AD,Asus,Blink,[object Object],Chrome Mobile 90.0.4430.82 on Asus X01AD (Android 9),2021-05-06T06:10:34.018Z,歩行,あ,false,169.70000000000002,128.4,-38.5,-3.3000000000000003,-6.6000000000000005,0.6000000000000001,-0.2,-13,4.5,-45.9,7.400000000000001,83.80000000000001
Chrome Mobile,90.0.4430.82,Asus X01AD,Asus,Blink,[object Object],Chrome Mobile 90.0.4430.82 on Asus X01AD (Android 9),2021-05-06T06:10:34.219Z,歩行,あ,false,205.8,70.7,-83.10000000000001,26.200000000000003,39.1,8.3,23.5,31.5,8,-250.00000000000003,-25.1,223.40000000000003
Chrome Mobile,90.0.4430.82,Asus X01AD,Asus,Blink,[object Object],Chrome Mobile 90.0.4430.82 on Asus X01AD (Android 9),2021-05-06T06:10:34.420Z,歩行,あ,false,164.20000000000002,102.60000000000001,-32.7,2.7,2.3000000000000003,6.1000000000000005,3.7,-7.800000000000001,5.5,170.8,-19,-249.10000000000002
Chrome Mobile,90.0.4430.82,Asus X01AD,Asus,Blink,[object Object],Chrome Mobile 90.0.4430.82 on Asus X01AD (Android 9),2021-05-06T06:10:34.620Z,歩行,あ,false,180.20000000000002,125.9,-47.7,-1.1,-5.800000000000001,0.2,2.6,-12.700000000000001,3.5,-38.50000000000001,43.2,-7.1000000000000005
Chrome Mobile,90.0.4430.82,Asus X01AD,Asus,Blink,[object Object],Chrome Mobile 90.0.4430.82 on Asus X01AD (Android 9),2021-05-06T06:10:34.821Z,歩行,あ,false,150.1,104,-22,3.9000000000000004,-5.2,1.6,4.6000000000000005,-12.4,3.3000000000000003,-135.20000000000002,-14.900000000000002,249.80000000000004
Chrome Mobile,90.0.4430.82,Asus X01AD,Asus,Blink,[object Object],Chrome Mobile 90.0.4430.82 on Asus X01AD (Android 9),2021-05-06T06:10:35.022Z,歩行,あ,false,201.4,69.10000000000001,-67.7,19.900000000000002,30.900000000000002,-5.1000000000000005,16.8,22,-6.4,205.20000000000002,2.4000000000000004,-203.2
Chrome Mobile,90.0.4430.82,Asus X01AD,Asus,Blink,[object Object],Chrome Mobile 90.0.4430.82 on Asus X01AD (Android 9),2021-05-06T06:10:35.223Z,歩行,あ,false,188,118.60000000000001,-48.800000000000004,-2.1,-6.5,4,1.2000000000000002,-14.3,6.800000000000001,150.00000000000003,-44.4,-88.10000000000001
Chrome Mobile,90.0.4430.82,Asus X01AD,Asus,Blink,[object Object],Chrome Mobile 90.0.4430.82 on Asus X01AD (Android 9),2021-05-06T06:10:35.424Z,歩行,あ,false,186,116.4,-44.6,-1.9000000000000001,-5.4,-0.1,0.7000000000000001,-12.5,2.5,-106.4,18.4,114.2
Chrome Mobile,90.0.4430.82,Asus X01AD,Asus,Blink,[object Object],Chrome Mobile 90.0.4430.82 on Asus X01AD (Android 9),2021-05-06T06:10:35.625Z,歩行,あ,false,169.20000000000002,65.8,-34.1,1.7000000000000002,39.1,31.5,-0.30000000000000004,31.200000000000003,28.6,-183.29999999999998,25.5,17.799999999999997
Chrome Mobile,90.0.4430.82,Asus X01AD,Asus,Blink,[object Object],Chrome Mobile 90.0.4430.82 on Asus X01AD (Android 9),2021-05-06T06:10:35.826Z,歩行,あ,false,186.60000000000002,112.2,-48.400000000000006,-0.7000000000000001,-2.6,-1.7000000000000002,1.9000000000000001,-11.200000000000001,0.7000000000000001,98.7,57.800000000000004,-118.90000000000002
Chrome Mobile,90.0.4430.82,Asus X01AD,Asus,Blink,[object Object],Chrome Mobile 90.0.4430.82 on Asus X01AD (Android 9),2021-05-06T06:10:36.027Z,歩行,あ,false,174.60000000000002,124.80000000000001,-39.300000000000004,-2.5,-5.1000000000000005,-0.4,0.5,-11.9,3.2,34.2,-7.1000000000000005,59.60000000000001
Chrome Mobile,90.0.4430.82,Asus X01AD,Asus,Blink,[object Object],Chrome Mobile 90.0.4430.82 on Asus X01AD (Android 9),2021-05-06T06:10:36.228Z,歩行,あ,false,59.1,101,71.60000000000001,23.5,23.5,11.3,22.1,16.1,11.8,-250.00000000000003,-2.5,250.10000000000002
Chrome Mobile,90.0.4430.82,Asus X01AD,Asus,Blink,[object Object],Chrome Mobile 90.0.4430.82 on Asus X01AD (Android 9),2021-05-06T06:10:36.430Z,歩行,あ,false,83.60000000000001,92.2,53.2,4,3,14.4,3.7,-6.5,14.600000000000001,146.3,6.9,-249.90000000000003
Chrome Mobile,90.0.4430.82,Asus X01AD,Asus,Blink,[object Object],Chrome Mobile 90.0.4430.82 on Asus X01AD (Android 9),2021-05-06T06:10:36.630Z,歩行,あ,false,185.9,128.6,-48.1,0,-5,-1.8,3.9000000000000004,-11.700000000000001,1.8,39.599999999999994,12.299999999999999,-5.300000000000001
Chrome Mobile,90.0.4430.82,Asus X01AD,Asus,Blink,[object Object],Chrome Mobile 90.0.4430.82 on Asus X01AD (Android 9),2021-05-06T06:10:36.832Z,歩行,あ,false,170.8,118.2,-37.4,-0.8,-6.300000000000001,1.6,1.3,-13,4.4,-54.199999999999996,-28.200000000000003,213.20000000000002
Chrome Mobile,90.0.4430.82,Asus X01AD,Asus,Blink,[object Object],Chrome Mobile 90.0.4430.82 on Asus X01AD (Android 9),2021-05-06T06:10:37.039Z,歩行,あ,false,205.8,82.2,-71.8,13.4,28.1,-0.9,12.200000000000001,19,-1.3,240.10000000000002,18.1,-201
Chrome Mobile,90.0.4430.82,Asus X01AD,Asus,Blink,[object Object],Chrome Mobile 90.0.4430.82 on Asus X01AD (Android 9),2021-05-06T06:10:37.240Z,歩行,あ,false,188.3,127.10000000000001,-51.6,-1.3,-4.2,-0.8,2.8000000000000003,-11,2.5,113.2,-36.6,-57.400000000000006
Chrome Mobile,90.0.4430.82,Asus X01AD,Asus,Blink,[object Object],Chrome Mobile 90.0.4430.82 on Asus X01AD (Android 9),2021-05-06T06:10:37.450Z,歩行,あ,false,176,126.80000000000001,-42,-2.9000000000000004,-6.7,1.4000000000000001,0.2,-12.9,4.800000000000001,-75.7,10.200000000000001,137.9
Chrome Mobile,90.0.4430.82,Asus X01AD,Asus,Blink,[object Object],Chrome Mobile 90.0.4430.82 on Asus X01AD (Android 9),2021-05-06T06:10:37.656Z,歩行,あ,false,180.4,66.60000000000001,-52.6,9.8,39.1,28.400000000000002,7.2,31.3,26.3,-129.10000000000002,29.900000000000006,-6.9
Chrome Mobile,90.0.4430.82,Asus X01AD,Asus,Blink,[object Object],Chrome Mobile 90.0.4430.82 on Asus X01AD (Android 9),2021-05-06T06:10:37.857Z,歩行,あ,false,181,117.10000000000001,-45.5,-1.7000000000000002,-5.2,-2.5,1.2000000000000002,-13.200000000000001,0.30000000000000004,71.10000000000001,96.5,-178.1
Chrome Mobile,90.0.4430.82,Asus X01AD,Asus,Blink,[object Object],Chrome Mobile 90.0.4430.82 on Asus X01AD (Android 9),2021-05-06T06:10:38.058Z,歩行,あ,false,175.8,130.4,-38.900000000000006,-2.7,-5.800000000000001,-0.30000000000000004,0.5,-11.9,3.7,10.9,4.6,48.50000000000001
Chrome Mobile,90.0.4430.82,Asus X01AD,Asus,Blink,[object Object],Chrome Mobile 90.0.4430.82 on Asus X01AD (Android 9),2021-05-06T06:10:38.259Z,歩行,あ,false,100.9,101.60000000000001,24.5,13.4,17,8.4,12.8,9.9,9.8,-250.00000000000003,-26.9,250.10000000000002
Chrome Mobile,90.0.4430.82,Asus X01AD,Asus,Blink,[object Object],Chrome Mobile 90.0.4430.82 on Asus X01AD (Android 9),2021-05-06T06:10:38.460Z,歩行,あ,false,118,97.2,12.100000000000001,4.3,3.4000000000000004,12.8,4,-5.800000000000001,14,149.20000000000002,32.2,-249.90000000000003
Chrome Mobile,90.0.4430.82,Asus X01AD,Asus,Blink,[object Object],Chrome Mobile 90.0.4430.82 on Asus X01AD (Android 9),2021-05-06T06:10:38.660Z,歩行,あ,false,170.10000000000002,129,-37,-0.9,-5.2,-0.8,2.2,-12,3.3000000000000003,74.89999999999999,28.1,-7.9
Chrome Mobile,90.0.4430.82,Asus X01AD,Asus,Blink,[object Object],Chrome Mobile 90.0.4430.82 on Asus X01AD (Android 9),2021-05-06T06:10:38.861Z,歩行,あ,false,158.5,112,-12.4,-2.5,-6.9,-5.2,-1.9000000000000001,-13.8,-2.5,-250.00000000000003,109.39999999999999,149.50000000000003
Chrome Mobile,90.0.4430.82,Asus X01AD,Asus,Blink,[object Object],Chrome Mobile 90.0.4430.82 on Asus X01AD (Android 9),2021-05-06T06:10:39.061Z,歩行,あ,false,191.60000000000002,57.300000000000004,-63.6,24.5,38.800000000000004,19.200000000000003,20.200000000000003,31.3,17.1,250.00000000000003,49.4,-17.300000000000004
Chrome Mobile,90.0.4430.82,Asus X01AD,Asus,Blink,[object Object],Chrome Mobile 90.0.4430.82 on Asus X01AD (Android 9),2021-05-06T06:10:39.262Z,歩行,あ,false,157.9,112.10000000000001,-20.700000000000003,0.1,-3.3000000000000003,4.3,1.3,-11.5,7.4,61.50000000000001,11.900000000000002,-98.8
Chrome Mobile,90.0.4430.82,Asus X01AD,Asus,Blink,[object Object],Chrome Mobile 90.0.4430.82 on Asus X01AD (Android 9),2021-05-06T06:10:39.463Z,歩行,あ,false,157.4,130,-25.6,-3.9000000000000004,-6.2,-2.1,-1.7000000000000002,-12.3,2.5,-6.9,-25.8,46.9
Chrome Mobile,90.0.4430.82,Asus X01AD,Asus,Blink,[object Object],Chrome Mobile 90.0.4430.82 on Asus X01AD (Android 9),2021-05-06T06:10:39.663Z,歩行,あ,false,54.6,108.10000000000001,65,18.6,36,10,16.5,28.8,11,-250.00000000000003,19.700000000000003,210.7
Chrome Mobile,90.0.4430.82,Asus X01AD,Asus,Blink,[object Object],Chrome Mobile 90.0.4430.82 on Asus X01AD (Android 9),2021-05-06T06:10:39.864Z,歩行,あ,false,131.9,106.4,-10.200000000000001,2.5,0.6000000000000001,6.300000000000001,2.9000000000000004,-8.1,8.8,196,-3,-249.90000000000003
Chrome Mobile,90.0.4430.82,Asus X01AD,Asus,Blink,[object Object],Chrome Mobile 90.0.4430.82 on Asus X01AD (Android 9),2021-05-06T06:10:40.065Z,歩行,あ,false,157.8,134.6,-32.1,-1.7000000000000002,-6,-2.2,1.4000000000000001,-11.8,2.6,39.50000000000001,-6.300000000000001,18.900000000000002
Chrome Mobile,90.0.4430.82,Asus X01AD,Asus,Blink,[object Object],Chrome Mobile 90.0.4430.82 on Asus X01AD (Android 9),2021-05-06T06:10:40.266Z,歩行,あ,false,103.10000000000001,106.7,11,8.200000000000001,10.4,6.1000000000000005,7.800000000000001,3.5,8.1,-243.8,-9.4,250.10000000000002
Chrome Mobile,90.0.4430.82,Asus X01AD,Asus,Blink,[object Object],Chrome Mobile 90.0.4430.82 on Asus X01AD (Android 9),2021-05-06T06:10:40.466Z,歩行,あ,false,93.9,110,20.6,9.200000000000001,8.4,4.2,8.1,-0.30000000000000004,7.1000000000000005,102.8,-25.1,-249.90000000000003
Chrome Mobile,90.0.4430.82,Asus X01AD,Asus,Blink,[object Object],Chrome Mobile 90.0.4430.82 on Asus X01AD (Android 9),2021-05-06T06:10:40.667Z,歩行,あ,false,160.8,134.20000000000002,-36.300000000000004,-2.6,-7.300000000000001,-0.1,0.8,-13.3,4.6000000000000005,37.2,3.7000000000000006,-45.9
Chrome Mobile,90.0.4430.82,Asus X01AD,Asus,Blink,[object Object],Chrome Mobile 90.0.4430.82 on Asus X01AD (Android 9),2021-05-06T06:10:40.867Z,歩行,あ,false,154.4,116,-33.9,-1.7000000000000002,-3.8000000000000003,1.5,0.1,-10.4,4.2,-179.30000000000004,-40.7,231.4
Chrome Mobile,90.0.4430.82,Asus X01AD,Asus,Blink,[object Object],Chrome Mobile 90.0.4430.82 on Asus X01AD (Android 9),2021-05-06T06:10:41.068Z,歩行,あ,false,190.9,70.3,-73.2,19,32.9,-3.3000000000000003,16,24.3,-4.2,247.29999999999998,-3.7000000000000006,-120.50000000000001
Chrome Mobile,90.0.4430.82,Asus X01AD,Asus,Blink,[object Object],Chrome Mobile 90.0.4430.82 on Asus X01AD (Android 9),2021-05-06T06:10:41.268Z,歩行,あ,false,161.70000000000002,117.5,-41.7,-2.9000000000000004,-7.1000000000000005,3.1,-0.30000000000000004,-14.8,6.1000000000000005,91.10000000000001,6.2,-79.7
Chrome Mobile,90.0.4430.82,Asus X01AD,Asus,Blink,[object Object],Chrome Mobile 90.0.4430.82 on Asus X01AD (Android 9),2021-05-06T06:10:41.469Z,歩行,あ,false,148.9,116.9,-33.300000000000004,-3,-5.1000000000000005,-0.8,-1.1,-11.9,2.1,-60.900000000000006,-8.8,143.1
Chrome Mobile,90.0.4430.82,Asus X01AD,Asus,Blink,[object Object],Chrome Mobile 90.0.4430.82 on Asus X01AD (Android 9),2021-05-06T06:10:41.670Z,歩行,あ,false,165.4,70.4,-46.6,11,39.1,20.200000000000003,8.9,30.900000000000002,18.2,166.9,55.400000000000006,-9.8
Chrome Mobile,90.0.4430.82,Asus X01AD,Asus,Blink,[object Object],Chrome Mobile 90.0.4430.82 on Asus X01AD (Android 9),2021-05-06T06:10:41.870Z,歩行,あ,false,172.60000000000002,117.9,-50.6,-1.9000000000000001,-6.7,2.7,1.3,-14.4,5.300000000000001,72.60000000000001,54,-116.30000000000001
Chrome Mobile,90.0.4430.82,Asus X01AD,Asus,Blink,[object Object],Chrome Mobile 90.0.4430.82 on Asus X01AD (Android 9),2021-05-06T06:10:42.072Z,歩行,あ,false,164,124.30000000000001,-44,-3.2,-6.1000000000000005,-0.1,-0.2,-12.4,3,-17.6,-23,105.4
Chrome Mobile,90.0.4430.82,Asus X01AD,Asus,Blink,[object Object],Chrome Mobile 90.0.4430.82 on Asus X01AD (Android 9),2021-05-06T06:10:42.273Z,歩行,あ,false,188.60000000000002,68.9,-73,28.200000000000003,39,5.2,25.5,31.700000000000003,4.4,-250.00000000000003,104.10000000000001,98.50000000000001
Chrome Mobile,90.0.4430.82,Asus X01AD,Asus,Blink,[object Object],Chrome Mobile 90.0.4430.82 on Asus X01AD (Android 9),2021-05-06T06:10:42.474Z,歩行,あ,false,159.4,106.7,-38.400000000000006,-1.5,-4.2,-2.3000000000000003,0.1,-12.8,-0.30000000000000004,211,0,-223.29999999999998
Chrome Mobile,90.0.4430.82,Asus X01AD,Asus,Blink,[object Object],Chrome Mobile 90.0.4430.82 on Asus X01AD (Android 9),2021-05-06T06:10:42.674Z,歩行,あ,false,168.5,122.4,-43.800000000000004,-1.3,-4.5,0.4,1.7000000000000002,-11.200000000000001,3.5,-7.699999999999999,6.9,17.799999999999997
Chrome Mobile,90.0.4430.82,Asus X01AD,Asus,Blink,[object Object],Chrome Mobile 90.0.4430.82 on Asus X01AD (Android 9),2021-05-06T06:10:42.875Z,歩行,あ,false,112.7,105.30000000000001,1.1,4.9,3.9000000000000004,-4.5,4.800000000000001,-3,-2.6,-250.00000000000003,-8.100000000000001,250.10000000000002
Chrome Mobile,90.0.4430.82,Asus X01AD,Asus,Blink,[object Object],Chrome Mobile 90.0.4430.82 on Asus X01AD (Android 9),2021-05-06T06:10:43.077Z,歩行,あ,false,33.1,100.80000000000001,84.80000000000001,11,18,-0.30000000000000004,9.3,9,-0.2,137.4,23.800000000000004,-247.8
Chrome Mobile,90.0.4430.82,Asus X01AD,Asus,Blink,[object Object],Chrome Mobile 90.0.4430.82 on Asus X01AD (Android 9),2021-05-06T06:10:43.278Z,歩行,あ,false,158.60000000000002,121.2,-42.400000000000006,-0.8,-3.7,-2.8000000000000003,2.2,-10.9,0.4,186.6,-85.5,-26.200000000000003
Chrome Mobile,90.0.4430.82,Asus X01AD,Asus,Blink,[object Object],Chrome Mobile 90.0.4430.82 on Asus X01AD (Android 9),2021-05-06T06:10:43.484Z,歩行,あ,false,145.5,122.10000000000001,-30.200000000000003,-2.5,-7.1000000000000005,-1.4000000000000001,-0.5,-13.3,2,-82.60000000000001,76.7,167
Chrome Mobile,90.0.4430.82,Asus X01AD,Asus,Blink,[object Object],Chrome Mobile 90.0.4430.82 on Asus X01AD (Android 9),2021-05-06T06:10:43.688Z,歩行,あ,false,176.8,66.8,-59.1,19.400000000000002,39.1,15.700000000000001,21.200000000000003,30.900000000000002,8.3,126.89999999999999,19.799999999999997,-29.400000000000002
Chrome Mobile,90.0.4430.82,Asus X01AD,Asus,Blink,[object Object],Chrome Mobile 90.0.4430.82 on Asus X01AD (Android 9),2021-05-06T06:10:43.889Z,歩行,あ,false,174.5,117.10000000000001,-52.300000000000004,-0.4,-8.4,3.4000000000000004,2.8000000000000003,-16.2,5.800000000000001,32.5,18.900000000000002,-70.5
Chrome Mobile,90.0.4430.82,Asus X01AD,Asus,Blink,[object Object],Chrome Mobile 90.0.4430.82 on Asus X01AD (Android 9),2021-05-06T06:10:44.089Z,歩行,あ,false,150.1,115.4,-25.5,-0.9,-5.9,-2.6,0.5,-12.600000000000001,0.2,14.700000000000001,22.9,158.2
Chrome Mobile,90.0.4430.82,Asus X01AD,Asus,Blink,[object Object],Chrome Mobile 90.0.4430.82 on Asus X01AD (Android 9),2021-05-06T06:10:44.290Z,歩行,あ,false,188.10000000000002,52.900000000000006,-67.60000000000001,25.400000000000002,39,28,21,32.7,26.200000000000003,-250.00000000000003,144.4,104.10000000000001
Chrome Mobile,90.0.4430.82,Asus X01AD,Asus,Blink,[object Object],Chrome Mobile 90.0.4430.82 on Asus X01AD (Android 9),2021-05-06T06:10:44.491Z,歩行,あ,false,145.3,96.10000000000001,-13.100000000000001,-0.2,-5.2,1.6,0.1,-14.3,2.5,228.3,40.9,-249.5
Chrome Mobile,90.0.4430.82,Asus X01AD,Asus,Blink,[object Object],Chrome Mobile 90.0.4430.82 on Asus X01AD (Android 9),2021-05-06T06:10:44.692Z,歩行,あ,false,177,125.7,-40.2,-1.9000000000000001,-9.5,-0.9,1.1,-16.1,2.7,-6.600000000000001,42.1,-31.400000000000002
Chrome Mobile,90.0.4430.82,Asus X01AD,Asus,Blink,[object Object],Chrome Mobile 90.0.4430.82 on Asus X01AD (Android 9),2021-05-06T06:10:44.892Z,歩行,あ,false,124.10000000000001,100,2.3000000000000003,8.4,3,6.9,8.3,-3.9000000000000004,8.1,-175.89999999999998,-79.5,250.10000000000002
Chrome Mobile,90.0.4430.82,Asus X01AD,Asus,Blink,[object Object],Chrome Mobile 90.0.4430.82 on Asus X01AD (Android 9),2021-05-06T06:10:45.094Z,歩行,あ,false,210.5,72.60000000000001,-82.4,15.200000000000001,21.3,-5.1000000000000005,12.5,12.5,-5.4,140.3,4.1,-249.90000000000003
Chrome Mobile,90.0.4430.82,Asus X01AD,Asus,Blink,[object Object],Chrome Mobile 90.0.4430.82 on Asus X01AD (Android 9),2021-05-06T06:10:45.295Z,歩行,あ,false,168.20000000000002,115.9,-35.800000000000004,0.4,-5.800000000000001,-2.9000000000000004,2.5,-13.4,0.1,118.40000000000002,-23.5,-80.8
Chrome Mobile,90.0.4430.82,Asus X01AD,Asus,Blink,[object Object],Chrome Mobile 90.0.4430.82 on Asus X01AD (Android 9),2021-05-06T06:10:45.495Z,歩行,あ,false,162.70000000000002,111.60000000000001,-28.6,-2,-6.2,0.30000000000000004,-0.7000000000000001,-13.100000000000001,2.7,-84.2,-30.5,152.5
Chrome Mobile,90.0.4430.82,Asus X01AD,Asus,Blink,[object Object],Chrome Mobile 90.0.4430.82 on Asus X01AD (Android 9),2021-05-06T06:10:45.696Z,歩行,あ,false,184,53.800000000000004,-59.300000000000004,21.3,39.1,29.400000000000002,17,32.4,26.900000000000002,70.10000000000001,17,97.40000000000002
Chrome Mobile,90.0.4430.82,Asus X01AD,Asus,Blink,[object Object],Chrome Mobile 90.0.4430.82 on Asus X01AD (Android 9),2021-05-06T06:10:45.897Z,歩行,あ,false,154.10000000000002,107.80000000000001,-24.700000000000003,-1.1,-2,-2.1,0.5,-10.5,0.1,114.99999999999999,48,-153.60000000000002
Chrome Mobile,90.0.4430.82,Asus X01AD,Asus,Blink,[object Object],Chrome Mobile 90.0.4430.82 on Asus X01AD (Android 9),2021-05-06T06:10:46.099Z,歩行,あ,false,174.70000000000002,118.60000000000001,-38.800000000000004,-3.6,-7.5,-1.4000000000000001,-1.2000000000000002,-14.3,1.5,-52.1,57.699999999999996,29
Chrome Mobile,90.0.4430.82,Asus X01AD,Asus,Blink,[object Object],Chrome Mobile 90.0.4430.82 on Asus X01AD (Android 9),2021-05-06T06:10:46.300Z,歩行,あ,false,191.60000000000002,71.4,-68.4,21.3,31.6,8.3,19.200000000000003,24.8,7.4,-250.00000000000003,-81.60000000000001,250.10000000000002
Chrome Mobile,90.0.4430.82,Asus X01AD,Asus,Blink,[object Object],Chrome Mobile 90.0.4430.82 on Asus X01AD (Android 9),2021-05-06T06:10:46.501Z,歩行,あ,false,40,94.9,89.4,2.6,2.7,12.600000000000001,1.9000000000000001,-6.5,12.600000000000001,231.8,-22.9,-249.90000000000003
Chrome Mobile,90.0.4430.82,Asus X01AD,Asus,Blink,[object Object],Chrome Mobile 90.0.4430.82 on Asus X01AD (Android 9),2021-05-06T06:10:46.701Z,歩行,あ,false,177,119.4,-44.900000000000006,0.6000000000000001,-6.9,-2.2,3.4000000000000004,-14,0.7000000000000001,67.7,13.8,6.4
Chrome Mobile,90.0.4430.82,Asus X01AD,Asus,Blink,[object Object],Chrome Mobile 90.0.4430.82 on Asus X01AD (Android 9),2021-05-06T06:10:46.903Z,歩行,あ,false,134.8,103.2,-4.4,2.7,-5.1000000000000005,1.1,2.8000000000000003,-12,2.7,-131.7,-42.1,243.1
Chrome Mobile,90.0.4430.82,Asus X01AD,Asus,Blink,[object Object],Chrome Mobile 90.0.4430.82 on Asus X01AD (Android 9),2021-05-06T06:10:47.103Z,歩行,あ,false,188.70000000000002,67.2,-59.2,18.1,32.4,-2.2,15,24,-4,248.5,24,-229.8
Chrome Mobile,90.0.4430.82,Asus X01AD,Asus,Blink,[object Object],Chrome Mobile 90.0.4430.82 on Asus X01AD (Android 9),2021-05-06T06:10:47.304Z,歩行,あ,false,186.9,111.5,-49.2,-2.4000000000000004,-5.800000000000001,5.6000000000000005,0,-13.8,7.7,84.69999999999999,10,-87.3
Chrome Mobile,90.0.4430.82,Asus X01AD,Asus,Blink,[object Object],Chrome Mobile 90.0.4430.82 on Asus X01AD (Android 9),2021-05-06T06:10:47.505Z,歩行,あ,false,164.60000000000002,114,-30.6,-3.4000000000000004,-6.4,0.30000000000000004,-1.9000000000000001,-13.3,2.9000000000000004,-35.4,-8.700000000000001,149.79999999999998
Chrome Mobile,90.0.4430.82,Asus X01AD,Asus,Blink,[object Object],Chrome Mobile 90.0.4430.82 on Asus X01AD (Android 9),2021-05-06T06:10:47.706Z,歩行,あ,false,181.5,57.800000000000004,-51.300000000000004,1.4000000000000001,39.1,39,-2,32.2,36.2,-244.79999999999998,139.4,-7.1000000000000005
Chrome Mobile,90.0.4430.82,Asus X01AD,Asus,Blink,[object Object],Chrome Mobile 90.0.4430.82 on Asus X01AD (Android 9),2021-05-06T06:10:47.906Z,歩行,あ,false,169.3,106.2,-35.9,-0.6000000000000001,-5.9,1.4000000000000001,0.8,-14.3,3.4000000000000004,167.20000000000002,16.4,-150.9
Chrome Mobile,90.0.4430.82,Asus X01AD,Asus,Blink,[object Object],Chrome Mobile 90.0.4430.82 on Asus X01AD (Android 9),2021-05-06T06:10:48.107Z,歩行,あ,false,158.9,120.4,-27.400000000000002,-3.1,-5.7,-1,-0.8,-12.200000000000001,2.6,-21.900000000000002,32.300000000000004,49.199999999999996
Chrome Mobile,90.0.4430.82,Asus X01AD,Asus,Blink,[object Object],Chrome Mobile 90.0.4430.82 on Asus X01AD (Android 9),2021-05-06T06:10:48.308Z,歩行,あ,false,40.400000000000006,111.60000000000001,84.4,22.3,13,8.8,19.700000000000003,6.6000000000000005,9,-250.00000000000003,20.8,250.10000000000002
Chrome Mobile,90.0.4430.82,Asus X01AD,Asus,Blink,[object Object],Chrome Mobile 90.0.4430.82 on Asus X01AD (Android 9),2021-05-06T06:10:48.509Z,歩行,あ,false,202,71.7,-73.10000000000001,8.5,3.7,21.400000000000002,5.6000000000000005,-5.2,20.5,112.7,-28.600000000000005,-249.90000000000003
Chrome Mobile,90.0.4430.82,Asus X01AD,Asus,Blink,[object Object],Chrome Mobile 90.0.4430.82 on Asus X01AD (Android 9),2021-05-06T06:10:48.710Z,歩行,あ,false,172.9,114.60000000000001,-41.800000000000004,-2.1,-4.6000000000000005,0.8,0.2,-12.200000000000001,3.4000000000000004,71.10000000000001,-40.6,-74.5
Chrome Mobile,90.0.4430.82,Asus X01AD,Asus,Blink,[object Object],Chrome Mobile 90.0.4430.82 on Asus X01AD (Android 9),2021-05-06T06:10:48.910Z,歩行,あ,false,161.10000000000002,104.60000000000001,-28.900000000000002,-2.9000000000000004,-6.2,1.7000000000000002,-2,-13.4,3.4000000000000004,-126.89999999999999,-5.500000000000001,201.1
Chrome Mobile,90.0.4430.82,Asus X01AD,Asus,Blink,[object Object],Chrome Mobile 90.0.4430.82 on Asus X01AD (Android 9),2021-05-06T06:10:49.111Z,歩行,あ,false,186.9,55.1,-52.6,23.3,38.7,8,19.200000000000003,31.400000000000002,4.800000000000001,250.00000000000003,39,-27.3
Chrome Mobile,90.0.4430.82,Asus X01AD,Asus,Blink,[object Object],Chrome Mobile 90.0.4430.82 on Asus X01AD (Android 9),2021-05-06T06:10:49.312Z,歩行,あ,false,166.3,108.2,-40.7,-0.2,-2.1,1,1.6,-10.5,3.1,52.00000000000001,-20,-147.8
Chrome Mobile,90.0.4430.82,Asus X01AD,Asus,Blink,[object Object],Chrome Mobile 90.0.4430.82 on Asus X01AD (Android 9),2021-05-06T06:10:49.523Z,歩行,あ,false,167.3,120,-47.800000000000004,-4.7,-6.1000000000000005,-1.5,-1.8,-12.9,1.1,11.900000000000002,-12.600000000000001,72.10000000000001
Chrome Mobile,90.0.4430.82,Asus X01AD,Asus,Blink,[object Object],Chrome Mobile 90.0.4430.82 on Asus X01AD (Android 9),2021-05-06T06:10:49.724Z,歩行,あ,false,174.60000000000002,61.2,-54.6,15.700000000000001,39.1,15.8,12.700000000000001,32,14,-250.00000000000003,76.4,105.4
Chrome Mobile,90.0.4430.82,Asus X01AD,Asus,Blink,[object Object],Chrome Mobile 90.0.4430.82 on Asus X01AD (Android 9),2021-05-06T06:10:49.925Z,歩行,あ,false,166.4,101.10000000000001,-42.300000000000004,3.6,-3.1,1,4.800000000000001,-12.100000000000001,2.3000000000000003,239.1,-40.9,-238.40000000000003
Chrome Mobile,90.0.4430.82,Asus X01AD,Asus,Blink,[object Object],Chrome Mobile 90.0.4430.82 on Asus X01AD (Android 9),2021-05-06T06:10:50.125Z,歩行,あ,false,180.5,123.60000000000001,-48.800000000000004,-2.5,-6,-1.7000000000000002,1.1,-12.700000000000001,0.5,-10,47.3,14.200000000000001
Chrome Mobile,90.0.4430.82,Asus X01AD,Asus,Blink,[object Object],Chrome Mobile 90.0.4430.82 on Asus X01AD (Android 9),2021-05-06T06:10:50.327Z,歩行,あ,false,119.60000000000001,97.60000000000001,8.200000000000001,1.9000000000000001,-5.9,-1.6,1.8,-12.9,-0.7000000000000001,-250.00000000000003,37.6,250.10000000000002
Chrome Mobile,90.0.4430.82,Asus X01AD,Asus,Blink,[object Object],Chrome Mobile 90.0.4430.82 on Asus X01AD (Android 9),2021-05-06T06:10:50.528Z,歩行,あ,false,197,76,-65.3,14.200000000000001,15.600000000000001,3.2,12.100000000000001,6.5,2.2,156.5,5.300000000000001,-249.4
Chrome Mobile,90.0.4430.82,Asus X01AD,Asus,Blink,[object Object],Chrome Mobile 90.0.4430.82 on Asus X01AD (Android 9),2021-05-06T06:10:50.728Z,歩行,あ,false,181,124.2,-51.5,-2.1,-6,1.2000000000000002,1.6,-13,4.2,81.90000000000002,-12.8,-58.60000000000001
Chrome Mobile,90.0.4430.82,Asus X01AD,Asus,Blink,[object Object],Chrome Mobile 90.0.4430.82 on Asus X01AD (Android 9),2021-05-06T06:10:50.929Z,歩行,あ,false,170.4,120.60000000000001,-44.1,-3.8000000000000003,-7.9,0.30000000000000004,-1.2000000000000002,-14.3,3.1,-89.9,-0.9000000000000001,206.6
Chrome Mobile,90.0.4430.82,Asus X01AD,Asus,Blink,[object Object],Chrome Mobile 90.0.4430.82 on Asus X01AD (Android 9),2021-05-06T06:10:51.130Z,歩行,あ,false,170.8,68.2,-45.400000000000006,6.800000000000001,39.1,15.5,4.6000000000000005,31.3,13.3,73.5,100.30000000000001,-8.899999999999999
Chrome Mobile,90.0.4430.82,Asus X01AD,Asus,Blink,[object Object],Chrome Mobile 90.0.4430.82 on Asus X01AD (Android 9),2021-05-06T06:10:51.330Z,歩行,あ,false,183.4,119.5,-50.800000000000004,-0.4,-4.3,-2.1,2.9000000000000004,-11.8,0.5,4.4,78.5,-148.20000000000002
Chrome Mobile,90.0.4430.82,Asus X01AD,Asus,Blink,[object Object],Chrome Mobile 90.0.4430.82 on Asus X01AD (Android 9),2021-05-06T06:10:51.533Z,歩行,あ,false,184.4,126.10000000000001,-52,-4.9,-6.2,-0.9,-1.3,-12.3,1.9000000000000001,5.7,-40.6,80.50000000000001
Chrome Mobile,90.0.4430.82,Asus X01AD,Asus,Blink,[object Object],Chrome Mobile 90.0.4430.82 on Asus X01AD (Android 9),2021-05-06T06:10:51.733Z,歩行,あ,false,188.3,77.30000000000001,-62.2,13.8,39.1,9,12.3,31.700000000000003,8.3,-250.00000000000003,25.8,91.30000000000001
Chrome Mobile,90.0.4430.82,Asus X01AD,Asus,Blink,[object Object],Chrome Mobile 90.0.4430.82 on Asus X01AD (Android 9),2021-05-06T06:10:51.935Z,歩行,あ,false,176.8,112.80000000000001,-47.400000000000006,-1.6,-1.8,1.8,0.9,-9.9,4.1000000000000005,204.20000000000002,-98.9,-211.70000000000002
Chrome Mobile,90.0.4430.82,Asus X01AD,Asus,Blink,[object Object],Chrome Mobile 90.0.4430.82 on Asus X01AD (Android 9),2021-05-06T06:10:52.136Z,歩行,あ,false,175.5,132,-49,-1.8,-5.7,-0.2,2.2,-11.5,3.3000000000000003,-36.8,22.3,23.2
Chrome Mobile,90.0.4430.82,Asus X01AD,Asus,Blink,[object Object],Chrome Mobile 90.0.4430.82 on Asus X01AD (Android 9),2021-05-06T06:10:52.344Z,歩行,あ,false,150.3,102.10000000000001,-25.3,2.3000000000000003,2.9000000000000004,6,2.9000000000000004,-3.9000000000000004,7.300000000000001,-203.29999999999998,14.800000000000002,250.10000000000002
Chrome Mobile,90.0.4430.82,Asus X01AD,Asus,Blink,[object Object],Chrome Mobile 90.0.4430.82 on Asus X01AD (Android 9),2021-05-06T06:10:52.562Z,歩行,あ,false,54.2,91,75.8,9.4,10.4,7.7,9.200000000000001,1.3,7.800000000000001,168.1,27,-249.90000000000003
Chrome Mobile,90.0.4430.82,Asus X01AD,Asus,Blink,[object Object],Chrome Mobile 90.0.4430.82 on Asus X01AD (Android 9),2021-05-06T06:10:52.763Z,歩行,あ,false,183.5,129.9,-49.5,-1.8,-7.300000000000001,-0.1,2.3000000000000003,-13.4,2.3000000000000003,-3.6000000000000005,31,0.5
Chrome Mobile,90.0.4430.82,Asus X01AD,Asus,Blink,[object Object],Chrome Mobile 90.0.4430.82 on Asus X01AD (Android 9),2021-05-06T06:10:52.964Z,歩行,あ,false,159,115.60000000000001,-30.900000000000002,-0.9,-3.1,-5.4,0.7000000000000001,-9.5,-2.8000000000000003,-152.1,26.5,241.00000000000003
Chrome Mobile,90.0.4430.82,Asus X01AD,Asus,Blink,[object Object],Chrome Mobile 90.0.4430.82 on Asus X01AD (Android 9),2021-05-06T06:10:53.165Z,歩行,あ,false,104.5,98.30000000000001,24.200000000000003,8.8,17.7,-8,8.3,8.9,-6.800000000000001,162.8,-18.200000000000003,-249.90000000000003
Chrome Mobile,90.0.4430.82,Asus X01AD,Asus,Blink,[object Object],Chrome Mobile 90.0.4430.82 on Asus X01AD (Android 9),2021-05-06T06:10:53.365Z,歩行,あ,false,186.8,129.8,-52.900000000000006,-3.8000000000000003,-6.1000000000000005,0.1,0.4,-12.5,3.3000000000000003,134.8,-23.099999999999998,-96.4
Chrome Mobile,90.0.4430.82,Asus X01AD,Asus,Blink,[object Object],Chrome Mobile 90.0.4430.82 on Asus X01AD (Android 9),2021-05-06T06:10:53.566Z,歩行,あ,false,182.60000000000002,121.10000000000001,-48.5,2.1,-5,-0.8,4.9,-11.3,1.7000000000000002,-126.30000000000001,-20.1,179.9
Chrome Mobile,90.0.4430.82,Asus X01AD,Asus,Blink,[object Object],Chrome Mobile 90.0.4430.82 on Asus X01AD (Android 9),2021-05-06T06:10:53.767Z,歩行,あ,false,185.8,75.3,-50.900000000000006,13.100000000000001,39.1,5.2,11.4,30.700000000000003,3.8000000000000003,216.7,-0.2,-65
Chrome Mobile,90.0.4430.82,Asus X01AD,Asus,Blink,[object Object],Chrome Mobile 90.0.4430.82 on Asus X01AD (Android 9),2021-05-06T06:10:53.967Z,歩行,あ,false,191.60000000000002,120.4,-58.1,-1.7000000000000002,-4.3,2.3000000000000003,2,-11.700000000000001,4.6000000000000005,34.300000000000004,68.9,-104.60000000000001
Chrome Mobile,90.0.4430.82,Asus X01AD,Asus,Blink,[object Object],Chrome Mobile 90.0.4430.82 on Asus X01AD (Android 9),2021-05-06T06:10:54.168Z,歩行,あ,false,179.8,122.5,-46.300000000000004,-0.6000000000000001,-5.1000000000000005,0.5,2.5,-11.5,3.4000000000000004,-16.5,12.299999999999999,105.3
Chrome Mobile,90.0.4430.82,Asus X01AD,Asus,Blink,[object Object],Chrome Mobile 90.0.4430.82 on Asus X01AD (Android 9),2021-05-06T06:10:54.369Z,歩行,あ,false,192.60000000000002,76.4,-57.2,7.5,39,21.5,5.9,31.3,20.5,-193.3,41.300000000000004,100
Chrome Mobile,90.0.4430.82,Asus X01AD,Asus,Blink,[object Object],Chrome Mobile 90.0.4430.82 on Asus X01AD (Android 9),2021-05-06T06:10:54.569Z,歩行,あ,false,196.4,112.60000000000001,-55.7,-3,-1.5,-0.6000000000000001,-0.1,-9.700000000000001,1.3,77.3,51,-161.6
Chrome Mobile,90.0.4430.82,Asus X01AD,Asus,Blink,[object Object],Chrome Mobile 90.0.4430.82 on Asus X01AD (Android 9),2021-05-06T06:10:54.770Z,歩行,あ,false,187.8,123.9,-50,-1.5,-5,1,1.9000000000000001,-11.600000000000001,3.8000000000000003,17.400000000000002,-10.200000000000001,40.2
Chrome Mobile,90.0.4430.82,Asus X01AD,Asus,Blink,[object Object],Chrome Mobile 90.0.4430.82 on Asus X01AD (Android 9),2021-05-06T06:10:54.971Z,歩行,あ,false,58.300000000000004,95.9,73.9,16.5,17.900000000000002,-0.30000000000000004,16.2,10.700000000000001,0.2,-243.60000000000002,-36.5,250.10000000000002
Chrome Mobile,90.0.4430.82,Asus X01AD,Asus,Blink,[object Object],Chrome Mobile 90.0.4430.82 on Asus X01AD (Android 9),2021-05-06T06:10:55.171Z,歩行,あ,false,179.4,97.30000000000001,-45,4.2,4.3,11.5,4.6000000000000005,-5,12,188.20000000000002,-25,-249.90000000000003
Chrome Mobile,90.0.4430.82,Asus X01AD,Asus,Blink,[object Object],Chrome Mobile 90.0.4430.82 on Asus X01AD (Android 9),2021-05-06T06:10:55.372Z,歩行,あ,false,183.60000000000002,128.1,-52.5,-0.7000000000000001,-4.7,0,3.4000000000000004,-11.200000000000001,3.1,41.50000000000001,-7.9,11.700000000000001
Chrome Mobile,90.0.4430.82,Asus X01AD,Asus,Blink,[object Object],Chrome Mobile 90.0.4430.82 on Asus X01AD (Android 9),2021-05-06T06:10:55.578Z,歩行,あ,false,165.70000000000002,110.2,-33.7,0.7000000000000001,-3.9000000000000004,-0.7000000000000001,2.2,-10.8,1.4000000000000001,-127.00000000000003,-15.700000000000001,232.5
Chrome Mobile,90.0.4430.82,Asus X01AD,Asus,Blink,[object Object],Chrome Mobile 90.0.4430.82 on Asus X01AD (Android 9),2021-05-06T06:10:55.784Z,歩行,あ,false,199.8,71.3,-66.5,19.1,30.6,-13.100000000000001,16.400000000000002,21.8,-14.3,250.00000000000003,-3.6000000000000005,-245.49999999999997
Chrome Mobile,90.0.4430.82,Asus X01AD,Asus,Blink,[object Object],Chrome Mobile 90.0.4430.82 on Asus X01AD (Android 9),2021-05-06T06:10:55.986Z,歩行,あ,false,185.5,122.4,-51.6,-2.5,-3.8000000000000003,0.7000000000000001,1.2000000000000002,-11.100000000000001,3.6,-3.5,69.3,-95.5
Chrome Mobile,90.0.4430.82,Asus X01AD,Asus,Blink,[object Object],Chrome Mobile 90.0.4430.82 on Asus X01AD (Android 9),2021-05-06T06:10:56.186Z,歩行,あ,false,181.70000000000002,123.30000000000001,-50.5,-2.4000000000000004,-6.2,2.2,0.8,-12.700000000000001,4.9,-25.1,-68.60000000000001,138.7
Chrome Mobile,90.0.4430.82,Asus X01AD,Asus,Blink,[object Object],Chrome Mobile 90.0.4430.82 on Asus X01AD (Android 9),2021-05-06T06:10:56.388Z,歩行,あ,false,186.4,65.9,-59,14.600000000000001,39.1,26.1,11.700000000000001,31.5,24.400000000000002,-117.30000000000001,60.00000000000001,177.5
Chrome Mobile,90.0.4430.82,Asus X01AD,Asus,Blink,[object Object],Chrome Mobile 90.0.4430.82 on Asus X01AD (Android 9),2021-05-06T06:10:56.589Z,歩行,あ,false,182.60000000000002,104.30000000000001,-51.300000000000004,3,-6.2,1.8,4.800000000000001,-15,3.2,97.40000000000002,24,-249.90000000000003
Chrome Mobile,90.0.4430.82,Asus X01AD,Asus,Blink,[object Object],Chrome Mobile 90.0.4430.82 on Asus X01AD (Android 9),2021-05-06T06:10:56.789Z,歩行,あ,false,184.5,122,-47.1,-3,-6.6000000000000005,-1.2000000000000002,0.1,-13.4,1.7000000000000002,-26.9,39.50000000000001,110.10000000000001
Chrome Mobile,90.0.4430.82,Asus X01AD,Asus,Blink,[object Object],Chrome Mobile 90.0.4430.82 on Asus X01AD (Android 9),2021-05-06T06:10:56.990Z,歩行,あ,false,44.7,102.7,80.5,15.200000000000001,18.400000000000002,4.7,13.600000000000001,11.200000000000001,4.9,-232.1,0.2,250.10000000000002
Chrome Mobile,90.0.4430.82,Asus X01AD,Asus,Blink,[object Object],Chrome Mobile 90.0.4430.82 on Asus X01AD (Android 9),2021-05-06T06:10:57.191Z,歩行,あ,false,198.3,81.2,-67.10000000000001,7.800000000000001,9.3,7.5,6.4,-0.1,7,9.5,45.5,-249.90000000000003
Chrome Mobile,90.0.4430.82,Asus X01AD,Asus,Blink,[object Object],Chrome Mobile 90.0.4430.82 on Asus X01AD (Android 9),2021-05-06T06:10:57.392Z,歩行,あ,false,178.9,114.9,-51.2,-0.6000000000000001,-8.9,4.4,2.1,-16.5,6.6000000000000005,55.3,-40.1,0
Chrome Mobile,90.0.4430.82,Asus X01AD,Asus,Blink,[object Object],Chrome Mobile 90.0.4430.82 on Asus X01AD (Android 9),2021-05-06T06:10:57.593Z,歩行,あ,false,141.1,95.5,-5.1000000000000005,0.7000000000000001,-2.9000000000000004,2.9000000000000004,0.8,-10.200000000000001,3.6,-250.00000000000003,77.60000000000001,196.10000000000002
Chrome Mobile,90.0.4430.82,Asus X01AD,Asus,Blink,[object Object],Chrome Mobile 90.0.4430.82 on Asus X01AD (Android 9),2021-05-06T06:10:57.794Z,歩行,あ,false,196.4,66.60000000000001,-55.900000000000006,16.8,27.700000000000003,-2.7,15.4,26.1,-7.7,239.6,-19.5,-216.3
Chrome Mobile,90.0.4430.82,Asus X01AD,Asus,Blink,[object Object],Chrome Mobile 90.0.4430.82 on Asus X01AD (Android 9),2021-05-06T06:10:57.995Z,歩行,あ,false,187.3,110.10000000000001,-48.300000000000004,-1.5,-5.1000000000000005,3.6,0.7000000000000001,-13.3,5.6000000000000005,39.1,2.1,-77.7
Chrome Mobile,90.0.4430.82,Asus X01AD,Asus,Blink,[object Object],Chrome Mobile 90.0.4430.82 on Asus X01AD (Android 9),2021-05-06T06:10:58.195Z,歩行,あ,false,178.20000000000002,109.4,-42.300000000000004,-2.3000000000000003,-5.6000000000000005,-0.2,-0.5,-12.9,1.7000000000000002,-36,-34.7,128.1
Chrome Mobile,90.0.4430.82,Asus X01AD,Asus,Blink,[object Object],Chrome Mobile 90.0.4430.82 on Asus X01AD (Android 9),2021-05-06T06:10:58.396Z,歩行,あ,false,179.5,55.1,-51.400000000000006,11.4,39.1,39,7.7,32.2,36,-212.29999999999998,87.89999999999999,86.3
Chrome Mobile,90.0.4430.82,Asus X01AD,Asus,Blink,[object Object],Chrome Mobile 90.0.4430.82 on Asus X01AD (Android 9),2021-05-06T06:10:58.597Z,歩行,あ,false,161.9,106.2,-33.1,1.5,-3,0.9,2.6,-12,3,126.4,-2,-224.2
Chrome Mobile,90.0.4430.82,Asus X01AD,Asus,Blink,[object Object],Chrome Mobile 90.0.4430.82 on Asus X01AD (Android 9),2021-05-06T06:10:58.797Z,歩行,あ,false,176.4,121.5,-45,-3,-6.2,1,-0.1,-13.100000000000001,4,-29.300000000000004,32.9,10.700000000000001
Chrome Mobile,90.0.4430.82,Asus X01AD,Asus,Blink,[object Object],Chrome Mobile 90.0.4430.82 on Asus X01AD (Android 9),2021-05-06T06:10:58.999Z,歩行,あ,false,211.3,76.3,-87.9,26.200000000000003,35.7,-4.5,24.400000000000002,28.3,-4.6000000000000005,-136.4,-129.3,250.10000000000002
Chrome Mobile,90.0.4430.82,Asus X01AD,Asus,Blink,[object Object],Chrome Mobile 90.0.4430.82 on Asus X01AD (Android 9),2021-05-06T06:10:59.199Z,歩行,あ,false,198.10000000000002,93,-68.4,-1,1.5,16.5,-0.5,-7.800000000000001,16.6,121.2,-53,-249.90000000000003
Chrome Mobile,90.0.4430.82,Asus X01AD,Asus,Blink,[object Object],Chrome Mobile 90.0.4430.82 on Asus X01AD (Android 9),2021-05-06T06:10:59.400Z,歩行,あ,false,182,116.9,-47.800000000000004,0.1,-4.5,-1.6,2.9000000000000004,-11.9,0.9,0.1,16.700000000000003,-0.4
Chrome Mobile,90.0.4430.82,Asus X01AD,Asus,Blink,[object Object],Chrome Mobile 90.0.4430.82 on Asus X01AD (Android 9),2021-05-06T06:10:59.601Z,歩行,あ,false,162.70000000000002,99.5,-33.6,1.7000000000000002,-2.3000000000000003,-0.5,2.3000000000000003,-9.600000000000001,0.5,-155.8,-41.900000000000006,220
Chrome Mobile,90.0.4430.82,Asus X01AD,Asus,Blink,[object Object],Chrome Mobile 90.0.4430.82 on Asus X01AD (Android 9),2021-05-06T06:10:59.801Z,歩行,あ,false,201.4,75.7,-66.10000000000001,10.9,19.8,-3.5,8.8,10.700000000000001,-4.4,125.60000000000001,-9.2,-249.90000000000003
Chrome Mobile,90.0.4430.82,Asus X01AD,Asus,Blink,[object Object],Chrome Mobile 90.0.4430.82 on Asus X01AD (Android 9),2021-05-06T06:11:00.002Z,歩行,あ,false,181.3,111.30000000000001,-48.800000000000004,-0.2,-4.2,1.7000000000000002,2.1,-12.200000000000001,3.8000000000000003,63.4,13.100000000000001,-43.1
Chrome Mobile,90.0.4430.82,Asus X01AD,Asus,Blink,[object Object],Chrome Mobile 90.0.4430.82 on Asus X01AD (Android 9),2021-05-06T06:11:00.203Z,歩行,あ,false,170.4,113.5,-40.5,-1.2000000000000002,-5,0.2,0.7000000000000001,-12,2.5,-50.400000000000006,22.1,89.6
Chrome Mobile,90.0.4430.82,Asus X01AD,Asus,Blink,[object Object],Chrome Mobile 90.0.4430.82 on Asus X01AD (Android 9),2021-05-06T06:11:00.403Z,歩行,あ,false,174.5,59.300000000000004,-49.5,10.4,39.1,25.700000000000003,7.2,32.1,23,-213.1,68.2,123.6
Chrome Mobile,90.0.4430.82,Asus X01AD,Asus,Blink,[object Object],Chrome Mobile 90.0.4430.82 on Asus X01AD (Android 9),2021-05-06T06:11:00.604Z,歩行,あ,false,187.4,98.80000000000001,-57.2,0.6000000000000001,-5.800000000000001,4.3,1.8,-14.8,5,249.3,17.200000000000003,-249.90000000000003
Chrome Mobile,90.0.4430.82,Asus X01AD,Asus,Blink,[object Object],Chrome Mobile 90.0.4430.82 on Asus X01AD (Android 9),2021-05-06T06:11:00.805Z,歩行,あ,false,180.70000000000002,121.4,-49.2,-0.4,-4.9,3,3.9000000000000004,-11.9,4.800000000000001,-90.1,61.10000000000001,3.1
Chrome Mobile,90.0.4430.82,Asus X01AD,Asus,Blink,[object Object],Chrome Mobile 90.0.4430.82 on Asus X01AD (Android 9),2021-05-06T06:11:01.006Z,歩行,あ,false,215,84.4,-80.30000000000001,6.2,4.7,7.2,5.5,-2.5,7.1000000000000005,-249.4,27,250.00000000000003
Chrome Mobile,90.0.4430.82,Asus X01AD,Asus,Blink,[object Object],Chrome Mobile 90.0.4430.82 on Asus X01AD (Android 9),2021-05-06T06:11:01.207Z,歩行,あ,false,192.3,74.4,-58,7.800000000000001,11.4,13.5,5.7,2.3000000000000003,12.200000000000001,132.70000000000002,-31.099999999999998,-249.90000000000003
Chrome Mobile,90.0.4430.82,Asus X01AD,Asus,Blink,[object Object],Chrome Mobile 90.0.4430.82 on Asus X01AD (Android 9),2021-05-06T06:11:01.407Z,歩行,あ,false,174.20000000000002,119.10000000000001,-47.800000000000004,1.7000000000000002,-3.5,1.3,4.800000000000001,-11.100000000000001,4.1000000000000005,33.7,-69.9,-29.700000000000006
Chrome Mobile,90.0.4430.82,Asus X01AD,Asus,Blink,[object Object],Chrome Mobile 90.0.4430.82 on Asus X01AD (Android 9),2021-05-06T06:11:01.614Z,歩行,あ,false,165,113.10000000000001,-42.7,-2.9000000000000004,-5.4,0.1,-1,-12.200000000000001,3,-41.300000000000004,35.599999999999994,162.9
Chrome Mobile,90.0.4430.82,Asus X01AD,Asus,Blink,[object Object],Chrome Mobile 90.0.4430.82 on Asus X01AD (Android 9),2021-05-06T06:11:01.818Z,歩行,あ,false,181.4,69.3,-53,16.400000000000002,36.4,-1,13.8,27.900000000000002,-3,250.00000000000003,4.9,-175.4
Chrome Mobile,90.0.4430.82,Asus X01AD,Asus,Blink,[object Object],Chrome Mobile 90.0.4430.82 on Asus X01AD (Android 9),2021-05-06T06:11:02.019Z,歩行,あ,false,185.20000000000002,117.7,-54.1,-1.2000000000000002,-4.5,0.30000000000000004,2.1,-12.3,2.7,41.6,67.9,-80.7
Chrome Mobile,90.0.4430.82,Asus X01AD,Asus,Blink,[object Object],Chrome Mobile 90.0.4430.82 on Asus X01AD (Android 9),2021-05-06T06:11:02.221Z,歩行,あ,false,178.5,120.9,-50.6,-2.6,-5.300000000000001,0.6000000000000001,0.5,-12,3.1,-6.2,-39.599999999999994,94.5
Chrome Mobile,90.0.4430.82,Asus X01AD,Asus,Blink,[object Object],Chrome Mobile 90.0.4430.82 on Asus X01AD (Android 9),2021-05-06T06:11:02.421Z,歩行,あ,false,175.20000000000002,66.60000000000001,-54.900000000000006,13.9,39.1,28.1,11.3,31.8,26.3,-250.00000000000003,119,125.2
Chrome Mobile,90.0.4430.82,Asus X01AD,Asus,Blink,[object Object],Chrome Mobile 90.0.4430.82 on Asus X01AD (Android 9),2021-05-06T06:11:02.622Z,歩行,あ,false,186.4,103.7,-59.5,3.8000000000000003,-0.5,2.7,5.7,-9.4,3.8000000000000003,249.6,-11.8,-249.90000000000003
Chrome Mobile,90.0.4430.82,Asus X01AD,Asus,Blink,[object Object],Chrome Mobile 90.0.4430.82 on Asus X01AD (Android 9),2021-05-06T06:11:02.823Z,歩行,あ,false,181.10000000000002,126.9,-55.800000000000004,0,-4.2,-0.7000000000000001,4.2,-10.8,2.1,14.800000000000002,-5.2,47.7
Chrome Mobile,90.0.4430.82,Asus X01AD,Asus,Blink,[object Object],Chrome Mobile 90.0.4430.82 on Asus X01AD (Android 9),2021-05-06T06:11:03.023Z,歩行,あ,false,136.4,105.80000000000001,-14.100000000000001,5.300000000000001,-1.7000000000000002,4,5.800000000000001,-8.6,5.9,-2.8,-33.7,229.99999999999997
Chrome Mobile,90.0.4430.82,Asus X01AD,Asus,Blink,[object Object],Chrome Mobile 90.0.4430.82 on Asus X01AD (Android 9),2021-05-06T06:11:03.224Z,歩行,あ,false,219.60000000000002,73.2,-88.30000000000001,16.900000000000002,24,-8.6,14.200000000000001,15.100000000000001,-8.700000000000001,165.7,7.699999999999999,-245.49999999999997
Chrome Mobile,90.0.4430.82,Asus X01AD,Asus,Blink,[object Object],Chrome Mobile 90.0.4430.82 on Asus X01AD (Android 9),2021-05-06T06:11:03.425Z,歩行,あ,false,180.4,121.9,-51.800000000000004,-1.8,-5.5,-0.5,1.6,-13.100000000000001,3.2,5.2,40.2,-115.9
Chrome Mobile,90.0.4430.82,Asus X01AD,Asus,Blink,[object Object],Chrome Mobile 90.0.4430.82 on Asus X01AD (Android 9),2021-05-06T06:11:03.625Z,歩行,あ,false,172.4,118.4,-46.900000000000006,-1.9000000000000001,-5.9,-0.4,0.9,-12.5,2.2,-49.4,5.9,119.1
Chrome Mobile,90.0.4430.82,Asus X01AD,Asus,Blink,[object Object],Chrome Mobile 90.0.4430.82 on Asus X01AD (Android 9),2021-05-06T06:11:03.826Z,歩行,あ,false,191.10000000000002,68.9,-63.2,16.8,39.1,6.800000000000001,14.100000000000001,31,5.4,224.1,52.7,16.5
Chrome Mobile,90.0.4430.82,Asus X01AD,Asus,Blink,[object Object],Chrome Mobile 90.0.4430.82 on Asus X01AD (Android 9),2021-05-06T06:11:04.027Z,歩行,あ,false,187,115.4,-52.5,2.2,-2.4000000000000004,5.6000000000000005,5.2,-10.4,7.9,-20.7,58.900000000000006,-143.8
Chrome Mobile,90.0.4430.82,Asus X01AD,Asus,Blink,[object Object],Chrome Mobile 90.0.4430.82 on Asus X01AD (Android 9),2021-05-06T06:11:04.228Z,歩行,あ,false,182.10000000000002,125.7,-45.400000000000006,-3.4000000000000004,-5.7,-2,-0.1,-12.100000000000001,1.2000000000000002,-11.900000000000002,32.8,97.7
Chrome Mobile,90.0.4430.82,Asus X01AD,Asus,Blink,[object Object],Chrome Mobile 90.0.4430.82 on Asus X01AD (Android 9),2021-05-06T06:11:04.429Z,歩行,あ,false,59.300000000000004,104.60000000000001,67.9,21.8,36.5,15,20,29.1,15.700000000000001,-250.00000000000003,76.80000000000001,217.5
Chrome Mobile,90.0.4430.82,Asus X01AD,Asus,Blink,[object Object],Chrome Mobile 90.0.4430.82 on Asus X01AD (Android 9),2021-05-06T06:11:04.629Z,歩行,あ,false,173.10000000000002,102.60000000000001,-41.2,3,-3.1,8,4.3,-12,9.5,250.00000000000003,-35.5,-249.6
Chrome Mobile,90.0.4430.82,Asus X01AD,Asus,Blink,[object Object],Chrome Mobile 90.0.4430.82 on Asus X01AD (Android 9),2021-05-06T06:11:04.830Z,歩行,あ,false,174.5,125.30000000000001,-40.5,0,-4.2,0,3.1,-10.8,3.5,14.400000000000002,42.7,31
Chrome Mobile,90.0.4430.82,Asus X01AD,Asus,Blink,[object Object],Chrome Mobile 90.0.4430.82 on Asus X01AD (Android 9),2021-05-06T06:11:05.031Z,歩行,あ,false,118.9,112.5,5,4.6000000000000005,3.5,-5.800000000000001,4.3,-3.1,-3.1,-150.00000000000003,-66.1,250.10000000000002
Chrome Mobile,90.0.4430.82,Asus X01AD,Asus,Blink,[object Object],Chrome Mobile 90.0.4430.82 on Asus X01AD (Android 9),2021-05-06T06:11:05.232Z,歩行,あ,false,91.4,102.2,37.2,11.100000000000001,13.5,-1.9000000000000001,9.9,4.4,-0.4,101.9,-12,-249.90000000000003
Chrome Mobile,90.0.4430.82,Asus X01AD,Asus,Blink,[object Object],Chrome Mobile 90.0.4430.82 on Asus X01AD (Android 9),2021-05-06T06:11:05.433Z,歩行,あ,false,178,127.9,-52.1,-3,-4.6000000000000005,1.8,1.1,-11.200000000000001,5,30.000000000000004,15.5,-49.699999999999996
Chrome Mobile,90.0.4430.82,Asus X01AD,Asus,Blink,[object Object],Chrome Mobile 90.0.4430.82 on Asus X01AD (Android 9),2021-05-06T06:11:05.633Z,歩行,あ,false,161,119,-32.1,-2.3000000000000003,-6.7,0,-0.4,-13.200000000000001,3,-40.7,-33.9,192.1
Chrome Mobile,90.0.4430.82,Asus X01AD,Asus,Blink,[object Object],Chrome Mobile 90.0.4430.82 on Asus X01AD (Android 9),2021-05-06T06:11:05.834Z,歩行,あ,false,187.10000000000002,63.6,-64.7,9,39.1,17.8,5.6000000000000005,31.6,16.2,58.3,108.2,62.50000000000001
Chrome Mobile,90.0.4430.82,Asus X01AD,Asus,Blink,[object Object],Chrome Mobile 90.0.4430.82 on Asus X01AD (Android 9),2021-05-06T06:11:06.035Z,歩行,あ,false,164.20000000000002,113.9,-41.900000000000006,2.1,-1.9000000000000001,0.2,4.5,-10,2.9000000000000004,85.20000000000002,-29.400000000000002,-126.70000000000002
Chrome Mobile,90.0.4430.82,Asus X01AD,Asus,Blink,[object Object],Chrome Mobile 90.0.4430.82 on Asus X01AD (Android 9),2021-05-06T06:11:06.235Z,歩行,あ,false,175,125.2,-45.400000000000006,-4.6000000000000005,-5.800000000000001,-2.5,-1.4000000000000001,-12.200000000000001,0.6000000000000001,-23.700000000000003,63.599999999999994,36
Chrome Mobile,90.0.4430.82,Asus X01AD,Asus,Blink,[object Object],Chrome Mobile 90.0.4430.82 on Asus X01AD (Android 9),2021-05-06T06:11:06.436Z,歩行,あ,false,61.5,101.60000000000001,59.300000000000004,24,18.5,4.1000000000000005,22.700000000000003,11.4,4.800000000000001,-250.00000000000003,52.80000000000001,250.10000000000002
Chrome Mobile,90.0.4430.82,Asus X01AD,Asus,Blink,[object Object],Chrome Mobile 90.0.4430.82 on Asus X01AD (Android 9),2021-05-06T06:11:06.637Z,歩行,あ,false,214.9,83,-89.5,8.3,6.5,16.400000000000002,7.2,-2.8000000000000003,16.400000000000002,66.60000000000001,-20.900000000000002,-249.90000000000003
Chrome Mobile,90.0.4430.82,Asus X01AD,Asus,Blink,[object Object],Chrome Mobile 90.0.4430.82 on Asus X01AD (Android 9),2021-05-06T06:11:06.838Z,歩行,あ,false,177.10000000000002,122,-54.5,-1.1,-6.2,0,2.5,-13.200000000000001,2.5,33.2,0,-7.9
Chrome Mobile,90.0.4430.82,Asus X01AD,Asus,Blink,[object Object],Chrome Mobile 90.0.4430.82 on Asus X01AD (Android 9),2021-05-06T06:11:07.039Z,歩行,あ,false,139,102.30000000000001,-11.200000000000001,2.3000000000000003,-0.8,-4.9,2.6,-8,-3.4000000000000004,-218.79999999999998,165.3,250.10000000000002
Chrome Mobile,90.0.4430.82,Asus X01AD,Asus,Blink,[object Object],Chrome Mobile 90.0.4430.82 on Asus X01AD (Android 9),2021-05-06T06:11:07.240Z,歩行,あ,false,195,65.5,-57.400000000000006,17.2,30.5,4.5,12.100000000000001,15.8,5.7,99.00000000000001,1.5,-227.90000000000003
Chrome Mobile,90.0.4430.82,Asus X01AD,Asus,Blink,[object Object],Chrome Mobile 90.0.4430.82 on Asus X01AD (Android 9),2021-05-06T06:11:07.441Z,歩行,あ,false,192.8,114.9,-59.300000000000004,-1.6,-3.6,4.7,1.6,-11.600000000000001,6.6000000000000005,65.89999999999999,-26.300000000000004,-107.5
Chrome Mobile,90.0.4430.82,Asus X01AD,Asus,Blink,[object Object],Chrome Mobile 90.0.4430.82 on Asus X01AD (Android 9),2021-05-06T06:11:07.652Z,歩行,あ,false,177.9,121.30000000000001,-47.7,-2,-5.2,-1,1.1,-12,1.7000000000000002,-41.300000000000004,-19.9,117.80000000000001
Chrome Mobile,90.0.4430.82,Asus X01AD,Asus,Blink,[object Object],Chrome Mobile 90.0.4430.82 on Asus X01AD (Android 9),2021-05-06T06:11:07.853Z,歩行,あ,false,178.20000000000002,52.7,-36.1,1.4000000000000001,14.4,10.200000000000001,-1.5,7.800000000000001,6.7,-250.00000000000003,169.29999999999998,153.70000000000002
Chrome Mobile,90.0.4430.82,Asus X01AD,Asus,Blink,[object Object],Chrome Mobile 90.0.4430.82 on Asus X01AD (Android 9),2021-05-06T06:11:08.053Z,歩行,あ,false,187,33.9,-30.8,3.8000000000000003,4,12.8,0.1,-0.9,6.5,42.2,30.4,-2.8
Chrome Mobile,90.0.4430.82,Asus X01AD,Asus,Blink,[object Object],Chrome Mobile 90.0.4430.82 on Asus X01AD (Android 9),2021-05-06T06:11:08.254Z,歩行,あ,false,189.4,39.1,-19.900000000000002,2,3.6,8.6,-0.4,-1.9000000000000001,2.1,31.2,97.60000000000001,-1.4