platform_name,platform_version,platform_product,platform_manufacturer,platform_layout,platform_os,platform_description,date,label,s_movement,do_absolute,do_alpha,do_beta,do_gamma,acc_g_x,acc_g_y,acc_g_z,acc_x,acc_y,acc_z,rot_alpha,rot_beta,rot_gamma
Chrome Mobile,90.0.4430.82,Asus X01AD,Asus,Blink,[object Object],Chrome Mobile 90.0.4430.82 on Asus X01AD (Android 9),2021-05-06T04:59:44.056Z,歩行,学生研,false,78.9,13.5,3.5,-0.4,2.2,10.100000000000001,0.2,-0.1,0.4,2.4000000000000004,-3,-1.2000000000000002
Chrome Mobile,90.0.4430.82,Asus X01AD,Asus,Blink,[object Object],Chrome Mobile 90.0.4430.82 on Asus X01AD (Android 9),2021-05-06T04:59:44.257Z,歩行,学生研,false,50.900000000000006,63.400000000000006,-19.400000000000002,1.2000000000000002,8.6,4.1000000000000005,-0.30000000000000004,-0.1,-0.1,-4.1,-4.4,3.5
Chrome Mobile,90.0.4430.82,Asus X01AD,Asus,Blink,[object Object],Chrome Mobile 90.0.4430.82 on Asus X01AD (Android 9),2021-05-06T04:59:44.457Z,歩行,学生研,false,50.7,62.6,-19.5,1.4000000000000001,8.8,4.1000000000000005,-0.1,0.1,-0.1,-2,-1.8000000000000003,-1.2000000000000002
Chrome Mobile,90.0.4430.82,Asus X01AD,Asus,Blink,[object Object],Chrome Mobile 90.0.4430.82 on Asus X01AD (Android 9),2021-05-06T04:59:44.658Z,歩行,学生研,false,50.7,62.1,-19.700000000000003,1.7000000000000002,8.8,4.1000000000000005,0.1,0.2,-0.2,5.4,-1.9,4.6
Chrome Mobile,90.0.4430.82,Asus X01AD,Asus,Blink,[object Object],Chrome Mobile 90.0.4430.82 on Asus X01AD (Android 9),2021-05-06T04:59:44.859Z,歩行,学生研,false,50.400000000000006,61.800000000000004,-19.6,1.7000000000000002,9,4.5,0.2,0.4,0.1,-6.600000000000001,0.2,2.9
Chrome Mobile,90.0.4430.82,Asus X01AD,Asus,Blink,[object Object],Chrome Mobile 90.0.4430.82 on Asus X01AD (Android 9),2021-05-06T04:59:45.060Z,歩行,学生研,false,40.6,73.4,-11.3,3.5,15.5,8.4,2.9000000000000004,5.5,5.4,159.4,-46,-92.39999999999999
Chrome Mobile,90.0.4430.82,Asus X01AD,Asus,Blink,[object Object],Chrome Mobile 90.0.4430.82 on Asus X01AD (Android 9),2021-05-06T04:59:45.260Z,歩行,学生研,false,83.80000000000001,109,-61.900000000000006,-2.4000000000000004,3.6,-0.4,0.6000000000000001,-6,1.2000000000000002,65.5,6.2,-56.50000000000001
Chrome Mobile,90.0.4430.82,Asus X01AD,Asus,Blink,[object Object],Chrome Mobile 90.0.4430.82 on Asus X01AD (Android 9),2021-05-06T04:59:45.461Z,歩行,学生研,false,74,115.9,-50.900000000000006,-1.9000000000000001,1.9000000000000001,-2.2,1.4000000000000001,-6.800000000000001,0.5,1.1,12.8,5
Chrome Mobile,90.0.4430.82,Asus X01AD,Asus,Blink,[object Object],Chrome Mobile 90.0.4430.82 on Asus X01AD (Android 9),2021-05-06T04:59:45.662Z,歩行,学生研,false,62.400000000000006,105.30000000000001,-36.2,-1.1,3.9000000000000004,-1.2000000000000002,0.30000000000000004,-4.800000000000001,0.7000000000000001,-80.8,31.9,89
Chrome Mobile,90.0.4430.82,Asus X01AD,Asus,Blink,[object Object],Chrome Mobile 90.0.4430.82 on Asus X01AD (Android 9),2021-05-06T04:59:45.863Z,歩行,学生研,false,65.2,62.6,-39.7,6.4,12.600000000000001,6.9,3.7,4.5,3.7,-132.1,-45.9,118.2
Chrome Mobile,90.0.4430.82,Asus X01AD,Asus,Blink,[object Object],Chrome Mobile 90.0.4430.82 on Asus X01AD (Android 9),2021-05-06T04:59:46.064Z,歩行,学生研,false,65.10000000000001,43.7,-43.7,9.700000000000001,20.400000000000002,9.700000000000001,4.7,13.5,4.5,32.9,21.7,-37.6
Chrome Mobile,90.0.4430.82,Asus X01AD,Asus,Blink,[object Object],Chrome Mobile 90.0.4430.82 on Asus X01AD (Android 9),2021-05-06T04:59:46.264Z,歩行,学生研,false,41,77.9,-10.8,4.2,6.9,9.3,3.8000000000000003,-3.5,7.1000000000000005,153.79999999999998,81.60000000000001,-164.5
Chrome Mobile,90.0.4430.82,Asus X01AD,Asus,Blink,[object Object],Chrome Mobile 90.0.4430.82 on Asus X01AD (Android 9),2021-05-06T04:59:46.465Z,歩行,学生研,false,88.5,111.80000000000001,-47.300000000000004,-3,2.4000000000000004,-3.6,0.2,-7.1000000000000005,-1.6,91.30000000000001,58.2,-21
Chrome Mobile,90.0.4430.82,Asus X01AD,Asus,Blink,[object Object],Chrome Mobile 90.0.4430.82 on Asus X01AD (Android 9),2021-05-06T04:59:46.665Z,歩行,学生研,false,71.9,113.4,-30.200000000000003,-2.5,-2.5,-3.2,-0.7000000000000001,-11.100000000000001,-0.1,-44.00000000000001,17.400000000000002,80.30000000000001
Chrome Mobile,90.0.4430.82,Asus X01AD,Asus,Blink,[object Object],Chrome Mobile 90.0.4430.82 on Asus X01AD (Android 9),2021-05-06T04:59:46.866Z,歩行,学生研,false,95.30000000000001,82.2,-55.5,3.8000000000000003,8.9,2.6,2.8000000000000003,0,1.9000000000000001,-215.7,-10.200000000000001,90.30000000000001
Chrome Mobile,90.0.4430.82,Asus X01AD,Asus,Blink,[object Object],Chrome Mobile 90.0.4430.82 on Asus X01AD (Android 9),2021-05-06T04:59:47.067Z,歩行,学生研,false,71.7,43.2,-38.1,10.9,24.200000000000003,12.100000000000001,6.6000000000000005,17.6,6.6000000000000005,-160.50000000000003,22.000000000000004,30.4
Chrome Mobile,90.0.4430.82,Asus X01AD,Asus,Blink,[object Object],Chrome Mobile 90.0.4430.82 on Asus X01AD (Android 9),2021-05-06T04:59:47.267Z,歩行,学生研,false,61.7,70.7,-22.5,3.4000000000000004,6.5,7.4,3.1,-2.7,5,223.29999999999998,44.300000000000004,-148.5
Chrome Mobile,90.0.4430.82,Asus X01AD,Asus,Blink,[object Object],Chrome Mobile 90.0.4430.82 on Asus X01AD (Android 9),2021-05-06T04:59:47.468Z,歩行,学生研,false,104.7,102.80000000000001,-59.1,-3.9000000000000004,4.2,-0.30000000000000004,-2,-5.7,0.9,87.50000000000001,27.5,-24.8
Chrome Mobile,90.0.4430.82,Asus X01AD,Asus,Blink,[object Object],Chrome Mobile 90.0.4430.82 on Asus X01AD (Android 9),2021-05-06T04:59:47.669Z,歩行,学生研,false,79.4,108.5,-31.700000000000003,-1.2000000000000002,0,-1.1,0.4,-9.1,1.5,1.2000000000000002,9.899999999999999,3.8
Chrome Mobile,90.0.4430.82,Asus X01AD,Asus,Blink,[object Object],Chrome Mobile 90.0.4430.82 on Asus X01AD (Android 9),2021-05-06T04:59:47.870Z,歩行,学生研,false,42.800000000000004,96.4,4.2,2.3000000000000003,5,1.5,2.3000000000000003,-3.9000000000000004,2.5,-83.4,-46.4,67.4
Chrome Mobile,90.0.4430.82,Asus X01AD,Asus,Blink,[object Object],Chrome Mobile 90.0.4430.82 on Asus X01AD (Android 9),2021-05-06T04:59:48.071Z,歩行,学生研,false,80.7,54.900000000000006,-50.2,10.9,14.5,5.6000000000000005,6.9,7,2.3000000000000003,-124.8,-61.199999999999996,131.6
Chrome Mobile,90.0.4430.82,Asus X01AD,Asus,Blink,[object Object],Chrome Mobile 90.0.4430.82 on Asus X01AD (Android 9),2021-05-06T04:59:48.271Z,歩行,学生研,false,74.9,47.800000000000004,-42.800000000000004,12.700000000000001,20.900000000000002,6.5,8,13.200000000000001,1.4000000000000001,61.300000000000004,62.1,-106.9
Chrome Mobile,90.0.4430.82,Asus X01AD,Asus,Blink,[object Object],Chrome Mobile 90.0.4430.82 on Asus X01AD (Android 9),2021-05-06T04:59:48.472Z,歩行,学生研,false,318.5,83.7,78.4,3,4.800000000000001,1.4000000000000001,4.1000000000000005,-5.7,1.1,173.1,35.599999999999994,-125.30000000000001
Chrome Mobile,90.0.4430.82,Asus X01AD,Asus,Blink,[object Object],Chrome Mobile 90.0.4430.82 on Asus X01AD (Android 9),2021-05-06T04:59:48.677Z,歩行,学生研,false,89.9,114,-46.1,-1,0.1,-1.6,1.9000000000000001,-9,1.2000000000000002,58.2,-10,1.6
Chrome Mobile,90.0.4430.82,Asus X01AD,Asus,Blink,[object Object],Chrome Mobile 90.0.4430.82 on Asus X01AD (Android 9),2021-05-06T04:59:48.878Z,歩行,学生研,false,77.60000000000001,104.5,-32.5,-1.4000000000000001,2,-0.5,-0.1,-6.800000000000001,1.5,-100.4,15.5,71.5
Chrome Mobile,90.0.4430.82,Asus X01AD,Asus,Blink,[object Object],Chrome Mobile 90.0.4430.82 on Asus X01AD (Android 9),2021-05-06T04:59:49.080Z,歩行,学生研,false,70.3,67.4,-33.6,3.8000000000000003,9.3,10.700000000000001,1.9000000000000001,1,7.800000000000001,-160.3,-91.6,92
Chrome Mobile,90.0.4430.82,Asus X01AD,Asus,Blink,[object Object],Chrome Mobile 90.0.4430.82 on Asus X01AD (Android 9),2021-05-06T04:59:49.281Z,歩行,学生研,false,62.1,40.6,-33.5,7.4,21,9.9,3.3000000000000003,14.600000000000001,3.6,-48,18.8,-14.200000000000001
Chrome Mobile,90.0.4430.82,Asus X01AD,Asus,Blink,[object Object],Chrome Mobile 90.0.4430.82 on Asus X01AD (Android 9),2021-05-06T04:59:49.482Z,歩行,学生研,false,37.4,64.2,-6.2,1.6,7.7,9.600000000000001,1.1,-1.9000000000000001,5,149.4,60.400000000000006,-131.5
Chrome Mobile,90.0.4430.82,Asus X01AD,Asus,Blink,[object Object],Chrome Mobile 90.0.4430.82 on Asus X01AD (Android 9),2021-05-06T04:59:49.683Z,歩行,学生研,false,114.9,104.2,-77.5,-3.8000000000000003,3,-0.7000000000000001,-1.4000000000000001,-6.9,-0.1,100.80000000000001,74,-58.400000000000006
Chrome Mobile,90.0.4430.82,Asus X01AD,Asus,Blink,[object Object],Chrome Mobile 90.0.4430.82 on Asus X01AD (Android 9),2021-05-06T04:59:49.883Z,歩行,学生研,false,82.2,112.60000000000001,-42.900000000000006,-1.4000000000000001,-0.30000000000000004,-3.8000000000000003,1.1,-9.1,-1.1,27,2.4000000000000004,14.600000000000001
Chrome Mobile,90.0.4430.82,Asus X01AD,Asus,Blink,[object Object],Chrome Mobile 90.0.4430.82 on Asus X01AD (Android 9),2021-05-06T04:59:50.108Z,歩行,学生研,false,51.6,96.2,-10.8,3.1,5,-1.1,3.3000000000000003,-3.9000000000000004,-0.2,-78.60000000000001,-15.100000000000001,101.50000000000001
Chrome Mobile,90.0.4430.82,Asus X01AD,Asus,Blink,[object Object],Chrome Mobile 90.0.4430.82 on Asus X01AD (Android 9),2021-05-06T04:59:50.309Z,歩行,学生研,false,76.80000000000001,49.400000000000006,-47.400000000000006,13.600000000000001,17.2,4.800000000000001,9.200000000000001,10.200000000000001,0.7000000000000001,-68.1,-66.9,138.7
Chrome Mobile,90.0.4430.82,Asus X01AD,Asus,Blink,[object Object],Chrome Mobile 90.0.4430.82 on Asus X01AD (Android 9),2021-05-06T04:59:50.509Z,歩行,学生研,false,69.8,51.5,-38.400000000000006,10.3,17,8.4,6.300000000000001,8.8,3.3000000000000003,112.60000000000001,44.5,-150.6
Chrome Mobile,90.0.4430.82,Asus X01AD,Asus,Blink,[object Object],Chrome Mobile 90.0.4430.82 on Asus X01AD (Android 9),2021-05-06T04:59:50.710Z,歩行,学生研,false,120.60000000000001,102,-82.10000000000001,1.5,2.6,2.7,3.6,-7.6000000000000005,3,128.3,70.4,-142.39999999999998
Chrome Mobile,90.0.4430.82,Asus X01AD,Asus,Blink,[object Object],Chrome Mobile 90.0.4430.82 on Asus X01AD (Android 9),2021-05-06T04:59:50.911Z,歩行,学生研,false,96.10000000000001,121.30000000000001,-49.2,-0.8,-0.8,-3,3.1,-9.1,0.30000000000000004,45.7,24.3,14.300000000000002
Chrome Mobile,90.0.4430.82,Asus X01AD,Asus,Blink,[object Object],Chrome Mobile 90.0.4430.82 on Asus X01AD (Android 9),2021-05-06T04:59:51.111Z,歩行,学生研,false,86.10000000000001,111.9,-40.2,-2.9000000000000004,2.6,-1.3,-0.7000000000000001,-5.800000000000001,1.3,-85.69999999999999,-41.900000000000006,64.80000000000001
Chrome Mobile,90.0.4430.82,Asus X01AD,Asus,Blink,[object Object],Chrome Mobile 90.0.4430.82 on Asus X01AD (Android 9),2021-05-06T04:59:51.312Z,歩行,学生研,false,85.10000000000001,69.9,-53.7,6.7,14.200000000000001,1.8,4.2,5.7,0,-156,-91.30000000000001,155
Chrome Mobile,90.0.4430.82,Asus X01AD,Asus,Blink,[object Object],Chrome Mobile 90.0.4430.82 on Asus X01AD (Android 9),2021-05-06T04:59:51.514Z,歩行,学生研,false,70.60000000000001,55.6,-44.2,9.200000000000001,18.1,3.4000000000000004,5.1000000000000005,9.600000000000001,-0.7000000000000001,80.50000000000001,55,-103.7
Chrome Mobile,90.0.4430.82,Asus X01AD,Asus,Blink,[object Object],Chrome Mobile 90.0.4430.82 on Asus X01AD (Android 9),2021-05-06T04:59:51.719Z,歩行,学生研,false,12.5,75.10000000000001,25,0,6,5.2,1.1,-4,2.8000000000000003,32,103.10000000000001,-80.10000000000001
Chrome Mobile,90.0.4430.82,Asus X01AD,Asus,Blink,[object Object],Chrome Mobile 90.0.4430.82 on Asus X01AD (Android 9),2021-05-06T04:59:51.921Z,歩行,学生研,false,112.80000000000001,109.4,-68.8,-1.3,2.3000000000000003,-2.8000000000000003,1.7000000000000002,-7,-1.6,108.10000000000001,-8.600000000000001,2.9
Chrome Mobile,90.0.4430.82,Asus X01AD,Asus,Blink,[object Object],Chrome Mobile 90.0.4430.82 on Asus X01AD (Android 9),2021-05-06T04:59:52.121Z,歩行,学生研,false,96.5,106.2,-50.7,-1.6,1.8,-0.30000000000000004,0.4,-7.1000000000000005,1.4000000000000001,-34.2,-32.400000000000006,64.10000000000001
Chrome Mobile,90.0.4430.82,Asus X01AD,Asus,Blink,[object Object],Chrome Mobile 90.0.4430.82 on Asus X01AD (Android 9),2021-05-06T04:59:52.322Z,歩行,学生研,false,96.7,80.30000000000001,-68.4,4.5,10.8,1.7000000000000002,3.1,2,1.1,-178,-54.9,142.7
Chrome Mobile,90.0.4430.82,Asus X01AD,Asus,Blink,[object Object],Chrome Mobile 90.0.4430.82 on Asus X01AD (Android 9),2021-05-06T04:59:52.523Z,歩行,学生研,false,66.60000000000001,53.1,-44.7,7.2,20.3,10.600000000000001,3,12.4,6.4,-36.5,46.300000000000004,-32.1
Chrome Mobile,90.0.4430.82,Asus X01AD,Asus,Blink,[object Object],Chrome Mobile 90.0.4430.82 on Asus X01AD (Android 9),2021-05-06T04:59:52.724Z,歩行,学生研,false,26.8,76.10000000000001,-2.8000000000000003,0.8,7.9,3.6,2.4000000000000004,-2,1,61,-15.5,-156.5
Chrome Mobile,90.0.4430.82,Asus X01AD,Asus,Blink,[object Object],Chrome Mobile 90.0.4430.82 on Asus X01AD (Android 9),2021-05-06T04:59:52.924Z,歩行,学生研,false,298,71.5,83.9,-4,6.9,-0.4,-0.8,-2.7,-0.7000000000000001,100.9,-12.5,-94.5
Chrome Mobile,90.0.4430.82,Asus X01AD,Asus,Blink,[object Object],Chrome Mobile 90.0.4430.82 on Asus X01AD (Android 9),2021-05-06T04:59:53.125Z,歩行,学生研,false,95.4,115.30000000000001,-71.5,-2.5,-0.4,-1.1,1.3,-9,0.2,-18.6,26.799999999999997,17.7
Chrome Mobile,90.0.4430.82,Asus X01AD,Asus,Blink,[object Object],Chrome Mobile 90.0.4430.82 on Asus X01AD (Android 9),2021-05-06T04:59:53.326Z,歩行,学生研,false,79.30000000000001,97.4,-50.2,-0.9,7.9,-0.8,0,-1.1,0,-55.900000000000006,27,86.5
Chrome Mobile,90.0.4430.82,Asus X01AD,Asus,Blink,[object Object],Chrome Mobile 90.0.4430.82 on Asus X01AD (Android 9),2021-05-06T04:59:53.526Z,歩行,学生研,false,79.4,67.60000000000001,-61.800000000000004,9.5,17.7,3.6,6.4,9.200000000000001,2,-83.30000000000001,-113.2,93.7
Chrome Mobile,90.0.4430.82,Asus X01AD,Asus,Blink,[object Object],Chrome Mobile 90.0.4430.82 on Asus X01AD (Android 9),2021-05-06T04:59:53.727Z,歩行,学生研,false,72.7,72.8,-57.1,4.800000000000001,17.7,-1.1,2.2,7.800000000000001,-2.7,93.00000000000001,29.400000000000002,-163.6
Chrome Mobile,90.0.4430.82,Asus X01AD,Asus,Blink,[object Object],Chrome Mobile 90.0.4430.82 on Asus X01AD (Android 9),2021-05-06T04:59:53.928Z,歩行,学生研,false,104.4,102.80000000000001,-81.80000000000001,3.6,3.8000000000000003,2.3000000000000003,5.800000000000001,-6.300000000000001,2.6,74.60000000000001,57.1,-78.2
Chrome Mobile,90.0.4430.82,Asus X01AD,Asus,Blink,[object Object],Chrome Mobile 90.0.4430.82 on Asus X01AD (Android 9),2021-05-06T04:59:54.129Z,歩行,学生研,false,84.60000000000001,117.9,-55.6,-1.9000000000000001,-0.7000000000000001,-3.7,1.8,-9.200000000000001,-1.2000000000000002,12.4,23.5,5.1000000000000005
Chrome Mobile,90.0.4430.82,Asus X01AD,Asus,Blink,[object Object],Chrome Mobile 90.0.4430.82 on Asus X01AD (Android 9),2021-05-06T04:59:54.330Z,歩行,学生研,false,88.2,105.4,-59.7,3.4000000000000004,5.4,3.3000000000000003,5.5,-3.3000000000000003,4.5,-47.400000000000006,-22.3,133.9
Chrome Mobile,90.0.4430.82,Asus X01AD,Asus,Blink,[object Object],Chrome Mobile 90.0.4430.82 on Asus X01AD (Android 9),2021-05-06T04:59:54.530Z,歩行,学生研,false,89,73.2,-73,4.7,16.3,-0.4,2.2,7.5,-1.2000000000000002,-15.000000000000002,-72.10000000000001,139.70000000000002
Chrome Mobile,90.0.4430.82,Asus X01AD,Asus,Blink,[object Object],Chrome Mobile 90.0.4430.82 on Asus X01AD (Android 9),2021-05-06T04:59:54.731Z,歩行,学生研,false,87,68.3,-76.10000000000001,4.800000000000001,17.900000000000002,-1,1.2000000000000002,8.6,-1.9000000000000001,16.1,0.30000000000000004,-59.9
Chrome Mobile,90.0.4430.82,Asus X01AD,Asus,Blink,[object Object],Chrome Mobile 90.0.4430.82 on Asus X01AD (Android 9),2021-05-06T04:59:54.932Z,歩行,学生研,false,7.300000000000001,86.60000000000001,7.4,-1.8,10.8,5.7,-1.7000000000000002,0.4,5.1000000000000005,49,46.9,-116
Chrome Mobile,90.0.4430.82,Asus X01AD,Asus,Blink,[object Object],Chrome Mobile 90.0.4430.82 on Asus X01AD (Android 9),2021-05-06T04:59:55.132Z,歩行,学生研,false,80.9,105.60000000000001,-58.900000000000006,-1.6,3.5,-0.9,0.7000000000000001,-6.2,0.5,79.3,4,-58.7
Chrome Mobile,90.0.4430.82,Asus X01AD,Asus,Blink,[object Object],Chrome Mobile 90.0.4430.82 on Asus X01AD (Android 9),2021-05-06T04:59:55.333Z,歩行,学生研,false,78.30000000000001,112.2,-51.400000000000006,-4.5,-2,0.30000000000000004,-1.7000000000000002,-10.600000000000001,2.5,-63.900000000000006,-0.5,56.800000000000004
Chrome Mobile,90.0.4430.82,Asus X01AD,Asus,Blink,[object Object],Chrome Mobile 90.0.4430.82 on Asus X01AD (Android 9),2021-05-06T04:59:55.534Z,歩行,学生研,false,69,87.30000000000001,-44,4.5,10.600000000000001,5.6000000000000005,4.2,1.7000000000000002,5.300000000000001,-81,-28.700000000000003,132.8
Chrome Mobile,90.0.4430.82,Asus X01AD,Asus,Blink,[object Object],Chrome Mobile 90.0.4430.82 on Asus X01AD (Android 9),2021-05-06T04:59:55.734Z,歩行,学生研,false,72.10000000000001,61.800000000000004,-61.2,8.1,25.5,6.7,4.1000000000000005,16.900000000000002,4.5,-77.3,12.9,2.7
Chrome Mobile,90.0.4430.82,Asus X01AD,Asus,Blink,[object Object],Chrome Mobile 90.0.4430.82 on Asus X01AD (Android 9),2021-05-06T04:59:55.935Z,歩行,学生研,false,304,88.7,72.10000000000001,5.800000000000001,11.700000000000001,3.8000000000000003,6.1000000000000005,1.3,3.8000000000000003,79.1,-25.4,-189
Chrome Mobile,90.0.4430.82,Asus X01AD,Asus,Blink,[object Object],Chrome Mobile 90.0.4430.82 on Asus X01AD (Android 9),2021-05-06T04:59:56.150Z,歩行,学生研,false,83.9,124.5,-62.7,-1.4000000000000001,-0.30000000000000004,-4.2,3.6,-8.6,-1.6,31.9,71.19999999999999,-86.8
Chrome Mobile,90.0.4430.82,Asus X01AD,Asus,Blink,[object Object],Chrome Mobile 90.0.4430.82 on Asus X01AD (Android 9),2021-05-06T04:59:56.353Z,歩行,学生研,false,84.9,125.10000000000001,-59.300000000000004,-1.6,-2,-1.5,3,-9.5,1.2000000000000002,-39.300000000000004,-25.900000000000002,90.70000000000002
Chrome Mobile,90.0.4430.82,Asus X01AD,Asus,Blink,[object Object],Chrome Mobile 90.0.4430.82 on Asus X01AD (Android 9),2021-05-06T04:59:56.553Z,歩行,学生研,false,44.5,93.7,-30.3,4.800000000000001,11.9,-2.5,5.1000000000000005,3,-2,-108.2,-5.500000000000001,197.70000000000002
Chrome Mobile,90.0.4430.82,Asus X01AD,Asus,Blink,[object Object],Chrome Mobile 90.0.4430.82 on Asus X01AD (Android 9),2021-05-06T04:59:56.754Z,歩行,学生研,false,78.30000000000001,66.4,-70.60000000000001,3.5,24.6,-1.2000000000000002,-0.30000000000000004,15.4,-2.5,79.39999999999999,26.799999999999997,-86.1
Chrome Mobile,90.0.4430.82,Asus X01AD,Asus,Blink,[object Object],Chrome Mobile 90.0.4430.82 on Asus X01AD (Android 9),2021-05-06T04:59:56.955Z,歩行,学生研,false,287.7,78.2,87.10000000000001,4,7.9,3.3000000000000003,5.9,-2.5,3.1,36.400000000000006,81.4,-183.80000000000004
Chrome Mobile,90.0.4430.82,Asus X01AD,Asus,Blink,[object Object],Chrome Mobile 90.0.4430.82 on Asus X01AD (Android 9),2021-05-06T04:59:57.155Z,歩行,学生研,false,94.7,120.7,-63.5,-1.7000000000000002,-0.9,-2.1,2.8000000000000003,-9.4,0.2,62.50000000000001,53.599999999999994,-31.6
Chrome Mobile,90.0.4430.82,Asus X01AD,Asus,Blink,[object Object],Chrome Mobile 90.0.4430.82 on Asus X01AD (Android 9),2021-05-06T04:59:57.356Z,歩行,学生研,false,86.60000000000001,117.80000000000001,-59.5,-0.1,-2.1,0.4,3.5,-10.100000000000001,2.6,-4.4,-71.7,108
Chrome Mobile,90.0.4430.82,Asus X01AD,Asus,Blink,[object Object],Chrome Mobile 90.0.4430.82 on Asus X01AD (Android 9),2021-05-06T04:59:57.557Z,歩行,学生研,false,83.60000000000001,74.5,-67.60000000000001,13,18.900000000000002,4.7,10.8,10.4,3.8000000000000003,-173.79999999999998,-122.20000000000002,250.00000000000003
Chrome Mobile,90.0.4430.82,Asus X01AD,Asus,Blink,[object Object],Chrome Mobile 90.0.4430.82 on Asus X01AD (Android 9),2021-05-06T04:59:57.758Z,歩行,学生研,false,77.9,63.800000000000004,-64.2,9.200000000000001,21.6,-1.5,4.9,12.600000000000001,-3.6,95.20000000000002,37.2,-121.70000000000002
Chrome Mobile,90.0.4430.82,Asus X01AD,Asus,Blink,[object Object],Chrome Mobile 90.0.4430.82 on Asus X01AD (Android 9),2021-05-06T04:59:57.959Z,歩行,学生研,false,102.60000000000001,107.9,-86.80000000000001,-1,5.5,5.2,2.2,-4.4,5.4,38.400000000000006,64.9,-206.5
Chrome Mobile,90.0.4430.82,Asus X01AD,Asus,Blink,[object Object],Chrome Mobile 90.0.4430.82 on Asus X01AD (Android 9),2021-05-06T04:59:58.159Z,歩行,学生研,false,87.30000000000001,127.4,-61.300000000000004,-4.1000000000000005,-1.1,-0.9,1.1,-8.9,2,42.400000000000006,21,-4.6
Chrome Mobile,90.0.4430.82,Asus X01AD,Asus,Blink,[object Object],Chrome Mobile 90.0.4430.82 on Asus X01AD (Android 9),2021-05-06T04:59:58.360Z,歩行,学生研,false,78.2,120.9,-54.1,-3,0.7000000000000001,-2,0.8,-7.1000000000000005,0.7000000000000001,-55.900000000000006,-21.500000000000004,107.00000000000001
Chrome Mobile,90.0.4430.82,Asus X01AD,Asus,Blink,[object Object],Chrome Mobile 90.0.4430.82 on Asus X01AD (Android 9),2021-05-06T04:59:58.561Z,歩行,学生研,false,73.5,86.80000000000001,-56.800000000000004,1.5,10.5,4.7,1.4000000000000001,1.5,4.6000000000000005,-120.4,5.9,152.3
Chrome Mobile,90.0.4430.82,Asus X01AD,Asus,Blink,[object Object],Chrome Mobile 90.0.4430.82 on Asus X01AD (Android 9),2021-05-06T04:59:58.763Z,歩行,学生研,false,80.10000000000001,60,-71.2,7.800000000000001,23.700000000000003,1.8,3.1,15.200000000000001,0.2,6,29,-29.1
Chrome Mobile,90.0.4430.82,Asus X01AD,Asus,Blink,[object Object],Chrome Mobile 90.0.4430.82 on Asus X01AD (Android 9),2021-05-06T04:59:58.963Z,歩行,学生研,false,17.900000000000002,82.7,-4.3,5.2,9.3,6.5,5.1000000000000005,-1.1,5.1000000000000005,-11.3,90.1,-125.2
Chrome Mobile,90.0.4430.82,Asus X01AD,Asus,Blink,[object Object],Chrome Mobile 90.0.4430.82 on Asus X01AD (Android 9),2021-05-06T04:59:59.164Z,歩行,学生研,false,87.9,115,-67.4,-2,0.4,-1.2000000000000002,1.9000000000000001,-8.6,0.4,34,49.4,-83.60000000000001
Chrome Mobile,90.0.4430.82,Asus X01AD,Asus,Blink,[object Object],Chrome Mobile 90.0.4430.82 on Asus X01AD (Android 9),2021-05-06T04:59:59.365Z,歩行,学生研,false,84.30000000000001,118.2,-62.7,-2.6,-1.4000000000000001,-1.9000000000000001,1.3,-9.5,0.1,-17.1,-23.800000000000004,92.50000000000001
Chrome Mobile,90.0.4430.82,Asus X01AD,Asus,Blink,[object Object],Chrome Mobile 90.0.4430.82 on Asus X01AD (Android 9),2021-05-06T04:59:59.565Z,歩行,学生研,false,31.5,85.2,-16.3,7.6000000000000005,13,6.2,7.4,4.2,5.5,-85.5,-66.5,155.8
Chrome Mobile,90.0.4430.82,Asus X01AD,Asus,Blink,[object Object],Chrome Mobile 90.0.4430.82 on Asus X01AD (Android 9),2021-05-06T04:59:59.766Z,歩行,学生研,false,70.2,65.5,-62.6,6.2,25.900000000000002,-0.6000000000000001,2.5,16.8,-2.5,103.60000000000001,25.8,-90.5
Chrome Mobile,90.0.4430.82,Asus X01AD,Asus,Blink,[object Object],Chrome Mobile 90.0.4430.82 on Asus X01AD (Android 9),2021-05-06T04:59:59.967Z,歩行,学生研,false,285.6,77.10000000000001,85.9,0.2,6.7,6.300000000000001,2.5,-3.5,6.2,47.80000000000001,32.2,-173.6
Chrome Mobile,90.0.4430.82,Asus X01AD,Asus,Blink,[object Object],Chrome Mobile 90.0.4430.82 on Asus X01AD (Android 9),2021-05-06T05:00:00.167Z,歩行,学生研,false,88,126.5,-73.10000000000001,-5.5,-0.5,-1.8,0.1,-8.4,-0.1,11.4,44.00000000000001,-67.5
Chrome Mobile,90.0.4430.82,Asus X01AD,Asus,Blink,[object Object],Chrome Mobile 90.0.4430.82 on Asus X01AD (Android 9),2021-05-06T05:00:00.370Z,歩行,学生研,false,89.9,127.2,-73.3,-5.7,0.30000000000000004,1.4000000000000001,-0.5,-7,3,-22.9,27.9,-19.9
Chrome Mobile,90.0.4430.82,Asus X01AD,Asus,Blink,[object Object],Chrome Mobile 90.0.4430.82 on Asus X01AD (Android 9),2021-05-06T05:00:00.579Z,歩行,学生研,false,351,85.80000000000001,21,5.9,13.4,0.4,6.2,4.4,-0.30000000000000004,-107.6,-85.80000000000001,209.00000000000003
Chrome Mobile,90.0.4430.82,Asus X01AD,Asus,Blink,[object Object],Chrome Mobile 90.0.4430.82 on Asus X01AD (Android 9),2021-05-06T05:00:00.780Z,歩行,学生研,false,74.7,70.2,-65.9,5.300000000000001,22,-2.4000000000000004,2.2,12.5,-3.8000000000000003,77.9,15.2,-102.3
Chrome Mobile,90.0.4430.82,Asus X01AD,Asus,Blink,[object Object],Chrome Mobile 90.0.4430.82 on Asus X01AD (Android 9),2021-05-06T05:00:00.980Z,歩行,学生研,false,279,70,88.9,-0.9,5.4,2.7,2.6,-4.3,2.6,42.2,11.1,-198.10000000000002
Chrome Mobile,90.0.4430.82,Asus X01AD,Asus,Blink,[object Object],Chrome Mobile 90.0.4430.82 on Asus X01AD (Android 9),2021-05-06T05:00:01.181Z,歩行,学生研,false,84.10000000000001,131.70000000000002,-72.8,-6.6000000000000005,-1.6,-1.5,-0.4,-8.9,0.4,7.200000000000001,42.1,-17.799999999999997
Chrome Mobile,90.0.4430.82,Asus X01AD,Asus,Blink,[object Object],Chrome Mobile 90.0.4430.82 on Asus X01AD (Android 9),2021-05-06T05:00:01.381Z,歩行,学生研,false,83.5,122,-74.10000000000001,-2,-0.8,0,2.6,-8.5,1.3,-39.8,-15.2,127.80000000000001
Chrome Mobile,90.0.4430.82,Asus X01AD,Asus,Blink,[object Object],Chrome Mobile 90.0.4430.82 on Asus X01AD (Android 9),2021-05-06T05:00:01.582Z,歩行,学生研,false,75.7,78.10000000000001,-68.60000000000001,6,18.1,1.6,4.3,9.200000000000001,0.9,-39.1,-62.199999999999996,159
Chrome Mobile,90.0.4430.82,Asus X01AD,Asus,Blink,[object Object],Chrome Mobile 90.0.4430.82 on Asus X01AD (Android 9),2021-05-06T05:00:01.783Z,歩行,学生研,false,77.80000000000001,73.3,-67.9,3.5,19.3,-3.1,0.8,9.5,-4.2,22.3,19.799999999999997,-142.10000000000002
Chrome Mobile,90.0.4430.82,Asus X01AD,Asus,Blink,[object Object],Chrome Mobile 90.0.4430.82 on Asus X01AD (Android 9),2021-05-06T05:00:01.983Z,歩行,学生研,false,99.10000000000001,110.30000000000001,-87.80000000000001,-0.6000000000000001,5.6000000000000005,2.1,3.2,-3.6,2.3000000000000003,18.3,19,-154.7
Chrome Mobile,90.0.4430.82,Asus X01AD,Asus,Blink,[object Object],Chrome Mobile 90.0.4430.82 on Asus X01AD (Android 9),2021-05-06T05:00:02.190Z,歩行,学生研,false,89.60000000000001,126.60000000000001,-73.7,-2.1,-0.30000000000000004,-2.4000000000000004,3.7,-8.1,-0.7000000000000001,20.900000000000002,26.400000000000006,-17.7
Chrome Mobile,90.0.4430.82,Asus X01AD,Asus,Blink,[object Object],Chrome Mobile 90.0.4430.82 on Asus X01AD (Android 9),2021-05-06T05:00:02.391Z,歩行,学生研,false,86.30000000000001,118.30000000000001,-69.8,0.8,3,-1,4.9,-5.1000000000000005,0.5,-49.300000000000004,14.100000000000001,101.50000000000001
Chrome Mobile,90.0.4430.82,Asus X01AD,Asus,Blink,[object Object],Chrome Mobile 90.0.4430.82 on Asus X01AD (Android 9),2021-05-06T05:00:02.592Z,歩行,学生研,false,64.7,84.9,-51.1,2.9000000000000004,14.700000000000001,1.2000000000000002,2.3000000000000003,5.7,0.7000000000000001,-104.2,-39.599999999999994,196.4
Chrome Mobile,90.0.4430.82,Asus X01AD,Asus,Blink,[object Object],Chrome Mobile 90.0.4430.82 on Asus X01AD (Android 9),2021-05-06T05:00:02.793Z,歩行,学生研,false,72.60000000000001,69.10000000000001,-61.400000000000006,5.300000000000001,21.5,-1.6,2.2,12.100000000000001,-3.3000000000000003,69.5,24.400000000000002,-72.4
Chrome Mobile,90.0.4430.82,Asus X01AD,Asus,Blink,[object Object],Chrome Mobile 90.0.4430.82 on Asus X01AD (Android 9),2021-05-06T05:00:02.993Z,歩行,学生研,false,294,75.7,81.4,1.3,7.2,4.1000000000000005,3.9000000000000004,-2.9000000000000004,3.7,34.900000000000006,49.50000000000001,-149.20000000000002
Chrome Mobile,90.0.4430.82,Asus X01AD,Asus,Blink,[object Object],Chrome Mobile 90.0.4430.82 on Asus X01AD (Android 9),2021-05-06T05:00:03.194Z,歩行,学生研,false,92,122.7,-68.8,-4.2,-0.2,-0.9,0.8,-8.5,1,66.5,1.5,-15.5
Chrome Mobile,90.0.4430.82,Asus X01AD,Asus,Blink,[object Object],Chrome Mobile 90.0.4430.82 on Asus X01AD (Android 9),2021-05-06T05:00:03.396Z,歩行,学生研,false,82,117.80000000000001,-65.8,-2.9000000000000004,-0.2,0,1,-8.200000000000001,1.7000000000000002,-24.1,-36.400000000000006,101.6
Chrome Mobile,90.0.4430.82,Asus X01AD,Asus,Blink,[object Object],Chrome Mobile 90.0.4430.82 on Asus X01AD (Android 9),2021-05-06T05:00:03.602Z,歩行,学生研,false,83.80000000000001,77.30000000000001,-71.5,6.9,15.700000000000001,0.30000000000000004,5,7,-0.30000000000000004,-58.7,-31.400000000000002,173.4
Chrome Mobile,90.0.4430.82,Asus X01AD,Asus,Blink,[object Object],Chrome Mobile 90.0.4430.82 on Asus X01AD (Android 9),2021-05-06T05:00:03.803Z,歩行,学生研,false,74,63.1,-67,8.6,22.3,-3.8000000000000003,4.4,13.3,-5.6000000000000005,92.60000000000001,16.3,-113.3
Chrome Mobile,90.0.4430.82,Asus X01AD,Asus,Blink,[object Object],Chrome Mobile 90.0.4430.82 on Asus X01AD (Android 9),2021-05-06T05:00:04.004Z,歩行,学生研,false,95.60000000000001,107.4,-86.4,0.9,7,2.8000000000000003,3.7,-3.1,2.8000000000000003,78.5,33.9,-200.3
Chrome Mobile,90.0.4430.82,Asus X01AD,Asus,Blink,[object Object],Chrome Mobile 90.0.4430.82 on Asus X01AD (Android 9),2021-05-06T05:00:04.205Z,歩行,学生研,false,90.60000000000001,133.9,-71.2,-2.8000000000000003,-2.5,0,3.7,-9.600000000000001,2.2,2.5,44.5,-49.9
Chrome Mobile,90.0.4430.82,Asus X01AD,Asus,Blink,[object Object],Chrome Mobile 90.0.4430.82 on Asus X01AD (Android 9),2021-05-06T05:00:04.405Z,歩行,学生研,false,87,125.2,-68.8,-2.2,0.30000000000000004,-1.7000000000000002,2.7,-7.2,0.2,-55.5,-28.700000000000003,137.4
Chrome Mobile,90.0.4430.82,Asus X01AD,Asus,Blink,[object Object],Chrome Mobile 90.0.4430.82 on Asus X01AD (Android 9),2021-05-06T05:00:04.606Z,歩行,学生研,false,85.60000000000001,79.9,-76.4,6.5,15.9,-3.2,5,7,-3.6,-108.2,-25.900000000000002,244.90000000000003
Chrome Mobile,90.0.4430.82,Asus X01AD,Asus,Blink,[object Object],Chrome Mobile 90.0.4430.82 on Asus X01AD (Android 9),2021-05-06T05:00:04.807Z,歩行,学生研,false,74.5,65.4,-65,6.300000000000001,21.900000000000002,-3.7,2.3000000000000003,12.8,-5.5,40.9,38.900000000000006,-98
Chrome Mobile,90.0.4430.82,Asus X01AD,Asus,Blink,[object Object],Chrome Mobile 90.0.4430.82 on Asus X01AD (Android 9),2021-05-06T05:00:05.007Z,歩行,学生研,false,301.7,85,71.4,2.6,7.6000000000000005,2.9000000000000004,3.5,-2.8000000000000003,2.6,57.49999999999999,19.9,-129.8
Chrome Mobile,90.0.4430.82,Asus X01AD,Asus,Blink,[object Object],Chrome Mobile 90.0.4430.82 on Asus X01AD (Android 9),2021-05-06T05:00:05.208Z,歩行,学生研,false,89.60000000000001,115.80000000000001,-74,-2.7,-1.8,-1.4000000000000001,1.3,-10.600000000000001,-0.30000000000000004,46.4,-32.300000000000004,-15.2
Chrome Mobile,90.0.4430.82,Asus X01AD,Asus,Blink,[object Object],Chrome Mobile 90.0.4430.82 on Asus X01AD (Android 9),2021-05-06T05:00:05.409Z,歩行,学生研,false,84,110.30000000000001,-69,-2.9000000000000004,1.7000000000000002,1.7000000000000002,0.1,-6.800000000000001,2.8000000000000003,-40.800000000000004,18.8,84
Chrome Mobile,90.0.4430.82,Asus X01AD,Asus,Blink,[object Object],Chrome Mobile 90.0.4430.82 on Asus X01AD (Android 9),2021-05-06T05:00:05.609Z,歩行,学生研,false,72.3,76.9,-64.8,2.9000000000000004,16.7,2.3000000000000003,1.3,7.9,1.3,60.2,-41.50000000000001,155
Chrome Mobile,90.0.4430.82,Asus X01AD,Asus,Blink,[object Object],Chrome Mobile 90.0.4430.82 on Asus X01AD (Android 9),2021-05-06T05:00:05.810Z,歩行,学生研,false,76.80000000000001,69.4,-69.3,6.4,20.6,-2.2,3,11.100000000000001,-3.4000000000000004,41,35.2,-110
Chrome Mobile,90.0.4430.82,Asus X01AD,Asus,Blink,[object Object],Chrome Mobile 90.0.4430.82 on Asus X01AD (Android 9),2021-05-06T05:00:06.011Z,歩行,学生研,false,303.40000000000003,81,72.4,2.6,5.7,1.7000000000000002,4.1000000000000005,-4.5,1.2000000000000002,45.8,80.7,-88.9
Chrome Mobile,90.0.4430.82,Asus X01AD,Asus,Blink,[object Object],Chrome Mobile 90.0.4430.82 on Asus X01AD (Android 9),2021-05-06T05:00:06.211Z,歩行,学生研,false,95.60000000000001,112.80000000000001,-71.3,-2,-0.7000000000000001,-0.6000000000000001,1.5,-9.600000000000001,0.6000000000000001,23.099999999999998,-7,-18.3
Chrome Mobile,90.0.4430.82,Asus X01AD,Asus,Blink,[object Object],Chrome Mobile 90.0.4430.82 on Asus X01AD (Android 9),2021-05-06T05:00:06.412Z,歩行,学生研,false,83.4,105,-66.10000000000001,0.30000000000000004,2.1,-2,2.4000000000000004,-6.6000000000000005,-1,-17.200000000000003,-15.299999999999999,72.50000000000001
Chrome Mobile,90.0.4430.82,Asus X01AD,Asus,Blink,[object Object],Chrome Mobile 90.0.4430.82 on Asus X01AD (Android 9),2021-05-06T05:00:06.613Z,歩行,学生研,false,83,74.5,-71,9.1,18.8,1.5,6.9,10.100000000000001,0.7000000000000001,-73.5,-58.2,180.39999999999998
Chrome Mobile,90.0.4430.82,Asus X01AD,Asus,Blink,[object Object],Chrome Mobile 90.0.4430.82 on Asus X01AD (Android 9),2021-05-06T05:00:06.813Z,歩行,学生研,false,78.60000000000001,70.2,-67.7,6.6000000000000005,20,-1.2000000000000002,3.4000000000000004,10.3,-2.6,25.300000000000004,18.700000000000003,-113.1
Chrome Mobile,90.0.4430.82,Asus X01AD,Asus,Blink,[object Object],Chrome Mobile 90.0.4430.82 on Asus X01AD (Android 9),2021-05-06T05:00:07.014Z,歩行,学生研,false,97.2,99.60000000000001,-83.9,0.8,4.7,1.4000000000000001,2.5,-5.4,1.6,90.80000000000001,27.2,-143.1
Chrome Mobile,90.0.4430.82,Asus X01AD,Asus,Blink,[object Object],Chrome Mobile 90.0.4430.82 on Asus X01AD (Android 9),2021-05-06T05:00:07.214Z,歩行,学生研,false,80.4,115.80000000000001,-63.2,-1.7000000000000002,-0.6000000000000001,-2.4000000000000004,2.1,-9.3,-0.5,2,6.500000000000001,-9.4
Chrome Mobile,90.0.4430.82,Asus X01AD,Asus,Blink,[object Object],Chrome Mobile 90.0.4430.82 on Asus X01AD (Android 9),2021-05-06T05:00:07.415Z,歩行,学生研,false,79.10000000000001,105.10000000000001,-64.2,0.8,2.9000000000000004,-0.2,2.9000000000000004,-5.800000000000001,0.8,-39.2,-40.300000000000004,84.69999999999999
Chrome Mobile,90.0.4430.82,Asus X01AD,Asus,Blink,[object Object],Chrome Mobile 90.0.4430.82 on Asus X01AD (Android 9),2021-05-06T05:00:07.615Z,歩行,学生研,false,92.2,74.3,-82.9,6.1000000000000005,16,-2.3000000000000003,3.7,7.300000000000001,-2.6,-43.800000000000004,-29.400000000000002,186.8
Chrome Mobile,90.0.4430.82,Asus X01AD,Asus,Blink,[object Object],Chrome Mobile 90.0.4430.82 on Asus X01AD (Android 9),2021-05-06T05:00:07.816Z,歩行,学生研,false,80.60000000000001,65.2,-75.10000000000001,9.4,20.900000000000002,-1.7000000000000002,5.300000000000001,11.700000000000001,-2.8000000000000003,59.20000000000001,12.5,-119.89999999999999
Chrome Mobile,90.0.4430.82,Asus X01AD,Asus,Blink,[object Object],Chrome Mobile 90.0.4430.82 on Asus X01AD (Android 9),2021-05-06T05:00:08.016Z,歩行,学生研,false,324.70000000000005,86.30000000000001,49.800000000000004,4.1000000000000005,4,1.7000000000000002,4.6000000000000005,-6.4,1.3,128,38.60000000000001,-139.60000000000002
Chrome Mobile,90.0.4430.82,Asus X01AD,Asus,Blink,[object Object],Chrome Mobile 90.0.4430.82 on Asus X01AD (Android 9),2021-05-06T05:00:08.223Z,歩行,学生研,false,81.9,116.60000000000001,-64.8,-4.5,-1.6,-0.8,-0.6000000000000001,-10.4,1.1,-2,19.300000000000004,-23.5
Chrome Mobile,90.0.4430.82,Asus X01AD,Asus,Blink,[object Object],Chrome Mobile 90.0.4430.82 on Asus X01AD (Android 9),2021-05-06T05:00:08.423Z,歩行,学生研,false,80,110.7,-64.5,-0.6000000000000001,1.9000000000000001,1.5,2.3000000000000003,-6.6000000000000005,2.9000000000000004,-48.800000000000004,-10.4,83.00000000000001
Chrome Mobile,90.0.4430.82,Asus X01AD,Asus,Blink,[object Object],Chrome Mobile 90.0.4430.82 on Asus X01AD (Android 9),2021-05-06T05:00:08.624Z,歩行,学生研,false,59.7,77.30000000000001,-46.300000000000004,7.800000000000001,15.700000000000001,3.6,6.300000000000001,6.9,2.3000000000000003,-85.69999999999999,-101.6,203.2
Chrome Mobile,90.0.4430.82,Asus X01AD,Asus,Blink,[object Object],Chrome Mobile 90.0.4430.82 on Asus X01AD (Android 9),2021-05-06T05:00:08.825Z,歩行,学生研,false,76.4,66.2,-65.9,6.2,21.700000000000003,-3.1,2.5,12.4,-4.7,69.10000000000001,9.5,-83.10000000000001
Chrome Mobile,90.0.4430.82,Asus X01AD,Asus,Blink,[object Object],Chrome Mobile 90.0.4430.82 on Asus X01AD (Android 9),2021-05-06T05:00:09.026Z,歩行,学生研,false,296.7,79.2,71.60000000000001,1.9000000000000001,6.1000000000000005,5.6000000000000005,3.7,-4.2,5,14.800000000000002,41.800000000000004,-139.1
Chrome Mobile,90.0.4430.82,Asus X01AD,Asus,Blink,[object Object],Chrome Mobile 90.0.4430.82 on Asus X01AD (Android 9),2021-05-06T05:00:09.226Z,歩行,学生研,false,78.4,124.5,-66.5,-2.5,-1.6,-1.4000000000000001,2.6,-9.600000000000001,0.8,10.700000000000001,11.000000000000002,-21.300000000000004
Chrome Mobile,90.0.4430.82,Asus X01AD,Asus,Blink,[object Object],Chrome Mobile 90.0.4430.82 on Asus X01AD (Android 9),2021-05-06T05:00:09.427Z,歩行,学生研,false,76.9,117.30000000000001,-65.4,-2.5,-0.5,0.1,1.3,-8.6,1.9000000000000001,-34.400000000000006,3,122.39999999999999
Chrome Mobile,90.0.4430.82,Asus X01AD,Asus,Blink,[object Object],Chrome Mobile 90.0.4430.82 on Asus X01AD (Android 9),2021-05-06T05:00:09.627Z,歩行,学生研,false,75.9,78.80000000000001,-66.5,6.6000000000000005,14.600000000000001,2.1,5,5.9,1.4000000000000001,-89.10000000000001,-68.9,232
Chrome Mobile,90.0.4430.82,Asus X01AD,Asus,Blink,[object Object],Chrome Mobile 90.0.4430.82 on Asus X01AD (Android 9),2021-05-06T05:00:09.831Z,歩行,学生研,false,84.9,64.7,-79.4,7.1000000000000005,22.3,-3,2.8000000000000003,13.100000000000001,-3.8000000000000003,48.9,17.9,-97.89999999999999
Chrome Mobile,90.0.4430.82,Asus X01AD,Asus,Blink,[object Object],Chrome Mobile 90.0.4430.82 on Asus X01AD (Android 9),2021-05-06T05:00:10.032Z,歩行,学生研,false,80,102.5,-75.10000000000001,2.7,5,3.1,4.6000000000000005,-5.2,3.5,95.20000000000002,-28.900000000000002,-151.4
Chrome Mobile,90.0.4430.82,Asus X01AD,Asus,Blink,[object Object],Chrome Mobile 90.0.4430.82 on Asus X01AD (Android 9),2021-05-06T05:00:10.232Z,歩行,学生研,false,77.30000000000001,117.30000000000001,-67.8,-3,-0.9,-1.3,1.1,-9.5,0.4,53.9,-8.4,-12.200000000000001
Chrome Mobile,90.0.4430.82,Asus X01AD,Asus,Blink,[object Object],Chrome Mobile 90.0.4430.82 on Asus X01AD (Android 9),2021-05-06T05:00:10.433Z,歩行,学生研,false,77,108.80000000000001,-67.10000000000001,0.6000000000000001,3.8000000000000003,1.7000000000000002,3.3000000000000003,-4.800000000000001,2.8000000000000003,-52.5,14.800000000000002,72.4
Chrome Mobile,90.0.4430.82,Asus X01AD,Asus,Blink,[object Object],Chrome Mobile 90.0.4430.82 on Asus X01AD (Android 9),2021-05-06T05:00:10.635Z,歩行,学生研,false,71.3,73.8,-64.7,5.9,14.200000000000001,3.1,3.6,5.5,2,-104.9,-43.1,175.79999999999998
Chrome Mobile,90.0.4430.82,Asus X01AD,Asus,Blink,[object Object],Chrome Mobile 90.0.4430.82 on Asus X01AD (Android 9),2021-05-06T05:00:10.835Z,歩行,学生研,false,76,65.5,-70.8,7,21.3,-2.9000000000000004,2.8000000000000003,12.200000000000001,-4.4,42.1,20.7,-111.70000000000002
Chrome Mobile,90.0.4430.82,Asus X01AD,Asus,Blink,[object Object],Chrome Mobile 90.0.4430.82 on Asus X01AD (Android 9),2021-05-06T05:00:11.036Z,歩行,学生研,false,92.30000000000001,97.60000000000001,-85.60000000000001,1.9000000000000001,4.2,1.5,3.3000000000000003,-6.1000000000000005,1.6,118.50000000000001,38.7,-184
Chrome Mobile,90.0.4430.82,Asus X01AD,Asus,Blink,[object Object],Chrome Mobile 90.0.4430.82 on Asus X01AD (Android 9),2021-05-06T05:00:11.237Z,歩行,学生研,false,76.4,115,-64.5,-2.7,-1.5,-2.1,1,-10.200000000000001,-0.30000000000000004,43.70000000000001,-25.5,-15.299999999999999
Chrome Mobile,90.0.4430.82,Asus X01AD,Asus,Blink,[object Object],Chrome Mobile 90.0.4430.82 on Asus X01AD (Android 9),2021-05-06T05:00:11.437Z,歩行,学生研,false,66,104,-55.1,-0.1,1.3,1.2000000000000002,1.7000000000000002,-7.4,2.5,-52.2,-6.4,102.4
Chrome Mobile,90.0.4430.82,Asus X01AD,Asus,Blink,[object Object],Chrome Mobile 90.0.4430.82 on Asus X01AD (Android 9),2021-05-06T05:00:11.638Z,歩行,学生研,false,82.10000000000001,69.3,-75.3,8.9,18.3,3.2,5.800000000000001,9.8,2.4000000000000004,-95.60000000000002,15.6,148.3
Chrome Mobile,90.0.4430.82,Asus X01AD,Asus,Blink,[object Object],Chrome Mobile 90.0.4430.82 on Asus X01AD (Android 9),2021-05-06T05:00:11.838Z,歩行,学生研,false,79.5,71.60000000000001,-74.2,8.700000000000001,22.1,-3.2,5.5,12.3,-4.1000000000000005,25.4,17.5,-164.3
Chrome Mobile,90.0.4430.82,Asus X01AD,Asus,Blink,[object Object],Chrome Mobile 90.0.4430.82 on Asus X01AD (Android 9),2021-05-06T05:00:12.039Z,歩行,学生研,false,81.60000000000001,105.7,-73.8,0.30000000000000004,3.8000000000000003,0.8,3,-6.1000000000000005,1.6,70.7,24.3,-111.30000000000001
Chrome Mobile,90.0.4430.82,Asus X01AD,Asus,Blink,[object Object],Chrome Mobile 90.0.4430.82 on Asus X01AD (Android 9),2021-05-06T05:00:12.239Z,歩行,学生研,false,82.30000000000001,118.60000000000001,-68.60000000000001,-2.7,-2,-1,1.5,-10.4,0.7000000000000001,-18.200000000000003,20.1,39.400000000000006
Chrome Mobile,90.0.4430.82,Asus X01AD,Asus,Blink,[object Object],Chrome Mobile 90.0.4430.82 on Asus X01AD (Android 9),2021-05-06T05:00:12.440Z,歩行,学生研,false,92,103.30000000000001,-78.60000000000001,0,4.2,2.8000000000000003,2,-4.5,3.2,-83.5,2.6,104.9
Chrome Mobile,90.0.4430.82,Asus X01AD,Asus,Blink,[object Object],Chrome Mobile 90.0.4430.82 on Asus X01AD (Android 9),2021-05-06T05:00:12.640Z,歩行,学生研,false,57.800000000000004,70.2,-50.400000000000006,5.800000000000001,22.5,6.5,3.4000000000000004,13.8,4.4,-165.4,-40.300000000000004,126
Chrome Mobile,90.0.4430.82,Asus X01AD,Asus,Blink,[object Object],Chrome Mobile 90.0.4430.82 on Asus X01AD (Android 9),2021-05-06T05:00:12.841Z,歩行,学生研,false,45.300000000000004,79.2,-32.7,3.3000000000000003,15.4,4.3,2.3000000000000003,5.2,2.6,40.6,17.799999999999997,-138.00000000000003
Chrome Mobile,90.0.4430.82,Asus X01AD,Asus,Blink,[object Object],Chrome Mobile 90.0.4430.82 on Asus X01AD (Android 9),2021-05-06T05:00:13.042Z,歩行,学生研,false,88.60000000000001,108.7,-73.3,-1.9000000000000001,4,0.6000000000000001,1.3,-5.7,1.6,62.800000000000004,14.700000000000001,-88.50000000000001
Chrome Mobile,90.0.4430.82,Asus X01AD,Asus,Blink,[object Object],Chrome Mobile 90.0.4430.82 on Asus X01AD (Android 9),2021-05-06T05:00:13.242Z,歩行,学生研,false,85.2,118.2,-67.60000000000001,-2.4000000000000004,-1.9000000000000001,-1.2000000000000002,1.8,-10.3,0.5,-26.300000000000004,16.200000000000003,44.300000000000004
Chrome Mobile,90.0.4430.82,Asus X01AD,Asus,Blink,[object Object],Chrome Mobile 90.0.4430.82 on Asus X01AD (Android 9),2021-05-06T05:00:13.443Z,歩行,学生研,false,76.7,101.30000000000001,-61.7,4.800000000000001,3.8000000000000003,-1.5,6.300000000000001,-5,-0.7000000000000001,-86.60000000000001,66.80000000000001,138.40000000000003
Chrome Mobile,90.0.4430.82,Asus X01AD,Asus,Blink,[object Object],Chrome Mobile 90.0.4430.82 on Asus X01AD (Android 9),2021-05-06T05:00:13.644Z,歩行,学生研,false,64.5,67.2,-56.300000000000004,7.9,23.1,5.2,4.9,14.4,3.2,-124.50000000000001,-78.3,93.60000000000001
Chrome Mobile,90.0.4430.82,Asus X01AD,Asus,Blink,[object Object],Chrome Mobile 90.0.4430.82 on Asus X01AD (Android 9),2021-05-06T05:00:13.844Z,歩行,学生研,false,55.6,78.10000000000001,-45.900000000000006,4.7,15.8,3.2,3.2,5.6000000000000005,1.7000000000000002,89,7.9,-171.3
Chrome Mobile,90.0.4430.82,Asus X01AD,Asus,Blink,[object Object],Chrome Mobile 90.0.4430.82 on Asus X01AD (Android 9),2021-05-06T05:00:14.045Z,歩行,学生研,false,80.4,117.60000000000001,-70.3,-4.1000000000000005,1.6,-2,0.30000000000000004,-7.4,-0.4,67.3,15.2,-65.5
Chrome Mobile,90.0.4430.82,Asus X01AD,Asus,Blink,[object Object],Chrome Mobile 90.0.4430.82 on Asus X01AD (Android 9),2021-05-06T05:00:14.252Z,歩行,学生研,false,75.3,121.80000000000001,-63.6,-3.8000000000000003,-0.9,-2,0.7000000000000001,-9,0.2,-6.300000000000001,7.200000000000001,22.3
Chrome Mobile,90.0.4430.82,Asus X01AD,Asus,Blink,[object Object],Chrome Mobile 90.0.4430.82 on Asus X01AD (Android 9),2021-05-06T05:00:14.452Z,歩行,学生研,false,82.5,101.2,-70.5,-0.5,5.2,3.9000000000000004,1.2000000000000002,-3.5,4.5,-115.20000000000002,10.700000000000001,106
Chrome Mobile,90.0.4430.82,Asus X01AD,Asus,Blink,[object Object],Chrome Mobile 90.0.4430.82 on Asus X01AD (Android 9),2021-05-06T05:00:14.653Z,歩行,学生研,false,70.2,65.9,-66,10.200000000000001,21.8,5.6000000000000005,6.7,13.200000000000001,4.1000000000000005,-46.199999999999996,-65,103.89999999999999
Chrome Mobile,90.0.4430.82,Asus X01AD,Asus,Blink,[object Object],Chrome Mobile 90.0.4430.82 on Asus X01AD (Android 9),2021-05-06T05:00:14.854Z,歩行,学生研,false,61.5,81.5,-55.400000000000006,5.300000000000001,14.3,4.3,4,4,3.5,30.9,32.7,-176.8
Chrome Mobile,90.0.4430.82,Asus X01AD,Asus,Blink,[object Object],Chrome Mobile 90.0.4430.82 on Asus X01AD (Android 9),2021-05-06T05:00:15.055Z,歩行,学生研,false,77,110.7,-67.5,-0.7000000000000001,2.4000000000000004,-1.5,2.7,-7.1000000000000005,-0.1,26.5,19.1,-73
Chrome Mobile,90.0.4430.82,Asus X01AD,Asus,Blink,[object Object],Chrome Mobile 90.0.4430.82 on Asus X01AD (Android 9),2021-05-06T05:00:15.255Z,歩行,学生研,false,77.4,117.80000000000001,-65.4,-3.3000000000000003,-1,-1.6,0.7000000000000001,-9.3,0.2,-15.399999999999999,29.500000000000004,26.000000000000004
Chrome Mobile,90.0.4430.82,Asus X01AD,Asus,Blink,[object Object],Chrome Mobile 90.0.4430.82 on Asus X01AD (Android 9),2021-05-06T05:00:15.456Z,歩行,学生研,false,69.10000000000001,98.80000000000001,-61.1,4.3,4.5,2.4000000000000004,5.5,-4.2,3.1,-104.00000000000001,-21,136.3
Chrome Mobile,90.0.4430.82,Asus X01AD,Asus,Blink,[object Object],Chrome Mobile 90.0.4430.82 on Asus X01AD (Android 9),2021-05-06T05:00:15.656Z,歩行,学生研,false,64.7,62.300000000000004,-66.8,4.7,24.200000000000003,5.800000000000001,0.6000000000000001,15.8,4.1000000000000005,-81.7,-42.400000000000006,88.00000000000001
Chrome Mobile,90.0.4430.82,Asus X01AD,Asus,Blink,[object Object],Chrome Mobile 90.0.4430.82 on Asus X01AD (Android 9),2021-05-06T05:00:15.862Z,歩行,学生研,false,52.7,79,-50.5,5.9,13.700000000000001,3.2,4.3,3.5,2,56.9,11.5,-167.1
Chrome Mobile,90.0.4430.82,Asus X01AD,Asus,Blink,[object Object],Chrome Mobile 90.0.4430.82 on Asus X01AD (Android 9),2021-05-06T05:00:16.065Z,歩行,学生研,false,76.7,113.5,-70.3,-4.1000000000000005,1.3,1,-0.30000000000000004,-8,2.4000000000000004,77.60000000000001,-5.1000000000000005,-165.4
Chrome Mobile,90.0.4430.82,Asus X01AD,Asus,Blink,[object Object],Chrome Mobile 90.0.4430.82 on Asus X01AD (Android 9),2021-05-06T05:00:16.265Z,歩行,学生研,false,74.10000000000001,118.7,-64.2,-2.4000000000000004,0.1,-0.5,1.6,-8.1,1.5,-27.700000000000003,16.200000000000003,23.5
Chrome Mobile,90.0.4430.82,Asus X01AD,Asus,Blink,[object Object],Chrome Mobile 90.0.4430.82 on Asus X01AD (Android 9),2021-05-06T05:00:16.466Z,歩行,学生研,false,83.2,97.7,-72.9,4.6000000000000005,6.7,-0.2,5.7,-2.2,0.2,-53.10000000000001,-18.1,112.30000000000001
Chrome Mobile,90.0.4430.82,Asus X01AD,Asus,Blink,[object Object],Chrome Mobile 90.0.4430.82 on Asus X01AD (Android 9),2021-05-06T05:00:16.666Z,歩行,学生研,false,58.6,65.2,-59.400000000000006,9.700000000000001,22.3,4.3,6.4,13.8,2.3000000000000003,-75.5,-51.9,116.69999999999999
Chrome Mobile,90.0.4430.82,Asus X01AD,Asus,Blink,[object Object],Chrome Mobile 90.0.4430.82 on Asus X01AD (Android 9),2021-05-06T05:00:16.867Z,歩行,学生研,false,53,76.60000000000001,-49.400000000000006,5,14.8,3.8000000000000003,3.1,4.7,2.2,73.2,21.900000000000002,-146.9
Chrome Mobile,90.0.4430.82,Asus X01AD,Asus,Blink,[object Object],Chrome Mobile 90.0.4430.82 on Asus X01AD (Android 9),2021-05-06T05:00:17.068Z,歩行,学生研,false,79,105.5,-71.2,-2.5,3.3000000000000003,0.4,0.1,-6.6000000000000005,1.3,39.50000000000001,37.400000000000006,-102
Chrome Mobile,90.0.4430.82,Asus X01AD,Asus,Blink,[object Object],Chrome Mobile 90.0.4430.82 on Asus X01AD (Android 9),2021-05-06T05:00:17.268Z,歩行,学生研,false,73.60000000000001,117.30000000000001,-65.2,-2.6,-1.1,0.1,1.4000000000000001,-9.5,1.9000000000000001,-24.900000000000002,13.5,15.5
Chrome Mobile,90.0.4430.82,Asus X01AD,Asus,Blink,[object Object],Chrome Mobile 90.0.4430.82 on Asus X01AD (Android 9),2021-05-06T05:00:17.469Z,歩行,学生研,false,72.8,100.9,-63,-1.4000000000000001,3.3000000000000003,5.300000000000001,0.1,-5.4,6.1000000000000005,-75.5,32.400000000000006,137.1
Chrome Mobile,90.0.4430.82,Asus X01AD,Asus,Blink,[object Object],Chrome Mobile 90.0.4430.82 on Asus X01AD (Android 9),2021-05-06T05:00:17.669Z,歩行,学生研,false,70.4,62.400000000000006,-65.5,11.200000000000001,22.8,6.4,7.300000000000001,14.5,4.6000000000000005,-101.80000000000001,-11.700000000000001,139
Chrome Mobile,90.0.4430.82,Asus X01AD,Asus,Blink,[object Object],Chrome Mobile 90.0.4430.82 on Asus X01AD (Android 9),2021-05-06T05:00:17.870Z,歩行,学生研,false,64.4,70,-54.800000000000004,7.300000000000001,17.8,4.1000000000000005,4.4,8.1,2.1,-17,32.8,-142.60000000000002
Chrome Mobile,90.0.4430.82,Asus X01AD,Asus,Blink,[object Object],Chrome Mobile 90.0.4430.82 on Asus X01AD (Android 9),2021-05-06T05:00:18.070Z,歩行,学生研,false,77.2,104.7,-64.60000000000001,1.3,4.7,-1.7000000000000002,3.6,-5.300000000000001,-0.5,62.1,-7.300000000000001,-136.5
Chrome Mobile,90.0.4430.82,Asus X01AD,Asus,Blink,[object Object],Chrome Mobile 90.0.4430.82 on Asus X01AD (Android 9),2021-05-06T05:00:18.271Z,歩行,学生研,false,77.10000000000001,118.2,-63.800000000000004,-2.8000000000000003,-0.9,-2.9000000000000004,1.3,-9.4,-0.9,-15.399999999999999,37.6,15.5
Chrome Mobile,90.0.4430.82,Asus X01AD,Asus,Blink,[object Object],Chrome Mobile 90.0.4430.82 on Asus X01AD (Android 9),2021-05-06T05:00:18.472Z,歩行,学生研,false,64.5,111.80000000000001,-51.5,-3.6,2,-3.4000000000000004,-1,-6.300000000000001,-1.3,8.3,14.600000000000001,67.10000000000001
Chrome Mobile,90.0.4430.82,Asus X01AD,Asus,Blink,[object Object],Chrome Mobile 90.0.4430.82 on Asus X01AD (Android 9),2021-05-06T05:00:18.672Z,歩行,学生研,false,71.3,74.8,-61,12.8,16.7,4.3,10.8,8,3.1,-149.70000000000002,-42.1,201
Chrome Mobile,90.0.4430.82,Asus X01AD,Asus,Blink,[object Object],Chrome Mobile 90.0.4430.82 on Asus X01AD (Android 9),2021-05-06T05:00:18.873Z,歩行,学生研,false,67,64.4,-56,7.1000000000000005,20,2.1,3.5,10.9,-0.4,48.9,29.600000000000005,-102.4
Chrome Mobile,90.0.4430.82,Asus X01AD,Asus,Blink,[object Object],Chrome Mobile 90.0.4430.82 on Asus X01AD (Android 9),2021-05-06T05:00:19.073Z,歩行,学生研,false,291.7,80.10000000000001,85.7,0.8,4.3,2.7,2.6,-6,2.6,132.4,24.1,-131.6
Chrome Mobile,90.0.4430.82,Asus X01AD,Asus,Blink,[object Object],Chrome Mobile 90.0.4430.82 on Asus X01AD (Android 9),2021-05-06T05:00:19.274Z,歩行,学生研,false,77.10000000000001,112.30000000000001,-59,-3.5,-0.6000000000000001,-1.8,-0.30000000000000004,-9.600000000000001,0.1,10,12.5,12.200000000000001
Chrome Mobile,90.0.4430.82,Asus X01AD,Asus,Blink,[object Object],Chrome Mobile 90.0.4430.82 on Asus X01AD (Android 9),2021-05-06T05:00:19.475Z,歩行,学生研,false,63.800000000000004,101.80000000000001,-49.2,-0.9,2.5,-0.4,0.5,-6.300000000000001,0.8,-63.70000000000001,-22.000000000000004,91.50000000000001
Chrome Mobile,90.0.4430.82,Asus X01AD,Asus,Blink,[object Object],Chrome Mobile 90.0.4430.82 on Asus X01AD (Android 9),2021-05-06T05:00:19.675Z,歩行,学生研,false,81.80000000000001,73,-70.10000000000001,4.9,17.3,3.1,2.4000000000000004,8.6,2.2,-71.30000000000001,-28.800000000000004,123.5
Chrome Mobile,90.0.4430.82,Asus X01AD,Asus,Blink,[object Object],Chrome Mobile 90.0.4430.82 on Asus X01AD (Android 9),2021-05-06T05:00:19.876Z,歩行,学生研,false,74.8,67.3,-62.900000000000006,5.6000000000000005,19.1,-1,2.1,9.700000000000001,-2.8000000000000003,-5.500000000000001,22.2,-106.60000000000001
Chrome Mobile,90.0.4430.82,Asus X01AD,Asus,Blink,[object Object],Chrome Mobile 90.0.4430.82 on Asus X01AD (Android 9),2021-05-06T05:00:20.076Z,歩行,学生研,false,305.3,83.4,69.3,3.6,5.7,1.9000000000000001,4.7,-4.6000000000000005,1.5,42.2,30.4,-125.50000000000001
Chrome Mobile,90.0.4430.82,Asus X01AD,Asus,Blink,[object Object],Chrome Mobile 90.0.4430.82 on Asus X01AD (Android 9),2021-05-06T05:00:20.286Z,歩行,学生研,false,87.30000000000001,112.4,-71.4,-3.1,0,-4,0.5,-9,-2.8000000000000003,13.000000000000002,11.4,-16.6
Chrome Mobile,90.0.4430.82,Asus X01AD,Asus,Blink,[object Object],Chrome Mobile 90.0.4430.82 on Asus X01AD (Android 9),2021-05-06T05:00:20.491Z,歩行,学生研,false,93,105.30000000000001,-76,-0.6000000000000001,2.8000000000000003,2.5,1.7000000000000002,-5.9,3.1,-32.400000000000006,-11.3,45
Chrome Mobile,90.0.4430.82,Asus X01AD,Asus,Blink,[object Object],Chrome Mobile 90.0.4430.82 on Asus X01AD (Android 9),2021-05-06T05:00:20.692Z,歩行,学生研,false,60.800000000000004,79.2,-46.800000000000004,2.7,15.200000000000001,0.30000000000000004,1.5,6.300000000000001,-0.8,-143.5,-51.300000000000004,148.5
Chrome Mobile,90.0.4430.82,Asus X01AD,Asus,Blink,[object Object],Chrome Mobile 90.0.4430.82 on Asus X01AD (Android 9),2021-05-06T05:00:20.893Z,歩行,学生研,false,67.2,69.10000000000001,-56,7,20,-2,3.9000000000000004,10.5,-4,69.20000000000002,13.399999999999999,-91
Chrome Mobile,90.0.4430.82,Asus X01AD,Asus,Blink,[object Object],Chrome Mobile 90.0.4430.82 on Asus X01AD (Android 9),2021-05-06T05:00:21.094Z,歩行,学生研,false,90.5,103.9,-77.7,2.8000000000000003,5.5,0.7000000000000001,5.2,-4.6000000000000005,1.2000000000000002,56.50000000000001,16.1,-176.10000000000002
Chrome Mobile,90.0.4430.82,Asus X01AD,Asus,Blink,[object Object],Chrome Mobile 90.0.4430.82 on Asus X01AD (Android 9),2021-05-06T05:00:21.294Z,歩行,学生研,false,86.2,124.30000000000001,-67,-2.1,-1.5,0.6000000000000001,2.9000000000000004,-9.5,2.7,12.8,23.900000000000006,10.200000000000001
Chrome Mobile,90.0.4430.82,Asus X01AD,Asus,Blink,[object Object],Chrome Mobile 90.0.4430.82 on Asus X01AD (Android 9),2021-05-06T05:00:21.495Z,歩行,学生研,false,84.10000000000001,115,-65.60000000000001,-2,2.6,2.3000000000000003,1.5,-5.6000000000000005,3.9000000000000004,-62.900000000000006,4.9,103.40000000000002
Chrome Mobile,90.0.4430.82,Asus X01AD,Asus,Blink,[object Object],Chrome Mobile 90.0.4430.82 on Asus X01AD (Android 9),2021-05-06T05:00:21.695Z,歩行,学生研,false,64.8,79.60000000000001,-50.1,1.6,15,2.4000000000000004,0.4,6,1.4000000000000001,-120.4,-54.699999999999996,173.5
Chrome Mobile,90.0.4430.82,Asus X01AD,Asus,Blink,[object Object],Chrome Mobile 90.0.4430.82 on Asus X01AD (Android 9),2021-05-06T05:00:21.896Z,歩行,学生研,false,62,70.4,-51,5.7,19.700000000000003,2.1,3,10.100000000000001,0,28.200000000000003,20,-102.89999999999999
Chrome Mobile,90.0.4430.82,Asus X01AD,Asus,Blink,[object Object],Chrome Mobile 90.0.4430.82 on Asus X01AD (Android 9),2021-05-06T05:00:22.096Z,歩行,学生研,false,101.2,103.2,-88.60000000000001,1.5,4,-0.4,3.9000000000000004,-6.1000000000000005,-0.4,80.30000000000001,43.4,-140.10000000000002
Chrome Mobile,90.0.4430.82,Asus X01AD,Asus,Blink,[object Object],Chrome Mobile 90.0.4430.82 on Asus X01AD (Android 9),2021-05-06T05:00:22.297Z,歩行,学生研,false,88.2,122,-72.5,-2.2,-0.7000000000000001,0,2.7,-8.9,1.6,6.8,12.8,-27.800000000000004
Chrome Mobile,90.0.4430.82,Asus X01AD,Asus,Blink,[object Object],Chrome Mobile 90.0.4430.82 on Asus X01AD (Android 9),2021-05-06T05:00:22.498Z,歩行,学生研,false,81.80000000000001,116,-71.2,-3.7,2.7,1.2000000000000002,0.1,-5.4,2.5,-31,-51.2,63
Chrome Mobile,90.0.4430.82,Asus X01AD,Asus,Blink,[object Object],Chrome Mobile 90.0.4430.82 on Asus X01AD (Android 9),2021-05-06T05:00:22.699Z,歩行,学生研,false,71.10000000000001,83.10000000000001,-64.4,5,15.200000000000001,-3.4000000000000004,4,6.2,-3.9000000000000004,-145.00000000000003,-34.1,191.60000000000002
Chrome Mobile,90.0.4430.82,Asus X01AD,Asus,Blink,[object Object],Chrome Mobile 90.0.4430.82 on Asus X01AD (Android 9),2021-05-06T05:00:22.900Z,歩行,学生研,false,70.4,66.7,-66.4,6.800000000000001,21.400000000000002,-1,3.1,12.200000000000001,-2.6,49.699999999999996,7.9,-68.1
Chrome Mobile,90.0.4430.82,Asus X01AD,Asus,Blink,[object Object],Chrome Mobile 90.0.4430.82 on Asus X01AD (Android 9),2021-05-06T05:00:23.101Z,歩行,学生研,false,296.3,83.60000000000001,68.7,2.4000000000000004,7.1000000000000005,0.4,3.5,-3.2,0,103.8,28.600000000000005,-154.40000000000003
Chrome Mobile,90.0.4430.82,Asus X01AD,Asus,Blink,[object Object],Chrome Mobile 90.0.4430.82 on Asus X01AD (Android 9),2021-05-06T05:00:23.302Z,歩行,学生研,false,85.4,123.9,-69.8,-2.7,-0.4,-2.4000000000000004,2.4000000000000004,-8.6,-0.5,52.300000000000004,-7.8,-50.3
Chrome Mobile,90.0.4430.82,Asus X01AD,Asus,Blink,[object Object],Chrome Mobile 90.0.4430.82 on Asus X01AD (Android 9),2021-05-06T05:00:23.503Z,歩行,学生研,false,79.9,121.30000000000001,-64.10000000000001,-1.4000000000000001,0.5,-2.9000000000000004,2.9000000000000004,-7.300000000000001,-0.8,-27.5,-17.6,91.7
Chrome Mobile,90.0.4430.82,Asus X01AD,Asus,Blink,[object Object],Chrome Mobile 90.0.4430.82 on Asus X01AD (Android 9),2021-05-06T05:00:23.704Z,歩行,学生研,false,87.80000000000001,92.5,-77.2,4.4,12.200000000000001,1.3,4.7,3.3000000000000003,1.4000000000000001,-84.1,-38,142.50000000000003
Chrome Mobile,90.0.4430.82,Asus X01AD,Asus,Blink,[object Object],Chrome Mobile 90.0.4430.82 on Asus X01AD (Android 9),2021-05-06T05:00:23.905Z,歩行,学生研,false,67,68.10000000000001,-62.800000000000004,5.1000000000000005,22.5,2.6,1.8,13.3,0.9,55,20,-33.2
Chrome Mobile,90.0.4430.82,Asus X01AD,Asus,Blink,[object Object],Chrome Mobile 90.0.4430.82 on Asus X01AD (Android 9),2021-05-06T05:00:24.106Z,歩行,学生研,false,297.2,86.30000000000001,73.2,2.3000000000000003,10.200000000000001,2.6,3,-0.2,2.4000000000000004,79.00000000000001,42.1,-159.5
Chrome Mobile,90.0.4430.82,Asus X01AD,Asus,Blink,[object Object],Chrome Mobile 90.0.4430.82 on Asus X01AD (Android 9),2021-05-06T05:00:24.306Z,歩行,学生研,false,83.80000000000001,114.9,-64.2,-2.1,1.6,-0.9,1.7000000000000002,-7.5,1,35.2,49.50000000000001,-58.60000000000001
Chrome Mobile,90.0.4430.82,Asus X01AD,Asus,Blink,[object Object],Chrome Mobile 90.0.4430.82 on Asus X01AD (Android 9),2021-05-06T05:00:24.507Z,歩行,学生研,false,78.60000000000001,120.4,-58.7,-2.9000000000000004,0.1,-3.2,1.2000000000000002,-7.9,-0.7000000000000001,8,0.4,25.200000000000003
Chrome Mobile,90.0.4430.82,Asus X01AD,Asus,Blink,[object Object],Chrome Mobile 90.0.4430.82 on Asus X01AD (Android 9),2021-05-06T05:00:24.708Z,歩行,学生研,false,71.2,103.2,-53.2,0.9,9.1,-0.2,2.6,0.4,1,-89.8,-47.1,145.20000000000002
Chrome Mobile,90.0.4430.82,Asus X01AD,Asus,Blink,[object Object],Chrome Mobile 90.0.4430.82 on Asus X01AD (Android 9),2021-05-06T05:00:24.909Z,歩行,学生研,false,75,64.7,-70.7,8.4,24.8,0.8,4.6000000000000005,16.3,-0.6000000000000001,-128.60000000000002,-49.199999999999996,111.70000000000002
Chrome Mobile,90.0.4430.82,Asus X01AD,Asus,Blink,[object Object],Chrome Mobile 90.0.4430.82 on Asus X01AD (Android 9),2021-05-06T05:00:25.110Z,歩行,学生研,false,55.800000000000004,80.30000000000001,-46.6,3.9000000000000004,15.4,3.4000000000000004,2.6,5,2.1,121.5,2.8,-168.8
Chrome Mobile,90.0.4430.82,Asus X01AD,Asus,Blink,[object Object],Chrome Mobile 90.0.4430.82 on Asus X01AD (Android 9),2021-05-06T05:00:25.311Z,歩行,学生研,false,82.80000000000001,120.4,-68.3,-3.1,0,0.5,1.7000000000000002,-8.8,2.4000000000000004,106.4,-31.3,-128.9
Chrome Mobile,90.0.4430.82,Asus X01AD,Asus,Blink,[object Object],Chrome Mobile 90.0.4430.82 on Asus X01AD (Android 9),2021-05-06T05:00:25.512Z,歩行,学生研,false,79.80000000000001,128.8,-66.3,-5.1000000000000005,-1.5,0,0.30000000000000004,-8.8,2.4000000000000004,14.700000000000001,-16.5,50.400000000000006
Chrome Mobile,90.0.4430.82,Asus X01AD,Asus,Blink,[object Object],Chrome Mobile 90.0.4430.82 on Asus X01AD (Android 9),2021-05-06T05:00:25.712Z,歩行,学生研,false,77.10000000000001,105,-64.3,3.4000000000000004,6.9,1.7000000000000002,5.5,-1.6,2.7,-20.900000000000002,-35.9,179.1
Chrome Mobile,90.0.4430.82,Asus X01AD,Asus,Blink,[object Object],Chrome Mobile 90.0.4430.82 on Asus X01AD (Android 9),2021-05-06T05:00:25.913Z,歩行,学生研,false,61.2,66,-58,7.7,25.8,7,4.5,17.2,4.9,-140.6,-2.4000000000000004,109.8
Chrome Mobile,90.0.4430.82,Asus X01AD,Asus,Blink,[object Object],Chrome Mobile 90.0.4430.82 on Asus X01AD (Android 9),2021-05-06T05:00:26.114Z,歩行,学生研,false,16.6,84,-11.200000000000001,3.5,13.600000000000001,5.2,3.3000000000000003,3.2,4.1000000000000005,98.9,13.200000000000003,-151.9
Chrome Mobile,90.0.4430.82,Asus X01AD,Asus,Blink,[object Object],Chrome Mobile 90.0.4430.82 on Asus X01AD (Android 9),2021-05-06T05:00:26.321Z,歩行,学生研,false,73.3,117.7,-65.2,-2.9000000000000004,1.4000000000000001,0.4,1.4000000000000001,-7.6000000000000005,2.4000000000000004,57.49999999999999,-16.900000000000002,-62.199999999999996
Chrome Mobile,90.0.4430.82,Asus X01AD,Asus,Blink,[object Object],Chrome Mobile 90.0.4430.82 on Asus X01AD (Android 9),2021-05-06T05:00:26.523Z,歩行,学生研,false,73.2,125.80000000000001,-63.6,-3.3000000000000003,-0.1,-0.5,1.6,-7.800000000000001,1.9000000000000001,-31.7,35.9,1.8000000000000003
Chrome Mobile,90.0.4430.82,Asus X01AD,Asus,Blink,[object Object],Chrome Mobile 90.0.4430.82 on Asus X01AD (Android 9),2021-05-06T05:00:26.724Z,歩行,学生研,false,79.9,108.30000000000001,-66.9,-4,5.2,2.2,-1.4000000000000001,-3.3000000000000003,3.3000000000000003,-112.1,21.6,139.3
Chrome Mobile,90.0.4430.82,Asus X01AD,Asus,Blink,[object Object],Chrome Mobile 90.0.4430.82 on Asus X01AD (Android 9),2021-05-06T05:00:26.925Z,歩行,学生研,false,59.900000000000006,67.4,-54.900000000000006,7.6000000000000005,24.700000000000003,5.1000000000000005,4.6000000000000005,16.1,3,-107.00000000000001,-10.600000000000001,143.3
Chrome Mobile,90.0.4430.82,Asus X01AD,Asus,Blink,[object Object],Chrome Mobile 90.0.4430.82 on Asus X01AD (Android 9),2021-05-06T05:00:27.126Z,歩行,学生研,false,30.1,82.7,-24.200000000000003,5.800000000000001,15.5,4.9,5.2,5.1000000000000005,3.7,72,19.5,-208.00000000000003
Chrome Mobile,90.0.4430.82,Asus X01AD,Asus,Blink,[object Object],Chrome Mobile 90.0.4430.82 on Asus X01AD (Android 9),2021-05-06T05:00:27.326Z,歩行,学生研,false,75.4,125.60000000000001,-67.9,-5.1000000000000005,0.1,-5,0.4,-8.200000000000001,-2.8000000000000003,26.799999999999997,50.900000000000006,-78.2
Chrome Mobile,90.0.4430.82,Asus X01AD,Asus,Blink,[object Object],Chrome Mobile 90.0.4430.82 on Asus X01AD (Android 9),2021-05-06T05:00:27.527Z,歩行,学生研,false,80.7,126.80000000000001,-69.5,-3.9000000000000004,-1.4000000000000001,1,1.4000000000000001,-9,2.9000000000000004,-10.299999999999999,-4,4.300000000000001
Chrome Mobile,90.0.4430.82,Asus X01AD,Asus,Blink,[object Object],Chrome Mobile 90.0.4430.82 on Asus X01AD (Android 9),2021-05-06T05:00:27.728Z,歩行,学生研,false,90.7,96.80000000000001,-80,6.1000000000000005,5.300000000000001,0.8,7.1000000000000005,-3.4000000000000004,1,-76.3,6.2,187.20000000000002
Chrome Mobile,90.0.4430.82,Asus X01AD,Asus,Blink,[object Object],Chrome Mobile 90.0.4430.82 on Asus X01AD (Android 9),2021-05-06T05:00:27.929Z,歩行,学生研,false,57.2,57.800000000000004,-54.900000000000006,8.3,26.8,12.9,4.1000000000000005,18.6,10,-50.1,-29.200000000000003,18.8
Chrome Mobile,90.0.4430.82,Asus X01AD,Asus,Blink,[object Object],Chrome Mobile 90.0.4430.82 on Asus X01AD (Android 9),2021-05-06T05:00:28.129Z,歩行,学生研,false,11.200000000000001,84.80000000000001,-4.4,2.3000000000000003,11.8,5.300000000000001,2.3000000000000003,1.3,4.4,90.9,31.5,-203.10000000000002
Chrome Mobile,90.0.4430.82,Asus X01AD,Asus,Blink,[object Object],Chrome Mobile 90.0.4430.82 on Asus X01AD (Android 9),2021-05-06T05:00:28.330Z,歩行,学生研,false,82.2,118.10000000000001,-69.5,-0.6000000000000001,0.8,5.6000000000000005,3.8000000000000003,-8.1,7.300000000000001,12.200000000000001,33.6,-66.60000000000001
Chrome Mobile,90.0.4430.82,Asus X01AD,Asus,Blink,[object Object],Chrome Mobile 90.0.4430.82 on Asus X01AD (Android 9),2021-05-06T05:00:28.531Z,歩行,学生研,false,78.9,123.9,-64.2,-3.3000000000000003,-0.4,0.5,1.4000000000000001,-8.200000000000001,2.8000000000000003,1.7,-1.1,9.8
Chrome Mobile,90.0.4430.82,Asus X01AD,Asus,Blink,[object Object],Chrome Mobile 90.0.4430.82 on Asus X01AD (Android 9),2021-05-06T05:00:28.732Z,歩行,学生研,false,75.8,106.4,-63.2,-0.30000000000000004,5.5,-1.4000000000000001,2.2,-3,-0.1,-52.900000000000006,-24.3,134.9
Chrome Mobile,90.0.4430.82,Asus X01AD,Asus,Blink,[object Object],Chrome Mobile 90.0.4430.82 on Asus X01AD (Android 9),2021-05-06T05:00:28.932Z,歩行,学生研,false,70.60000000000001,63.6,-67.7,8.1,25,0.8,4.3,16.6,-0.8,-52.7,-14.900000000000002,130.20000000000002
Chrome Mobile,90.0.4430.82,Asus X01AD,Asus,Blink,[object Object],Chrome Mobile 90.0.4430.82 on Asus X01AD (Android 9),2021-05-06T05:00:29.133Z,歩行,学生研,false,55.300000000000004,75.8,-47.900000000000006,9.5,15.5,6.300000000000001,7.6000000000000005,5.4,4.5,-14,76,-170.70000000000002
Chrome Mobile,90.0.4430.82,Asus X01AD,Asus,Blink,[object Object],Chrome Mobile 90.0.4430.82 on Asus X01AD (Android 9),2021-05-06T05:00:29.333Z,歩行,学生研,false,88.60000000000001,114.4,-75.60000000000001,-3.2,1.7000000000000002,-1.1,0.9,-7.6000000000000005,0,86.4,9.4,-145.7
Chrome Mobile,90.0.4430.82,Asus X01AD,Asus,Blink,[object Object],Chrome Mobile 90.0.4430.82 on Asus X01AD (Android 9),2021-05-06T05:00:29.534Z,歩行,学生研,false,80.30000000000001,129.20000000000002,-68.2,-3.1,-1.6,-1.1,2.5,-9,1.2000000000000002,16.3,-3.7000000000000006,0.4
Chrome Mobile,90.0.4430.82,Asus X01AD,Asus,Blink,[object Object],Chrome Mobile 90.0.4430.82 on Asus X01AD (Android 9),2021-05-06T05:00:29.735Z,歩行,学生研,false,78.10000000000001,112.7,-69.8,-1.5,3.7,2.1,1.7000000000000002,-4.5,3.3000000000000003,-57.3,-48,123.6
Chrome Mobile,90.0.4430.82,Asus X01AD,Asus,Blink,[object Object],Chrome Mobile 90.0.4430.82 on Asus X01AD (Android 9),2021-05-06T05:00:29.935Z,歩行,学生研,false,77.10000000000001,70.9,-75.8,8.8,22.3,-1.1,5.800000000000001,13.600000000000001,-1.9000000000000001,-209.3,-13.8,178.20000000000002
Chrome Mobile,90.0.4430.82,Asus X01AD,Asus,Blink,[object Object],Chrome Mobile 90.0.4430.82 on Asus X01AD (Android 9),2021-05-06T05:00:30.136Z,歩行,学生研,false,64.4,77.9,-61.2,6.9,16.2,3.1,4.9,6,2,-2.5,7,-200.2
Chrome Mobile,90.0.4430.82,Asus X01AD,Asus,Blink,[object Object],Chrome Mobile 90.0.4430.82 on Asus X01AD (Android 9),2021-05-06T05:00:30.337Z,歩行,学生研,false,88.5,107.9,-78.60000000000001,0.4,3.6,1.7000000000000002,3.5,-6.2,2.3000000000000003,102.4,39.1,-75.7
Chrome Mobile,90.0.4430.82,Asus X01AD,Asus,Blink,[object Object],Chrome Mobile 90.0.4430.82 on Asus X01AD (Android 9),2021-05-06T05:00:30.537Z,歩行,学生研,false,75.9,120.80000000000001,-66.9,-1.6,-1.6,1.3,2.9000000000000004,-9.8,3.2,-31.799999999999997,19.1,-11.700000000000001
Chrome Mobile,90.0.4430.82,Asus X01AD,Asus,Blink,[object Object],Chrome Mobile 90.0.4430.82 on Asus X01AD (Android 9),2021-05-06T05:00:30.738Z,歩行,学生研,false,69,107.60000000000001,-58.300000000000004,-1,4.4,-0.9,1.3,-4.1000000000000005,0.5,-40.2,4.2,134.70000000000002
Chrome Mobile,90.0.4430.82,Asus X01AD,Asus,Blink,[object Object],Chrome Mobile 90.0.4430.82 on Asus X01AD (Android 9),2021-05-06T05:00:30.939Z,歩行,学生研,false,75.5,68.7,-67.3,7.9,20.8,-2.7,5.1000000000000005,12.200000000000001,-3.7,-142.50000000000003,-13.8,146.1
Chrome Mobile,90.0.4430.82,Asus X01AD,Asus,Blink,[object Object],Chrome Mobile 90.0.4430.82 on Asus X01AD (Android 9),2021-05-06T05:00:31.139Z,歩行,学生研,false,58.2,74,-49.6,6.9,15.100000000000001,3,4.7,5.1000000000000005,1.1,33.1,-4.300000000000001,-183.4
Chrome Mobile,90.0.4430.82,Asus X01AD,Asus,Blink,[object Object],Chrome Mobile 90.0.4430.82 on Asus X01AD (Android 9),2021-05-06T05:00:31.340Z,歩行,学生研,false,90.4,111,-85.60000000000001,-2.5,4.1000000000000005,4.2,1.1,-5.5,4.5,102.8,2.6,-121.30000000000001
Chrome Mobile,90.0.4430.82,Asus X01AD,Asus,Blink,[object Object],Chrome Mobile 90.0.4430.82 on Asus X01AD (Android 9),2021-05-06T05:00:31.541Z,歩行,学生研,false,71.5,124.4,-62.900000000000006,0.8,-0.9,-4.6000000000000005,5.6000000000000005,-8.8,-2.1,-9.600000000000001,11.700000000000001,-12.200000000000001
Chrome Mobile,90.0.4430.82,Asus X01AD,Asus,Blink,[object Object],Chrome Mobile 90.0.4430.82 on Asus X01AD (Android 9),2021-05-06T05:00:31.742Z,歩行,学生研,false,71,115.7,-58.800000000000004,-1.6,2.3000000000000003,-1,2,-5.800000000000001,1.1,-30.699999999999996,19,120.2
Chrome Mobile,90.0.4430.82,Asus X01AD,Asus,Blink,[object Object],Chrome Mobile 90.0.4430.82 on Asus X01AD (Android 9),2021-05-06T05:00:31.943Z,歩行,学生研,false,68.9,75.3,-56.900000000000006,10.5,14.200000000000001,11.700000000000001,8.6,5.5,10.5,-80.2,-77.7,153.4
Chrome Mobile,90.0.4430.82,Asus X01AD,Asus,Blink,[object Object],Chrome Mobile 90.0.4430.82 on Asus X01AD (Android 9),2021-05-06T05:00:32.143Z,歩行,学生研,false,69.7,67.7,-61.6,7.6000000000000005,22.5,-1.5,4.2,13,-3.4000000000000004,63.599999999999994,14.200000000000001,-145.60000000000002
Chrome Mobile,90.0.4430.82,Asus X01AD,Asus,Blink,[object Object],Chrome Mobile 90.0.4430.82 on Asus X01AD (Android 9),2021-05-06T05:00:32.351Z,歩行,学生研,false,79,109.2,-73,-2,2.7,-1.7000000000000002,1.2000000000000002,-7,-0.7000000000000001,55.7,30.000000000000004,-165.9
Chrome Mobile,90.0.4430.82,Asus X01AD,Asus,Blink,[object Object],Chrome Mobile 90.0.4430.82 on Asus X01AD (Android 9),2021-05-06T05:00:32.559Z,歩行,学生研,false,73.10000000000001,124.2,-64.7,-1.6,-1.2000000000000002,-1.9000000000000001,3.3000000000000003,-9.200000000000001,0.4,-27.5,27.9,-0.6000000000000001
Chrome Mobile,90.0.4430.82,Asus X01AD,Asus,Blink,[object Object],Chrome Mobile 90.0.4430.82 on Asus X01AD (Android 9),2021-05-06T05:00:32.761Z,歩行,学生研,false,68.4,110.9,-59.5,0.6000000000000001,2.6,-1.5,3.3000000000000003,-5.7,0.1,-28.500000000000004,2.4000000000000004,142.20000000000002
Chrome Mobile,90.0.4430.82,Asus X01AD,Asus,Blink,[object Object],Chrome Mobile 90.0.4430.82 on Asus X01AD (Android 9),2021-05-06T05:00:32.962Z,歩行,学生研,false,69.2,66.7,-61,13.8,21.6,3.7,10.600000000000001,13.100000000000001,1.9000000000000001,-141.1,-12.200000000000001,142.90000000000003
Chrome Mobile,90.0.4430.82,Asus X01AD,Asus,Blink,[object Object],Chrome Mobile 90.0.4430.82 on Asus X01AD (Android 9),2021-05-06T05:00:33.163Z,歩行,学生研,false,56.900000000000006,74.4,-49.6,6.4,16,4.1000000000000005,4.3,6,2.3000000000000003,54.4,2.1,-157.70000000000002
Chrome Mobile,90.0.4430.82,Asus X01AD,Asus,Blink,[object Object],Chrome Mobile 90.0.4430.82 on Asus X01AD (Android 9),2021-05-06T05:00:33.363Z,歩行,学生研,false,67.4,110.9,-60.2,0.2,2.8000000000000003,-0.4,3.4000000000000004,-6.800000000000001,1.4000000000000001,41.1,8.5,-112.60000000000001
Chrome Mobile,90.0.4430.82,Asus X01AD,Asus,Blink,[object Object],Chrome Mobile 90.0.4430.82 on Asus X01AD (Android 9),2021-05-06T05:00:33.564Z,歩行,学生研,false,73,124.4,-65.60000000000001,-2,-1.4000000000000001,-0.7000000000000001,2.9000000000000004,-9.3,1.6,9.8,10.200000000000001,-5.300000000000001
Chrome Mobile,90.0.4430.82,Asus X01AD,Asus,Blink,[object Object],Chrome Mobile 90.0.4430.82 on Asus X01AD (Android 9),2021-05-06T05:00:33.765Z,歩行,学生研,false,72.10000000000001,108.80000000000001,-59.800000000000004,-3.5,3.7,0.9,-1,-4.800000000000001,2.3000000000000003,-105.5,22.8,149.4
Chrome Mobile,90.0.4430.82,Asus X01AD,Asus,Blink,[object Object],Chrome Mobile 90.0.4430.82 on Asus X01AD (Android 9),2021-05-06T05:00:33.965Z,歩行,学生研,false,62.1,66.60000000000001,-50.800000000000004,9,20.400000000000002,4.9,6.1000000000000005,11.9,2.5,-146.7,-33.6,131.10000000000002
Chrome Mobile,90.0.4430.82,Asus X01AD,Asus,Blink,[object Object],Chrome Mobile 90.0.4430.82 on Asus X01AD (Android 9),2021-05-06T05:00:34.167Z,歩行,学生研,false,54.400000000000006,74.10000000000001,-43.6,6.2,14.8,4.800000000000001,4.3,4.9,2.8000000000000003,78.2,25.4,-150.9
Chrome Mobile,90.0.4430.82,Asus X01AD,Asus,Blink,[object Object],Chrome Mobile 90.0.4430.82 on Asus X01AD (Android 9),2021-05-06T05:00:34.367Z,歩行,学生研,false,75.8,109.60000000000001,-61.2,-1.3,6,-0.5,1.6,-3.8000000000000003,1,131.9,18.3,-97.8
Chrome Mobile,90.0.4430.82,Asus X01AD,Asus,Blink,[object Object],Chrome Mobile 90.0.4430.82 on Asus X01AD (Android 9),2021-05-06T05:00:34.568Z,歩行,学生研,false,69.7,123.30000000000001,-54.1,-2.4000000000000004,-0.6000000000000001,-1.5,1.9000000000000001,-8.6,1.7000000000000002,-15.700000000000001,23.6,13.399999999999999
Chrome Mobile,90.0.4430.82,Asus X01AD,Asus,Blink,[object Object],Chrome Mobile 90.0.4430.82 on Asus X01AD (Android 9),2021-05-06T05:00:34.768Z,歩行,学生研,false,62.400000000000006,112.4,-42.7,-1.2000000000000002,2.4000000000000004,-3.2,1.2000000000000002,-5.9,-0.6000000000000001,-167.60000000000002,78.60000000000001,96.4
Chrome Mobile,90.0.4430.82,Asus X01AD,Asus,Blink,[object Object],Chrome Mobile 90.0.4430.82 on Asus X01AD (Android 9),2021-05-06T05:00:34.969Z,歩行,学生研,false,64.2,71.7,-50.1,7.5,14.200000000000001,5.800000000000001,5.300000000000001,5.6000000000000005,4,-186.99999999999997,-91.8,96.1
Chrome Mobile,90.0.4430.82,Asus X01AD,Asus,Blink,[object Object],Chrome Mobile 90.0.4430.82 on Asus X01AD (Android 9),2021-05-06T05:00:35.170Z,歩行,学生研,false,64.5,64.60000000000001,-57.5,7.9,21.400000000000002,0.4,4.3,12.3,-1.9000000000000001,65.2,30.200000000000003,-101.7
Chrome Mobile,90.0.4430.82,Asus X01AD,Asus,Blink,[object Object],Chrome Mobile 90.0.4430.82 on Asus X01AD (Android 9),2021-05-06T05:00:35.371Z,歩行,学生研,false,64.9,98.2,-55.1,5.4,7.6000000000000005,-2.5,6.6000000000000005,-2.7,-1.7000000000000002,104.80000000000001,21.6,-135.5
Chrome Mobile,90.0.4430.82,Asus X01AD,Asus,Blink,[object Object],Chrome Mobile 90.0.4430.82 on Asus X01AD (Android 9),2021-05-06T05:00:35.572Z,歩行,学生研,false,71.3,123.2,-60.7,-1.5,-0.8,-0.8,3.2,-9.1,1.8,46.6,28.3,-25.4
Chrome Mobile,90.0.4430.82,Asus X01AD,Asus,Blink,[object Object],Chrome Mobile 90.0.4430.82 on Asus X01AD (Android 9),2021-05-06T05:00:35.772Z,歩行,学生研,false,73.60000000000001,121.7,-60.6,-3.3000000000000003,0,0.2,0.9,-7.800000000000001,2.6,-21.7,31.799999999999997,98.3
Chrome Mobile,90.0.4430.82,Asus X01AD,Asus,Blink,[object Object],Chrome Mobile 90.0.4430.82 on Asus X01AD (Android 9),2021-05-06T05:00:35.973Z,歩行,学生研,false,52.400000000000006,80.60000000000001,-25.200000000000003,1.1,10.600000000000001,4.7,0.5,1.8,3.4000000000000004,-250.00000000000003,181.40000000000003,165.5
Chrome Mobile,90.0.4430.82,Asus X01AD,Asus,Blink,[object Object],Chrome Mobile 90.0.4430.82 on Asus X01AD (Android 9),2021-05-06T05:00:36.173Z,歩行,学生研,false,62.800000000000004,48.800000000000004,-25.200000000000003,5.1000000000000005,20.8,14.600000000000001,2.1,13.100000000000001,9,-1.8000000000000003,82.50000000000001,18.4
Chrome Mobile,90.0.4430.82,Asus X01AD,Asus,Blink,[object Object],Chrome Mobile 90.0.4430.82 on Asus X01AD (Android 9),2021-05-06T05:00:36.374Z,歩行,学生研,false,57.400000000000006,80.4,-10.200000000000001,0.7000000000000001,8.3,4.1000000000000005,0.30000000000000004,-2,2.4000000000000004,180.60000000000002,40.2,-94
Chrome Mobile,90.0.4430.82,Asus X01AD,Asus,Blink,[object Object],Chrome Mobile 90.0.4430.82 on Asus X01AD (Android 9),2021-05-06T05:00:36.575Z,歩行,学生研,false,86.9,105.2,-30,0.6000000000000001,2.4000000000000004,1.4000000000000001,1.9000000000000001,-7.2,3.6,45.8,85.60000000000001,-18.200000000000003
Chrome Mobile,90.0.4430.82,Asus X01AD,Asus,Blink,[object Object],Chrome Mobile 90.0.4430.82 on Asus X01AD (Android 9),2021-05-06T05:00:36.775Z,歩行,学生研,false,72.2,106.60000000000001,-9,-1.4000000000000001,0.4,-3.1,-1,-8.4,-0.4,-61.7,-12.600000000000001,54.699999999999996
Chrome Mobile,90.0.4430.82,Asus X01AD,Asus,Blink,[object Object],Chrome Mobile 90.0.4430.82 on Asus X01AD (Android 9),2021-05-06T05:00:36.976Z,歩行,学生研,false,101.9,71.9,-39.5,7.300000000000001,11,3,5.5,2.4000000000000004,0.8,-159.3,-18,72.2
Chrome Mobile,90.0.4430.82,Asus X01AD,Asus,Blink,[object Object],Chrome Mobile 90.0.4430.82 on Asus X01AD (Android 9),2021-05-06T05:00:37.176Z,歩行,学生研,false,81.10000000000001,53.6,-18.6,4.800000000000001,20.8,10.600000000000001,2.9000000000000004,12.8,5,74.80000000000001,34.2,2.7
Chrome Mobile,90.0.4430.82,Asus X01AD,Asus,Blink,[object Object],Chrome Mobile 90.0.4430.82 on Asus X01AD (Android 9),2021-05-06T05:00:37.384Z,歩行,学生研,false,122.2,87.9,-57.300000000000004,1.3,7.6000000000000005,4.9,0.9,-2.8000000000000003,4.7,200.60000000000002,0.30000000000000004,-36.6
Chrome Mobile,90.0.4430.82,Asus X01AD,Asus,Blink,[object Object],Chrome Mobile 90.0.4430.82 on Asus X01AD (Android 9),2021-05-06T05:00:37.585Z,歩行,学生研,false,85.30000000000001,109.10000000000001,-18.5,-1.2000000000000002,1.1,-1.5,-0.1,-8.3,1.6,61.300000000000004,-13.5,-2.5
Chrome Mobile,90.0.4430.82,Asus X01AD,Asus,Blink,[object Object],Chrome Mobile 90.0.4430.82 on Asus X01AD (Android 9),2021-05-06T05:00:37.785Z,歩行,学生研,false,73.9,109.2,-8,0.1,3.4000000000000004,-1.8,0.5,-5.300000000000001,1.2000000000000002,-61.300000000000004,11.3,36.300000000000004
Chrome Mobile,90.0.4430.82,Asus X01AD,Asus,Blink,[object Object],Chrome Mobile 90.0.4430.82 on Asus X01AD (Android 9),2021-05-06T05:00:37.986Z,歩行,学生研,false,108.80000000000001,82.60000000000001,-48,2.4000000000000004,9.600000000000001,2.8000000000000003,1.6,0.6000000000000001,2.1,-123.19999999999999,-109.60000000000001,42
Chrome Mobile,90.0.4430.82,Asus X01AD,Asus,Blink,[object Object],Chrome Mobile 90.0.4430.82 on Asus X01AD (Android 9),2021-05-06T05:00:38.186Z,歩行,学生研,false,81.80000000000001,55.400000000000006,-37.4,5.4,19.3,12,2.1,11.4,7.7,-29.600000000000005,-68.7,49.300000000000004
Chrome Mobile,90.0.4430.82,Asus X01AD,Asus,Blink,[object Object],Chrome Mobile 90.0.4430.82 on Asus X01AD (Android 9),2021-05-06T05:00:38.396Z,歩行,学生研,false,86.7,77,-40.800000000000004,1.2000000000000002,10.3,6.2,-0.30000000000000004,0.2,4.4,185.4,2.7,-101.9
Chrome Mobile,90.0.4430.82,Asus X01AD,Asus,Blink,[object Object],Chrome Mobile 90.0.4430.82 on Asus X01AD (Android 9),2021-05-06T05:00:38.596Z,歩行,学生研,false,77.10000000000001,106.60000000000001,-23.8,-1.2000000000000002,3.7,0.7000000000000001,0,-6,3.3000000000000003,104.50000000000001,8.8,-30.699999999999996
Chrome Mobile,90.0.4430.82,Asus X01AD,Asus,Blink,[object Object],Chrome Mobile 90.0.4430.82 on Asus X01AD (Android 9),2021-05-06T05:00:38.797Z,歩行,学生研,false,79.10000000000001,116.7,-25.6,-3.5,-0.1,-3.4000000000000004,-1.6,-8.5,0.5,-3.9,-31.3,4.6
Chrome Mobile,90.0.4430.82,Asus X01AD,Asus,Blink,[object Object],Chrome Mobile 90.0.4430.82 on Asus X01AD (Android 9),2021-05-06T05:00:38.998Z,歩行,学生研,false,13.5,96.10000000000001,41.2,1.3,8.3,-0.4,0.7000000000000001,-0.6000000000000001,0.30000000000000004,-131.5,37.2,93.8
Chrome Mobile,90.0.4430.82,Asus X01AD,Asus,Blink,[object Object],Chrome Mobile 90.0.4430.82 on Asus X01AD (Android 9),2021-05-06T05:00:39.199Z,歩行,学生研,false,83.5,54.900000000000006,-36.9,9.5,21.200000000000003,14,6.2,13.4,9.600000000000001,-126.20000000000002,-9.700000000000001,-12
Chrome Mobile,90.0.4430.82,Asus X01AD,Asus,Blink,[object Object],Chrome Mobile 90.0.4430.82 on Asus X01AD (Android 9),2021-05-06T05:00:39.399Z,歩行,学生研,false,81.10000000000001,73.10000000000001,-29.400000000000002,2.5,11.4,4.7,1.1,1.5,2.1,151.20000000000002,28.3,-95
Chrome Mobile,90.0.4430.82,Asus X01AD,Asus,Blink,[object Object],Chrome Mobile 90.0.4430.82 on Asus X01AD (Android 9),2021-05-06T05:00:39.605Z,歩行,学生研,false,81,104.60000000000001,-26.1,-0.1,4.9,-0.9,1,-4.9,1.4000000000000001,117.4,-32.7,-55.1
Chrome Mobile,90.0.4430.82,Asus X01AD,Asus,Blink,[object Object],Chrome Mobile 90.0.4430.82 on Asus X01AD (Android 9),2021-05-06T05:00:39.807Z,歩行,学生研,false,81.9,117.2,-27.400000000000002,-2.2,0.8,-3.4000000000000004,-0.2,-7.7,0.5,33.50000000000001,7.300000000000001,12.4
Chrome Mobile,90.0.4430.82,Asus X01AD,Asus,Blink,[object Object],Chrome Mobile 90.0.4430.82 on Asus X01AD (Android 9),2021-05-06T05:00:40.008Z,歩行,学生研,false,66.60000000000001,106.60000000000001,-11.8,0.30000000000000004,4.9,-3.9000000000000004,0.9,-3.8000000000000003,-1.3,-93.60000000000001,21.6,68.2
Chrome Mobile,90.0.4430.82,Asus X01AD,Asus,Blink,[object Object],Chrome Mobile 90.0.4430.82 on Asus X01AD (Android 9),2021-05-06T05:00:40.209Z,歩行,学生研,false,110.60000000000001,73.9,-66.8,9.4,14.200000000000001,1.8,7,5.4,0.8,-91,-120.80000000000001,124.7
Chrome Mobile,90.0.4430.82,Asus X01AD,Asus,Blink,[object Object],Chrome Mobile 90.0.4430.82 on Asus X01AD (Android 9),2021-05-06T05:00:40.409Z,歩行,学生研,false,83.5,59.900000000000006,-43.5,7.9,19.1,5.300000000000001,4.5,10.4,1.6,82,29.900000000000006,-51.2
Chrome Mobile,90.0.4430.82,Asus X01AD,Asus,Blink,[object Object],Chrome Mobile 90.0.4430.82 on Asus X01AD (Android 9),2021-05-06T05:00:40.610Z,歩行,学生研,false,49.7,92.4,-5.2,1.7000000000000002,8.8,-0.9,1.8,-1.6,-0.5,144.20000000000002,-4.2,-106.80000000000001
Chrome Mobile,90.0.4430.82,Asus X01AD,Asus,Blink,[object Object],Chrome Mobile 90.0.4430.82 on Asus X01AD (Android 9),2021-05-06T05:00:40.811Z,歩行,学生研,false,85.10000000000001,111.7,-36.6,0.9,1.8,-0.5,3.1,-7.4,2.5,59.699999999999996,-12.8,-18.3
Chrome Mobile,90.0.4430.82,Asus X01AD,Asus,Blink,[object Object],Chrome Mobile 90.0.4430.82 on Asus X01AD (Android 9),2021-05-06T05:00:41.012Z,歩行,学生研,false,80.2,112.60000000000001,-33.6,-2.2,1.7000000000000002,-2.7,-0.2,-6.9,0.30000000000000004,-75.60000000000001,2.7,54
Chrome Mobile,90.0.4430.82,Asus X01AD,Asus,Blink,[object Object],Chrome Mobile 90.0.4430.82 on Asus X01AD (Android 9),2021-05-06T05:00:41.212Z,歩行,学生研,false,123.30000000000001,84.10000000000001,-79.60000000000001,1.7000000000000002,8.700000000000001,-0.30000000000000004,0.8,-0.2,-0.5,-130.3,-29.300000000000004,91.4
Chrome Mobile,90.0.4430.82,Asus X01AD,Asus,Blink,[object Object],Chrome Mobile 90.0.4430.82 on Asus X01AD (Android 9),2021-05-06T05:00:41.413Z,歩行,学生研,false,77.30000000000001,55.900000000000006,-42.900000000000006,8.3,20.5,8.5,4.6000000000000005,12.5,4.7,-131.29999999999998,7.200000000000001,9.899999999999999
Chrome Mobile,90.0.4430.82,Asus X01AD,Asus,Blink,[object Object],Chrome Mobile 90.0.4430.82 on Asus X01AD (Android 9),2021-05-06T05:00:41.614Z,歩行,学生研,false,85.7,75.60000000000001,-49.1,5.7,12.5,4.5,3.7,2.4000000000000004,2.8000000000000003,100.1,42.800000000000004,-140.6
Chrome Mobile,90.0.4430.82,Asus X01AD,Asus,Blink,[object Object],Chrome Mobile 90.0.4430.82 on Asus X01AD (Android 9),2021-05-06T05:00:41.814Z,歩行,学生研,false,80.7,106.60000000000001,-36.800000000000004,-1.7000000000000002,5.1000000000000005,2.4000000000000004,0,-4.7,4.800000000000001,70.3,17.5,-100.80000000000001
Chrome Mobile,90.0.4430.82,Asus X01AD,Asus,Blink,[object Object],Chrome Mobile 90.0.4430.82 on Asus X01AD (Android 9),2021-05-06T05:00:42.015Z,歩行,学生研,false,86.60000000000001,121.7,-40.900000000000006,-2.1,-0.6000000000000001,-3.8000000000000003,1.2000000000000002,-8.8,0,-14.300000000000002,39,-3.8
Chrome Mobile,90.0.4430.82,Asus X01AD,Asus,Blink,[object Object],Chrome Mobile 90.0.4430.82 on Asus X01AD (Android 9),2021-05-06T05:00:42.216Z,歩行,学生研,false,79.9,109,-32.2,-1.2000000000000002,3.8000000000000003,-2.7,0.4,-4.800000000000001,-0.2,-120.00000000000001,-1.5,66.7
Chrome Mobile,90.0.4430.82,Asus X01AD,Asus,Blink,[object Object],Chrome Mobile 90.0.4430.82 on Asus X01AD (Android 9),2021-05-06T05:00:42.416Z,歩行,学生研,false,64.9,73.3,-27,1.8,16.400000000000002,4.9,0.6000000000000001,7.7,2.6,-152.5,-49,71
Chrome Mobile,90.0.4430.82,Asus X01AD,Asus,Blink,[object Object],Chrome Mobile 90.0.4430.82 on Asus X01AD (Android 9),2021-05-06T05:00:42.617Z,歩行,学生研,false,58.400000000000006,64.8,-24.400000000000002,4.1000000000000005,18.3,5.1000000000000005,2.3000000000000003,9.1,1.2000000000000002,99.5,4.800000000000001,-26.400000000000006
Chrome Mobile,90.0.4430.82,Asus X01AD,Asus,Blink,[object Object],Chrome Mobile 90.0.4430.82 on Asus X01AD (Android 9),2021-05-06T05:00:42.818Z,歩行,学生研,false,103.5,94.10000000000001,-67.9,3.4000000000000004,7.5,0.7000000000000001,4.1000000000000005,-2.8000000000000003,0.9,121.9,-8.2,-80.10000000000001
Chrome Mobile,90.0.4430.82,Asus X01AD,Asus,Blink,[object Object],Chrome Mobile 90.0.4430.82 on Asus X01AD (Android 9),2021-05-06T05:00:43.019Z,歩行,学生研,false,80.7,119.10000000000001,-45.400000000000006,-2.7,2.2,-2.5,0.8,-6.4,0.8,56.50000000000001,-6.8,-63.4
Chrome Mobile,90.0.4430.82,Asus X01AD,Asus,Blink,[object Object],Chrome Mobile 90.0.4430.82 on Asus X01AD (Android 9),2021-05-06T05:00:43.220Z,歩行,学生研,false,77,121.10000000000001,-40.5,-2.7,0.2,-3.8000000000000003,0.7000000000000001,-7.800000000000001,0.4,-42.3,-13.900000000000002,58
Chrome Mobile,90.0.4430.82,Asus X01AD,Asus,Blink,[object Object],Chrome Mobile 90.0.4430.82 on Asus X01AD (Android 9),2021-05-06T05:00:43.421Z,歩行,学生研,false,41.900000000000006,92.7,-0.9,-0.4,8,1.3,-0.4,-0.8,1.7000000000000002,-197.8,22.9,83.70000000000002
Chrome Mobile,90.0.4430.82,Asus X01AD,Asus,Blink,[object Object],Chrome Mobile 90.0.4430.82 on Asus X01AD (Android 9),2021-05-06T05:00:43.622Z,歩行,学生研,false,71.2,54.5,-37.4,8.9,22.900000000000002,12.9,5.5,15,8.4,-79.00000000000001,17,36.2
Chrome Mobile,90.0.4430.82,Asus X01AD,Asus,Blink,[object Object],Chrome Mobile 90.0.4430.82 on Asus X01AD (Android 9),2021-05-06T05:00:43.822Z,歩行,学生研,false,66,74.9,-29.900000000000002,4.1000000000000005,9.700000000000001,7.9,2.7,-0.4,5.5,184,13.100000000000001,-114.00000000000001
Chrome Mobile,90.0.4430.82,Asus X01AD,Asus,Blink,[object Object],Chrome Mobile 90.0.4430.82 on Asus X01AD (Android 9),2021-05-06T05:00:44.023Z,歩行,学生研,false,82.5,114.5,-45.2,-2.5,1.3,-3.2,0.4,-7.9,-0.2,86.8,39.300000000000004,-88.7
Chrome Mobile,90.0.4430.82,Asus X01AD,Asus,Blink,[object Object],Chrome Mobile 90.0.4430.82 on Asus X01AD (Android 9),2021-05-06T05:00:44.224Z,歩行,学生研,false,78.5,124,-40.2,-3,-0.4,-7.1000000000000005,0.4,-8.200000000000001,-3.1,-28,4.2,63.500000000000014
Chrome Mobile,90.0.4430.82,Asus X01AD,Asus,Blink,[object Object],Chrome Mobile 90.0.4430.82 on Asus X01AD (Android 9),2021-05-06T05:00:44.430Z,歩行,学生研,false,85.9,94,-44,3.1,6.7,3.6,3.5,-2.2,4,-144.5,-5,116
Chrome Mobile,90.0.4430.82,Asus X01AD,Asus,Blink,[object Object],Chrome Mobile 90.0.4430.82 on Asus X01AD (Android 9),2021-05-06T05:00:44.636Z,歩行,学生研,false,66.2,59.400000000000006,-34.800000000000004,6,22.400000000000002,10.100000000000001,3.2,14.200000000000001,6,-115.60000000000001,35.5,26.5
Chrome Mobile,90.0.4430.82,Asus X01AD,Asus,Blink,[object Object],Chrome Mobile 90.0.4430.82 on Asus X01AD (Android 9),2021-05-06T05:00:44.836Z,歩行,学生研,false,70.4,77.10000000000001,-32.300000000000004,2.9000000000000004,11.5,5.1000000000000005,1.7000000000000002,1.3,3.2,181.3,-9.5,-67.60000000000001
Chrome Mobile,90.0.4430.82,Asus X01AD,Asus,Blink,[object Object],Chrome Mobile 90.0.4430.82 on Asus X01AD (Android 9),2021-05-06T05:00:45.037Z,歩行,学生研,false,81.30000000000001,112.4,-47.800000000000004,-1.3,2.2,-2.9000000000000004,1.4000000000000001,-7.2,-0.4,58,-3.4,-122.30000000000001
Chrome Mobile,90.0.4430.82,Asus X01AD,Asus,Blink,[object Object],Chrome Mobile 90.0.4430.82 on Asus X01AD (Android 9),2021-05-06T05:00:45.237Z,歩行,学生研,false,84.5,122.7,-47.300000000000004,-3.5,-1.9000000000000001,-4.4,0.2,-9.700000000000001,-0.9,-26.1,21.7,61.199999999999996
Chrome Mobile,90.0.4430.82,Asus X01AD,Asus,Blink,[object Object],Chrome Mobile 90.0.4430.82 on Asus X01AD (Android 9),2021-05-06T05:00:45.438Z,歩行,学生研,false,49.6,78.7,-1.6,4.2,10.9,5.7,4.1000000000000005,2.1,3.9000000000000004,-250.00000000000003,42.60000000000001,92.90000000000002
Chrome Mobile,90.0.4430.82,Asus X01AD,Asus,Blink,[object Object],Chrome Mobile 90.0.4430.82 on Asus X01AD (Android 9),2021-05-06T05:00:45.638Z,歩行,学生研,false,53.7,45.1,0.1,0,9.4,13.200000000000001,0,2.5,6.4,-5,6.1000000000000005,-4.4
Chrome Mobile,90.0.4430.82,Asus X01AD,Asus,Blink,[object Object],Chrome Mobile 90.0.4430.82 on Asus X01AD (Android 9),2021-05-06T05:00:45.839Z,歩行,学生研,false,54.800000000000004,46.2,0.7000000000000001,0.6000000000000001,5.7,5.5,0.7000000000000001,-1.4000000000000001,-1.3,-44.7,-1.1,10.700000000000001