platform_name,platform_version,platform_product,platform_manufacturer,platform_layout,platform_os,platform_description,date,label,s_movement,do_absolute,do_alpha,do_beta,do_gamma,acc_g_x,acc_g_y,acc_g_z,acc_x,acc_y,acc_z,rot_alpha,rot_beta,rot_gamma
Chrome Mobile,90.0.4430.82,Asus X01AD,Asus,Blink,[object Object],Chrome Mobile 90.0.4430.82 on Asus X01AD (Android 9),2021-05-06T05:39:59.766Z,直立,あ,false,81.10000000000001,23.700000000000003,5.9,-0.9,3.5,9.600000000000001,0,-0.4,0.5,-46,0.8,20.7
Chrome Mobile,90.0.4430.82,Asus X01AD,Asus,Blink,[object Object],Chrome Mobile 90.0.4430.82 on Asus X01AD (Android 9),2021-05-06T05:39:59.967Z,直立,あ,false,79.60000000000001,63,2.7,7.1000000000000005,9.200000000000001,3.7,7.300000000000001,0.30000000000000004,-0.8,43.800000000000004,4.2,34.800000000000004
Chrome Mobile,90.0.4430.82,Asus X01AD,Asus,Blink,[object Object],Chrome Mobile 90.0.4430.82 on Asus X01AD (Android 9),2021-05-06T05:40:00.168Z,直立,あ,false,90,64.9,-8.8,-6.5,9.8,8.3,-7.2,0.9,4.2,-22.8,59.80000000000001,-16
Chrome Mobile,90.0.4430.82,Asus X01AD,Asus,Blink,[object Object],Chrome Mobile 90.0.4430.82 on Asus X01AD (Android 9),2021-05-06T05:40:00.369Z,直立,あ,false,89.80000000000001,69,0.9,7.6000000000000005,8.1,1.8,7.800000000000001,-1.1,-1.8,26.6,-5.9,30.699999999999996
Chrome Mobile,90.0.4430.82,Asus X01AD,Asus,Blink,[object Object],Chrome Mobile 90.0.4430.82 on Asus X01AD (Android 9),2021-05-06T05:40:00.570Z,直立,あ,false,91.2,68.2,-1,-4.5,8.8,4.9,-4.6000000000000005,-0.4,1.3,49.6,95.60000000000002,-32.8
Chrome Mobile,90.0.4430.82,Asus X01AD,Asus,Blink,[object Object],Chrome Mobile 90.0.4430.82 on Asus X01AD (Android 9),2021-05-06T05:40:00.771Z,直立,あ,false,96.5,73.5,0.1,2.7,7.6000000000000005,2.5,2.7,-1.8,-0.30000000000000004,-23.2,-69.4,25.200000000000003
Chrome Mobile,90.0.4430.82,Asus X01AD,Asus,Blink,[object Object],Chrome Mobile 90.0.4430.82 on Asus X01AD (Android 9),2021-05-06T05:40:00.972Z,直立,あ,false,88.10000000000001,72.10000000000001,6.2,-2.1,8,0.2,-1.8,-1.4000000000000001,-2.8000000000000003,54.4,102.7,-32.1
Chrome Mobile,90.0.4430.82,Asus X01AD,Asus,Blink,[object Object],Chrome Mobile 90.0.4430.82 on Asus X01AD (Android 9),2021-05-06T05:40:01.173Z,直立,あ,false,89,75.60000000000001,8.6,3.1,8.5,1.3,3.4000000000000004,-1,-1.1,-9.600000000000001,-51.4,33
Chrome Mobile,90.0.4430.82,Asus X01AD,Asus,Blink,[object Object],Chrome Mobile 90.0.4430.82 on Asus X01AD (Android 9),2021-05-06T05:40:01.373Z,直立,あ,false,81.9,73.8,17.400000000000002,-2.5,9.1,2.1,-1.7000000000000002,-0.5,-0.6000000000000001,41.800000000000004,97.40000000000002,-52.5
Chrome Mobile,90.0.4430.82,Asus X01AD,Asus,Blink,[object Object],Chrome Mobile 90.0.4430.82 on Asus X01AD (Android 9),2021-05-06T05:40:01.574Z,直立,あ,false,91.7,78.5,8.200000000000001,1,6.9,-0.2,1.3,-2.6,-2.1,-25.6,-91.4,47.3
Chrome Mobile,90.0.4430.82,Asus X01AD,Asus,Blink,[object Object],Chrome Mobile 90.0.4430.82 on Asus X01AD (Android 9),2021-05-06T05:40:01.775Z,直立,あ,false,80.10000000000001,75.8,19.400000000000002,-0.30000000000000004,9.4,0.30000000000000004,0.5,-0.2,-1.9000000000000001,61.599999999999994,100.30000000000001,-52.1
Chrome Mobile,90.0.4430.82,Asus X01AD,Asus,Blink,[object Object],Chrome Mobile 90.0.4430.82 on Asus X01AD (Android 9),2021-05-06T05:40:01.981Z,直立,あ,false,86.5,80,14.3,-0.2,8.700000000000001,0.1,0.2,-0.8,-1.5,-21.7,-50.8,53.8
Chrome Mobile,90.0.4430.82,Asus X01AD,Asus,Blink,[object Object],Chrome Mobile 90.0.4430.82 on Asus X01AD (Android 9),2021-05-06T05:40:02.182Z,直立,あ,false,73.7,78.30000000000001,31.3,3.9000000000000004,8.8,-2.7,4.9,-0.8,-4.4,17.200000000000003,80.30000000000001,-36.400000000000006
Chrome Mobile,90.0.4430.82,Asus X01AD,Asus,Blink,[object Object],Chrome Mobile 90.0.4430.82 on Asus X01AD (Android 9),2021-05-06T05:40:02.383Z,直立,あ,false,100.9,76.7,1.8,-7.1000000000000005,11.3,2,-7,1.9000000000000001,-0.2,-53.50000000000001,-60.400000000000006,38.50000000000001
Chrome Mobile,90.0.4430.82,Asus X01AD,Asus,Blink,[object Object],Chrome Mobile 90.0.4430.82 on Asus X01AD (Android 9),2021-05-06T05:40:02.584Z,直立,あ,false,81.60000000000001,76,26.700000000000003,8.3,8.5,1,9.4,-1,-1.1,10,20.7,-12.8
Chrome Mobile,90.0.4430.82,Asus X01AD,Asus,Blink,[object Object],Chrome Mobile 90.0.4430.82 on Asus X01AD (Android 9),2021-05-06T05:40:02.785Z,直立,あ,false,99.30000000000001,71.8,1.8,-11.100000000000001,11.700000000000001,8.200000000000001,-11,2.4000000000000004,5.1000000000000005,-14.900000000000002,17.7,-22.000000000000004
Chrome Mobile,90.0.4430.82,Asus X01AD,Asus,Blink,[object Object],Chrome Mobile 90.0.4430.82 on Asus X01AD (Android 9),2021-05-06T05:40:02.985Z,直立,あ,false,90.9,73.2,18.6,6.800000000000001,8.5,4.7,7.7,-0.8,2,32.5,-45.5,48.800000000000004
Chrome Mobile,90.0.4430.82,Asus X01AD,Asus,Blink,[object Object],Chrome Mobile 90.0.4430.82 on Asus X01AD (Android 9),2021-05-06T05:40:03.187Z,直立,あ,false,93.60000000000001,71.4,11.3,-4.4,9.1,3.9000000000000004,-3.8000000000000003,-0.2,0.8,50.8,81.50000000000001,-20.5
Chrome Mobile,90.0.4430.82,Asus X01AD,Asus,Blink,[object Object],Chrome Mobile 90.0.4430.82 on Asus X01AD (Android 9),2021-05-06T05:40:03.387Z,直立,あ,false,104.9,74.7,0.8,-0.4,7.6000000000000005,1.9000000000000001,-0.4,-1.7000000000000002,-0.6000000000000001,-39.300000000000004,-88.8,36.9
Chrome Mobile,90.0.4430.82,Asus X01AD,Asus,Blink,[object Object],Chrome Mobile 90.0.4430.82 on Asus X01AD (Android 9),2021-05-06T05:40:03.588Z,直立,あ,false,98.30000000000001,75.8,9.8,4,8.8,-2.2,4.4,-0.7000000000000001,-4.5,55.5,111.20000000000002,-31.7
Chrome Mobile,90.0.4430.82,Asus X01AD,Asus,Blink,[object Object],Chrome Mobile 90.0.4430.82 on Asus X01AD (Android 9),2021-05-06T05:40:03.789Z,直立,あ,false,104.60000000000001,73.4,0.8,-5.6000000000000005,10.5,5.1000000000000005,-3.6,0,0.8,-78.10000000000001,-77.7,23.800000000000004
Chrome Mobile,90.0.4430.82,Asus X01AD,Asus,Blink,[object Object],Chrome Mobile 90.0.4430.82 on Asus X01AD (Android 9),2021-05-06T05:40:03.989Z,直立,あ,false,90.5,74.9,19.200000000000003,5.7,9.3,-2.1,6.5,-0.2,-4.5,21.300000000000004,29.900000000000006,-44.7
Chrome Mobile,90.0.4430.82,Asus X01AD,Asus,Blink,[object Object],Chrome Mobile 90.0.4430.82 on Asus X01AD (Android 9),2021-05-06T05:40:04.191Z,直立,あ,false,110.9,71.8,-8.6,-8.200000000000001,13,7.800000000000001,-8.6,3.8000000000000003,4.800000000000001,-41,-63.10000000000001,16
Chrome Mobile,90.0.4430.82,Asus X01AD,Asus,Blink,[object Object],Chrome Mobile 90.0.4430.82 on Asus X01AD (Android 9),2021-05-06T05:40:04.391Z,直立,あ,false,95.60000000000001,78.5,14.600000000000001,10.3,9.5,-2.2,10.8,-0.1,-4.1000000000000005,7.300000000000001,0.30000000000000004,-9.8
Chrome Mobile,90.0.4430.82,Asus X01AD,Asus,Blink,[object Object],Chrome Mobile 90.0.4430.82 on Asus X01AD (Android 9),2021-05-06T05:40:04.592Z,直立,あ,false,115.7,74.4,-9,-9.700000000000001,13,6.5,-10.100000000000001,3.7,3.9000000000000004,-56,-9.899999999999999,-8.8
Chrome Mobile,90.0.4430.82,Asus X01AD,Asus,Blink,[object Object],Chrome Mobile 90.0.4430.82 on Asus X01AD (Android 9),2021-05-06T05:40:04.793Z,直立,あ,false,100.9,78.30000000000001,14.8,12.3,9.200000000000001,1,12.8,-0.4,-0.9,-2.8,-25,4.800000000000001
Chrome Mobile,90.0.4430.82,Asus X01AD,Asus,Blink,[object Object],Chrome Mobile 90.0.4430.82 on Asus X01AD (Android 9),2021-05-06T05:40:04.993Z,直立,あ,false,112.30000000000001,75.10000000000001,-3.6,-6.9,11.5,5.800000000000001,-7,2.1,3.3000000000000003,4.5,-13.5,-9.100000000000001
Chrome Mobile,90.0.4430.82,Asus X01AD,Asus,Blink,[object Object],Chrome Mobile 90.0.4430.82 on Asus X01AD (Android 9),2021-05-06T05:40:05.194Z,直立,あ,false,101.5,76.80000000000001,11.9,7.5,9,3,8,-0.5,0.9,-21.200000000000003,-6.8,-16.200000000000003
Chrome Mobile,90.0.4430.82,Asus X01AD,Asus,Blink,[object Object],Chrome Mobile 90.0.4430.82 on Asus X01AD (Android 9),2021-05-06T05:40:05.394Z,直立,あ,false,98.9,74.7,11,-10,8.5,5.800000000000001,-9.5,-0.9,3.2,18,59.60000000000001,-29.200000000000003
Chrome Mobile,90.0.4430.82,Asus X01AD,Asus,Blink,[object Object],Chrome Mobile 90.0.4430.82 on Asus X01AD (Android 9),2021-05-06T05:40:05.595Z,直立,あ,false,104.60000000000001,79.9,13.5,5,8.6,-1.2000000000000002,5.4,-0.9,-2.9000000000000004,14.5,-20.400000000000002,8.8
Chrome Mobile,90.0.4430.82,Asus X01AD,Asus,Blink,[object Object],Chrome Mobile 90.0.4430.82 on Asus X01AD (Android 9),2021-05-06T05:40:05.801Z,直立,あ,false,104.80000000000001,76.80000000000001,9.8,-4.1000000000000005,9.9,3.6,-3.7,0.30000000000000004,1.4000000000000001,32.400000000000006,91.6,-34
Chrome Mobile,90.0.4430.82,Asus X01AD,Asus,Blink,[object Object],Chrome Mobile 90.0.4430.82 on Asus X01AD (Android 9),2021-05-06T05:40:06.001Z,直立,あ,false,103.9,80.2,17.6,3.3000000000000003,7.9,-0.5,3.8000000000000003,-1.6,-2.1,10.1,-69.5,47.900000000000006
Chrome Mobile,90.0.4430.82,Asus X01AD,Asus,Blink,[object Object],Chrome Mobile 90.0.4430.82 on Asus X01AD (Android 9),2021-05-06T05:40:06.202Z,直立,あ,false,100.80000000000001,77.7,16.2,-2,9.8,3.6,-1.4000000000000001,0.2,1.6,65,108.60000000000001,-34.400000000000006
Chrome Mobile,90.0.4430.82,Asus X01AD,Asus,Blink,[object Object],Chrome Mobile 90.0.4430.82 on Asus X01AD (Android 9),2021-05-06T05:40:06.404Z,直立,あ,false,115.2,83.7,0.8,-2.4000000000000004,7.6000000000000005,-0.5,-2.4000000000000004,-1.9000000000000001,-1.6,-46.4,-119.39999999999999,40.800000000000004
Chrome Mobile,90.0.4430.82,Asus X01AD,Asus,Blink,[object Object],Chrome Mobile 90.0.4430.82 on Asus X01AD (Android 9),2021-05-06T05:40:06.610Z,直立,あ,false,95.7,79.9,20.400000000000002,2.6,9.8,0.30000000000000004,3.2,0.2,-1.4000000000000001,59.20000000000001,76.60000000000001,2.6
Chrome Mobile,90.0.4430.82,Asus X01AD,Asus,Blink,[object Object],Chrome Mobile 90.0.4430.82 on Asus X01AD (Android 9),2021-05-06T05:40:06.811Z,直立,あ,false,103.80000000000001,80.4,11,-6.7,7,1.9000000000000001,-6.4,-2.5,0.30000000000000004,-44.4,-109.2,36.400000000000006
Chrome Mobile,90.0.4430.82,Asus X01AD,Asus,Blink,[object Object],Chrome Mobile 90.0.4430.82 on Asus X01AD (Android 9),2021-05-06T05:40:07.011Z,直立,あ,false,95.10000000000001,77.80000000000001,26.400000000000002,5.800000000000001,9.4,0.5,6.7,-0.2,-1.4000000000000001,49.6,73,-32.7
Chrome Mobile,90.0.4430.82,Asus X01AD,Asus,Blink,[object Object],Chrome Mobile 90.0.4430.82 on Asus X01AD (Android 9),2021-05-06T05:40:07.212Z,直立,あ,false,120.80000000000001,78.7,-8.4,-10.4,11.100000000000001,5.7,-10.700000000000001,1.7000000000000002,3.8000000000000003,-59.300000000000004,-97.89999999999999,21.6
Chrome Mobile,90.0.4430.82,Asus X01AD,Asus,Blink,[object Object],Chrome Mobile 90.0.4430.82 on Asus X01AD (Android 9),2021-05-06T05:40:07.413Z,直立,あ,false,108.30000000000001,83.10000000000001,9.8,9,8.4,-3.1,8.8,-0.9,-4.800000000000001,15.2,21.6,-21.200000000000003
Chrome Mobile,90.0.4430.82,Asus X01AD,Asus,Blink,[object Object],Chrome Mobile 90.0.4430.82 on Asus X01AD (Android 9),2021-05-06T05:40:07.613Z,直立,あ,false,116.10000000000001,78.4,-4.800000000000001,-12.200000000000001,13,6.2,-12.4,3.5,4.3,-53.599999999999994,-13.900000000000002,17.7
Chrome Mobile,90.0.4430.82,Asus X01AD,Asus,Blink,[object Object],Chrome Mobile 90.0.4430.82 on Asus X01AD (Android 9),2021-05-06T05:40:07.814Z,直立,あ,false,99.7,83,17.900000000000002,7.800000000000001,7.4,-0.9,8.200000000000001,-2.2,-2.1,-24.599999999999998,-14.600000000000001,-23.800000000000004
Chrome Mobile,90.0.4430.82,Asus X01AD,Asus,Blink,[object Object],Chrome Mobile 90.0.4430.82 on Asus X01AD (Android 9),2021-05-06T05:40:08.015Z,直立,あ,false,101.5,72.9,3.9000000000000004,-7.7,11.200000000000001,5.9,-7.5,1.9000000000000001,3.1,-12.7,-17.799999999999997,3.6000000000000005
Chrome Mobile,90.0.4430.82,Asus X01AD,Asus,Blink,[object Object],Chrome Mobile 90.0.4430.82 on Asus X01AD (Android 9),2021-05-06T05:40:08.216Z,直立,あ,false,82.2,80.60000000000001,34.6,9.1,7.800000000000001,-3.4000000000000004,10,-1.8,-4.7,29.400000000000002,75.5,8.700000000000001
Chrome Mobile,90.0.4430.82,Asus X01AD,Asus,Blink,[object Object],Chrome Mobile 90.0.4430.82 on Asus X01AD (Android 9),2021-05-06T05:40:08.416Z,直立,あ,false,104.80000000000001,76.10000000000001,4,-13.600000000000001,12.700000000000001,8.1,-13.5,3.3000000000000003,5.800000000000001,-32,3.7000000000000006,27.9
Chrome Mobile,90.0.4430.82,Asus X01AD,Asus,Blink,[object Object],Chrome Mobile 90.0.4430.82 on Asus X01AD (Android 9),2021-05-06T05:40:08.617Z,直立,あ,false,112,83.4,3.9000000000000004,6.5,6.4,0.5,8.6,-2.9000000000000004,-1.7000000000000002,-39.699999999999996,-5.500000000000001,-46.6
Chrome Mobile,90.0.4430.82,Asus X01AD,Asus,Blink,[object Object],Chrome Mobile 90.0.4430.82 on Asus X01AD (Android 9),2021-05-06T05:40:08.818Z,直立,あ,false,106.80000000000001,74.10000000000001,1.3,-9.700000000000001,11.3,8,-9.700000000000001,1.9000000000000001,5.4,21.400000000000002,94.6,-16.8
Chrome Mobile,90.0.4430.82,Asus X01AD,Asus,Blink,[object Object],Chrome Mobile 90.0.4430.82 on Asus X01AD (Android 9),2021-05-06T05:40:09.018Z,直立,あ,false,106.2,80.9,8,2.5,6.800000000000001,0,2.8000000000000003,-2.7,-1.5,-18.900000000000002,-84,11.1
Chrome Mobile,90.0.4430.82,Asus X01AD,Asus,Blink,[object Object],Chrome Mobile 90.0.4430.82 on Asus X01AD (Android 9),2021-05-06T05:40:09.220Z,直立,あ,false,90.30000000000001,77.2,20.200000000000003,-1,9.1,1.8,-0.30000000000000004,-0.4,-0.30000000000000004,37.50000000000001,85.4,-30.599999999999998
Chrome Mobile,90.0.4430.82,Asus X01AD,Asus,Blink,[object Object],Chrome Mobile 90.0.4430.82 on Asus X01AD (Android 9),2021-05-06T05:40:09.421Z,直立,あ,false,121.4,78,-13.5,-2.9000000000000004,8.3,2,-5.4,-0.30000000000000004,1,-64.30000000000001,-72,32
Chrome Mobile,90.0.4430.82,Asus X01AD,Asus,Blink,[object Object],Chrome Mobile 90.0.4430.82 on Asus X01AD (Android 9),2021-05-06T05:40:09.621Z,直立,あ,false,109.5,79.10000000000001,3.6,4.800000000000001,8.9,-0.4,4.9,-0.6000000000000001,-2.2,63.599999999999994,37.800000000000004,-15.8
Chrome Mobile,90.0.4430.82,Asus X01AD,Asus,Blink,[object Object],Chrome Mobile 90.0.4430.82 on Asus X01AD (Android 9),2021-05-06T05:40:09.822Z,直立,あ,false,118.7,76.10000000000001,-10.8,-6,10.9,5.9,-6.4,1.5,3.6,-60.5,-61.10000000000001,7.6
Chrome Mobile,90.0.4430.82,Asus X01AD,Asus,Blink,[object Object],Chrome Mobile 90.0.4430.82 on Asus X01AD (Android 9),2021-05-06T05:40:10.022Z,直立,あ,false,89.9,78.9,21.5,8.3,8.5,-1.1,9,-1,-2.8000000000000003,18,7.1000000000000005,-27.800000000000004
Chrome Mobile,90.0.4430.82,Asus X01AD,Asus,Blink,[object Object],Chrome Mobile 90.0.4430.82 on Asus X01AD (Android 9),2021-05-06T05:40:10.223Z,直立,あ,false,118.9,75.2,-16,-7.300000000000001,12.3,5.9,-8,3,3.5,-31.5,-38.60000000000001,15.8
Chrome Mobile,90.0.4430.82,Asus X01AD,Asus,Blink,[object Object],Chrome Mobile 90.0.4430.82 on Asus X01AD (Android 9),2021-05-06T05:40:10.423Z,直立,あ,false,98.2,78.30000000000001,13.700000000000001,9.9,9.5,2.3000000000000003,10.4,0,0.4,-20.400000000000002,4.9,-17.200000000000003
Chrome Mobile,90.0.4430.82,Asus X01AD,Asus,Blink,[object Object],Chrome Mobile 90.0.4430.82 on Asus X01AD (Android 9),2021-05-06T05:40:10.624Z,直立,あ,false,112.80000000000001,74.5,-9.8,-9,11.3,7.2,-9.5,1.9000000000000001,4.7,-24.200000000000003,-30.1,6.4
Chrome Mobile,90.0.4430.82,Asus X01AD,Asus,Blink,[object Object],Chrome Mobile 90.0.4430.82 on Asus X01AD (Android 9),2021-05-06T05:40:10.825Z,直立,あ,false,94.80000000000001,77.7,19.3,9.200000000000001,9.1,3.6,9.9,-0.4,1.6,-7.300000000000001,-8.2,-0.7
Chrome Mobile,90.0.4430.82,Asus X01AD,Asus,Blink,[object Object],Chrome Mobile 90.0.4430.82 on Asus X01AD (Android 9),2021-05-06T05:40:11.025Z,直立,あ,false,118.30000000000001,75.10000000000001,-14.600000000000001,-8.5,12,5.800000000000001,-9.200000000000001,2.6,3.4000000000000004,-30.1,-49.50000000000001,11.000000000000002
Chrome Mobile,90.0.4430.82,Asus X01AD,Asus,Blink,[object Object],Chrome Mobile 90.0.4430.82 on Asus X01AD (Android 9),2021-05-06T05:40:11.226Z,直立,あ,false,97.5,79.7,14.8,9.600000000000001,10.100000000000001,1.2000000000000002,10,0.6000000000000001,-0.5,32.2,-20.2,1
Chrome Mobile,90.0.4430.82,Asus X01AD,Asus,Blink,[object Object],Chrome Mobile 90.0.4430.82 on Asus X01AD (Android 9),2021-05-06T05:40:11.427Z,直立,あ,false,116.60000000000001,76.60000000000001,-13.4,-9.5,11.8,7.2,-10,2.4000000000000004,5,-47.2,-66.1,21
Chrome Mobile,90.0.4430.82,Asus X01AD,Asus,Blink,[object Object],Chrome Mobile 90.0.4430.82 on Asus X01AD (Android 9),2021-05-06T05:40:11.627Z,直立,あ,false,83,79,30.900000000000002,6.9,10,1,7.800000000000001,0.4,-0.6000000000000001,25.5,19,10.200000000000001
Chrome Mobile,90.0.4430.82,Asus X01AD,Asus,Blink,[object Object],Chrome Mobile 90.0.4430.82 on Asus X01AD (Android 9),2021-05-06T05:40:11.839Z,直立,あ,false,108.2,76.60000000000001,-2.4000000000000004,-7.4,11.4,6.5,-7,1.4000000000000001,3.8000000000000003,-33.800000000000004,-83.70000000000002,40.1
Chrome Mobile,90.0.4430.82,Asus X01AD,Asus,Blink,[object Object],Chrome Mobile 90.0.4430.82 on Asus X01AD (Android 9),2021-05-06T05:40:12.042Z,直立,あ,false,96.10000000000001,79.7,16.400000000000002,9.9,11.200000000000001,1.1,10.4,1.6,-0.6000000000000001,36.300000000000004,-29.1,23
Chrome Mobile,90.0.4430.82,Asus X01AD,Asus,Blink,[object Object],Chrome Mobile 90.0.4430.82 on Asus X01AD (Android 9),2021-05-06T05:40:12.243Z,直立,あ,false,103.7,74.3,1.4000000000000001,-12.5,11.4,8,-12.5,2,5.4,-49.199999999999996,-18.8,-1.9
Chrome Mobile,90.0.4430.82,Asus X01AD,Asus,Blink,[object Object],Chrome Mobile 90.0.4430.82 on Asus X01AD (Android 9),2021-05-06T05:40:12.443Z,直立,あ,false,100.7,80.30000000000001,13.3,11.600000000000001,9.5,2.7,11.9,-0.1,1.1,10.1,-25.7,15.8
Chrome Mobile,90.0.4430.82,Asus X01AD,Asus,Blink,[object Object],Chrome Mobile 90.0.4430.82 on Asus X01AD (Android 9),2021-05-06T05:40:12.644Z,直立,あ,false,112.60000000000001,75.3,-12.3,-10.3,11.700000000000001,9,-10.8,2.3000000000000003,6.6000000000000005,-38.400000000000006,-42.400000000000006,-11.4
Chrome Mobile,90.0.4430.82,Asus X01AD,Asus,Blink,[object Object],Chrome Mobile 90.0.4430.82 on Asus X01AD (Android 9),2021-05-06T05:40:12.845Z,直立,あ,false,99.2,81.80000000000001,11.100000000000001,11,9.8,2.7,11.3,0.2,1.4000000000000001,-14.700000000000001,-21.300000000000004,-6.600000000000001
Chrome Mobile,90.0.4430.82,Asus X01AD,Asus,Blink,[object Object],Chrome Mobile 90.0.4430.82 on Asus X01AD (Android 9),2021-05-06T05:40:13.045Z,直立,あ,false,109.9,77.4,-8.5,-10.3,11.5,6.300000000000001,-10.600000000000001,2,4.2,-41.6,-7.6,-16.8
Chrome Mobile,90.0.4430.82,Asus X01AD,Asus,Blink,[object Object],Chrome Mobile 90.0.4430.82 on Asus X01AD (Android 9),2021-05-06T05:40:13.246Z,直立,あ,false,98.5,81.7,13.100000000000001,10.3,9.700000000000001,2,10.600000000000001,0.1,0.6000000000000001,-4.1,-8.100000000000001,2.4000000000000004
Chrome Mobile,90.0.4430.82,Asus X01AD,Asus,Blink,[object Object],Chrome Mobile 90.0.4430.82 on Asus X01AD (Android 9),2021-05-06T05:40:13.447Z,直立,あ,false,112.2,76.60000000000001,-7.9,-9.4,12.100000000000001,7.2,-9.700000000000001,2.7,5,-23.5,-1.2000000000000002,-4.9
Chrome Mobile,90.0.4430.82,Asus X01AD,Asus,Blink,[object Object],Chrome Mobile 90.0.4430.82 on Asus X01AD (Android 9),2021-05-06T05:40:13.647Z,直立,あ,false,108.60000000000001,80.4,3.7,8.6,9.3,4.4,8.700000000000001,-0.30000000000000004,2.8000000000000003,-9.4,-5.7,4
Chrome Mobile,90.0.4430.82,Asus X01AD,Asus,Blink,[object Object],Chrome Mobile 90.0.4430.82 on Asus X01AD (Android 9),2021-05-06T05:40:13.848Z,直立,あ,false,107.2,74.8,-1,-7.4,10.700000000000001,6.300000000000001,-7.5,1.4000000000000001,3.8000000000000003,-1.8000000000000003,19,-18
Chrome Mobile,90.0.4430.82,Asus X01AD,Asus,Blink,[object Object],Chrome Mobile 90.0.4430.82 on Asus X01AD (Android 9),2021-05-06T05:40:14.048Z,直立,あ,false,97.4,78.7,15.8,6.6000000000000005,8.3,3.3000000000000003,7.2,-1.2000000000000002,1.5,9.100000000000001,6.500000000000001,-4.5
Chrome Mobile,90.0.4430.82,Asus X01AD,Asus,Blink,[object Object],Chrome Mobile 90.0.4430.82 on Asus X01AD (Android 9),2021-05-06T05:40:14.250Z,直立,あ,false,106.30000000000001,75.10000000000001,-1.2000000000000002,-8.3,10,6.9,-8.3,0.6000000000000001,4.4,20.400000000000002,59.1,-37.300000000000004
Chrome Mobile,90.0.4430.82,Asus X01AD,Asus,Blink,[object Object],Chrome Mobile 90.0.4430.82 on Asus X01AD (Android 9),2021-05-06T05:40:14.451Z,直立,あ,false,97.80000000000001,82.2,14.200000000000001,6.2,8.6,-0.6000000000000001,6.6000000000000005,-1,-1.9000000000000001,-24,-0.4,3.7000000000000006
Chrome Mobile,90.0.4430.82,Asus X01AD,Asus,Blink,[object Object],Chrome Mobile 90.0.4430.82 on Asus X01AD (Android 9),2021-05-06T05:40:14.652Z,直立,あ,false,109.7,76.2,-3.5,-6.6000000000000005,10.5,5.9,-6.7,1,3.6,18.8,70.2,-18.900000000000002
Chrome Mobile,90.0.4430.82,Asus X01AD,Asus,Blink,[object Object],Chrome Mobile 90.0.4430.82 on Asus X01AD (Android 9),2021-05-06T05:40:14.853Z,直立,あ,false,107.10000000000001,80.2,5.9,3,6.2,0.30000000000000004,3.2,-3.4000000000000004,-1.3,-8.4,-64.2,31.9
Chrome Mobile,90.0.4430.82,Asus X01AD,Asus,Blink,[object Object],Chrome Mobile 90.0.4430.82 on Asus X01AD (Android 9),2021-05-06T05:40:15.054Z,直立,あ,false,107.5,75.8,0.8,-2.9000000000000004,9.4,4.5,-2.9000000000000004,-0.2,2.1,53.9,112.1,-63.2
Chrome Mobile,90.0.4430.82,Asus X01AD,Asus,Blink,[object Object],Chrome Mobile 90.0.4430.82 on Asus X01AD (Android 9),2021-05-06T05:40:15.255Z,直立,あ,false,98.80000000000001,80.2,11.700000000000001,0.5,7.6000000000000005,-0.6000000000000001,0.8,-1.9000000000000001,-2.2,-0.8,-121.30000000000001,34.2
Chrome Mobile,90.0.4430.82,Asus X01AD,Asus,Blink,[object Object],Chrome Mobile 90.0.4430.82 on Asus X01AD (Android 9),2021-05-06T05:40:15.455Z,直立,あ,false,87,77.5,25.200000000000003,1.4000000000000001,8.5,-0.1,2.3000000000000003,-1,-2,51.1,93.10000000000001,-9.2
Chrome Mobile,90.0.4430.82,Asus X01AD,Asus,Blink,[object Object],Chrome Mobile 90.0.4430.82 on Asus X01AD (Android 9),2021-05-06T05:40:15.656Z,直立,あ,false,117.60000000000001,78.2,-10.5,-4.1000000000000005,10,2.3000000000000003,-4.4,0.6000000000000001,0.4,-60.2,-64.60000000000001,33.50000000000001
Chrome Mobile,90.0.4430.82,Asus X01AD,Asus,Blink,[object Object],Chrome Mobile 90.0.4430.82 on Asus X01AD (Android 9),2021-05-06T05:40:15.857Z,直立,あ,false,91.2,80.2,22.5,4,8.8,-2.1,4.7,-0.8,-3.6,44.7,60.900000000000006,-29.200000000000003
Chrome Mobile,90.0.4430.82,Asus X01AD,Asus,Blink,[object Object],Chrome Mobile 90.0.4430.82 on Asus X01AD (Android 9),2021-05-06T05:40:16.058Z,直立,あ,false,119.80000000000001,78.7,-12.600000000000001,-3.7,10.200000000000001,2.9000000000000004,-4.2,0.8,1.1,-59.60000000000001,-82.39999999999999,35
Chrome Mobile,90.0.4430.82,Asus X01AD,Asus,Blink,[object Object],Chrome Mobile 90.0.4430.82 on Asus X01AD (Android 9),2021-05-06T05:40:16.259Z,直立,あ,false,96.10000000000001,81.7,16.3,5,9,-2,5.4,-0.7000000000000001,-3.4000000000000004,52.2,45.3,-23.099999999999998
Chrome Mobile,90.0.4430.82,Asus X01AD,Asus,Blink,[object Object],Chrome Mobile 90.0.4430.82 on Asus X01AD (Android 9),2021-05-06T05:40:16.459Z,直立,あ,false,122.4,78.80000000000001,-16.5,-5,11,3.2,-5.6000000000000005,1.6,1.4000000000000001,-74,-59.9,30.1
Chrome Mobile,90.0.4430.82,Asus X01AD,Asus,Blink,[object Object],Chrome Mobile 90.0.4430.82 on Asus X01AD (Android 9),2021-05-06T05:40:16.660Z,直立,あ,false,99.80000000000001,82.4,13.4,7.2,9,-1.8,7.5,-0.6000000000000001,-3.1,58.1,28.900000000000002,4.300000000000001
Chrome Mobile,90.0.4430.82,Asus X01AD,Asus,Blink,[object Object],Chrome Mobile 90.0.4430.82 on Asus X01AD (Android 9),2021-05-06T05:40:16.862Z,直立,あ,false,130.8,78.9,-27,-5.1000000000000005,10.600000000000001,4,-5.9,1.2000000000000002,2.4000000000000004,-62.300000000000004,-66.5,43.2
Chrome Mobile,90.0.4430.82,Asus X01AD,Asus,Blink,[object Object],Chrome Mobile 90.0.4430.82 on Asus X01AD (Android 9),2021-05-06T05:40:17.063Z,直立,あ,false,94.2,80.2,17.2,7.7,9.9,0.1,8.200000000000001,0.2,-1.5,65.10000000000001,33.800000000000004,-11.900000000000002
Chrome Mobile,90.0.4430.82,Asus X01AD,Asus,Blink,[object Object],Chrome Mobile 90.0.4430.82 on Asus X01AD (Android 9),2021-05-06T05:40:17.264Z,直立,あ,false,122.2,77.9,-17.2,-9.1,13.5,7.2,-9.700000000000001,4,5.300000000000001,-47,-71.6,43.2
Chrome Mobile,90.0.4430.82,Asus X01AD,Asus,Blink,[object Object],Chrome Mobile 90.0.4430.82 on Asus X01AD (Android 9),2021-05-06T05:40:17.464Z,直立,あ,false,95.9,82.10000000000001,17.8,10.100000000000001,7.9,2,10.5,-1.7000000000000002,0.7000000000000001,-12.299999999999999,26.6,14.5
Chrome Mobile,90.0.4430.82,Asus X01AD,Asus,Blink,[object Object],Chrome Mobile 90.0.4430.82 on Asus X01AD (Android 9),2021-05-06T05:40:17.665Z,直立,あ,false,125.7,74,-20.3,-5.300000000000001,14.4,8.4,-6.2,5,5.9,-24.7,-9.899999999999999,-15.700000000000001
Chrome Mobile,90.0.4430.82,Asus X01AD,Asus,Blink,[object Object],Chrome Mobile 90.0.4430.82 on Asus X01AD (Android 9),2021-05-06T05:40:17.876Z,直立,あ,false,91.60000000000001,79.2,22,7.4,7.800000000000001,3.9000000000000004,8.1,-1.7000000000000002,2.2,14.800000000000002,17,34.300000000000004
Chrome Mobile,90.0.4430.82,Asus X01AD,Asus,Blink,[object Object],Chrome Mobile 90.0.4430.82 on Asus X01AD (Android 9),2021-05-06T05:40:18.077Z,直立,あ,false,119.10000000000001,73.60000000000001,-15,-7.7,12,8,-8.5,2.7,5.4,12.9,25.4,-7.6
Chrome Mobile,90.0.4430.82,Asus X01AD,Asus,Blink,[object Object],Chrome Mobile 90.0.4430.82 on Asus X01AD (Android 9),2021-05-06T05:40:18.278Z,直立,あ,false,108.30000000000001,80.10000000000001,6.800000000000001,8.200000000000001,7.7,0.2,9.9,-1.6,-0.2,-8.899999999999999,33,-7.8
Chrome Mobile,90.0.4430.82,Asus X01AD,Asus,Blink,[object Object],Chrome Mobile 90.0.4430.82 on Asus X01AD (Android 9),2021-05-06T05:40:18.478Z,直立,あ,false,115.4,74.5,-8.3,-8.700000000000001,12.700000000000001,9.1,-9.1,3.3000000000000003,6.5,29.1,41,-27.5
Chrome Mobile,90.0.4430.82,Asus X01AD,Asus,Blink,[object Object],Chrome Mobile 90.0.4430.82 on Asus X01AD (Android 9),2021-05-06T05:40:18.679Z,直立,あ,false,114.10000000000001,82.60000000000001,2.8000000000000003,6.300000000000001,7.300000000000001,-2.3000000000000003,6.4,-2.2,-3.6,10.200000000000001,-39.9,49.50000000000001
Chrome Mobile,90.0.4430.82,Asus X01AD,Asus,Blink,[object Object],Chrome Mobile 90.0.4430.82 on Asus X01AD (Android 9),2021-05-06T05:40:18.880Z,直立,あ,false,121.60000000000001,74.2,-13,-6.6000000000000005,11.4,5.9,-7.2,2,3.4000000000000004,29.700000000000006,61,-25.6
Chrome Mobile,90.0.4430.82,Asus X01AD,Asus,Blink,[object Object],Chrome Mobile 90.0.4430.82 on Asus X01AD (Android 9),2021-05-06T05:40:19.081Z,直立,あ,false,113.5,79.80000000000001,4.7,5.4,8.8,0.2,5.5,-0.8,-1.5,25,-8.600000000000001,23.099999999999998
Chrome Mobile,90.0.4430.82,Asus X01AD,Asus,Blink,[object Object],Chrome Mobile 90.0.4430.82 on Asus X01AD (Android 9),2021-05-06T05:40:19.281Z,直立,あ,false,98.10000000000001,77.7,17,-4.800000000000001,9,3.1,-4.2,-0.5,1.1,39.50000000000001,101.80000000000001,-24.900000000000002
Chrome Mobile,90.0.4430.82,Asus X01AD,Asus,Blink,[object Object],Chrome Mobile 90.0.4430.82 on Asus X01AD (Android 9),2021-05-06T05:40:19.482Z,直立,あ,false,120.9,79.7,-4.3,0.9,7.2,2.2,0.8,-2.3000000000000003,0.5,-41,-103.7,17.9
Chrome Mobile,90.0.4430.82,Asus X01AD,Asus,Blink,[object Object],Chrome Mobile 90.0.4430.82 on Asus X01AD (Android 9),2021-05-06T05:40:19.683Z,直立,あ,false,99.60000000000001,76.60000000000001,17.6,1.8,9.9,1.2000000000000002,2.5,0.4,-0.9,62.50000000000001,83.2,-26.799999999999997
Chrome Mobile,90.0.4430.82,Asus X01AD,Asus,Blink,[object Object],Chrome Mobile 90.0.4430.82 on Asus X01AD (Android 9),2021-05-06T05:40:19.884Z,直立,あ,false,116.60000000000001,79,-3.5,-0.6000000000000001,8,1.2000000000000002,-0.7000000000000001,-1.4000000000000001,-0.6000000000000001,-41.900000000000006,-107.7,39.300000000000004
Chrome Mobile,90.0.4430.82,Asus X01AD,Asus,Blink,[object Object],Chrome Mobile 90.0.4430.82 on Asus X01AD (Android 9),2021-05-06T05:40:20.086Z,直立,あ,false,90.4,77.7,27,6.9,9,0,7.800000000000001,-0.6000000000000001,-1.8,77.9,77.9,-29.600000000000005
Chrome Mobile,90.0.4430.82,Asus X01AD,Asus,Blink,[object Object],Chrome Mobile 90.0.4430.82 on Asus X01AD (Android 9),2021-05-06T05:40:20.287Z,直立,あ,false,121.9,75.5,-11.3,-8.5,12.3,6.7,-9,2.9000000000000004,4.3,-69.10000000000001,-63.70000000000001,27.9
Chrome Mobile,90.0.4430.82,Asus X01AD,Asus,Blink,[object Object],Chrome Mobile 90.0.4430.82 on Asus X01AD (Android 9),2021-05-06T05:40:20.490Z,直立,あ,false,100.7,78.60000000000001,19.5,11.100000000000001,8.6,3.2,11.8,-0.9,1.4000000000000001,-3.8,-2.7,-28
Chrome Mobile,90.0.4430.82,Asus X01AD,Asus,Blink,[object Object],Chrome Mobile 90.0.4430.82 on Asus X01AD (Android 9),2021-05-06T05:40:20.691Z,直立,あ,false,105.60000000000001,72.9,2,-13.8,11.100000000000001,9.8,-13.700000000000001,1.8,7,-48.6,-46.7,-23.400000000000002
Chrome Mobile,90.0.4430.82,Asus X01AD,Asus,Blink,[object Object],Chrome Mobile 90.0.4430.82 on Asus X01AD (Android 9),2021-05-06T05:40:20.892Z,直立,あ,false,103.9,78.30000000000001,15.200000000000001,8.8,8.4,-0.7000000000000001,9.3,-1.1,-2.6,6.699999999999999,6.699999999999999,21.300000000000004
Chrome Mobile,90.0.4430.82,Asus X01AD,Asus,Blink,[object Object],Chrome Mobile 90.0.4430.82 on Asus X01AD (Android 9),2021-05-06T05:40:21.092Z,直立,あ,false,102.9,73.3,6.1000000000000005,-11.200000000000001,9.700000000000001,7.5,-10.9,0.30000000000000004,4.7,22.4,54.199999999999996,-20.5
Chrome Mobile,90.0.4430.82,Asus X01AD,Asus,Blink,[object Object],Chrome Mobile 90.0.4430.82 on Asus X01AD (Android 9),2021-05-06T05:40:21.293Z,直立,あ,false,100.7,79.60000000000001,18.2,8.3,9.600000000000001,-0.7000000000000001,8.9,0.1,-2.4000000000000004,5.500000000000001,-27.700000000000003,22.6
Chrome Mobile,90.0.4430.82,Asus X01AD,Asus,Blink,[object Object],Chrome Mobile 90.0.4430.82 on Asus X01AD (Android 9),2021-05-06T05:40:21.494Z,直立,あ,false,103.7,75,5.6000000000000005,-8.9,9.700000000000001,5.1000000000000005,-8.6,0.30000000000000004,2.6,15.8,60.900000000000006,-14.900000000000002
Chrome Mobile,90.0.4430.82,Asus X01AD,Asus,Blink,[object Object],Chrome Mobile 90.0.4430.82 on Asus X01AD (Android 9),2021-05-06T05:40:21.698Z,直立,あ,false,98.10000000000001,80.2,17.900000000000002,6.2,7.9,-3.2,6.7,-1.7000000000000002,-4.7,26.1,-53.9,42
Chrome Mobile,90.0.4430.82,Asus X01AD,Asus,Blink,[object Object],Chrome Mobile 90.0.4430.82 on Asus X01AD (Android 9),2021-05-06T05:40:21.899Z,直立,あ,false,94.60000000000001,74.8,15.9,-7,8.9,5,-6.300000000000001,-0.5,2.5,16.1,101.6,-26.1
Chrome Mobile,90.0.4430.82,Asus X01AD,Asus,Blink,[object Object],Chrome Mobile 90.0.4430.82 on Asus X01AD (Android 9),2021-05-06T05:40:22.099Z,直立,あ,false,101.30000000000001,79.9,13.8,1.7000000000000002,6.800000000000001,-0.30000000000000004,2.1,-2.7,-2,-15.399999999999999,-83.4,7.300000000000001
Chrome Mobile,90.0.4430.82,Asus X01AD,Asus,Blink,[object Object],Chrome Mobile 90.0.4430.82 on Asus X01AD (Android 9),2021-05-06T05:40:22.300Z,直立,あ,false,100,74.10000000000001,10.8,-2.5,10.700000000000001,4.4,-2,1.3,1.8,32.5,103.8,-39.1
Chrome Mobile,90.0.4430.82,Asus X01AD,Asus,Blink,[object Object],Chrome Mobile 90.0.4430.82 on Asus X01AD (Android 9),2021-05-06T05:40:22.501Z,直立,あ,false,114.7,81.60000000000001,-0.4,1.5,6.5,-2.4000000000000004,1.6,-3.1,-3.8000000000000003,-9.3,-50.3,34.900000000000006
Chrome Mobile,90.0.4430.82,Asus X01AD,Asus,Blink,[object Object],Chrome Mobile 90.0.4430.82 on Asus X01AD (Android 9),2021-05-06T05:40:22.702Z,直立,あ,false,92.4,76.10000000000001,20.200000000000003,-2.2,8.200000000000001,1.2000000000000002,-1.4000000000000001,-1.3,-1,30.4,70.8,-53.599999999999994
Chrome Mobile,90.0.4430.82,Asus X01AD,Asus,Blink,[object Object],Chrome Mobile 90.0.4430.82 on Asus X01AD (Android 9),2021-05-06T05:40:22.903Z,直立,あ,false,108.4,77.7,3.4000000000000004,-2.9000000000000004,9.5,0.6000000000000001,-2.7,0.1,-1.5,-12.9,-106.20000000000002,26.300000000000004
Chrome Mobile,90.0.4430.82,Asus X01AD,Asus,Blink,[object Object],Chrome Mobile 90.0.4430.82 on Asus X01AD (Android 9),2021-05-06T05:40:23.104Z,直立,あ,false,88.9,78.9,25.5,4.6000000000000005,9.8,-0.30000000000000004,5.4,0.2,-1.9000000000000001,62,44.4,1.1
Chrome Mobile,90.0.4430.82,Asus X01AD,Asus,Blink,[object Object],Chrome Mobile 90.0.4430.82 on Asus X01AD (Android 9),2021-05-06T05:40:23.304Z,直立,あ,false,111.60000000000001,79,-3.3000000000000003,-5.9,11.200000000000001,3,-6,1.8,1.2000000000000002,-70.4,-37.50000000000001,18.3
Chrome Mobile,90.0.4430.82,Asus X01AD,Asus,Blink,[object Object],Chrome Mobile 90.0.4430.82 on Asus X01AD (Android 9),2021-05-06T05:40:23.505Z,直立,あ,false,98.2,80.30000000000001,18.3,11,10.4,-1.9000000000000001,11.5,0.8,-3.5,27.6,3.2,9.5
Chrome Mobile,90.0.4430.82,Asus X01AD,Asus,Blink,[object Object],Chrome Mobile 90.0.4430.82 on Asus X01AD (Android 9),2021-05-06T05:40:23.705Z,直立,あ,false,102.60000000000001,73.60000000000001,4.3,-10.8,11,8,-10.600000000000001,1.7000000000000002,5.2,-3.2,-4.2,7.300000000000001
Chrome Mobile,90.0.4430.82,Asus X01AD,Asus,Blink,[object Object],Chrome Mobile 90.0.4430.82 on Asus X01AD (Android 9),2021-05-06T05:40:23.911Z,直立,あ,false,97.80000000000001,77.2,16.7,8.200000000000001,8,3.4000000000000004,8.9,-1.5,1.3,-18.6,-2.4000000000000004,-10.5
Chrome Mobile,90.0.4430.82,Asus X01AD,Asus,Blink,[object Object],Chrome Mobile 90.0.4430.82 on Asus X01AD (Android 9),2021-05-06T05:40:24.112Z,直立,あ,false,102.9,71.5,5.9,-7.7,9.600000000000001,5.9,-7.300000000000001,0.4,2.8000000000000003,-0.5,54.800000000000004,-3.3000000000000007
Chrome Mobile,90.0.4430.82,Asus X01AD,Asus,Blink,[object Object],Chrome Mobile 90.0.4430.82 on Asus X01AD (Android 9),2021-05-06T05:40:24.313Z,直立,あ,false,110.60000000000001,73.60000000000001,3.6,3.4000000000000004,8.5,0.30000000000000004,3.6,-0.8,-2.5,-1.1,-59.300000000000004,26.000000000000004
Chrome Mobile,90.0.4430.82,Asus X01AD,Asus,Blink,[object Object],Chrome Mobile 90.0.4430.82 on Asus X01AD (Android 9),2021-05-06T05:40:24.514Z,直立,あ,false,111,71.4,0.1,0.2,10.4,3.8000000000000003,0.2,1.1,0.6000000000000001,51.9,54.300000000000004,7.500000000000001
Chrome Mobile,90.0.4430.82,Asus X01AD,Asus,Blink,[object Object],Chrome Mobile 90.0.4430.82 on Asus X01AD (Android 9),2021-05-06T05:40:24.715Z,直立,あ,false,117.5,74.7,-7,-0.7000000000000001,8.1,1.5,-1,-1.2000000000000002,-1,-44.7,-66.5,1
Chrome Mobile,90.0.4430.82,Asus X01AD,Asus,Blink,[object Object],Chrome Mobile 90.0.4430.82 on Asus X01AD (Android 9),2021-05-06T05:40:24.916Z,直立,あ,false,106.5,75.9,7.5,7,8.4,-1,8.9,-1,-4.800000000000001,71.9,40.7,24.7
Chrome Mobile,90.0.4430.82,Asus X01AD,Asus,Blink,[object Object],Chrome Mobile 90.0.4430.82 on Asus X01AD (Android 9),2021-05-06T05:40:25.117Z,直立,あ,false,111.2,71,-3.7,-8.200000000000001,12.5,6.9,-8.4,3.3000000000000003,3.7,-55.7,-18,-0.5
Chrome Mobile,90.0.4430.82,Asus X01AD,Asus,Blink,[object Object],Chrome Mobile 90.0.4430.82 on Asus X01AD (Android 9),2021-05-06T05:40:25.318Z,直立,あ,false,104.80000000000001,75.7,10.4,9.700000000000001,8.3,1.4000000000000001,10.200000000000001,-1.1,-1,-11.900000000000002,-0.30000000000000004,-15.2
Chrome Mobile,90.0.4430.82,Asus X01AD,Asus,Blink,[object Object],Chrome Mobile 90.0.4430.82 on Asus X01AD (Android 9),2021-05-06T05:40:25.525Z,直立,あ,false,101.5,69.9,7.4,-9.8,9.600000000000001,8.1,-9.3,0.4,4.800000000000001,0.4,69.4,-35.2
Chrome Mobile,90.0.4430.82,Asus X01AD,Asus,Blink,[object Object],Chrome Mobile 90.0.4430.82 on Asus X01AD (Android 9),2021-05-06T05:40:25.726Z,直立,あ,false,110.2,75.10000000000001,5.800000000000001,4,7.4,0.8,4.3,-1.9000000000000001,-1.7000000000000002,-12.8,-56.300000000000004,18.4
Chrome Mobile,90.0.4430.82,Asus X01AD,Asus,Blink,[object Object],Chrome Mobile 90.0.4430.82 on Asus X01AD (Android 9),2021-05-06T05:40:25.926Z,直立,あ,false,103.5,69.8,11.100000000000001,-4.3,9.4,5.5,-3.7,0.30000000000000004,2.1,36.9,76.7,-5.2
Chrome Mobile,90.0.4430.82,Asus X01AD,Asus,Blink,[object Object],Chrome Mobile 90.0.4430.82 on Asus X01AD (Android 9),2021-05-06T05:40:26.127Z,直立,あ,false,112.10000000000001,74.2,2.5,1.9000000000000001,7.300000000000001,1.6,2,-2,-1,-12.600000000000001,-76.80000000000001,25.1
Chrome Mobile,90.0.4430.82,Asus X01AD,Asus,Blink,[object Object],Chrome Mobile 90.0.4430.82 on Asus X01AD (Android 9),2021-05-06T05:40:26.328Z,直立,あ,false,106.4,75.5,8.700000000000001,6.4,9.4,0.1,6.800000000000001,-0.1,-2.3000000000000003,67.60000000000001,52.00000000000001,10.700000000000001
Chrome Mobile,90.0.4430.82,Asus X01AD,Asus,Blink,[object Object],Chrome Mobile 90.0.4430.82 on Asus X01AD (Android 9),2021-05-06T05:40:26.529Z,直立,あ,false,122.9,72.60000000000001,-13.700000000000001,-5.2,10.600000000000001,3.9000000000000004,-5.9,1.4000000000000001,1.1,-55.1,-76,41.6
Chrome Mobile,90.0.4430.82,Asus X01AD,Asus,Blink,[object Object],Chrome Mobile 90.0.4430.82 on Asus X01AD (Android 9),2021-05-06T05:40:26.730Z,直立,あ,false,111.60000000000001,75.7,5,8.1,8.6,-1.3,8.3,-0.9,-3.7,52.60000000000001,61.10000000000001,-9.600000000000001
Chrome Mobile,90.0.4430.82,Asus X01AD,Asus,Blink,[object Object],Chrome Mobile 90.0.4430.82 on Asus X01AD (Android 9),2021-05-06T05:40:26.931Z,直立,あ,false,123.80000000000001,73.10000000000001,-15.600000000000001,-8,12.8,5.300000000000001,-8.8,3.6,2.6,-72.30000000000001,-44.2,6.9
Chrome Mobile,90.0.4430.82,Asus X01AD,Asus,Blink,[object Object],Chrome Mobile 90.0.4430.82 on Asus X01AD (Android 9),2021-05-06T05:40:27.131Z,直立,あ,false,111.4,79.4,4.4,11,7,-0.9,11.100000000000001,-2.6,-2.7,-11.6,9.899999999999999,-18.200000000000003
Chrome Mobile,90.0.4430.82,Asus X01AD,Asus,Blink,[object Object],Chrome Mobile 90.0.4430.82 on Asus X01AD (Android 9),2021-05-06T05:40:27.332Z,直立,あ,false,129.6,71,-26.5,-8.5,14.4,9,-9.9,5.2,6.2,-35.3,-10.299999999999999,8.600000000000001
Chrome Mobile,90.0.4430.82,Asus X01AD,Asus,Blink,[object Object],Chrome Mobile 90.0.4430.82 on Asus X01AD (Android 9),2021-05-06T05:40:27.533Z,直立,あ,false,111.2,78.7,0.6000000000000001,9.9,7.300000000000001,1.4000000000000001,10,-2.3000000000000003,-0.5,1.4,2.3,-32.8
Chrome Mobile,90.0.4430.82,Asus X01AD,Asus,Blink,[object Object],Chrome Mobile 90.0.4430.82 on Asus X01AD (Android 9),2021-05-06T05:40:27.733Z,直立,あ,false,106.10000000000001,73.9,-4.1000000000000005,-13.3,11.200000000000001,11.600000000000001,-13.5,1.8,8.9,9.2,44.8,-47.7
Chrome Mobile,90.0.4430.82,Asus X01AD,Asus,Blink,[object Object],Chrome Mobile 90.0.4430.82 on Asus X01AD (Android 9),2021-05-06T05:40:27.934Z,直立,あ,false,126.30000000000001,80.5,-15.600000000000001,6.300000000000001,6.300000000000001,-1.1,5.9,-3.2,-2.6,-60.2,-63.4,-12.200000000000001
Chrome Mobile,90.0.4430.82,Asus X01AD,Asus,Blink,[object Object],Chrome Mobile 90.0.4430.82 on Asus X01AD (Android 9),2021-05-06T05:40:28.136Z,直立,あ,false,104,74,2.6,-1.8,9.3,2.9000000000000004,-1.7000000000000002,-0.2,0.1,53.400000000000006,111.50000000000001,-36.7
Chrome Mobile,90.0.4430.82,Asus X01AD,Asus,Blink,[object Object],Chrome Mobile 90.0.4430.82 on Asus X01AD (Android 9),2021-05-06T05:40:28.336Z,直立,あ,false,114.2,77.30000000000001,-5.5,2.2,7.5,0.9,2,-1.9000000000000001,-1.2000000000000002,-48.300000000000004,-77.9,14.100000000000001
Chrome Mobile,90.0.4430.82,Asus X01AD,Asus,Blink,[object Object],Chrome Mobile 90.0.4430.82 on Asus X01AD (Android 9),2021-05-06T05:40:28.537Z,直立,あ,false,95.30000000000001,72.9,13.9,1.8,9.4,2,2.5,0,-0.8,64.9,100.2,-6.600000000000001
Chrome Mobile,90.0.4430.82,Asus X01AD,Asus,Blink,[object Object],Chrome Mobile 90.0.4430.82 on Asus X01AD (Android 9),2021-05-06T05:40:28.738Z,直立,あ,false,121,76.4,-13.9,-1.2000000000000002,8.5,2.6,0,-1.5,0,-29.1,-84.5,45.3
Chrome Mobile,90.0.4430.82,Asus X01AD,Asus,Blink,[object Object],Chrome Mobile 90.0.4430.82 on Asus X01AD (Android 9),2021-05-06T05:40:28.939Z,直立,あ,false,106.10000000000001,78.10000000000001,5.300000000000001,4.3,8.700000000000001,-1.2000000000000002,4.5,-0.9,-3.2,58.3,78.2,-7.300000000000001
Chrome Mobile,90.0.4430.82,Asus X01AD,Asus,Blink,[object Object],Chrome Mobile 90.0.4430.82 on Asus X01AD (Android 9),2021-05-06T05:40:29.140Z,直立,あ,false,119.9,77,-12.700000000000001,-0.5,9.600000000000001,2,-1,0.2,-0.1,-34.900000000000006,-80.7,42.400000000000006
Chrome Mobile,90.0.4430.82,Asus X01AD,Asus,Blink,[object Object],Chrome Mobile 90.0.4430.82 on Asus X01AD (Android 9),2021-05-06T05:40:29.341Z,直立,あ,false,94.30000000000001,77.2,20.3,3.8000000000000003,8.200000000000001,-1.8,4.5,-1.3,-3.8000000000000003,31.400000000000002,78.5,-5.7
Chrome Mobile,90.0.4430.82,Asus X01AD,Asus,Blink,[object Object],Chrome Mobile 90.0.4430.82 on Asus X01AD (Android 9),2021-05-06T05:40:29.542Z,直立,あ,false,109.5,77.30000000000001,-0.8,-1.7000000000000002,8.6,1.3,-1.7000000000000002,-0.8,-0.8,-33.9,-78.10000000000001,35.4
Chrome Mobile,90.0.4430.82,Asus X01AD,Asus,Blink,[object Object],Chrome Mobile 90.0.4430.82 on Asus X01AD (Android 9),2021-05-06T05:40:29.743Z,直立,あ,false,99.7,77.7,14.200000000000001,4.3,9.4,-0.8,4.9,-0.2,-2.8000000000000003,48.10000000000001,73,-9.899999999999999
Chrome Mobile,90.0.4430.82,Asus X01AD,Asus,Blink,[object Object],Chrome Mobile 90.0.4430.82 on Asus X01AD (Android 9),2021-05-06T05:40:29.949Z,直立,あ,false,114.30000000000001,77,-6.300000000000001,-0.6000000000000001,8.200000000000001,0.9,-0.8,-1.2000000000000002,-1.3,-33.9,-98.9,47.80000000000001
Chrome Mobile,90.0.4430.82,Asus X01AD,Asus,Blink,[object Object],Chrome Mobile 90.0.4430.82 on Asus X01AD (Android 9),2021-05-06T05:40:30.153Z,直立,あ,false,99.60000000000001,76.4,10.9,4.3,8.8,-1,4.7,-0.7000000000000001,-3.2,55,77.80000000000001,-25.300000000000004
Chrome Mobile,90.0.4430.82,Asus X01AD,Asus,Blink,[object Object],Chrome Mobile 90.0.4430.82 on Asus X01AD (Android 9),2021-05-06T05:40:30.353Z,直立,あ,false,111.5,76.60000000000001,-5.5,-3.2,11.100000000000001,1.2000000000000002,-3.4000000000000004,1.7000000000000002,-1.1,-44.8,-65.6,54.4
Chrome Mobile,90.0.4430.82,Asus X01AD,Asus,Blink,[object Object],Chrome Mobile 90.0.4430.82 on Asus X01AD (Android 9),2021-05-06T05:40:30.554Z,直立,あ,false,98.9,78.30000000000001,13.700000000000001,7.6000000000000005,9.200000000000001,-0.30000000000000004,8.1,-0.4,-2.2,10.700000000000001,38.2,-21.1
Chrome Mobile,90.0.4430.82,Asus X01AD,Asus,Blink,[object Object],Chrome Mobile 90.0.4430.82 on Asus X01AD (Android 9),2021-05-06T05:40:30.756Z,直立,あ,false,113.10000000000001,73.5,-9.1,-6.7,13.3,6.800000000000001,-7.1000000000000005,4,4.1000000000000005,-44.2,-66.4,3.4
Chrome Mobile,90.0.4430.82,Asus X01AD,Asus,Blink,[object Object],Chrome Mobile 90.0.4430.82 on Asus X01AD (Android 9),2021-05-06T05:40:30.957Z,直立,あ,false,88.60000000000001,76.9,24,8.700000000000001,8.700000000000001,0.6000000000000001,8.8,-1.1,-2.3000000000000003,-2.1,14.900000000000002,-11.900000000000002
Chrome Mobile,90.0.4430.82,Asus X01AD,Asus,Blink,[object Object],Chrome Mobile 90.0.4430.82 on Asus X01AD (Android 9),2021-05-06T05:40:31.157Z,直立,あ,false,112,72.5,-8.200000000000001,-8.6,12.9,7.9,-9,3.6,5,-48.9,-33.2,7.9
Chrome Mobile,90.0.4430.82,Asus X01AD,Asus,Blink,[object Object],Chrome Mobile 90.0.4430.82 on Asus X01AD (Android 9),2021-05-06T05:40:31.359Z,直立,あ,false,99,79,14.200000000000001,10.3,8.700000000000001,-1.2000000000000002,10.700000000000001,-0.9,-3,7.6,14.400000000000002,-32.8
Chrome Mobile,90.0.4430.82,Asus X01AD,Asus,Blink,[object Object],Chrome Mobile 90.0.4430.82 on Asus X01AD (Android 9),2021-05-06T05:40:31.559Z,直立,あ,false,112.7,73,-7,-8.200000000000001,14.600000000000001,9.4,-8.6,5.300000000000001,6.5,-28.900000000000002,-47.80000000000001,22.000000000000004
Chrome Mobile,90.0.4430.82,Asus X01AD,Asus,Blink,[object Object],Chrome Mobile 90.0.4430.82 on Asus X01AD (Android 9),2021-05-06T05:40:31.760Z,直立,あ,false,94.9,79.10000000000001,19.3,9.600000000000001,8.8,0.5,10.200000000000001,-0.7000000000000001,-1.3,-12.4,-3.5,-24.400000000000002
Chrome Mobile,90.0.4430.82,Asus X01AD,Asus,Blink,[object Object],Chrome Mobile 90.0.4430.82 on Asus X01AD (Android 9),2021-05-06T05:40:31.961Z,直立,あ,false,104.2,74.2,-0.4,-12.100000000000001,10.4,8.8,-12.100000000000001,1.1,6.2,0.4,-33.9,-10
Chrome Mobile,90.0.4430.82,Asus X01AD,Asus,Blink,[object Object],Chrome Mobile 90.0.4430.82 on Asus X01AD (Android 9),2021-05-06T05:40:32.161Z,直立,あ,false,100.80000000000001,78.9,12.3,9,8.8,0.2,9.4,-0.8,-1.7000000000000002,1,0.6000000000000001,-4.6
Chrome Mobile,90.0.4430.82,Asus X01AD,Asus,Blink,[object Object],Chrome Mobile 90.0.4430.82 on Asus X01AD (Android 9),2021-05-06T05:40:32.362Z,直立,あ,false,116.10000000000001,73.8,-12.700000000000001,-7.9,12.600000000000001,6.9,-8.5,3.3000000000000003,4.2,13.200000000000003,17.400000000000002,-2.1
Chrome Mobile,90.0.4430.82,Asus X01AD,Asus,Blink,[object Object],Chrome Mobile 90.0.4430.82 on Asus X01AD (Android 9),2021-05-06T05:40:32.563Z,直立,あ,false,96.4,79.5,16.3,8.200000000000001,7.4,1.1,8.700000000000001,-2.1,-0.6000000000000001,3.7000000000000006,-7.500000000000001,-4.300000000000001
Chrome Mobile,90.0.4430.82,Asus X01AD,Asus,Blink,[object Object],Chrome Mobile 90.0.4430.82 on Asus X01AD (Android 9),2021-05-06T05:40:32.763Z,直立,あ,false,111.9,73,-7.7,-9.1,13,9.3,-9.4,3.6,6.4,-4.9,11.4,-16.3
Chrome Mobile,90.0.4430.82,Asus X01AD,Asus,Blink,[object Object],Chrome Mobile 90.0.4430.82 on Asus X01AD (Android 9),2021-05-06T05:40:32.964Z,直立,あ,false,89.4,79.10000000000001,24.8,7,7.5,1.9000000000000001,7.800000000000001,-2,0.2,1.8000000000000003,-3.9,-7.500000000000001
Chrome Mobile,90.0.4430.82,Asus X01AD,Asus,Blink,[object Object],Chrome Mobile 90.0.4430.82 on Asus X01AD (Android 9),2021-05-06T05:40:33.165Z,直立,あ,false,110.60000000000001,72.2,-5.7,-9.4,13.700000000000001,9.600000000000001,-9.8,4.6000000000000005,6.800000000000001,-11.000000000000002,-24.7,1.6
Chrome Mobile,90.0.4430.82,Asus X01AD,Asus,Blink,[object Object],Chrome Mobile 90.0.4430.82 on Asus X01AD (Android 9),2021-05-06T05:40:33.365Z,直立,あ,false,97.9,81.60000000000001,17,10.5,7.9,-1.2000000000000002,10.9,-1.7000000000000002,-2.6,-8.600000000000001,3.9,-17.1
Chrome Mobile,90.0.4430.82,Asus X01AD,Asus,Blink,[object Object],Chrome Mobile 90.0.4430.82 on Asus X01AD (Android 9),2021-05-06T05:40:33.566Z,直立,あ,false,104.4,72.4,4.1000000000000005,-9.9,13.4,9.600000000000001,-9.700000000000001,4.1000000000000005,6.7,-3.5,26.300000000000004,-10
Chrome Mobile,90.0.4430.82,Asus X01AD,Asus,Blink,[object Object],Chrome Mobile 90.0.4430.82 on Asus X01AD (Android 9),2021-05-06T05:40:33.767Z,直立,あ,false,87.7,80.5,30.8,8.6,7.4,-0.9,9.4,-2.1,-2.3000000000000003,-4.2,-8.899999999999999,-4.300000000000001
Chrome Mobile,90.0.4430.82,Asus X01AD,Asus,Blink,[object Object],Chrome Mobile 90.0.4430.82 on Asus X01AD (Android 9),2021-05-06T05:40:33.968Z,直立,あ,false,103.9,73.2,7.4,-8.700000000000001,11.5,7.4,-8.3,2.1,4.6000000000000005,22.6,56.9,-14.100000000000001
Chrome Mobile,90.0.4430.82,Asus X01AD,Asus,Blink,[object Object],Chrome Mobile 90.0.4430.82 on Asus X01AD (Android 9),2021-05-06T05:40:34.169Z,直立,あ,false,92.30000000000001,79.2,28.200000000000003,3.5,5.300000000000001,-0.9,4.3,-4.2,-2.5,-9.2,-37.2,19
Chrome Mobile,90.0.4430.82,Asus X01AD,Asus,Blink,[object Object],Chrome Mobile 90.0.4430.82 on Asus X01AD (Android 9),2021-05-06T05:40:34.370Z,直立,あ,false,104.10000000000001,72,8.8,-6.7,10.200000000000001,6.4,-7.5,1.7000000000000002,4.800000000000001,55.7,85.5,-17.1
Chrome Mobile,90.0.4430.82,Asus X01AD,Asus,Blink,[object Object],Chrome Mobile 90.0.4430.82 on Asus X01AD (Android 9),2021-05-06T05:40:34.571Z,直立,あ,false,102.5,78.4,17.6,4.4,7.1000000000000005,1,5,-2.4000000000000004,-0.9,-12.600000000000001,-19.700000000000003,6.300000000000001
Chrome Mobile,90.0.4430.82,Asus X01AD,Asus,Blink,[object Object],Chrome Mobile 90.0.4430.82 on Asus X01AD (Android 9),2021-05-06T05:40:34.771Z,直立,あ,false,108,73.4,5.7,-5.7,10.100000000000001,5.5,-5.4,0.7000000000000001,2.7,34.400000000000006,78.4,-17.300000000000004
Chrome Mobile,90.0.4430.82,Asus X01AD,Asus,Blink,[object Object],Chrome Mobile 90.0.4430.82 on Asus X01AD (Android 9),2021-05-06T05:40:34.972Z,直立,あ,false,103,77.30000000000001,13.3,2.2,6.2,0.9,2.7,-3.2,-1.1,-12.5,-68.1,9.3
Chrome Mobile,90.0.4430.82,Asus X01AD,Asus,Blink,[object Object],Chrome Mobile 90.0.4430.82 on Asus X01AD (Android 9),2021-05-06T05:40:35.173Z,直立,あ,false,103.5,73,10.100000000000001,-3.5,8.6,4.2,-3,-0.8,1.4000000000000001,47,114.3,-7.300000000000001
Chrome Mobile,90.0.4430.82,Asus X01AD,Asus,Blink,[object Object],Chrome Mobile 90.0.4430.82 on Asus X01AD (Android 9),2021-05-06T05:40:35.374Z,直立,あ,false,114.5,78.9,3.1,2.6,6.7,-1.7000000000000002,2.7,-2.8000000000000003,-3.5,-6.4,-64.2,40.4
Chrome Mobile,90.0.4430.82,Asus X01AD,Asus,Blink,[object Object],Chrome Mobile 90.0.4430.82 on Asus X01AD (Android 9),2021-05-06T05:40:35.575Z,直立,あ,false,109.2,74.8,6.6000000000000005,-2.7,8.5,2.4000000000000004,-2.4000000000000004,-0.9,-0.1,38.800000000000004,87.80000000000001,-34.400000000000006
Chrome Mobile,90.0.4430.82,Asus X01AD,Asus,Blink,[object Object],Chrome Mobile 90.0.4430.82 on Asus X01AD (Android 9),2021-05-06T05:40:35.776Z,直立,あ,false,111.2,77,5.800000000000001,1.3,6.7,0.2,1.5,-2.7,-2,-8.100000000000001,-86.7,36.300000000000004
Chrome Mobile,90.0.4430.82,Asus X01AD,Asus,Blink,[object Object],Chrome Mobile 90.0.4430.82 on Asus X01AD (Android 9),2021-05-06T05:40:35.982Z,直立,あ,false,106.2,73.7,8.8,-3.3000000000000003,8.6,2.8000000000000003,-2.9000000000000004,-0.8,0.1,43.2,98.39999999999999,-24
Chrome Mobile,90.0.4430.82,Asus X01AD,Asus,Blink,[object Object],Chrome Mobile 90.0.4430.82 on Asus X01AD (Android 9),2021-05-06T05:40:36.184Z,直立,あ,false,108.2,76.3,8,0.7000000000000001,6.800000000000001,1.2000000000000002,1,-2.6,-1.1,-14.700000000000001,-66.2,20.7
Chrome Mobile,90.0.4430.82,Asus X01AD,Asus,Blink,[object Object],Chrome Mobile 90.0.4430.82 on Asus X01AD (Android 9),2021-05-06T05:40:36.385Z,直立,あ,false,105.5,74,7.800000000000001,-4,8.6,3,-3.6,-0.8,0.4,45.7,94.2,-26.1
Chrome Mobile,90.0.4430.82,Asus X01AD,Asus,Blink,[object Object],Chrome Mobile 90.0.4430.82 on Asus X01AD (Android 9),2021-05-06T05:40:36.585Z,直立,あ,false,116.80000000000001,77.2,-0.30000000000000004,-0.1,7.2,-0.2,0,-2.2,-2.3000000000000003,-25.7,-64.2,37.400000000000006
Chrome Mobile,90.0.4430.82,Asus X01AD,Asus,Blink,[object Object],Chrome Mobile 90.0.4430.82 on Asus X01AD (Android 9),2021-05-06T05:40:36.788Z,直立,あ,false,109.2,76.5,9.600000000000001,2.5,8.1,-0.5,1.2000000000000002,-1.4000000000000001,-1.6,62.7,61.39999999999999,-5.9
Chrome Mobile,90.0.4430.82,Asus X01AD,Asus,Blink,[object Object],Chrome Mobile 90.0.4430.82 on Asus X01AD (Android 9),2021-05-06T05:40:36.989Z,直立,あ,false,114.5,77,1,-2,8.3,1,-1.9000000000000001,-1.1,-1.2000000000000002,-25.1,-83.60000000000001,41.50000000000001
Chrome Mobile,90.0.4430.82,Asus X01AD,Asus,Blink,[object Object],Chrome Mobile 90.0.4430.82 on Asus X01AD (Android 9),2021-05-06T05:40:37.190Z,直立,あ,false,99.4,75.9,17.3,3.6,9.3,-0.2,4.3,-0.2,-2.4000000000000004,49.699999999999996,48.10000000000001,-5.8
Chrome Mobile,90.0.4430.82,Asus X01AD,Asus,Blink,[object Object],Chrome Mobile 90.0.4430.82 on Asus X01AD (Android 9),2021-05-06T05:40:37.391Z,直立,あ,false,119.4,76.10000000000001,-9.700000000000001,-6.800000000000001,11.700000000000001,5,-7.1000000000000005,2.3000000000000003,2.7,-53.300000000000004,-70.2,33.800000000000004
Chrome Mobile,90.0.4430.82,Asus X01AD,Asus,Blink,[object Object],Chrome Mobile 90.0.4430.82 on Asus X01AD (Android 9),2021-05-06T05:40:37.591Z,直立,あ,false,97.60000000000001,77.7,20.3,6.9,9.5,0.2,7.6000000000000005,0,-1.8,9.700000000000001,36.9,-10.5
Chrome Mobile,90.0.4430.82,Asus X01AD,Asus,Blink,[object Object],Chrome Mobile 90.0.4430.82 on Asus X01AD (Android 9),2021-05-06T05:40:37.792Z,直立,あ,false,118.30000000000001,75.7,-11,-8.200000000000001,11.700000000000001,5.1000000000000005,-8.700000000000001,2.3000000000000003,2.7,-51.6,-52.2,10.4
Chrome Mobile,90.0.4430.82,Asus X01AD,Asus,Blink,[object Object],Chrome Mobile 90.0.4430.82 on Asus X01AD (Android 9),2021-05-06T05:40:37.993Z,直立,あ,false,92,78.9,23.3,8.5,10.3,1.7000000000000002,9.200000000000001,0.8,0,6.300000000000001,10.1,-19.1
Chrome Mobile,90.0.4430.82,Asus X01AD,Asus,Blink,[object Object],Chrome Mobile 90.0.4430.82 on Asus X01AD (Android 9),2021-05-06T05:40:38.193Z,直立,あ,false,124.60000000000001,76.10000000000001,-19.400000000000002,-3.2,11.5,1.8,-4,2.2,-0.4,-67.9,-70.6,56.7
Chrome Mobile,90.0.4430.82,Asus X01AD,Asus,Blink,[object Object],Chrome Mobile 90.0.4430.82 on Asus X01AD (Android 9),2021-05-06T05:40:38.394Z,直立,あ,false,103.10000000000001,76,9.3,4.2,9.4,2.4000000000000004,4.5,-0.1,0,11.3,52.7,-16.8
Chrome Mobile,90.0.4430.82,Asus X01AD,Asus,Blink,[object Object],Chrome Mobile 90.0.4430.82 on Asus X01AD (Android 9),2021-05-06T05:40:38.595Z,直立,あ,false,119.4,75.60000000000001,-12.700000000000001,-0.30000000000000004,8.5,1.7000000000000002,-0.8,-0.9,-0.6000000000000001,-32.2,-102.10000000000001,47.2
Chrome Mobile,90.0.4430.82,Asus X01AD,Asus,Blink,[object Object],Chrome Mobile 90.0.4430.82 on Asus X01AD (Android 9),2021-05-06T05:40:38.795Z,直立,あ,false,103.2,76.3,7.5,5.300000000000001,9.8,-0.30000000000000004,5.6000000000000005,0.30000000000000004,-2.6,57.00000000000001,48.6,-23.400000000000002
Chrome Mobile,90.0.4430.82,Asus X01AD,Asus,Blink,[object Object],Chrome Mobile 90.0.4430.82 on Asus X01AD (Android 9),2021-05-06T05:40:38.996Z,直立,あ,false,115.7,76.2,-12,-2.5,8.5,2.4000000000000004,-2.9000000000000004,-0.9,0.30000000000000004,-45.6,-89,42.2
Chrome Mobile,90.0.4430.82,Asus X01AD,Asus,Blink,[object Object],Chrome Mobile 90.0.4430.82 on Asus X01AD (Android 9),2021-05-06T05:40:39.197Z,直立,あ,false,96.10000000000001,77.5,14,2.5,9.1,0.1,3,-0.4,-2,39.599999999999994,95.5,-30.200000000000003
Chrome Mobile,90.0.4430.82,Asus X01AD,Asus,Blink,[object Object],Chrome Mobile 90.0.4430.82 on Asus X01AD (Android 9),2021-05-06T05:40:39.398Z,直立,あ,false,126.7,77.80000000000001,-21,-1.5,8.8,1.6,-2.3000000000000003,-0.6000000000000001,-0.30000000000000004,-43.00000000000001,-98.8,52.400000000000006
Chrome Mobile,90.0.4430.82,Asus X01AD,Asus,Blink,[object Object],Chrome Mobile 90.0.4430.82 on Asus X01AD (Android 9),2021-05-06T05:40:39.599Z,直立,あ,false,96.2,77.9,14.100000000000001,1.9000000000000001,8.700000000000001,0.5,2.4000000000000004,-0.8,-1.5,37.400000000000006,66.9,-26.799999999999997
Chrome Mobile,90.0.4430.82,Asus X01AD,Asus,Blink,[object Object],Chrome Mobile 90.0.4430.82 on Asus X01AD (Android 9),2021-05-06T05:40:39.799Z,直立,あ,false,115.80000000000001,78,-8.700000000000001,-2.4000000000000004,7.800000000000001,1.9000000000000001,-1,-2,-0.8,-29,-87.10000000000001,53.8
Chrome Mobile,90.0.4430.82,Asus X01AD,Asus,Blink,[object Object],Chrome Mobile 90.0.4430.82 on Asus X01AD (Android 9),2021-05-06T05:40:40.000Z,直立,あ,false,101.30000000000001,75.9,10.200000000000001,-0.1,8.4,0.9,0.30000000000000004,-1.1,-1.4000000000000001,49.1,86.4,-29.600000000000005
Chrome Mobile,90.0.4430.82,Asus X01AD,Asus,Blink,[object Object],Chrome Mobile 90.0.4430.82 on Asus X01AD (Android 9),2021-05-06T05:40:40.201Z,直立,あ,false,114.9,77.60000000000001,-7.2,-1.3,7.2,1.1,-1.6,-2.2,-1,-23.6,-111.20000000000002,48.50000000000001
Chrome Mobile,90.0.4430.82,Asus X01AD,Asus,Blink,[object Object],Chrome Mobile 90.0.4430.82 on Asus X01AD (Android 9),2021-05-06T05:40:40.402Z,直立,あ,false,97.30000000000001,77,13.600000000000001,6,9.5,-1.1,6.5,0,-3.2,56.2,55.1,7.200000000000001
Chrome Mobile,90.0.4430.82,Asus X01AD,Asus,Blink,[object Object],Chrome Mobile 90.0.4430.82 on Asus X01AD (Android 9),2021-05-06T05:40:40.603Z,直立,あ,false,121.80000000000001,75.5,-16.7,-4,9.700000000000001,0.7000000000000001,-4.7,0.4,-1.6,-58.7,-81.50000000000001,51.70000000000001
Chrome Mobile,90.0.4430.82,Asus X01AD,Asus,Blink,[object Object],Chrome Mobile 90.0.4430.82 on Asus X01AD (Android 9),2021-05-06T05:40:40.803Z,直立,あ,false,102.30000000000001,75.5,9.8,6.6000000000000005,8.700000000000001,-0.1,7,-0.8,-2.5,43.2,52.2,0.1
Chrome Mobile,90.0.4430.82,Asus X01AD,Asus,Blink,[object Object],Chrome Mobile 90.0.4430.82 on Asus X01AD (Android 9),2021-05-06T05:40:41.004Z,直立,あ,false,120.10000000000001,74.3,-14.3,-6.1000000000000005,10.700000000000001,3.3000000000000003,-6.7,1.4000000000000001,0.8,-51.50000000000001,-70.7,35.599999999999994
Chrome Mobile,90.0.4430.82,Asus X01AD,Asus,Blink,[object Object],Chrome Mobile 90.0.4430.82 on Asus X01AD (Android 9),2021-05-06T05:40:41.204Z,直立,あ,false,102,75.7,14.3,5.800000000000001,9.5,1.8,6.4,0.1,-0.5,20.2,59.80000000000001,-3.3000000000000007
Chrome Mobile,90.0.4430.82,Asus X01AD,Asus,Blink,[object Object],Chrome Mobile 90.0.4430.82 on Asus X01AD (Android 9),2021-05-06T05:40:41.405Z,直立,あ,false,118.80000000000001,73.4,-11.600000000000001,-4.6000000000000005,10.8,5,-5.1000000000000005,1.6,2.3000000000000003,-68.2,-73.4,26.200000000000003
Chrome Mobile,90.0.4430.82,Asus X01AD,Asus,Blink,[object Object],Chrome Mobile 90.0.4430.82 on Asus X01AD (Android 9),2021-05-06T05:40:41.606Z,直立,あ,false,99.80000000000001,75.9,13,4.9,9.200000000000001,1.6,5.5,-0.2,-0.7000000000000001,35.8,50.400000000000006,2.8
Chrome Mobile,90.0.4430.82,Asus X01AD,Asus,Blink,[object Object],Chrome Mobile 90.0.4430.82 on Asus X01AD (Android 9),2021-05-06T05:40:41.807Z,直立,あ,false,116.80000000000001,72.8,-13,-9.3,12.600000000000001,8.700000000000001,-9.200000000000001,2.7,5.5,-30.1,-66.3,22.2
Chrome Mobile,90.0.4430.82,Asus X01AD,Asus,Blink,[object Object],Chrome Mobile 90.0.4430.82 on Asus X01AD (Android 9),2021-05-06T05:40:42.017Z,直立,あ,false,105.10000000000001,77.7,5.2,10.8,9.200000000000001,3.1,11,-0.4,1,4.5,-2.6,-3
Chrome Mobile,90.0.4430.82,Asus X01AD,Asus,Blink,[object Object],Chrome Mobile 90.0.4430.82 on Asus X01AD (Android 9),2021-05-06T05:40:42.217Z,直立,あ,false,111.4,69.7,-8.9,-9.600000000000001,12.8,10.8,-10.100000000000001,3.7,7.5,-46.9,-16.900000000000002,-3.7000000000000006
Chrome Mobile,90.0.4430.82,Asus X01AD,Asus,Blink,[object Object],Chrome Mobile 90.0.4430.82 on Asus X01AD (Android 9),2021-05-06T05:40:42.419Z,直立,あ,false,101.9,75.2,10,8.1,8.3,3.1,8.5,-1.1,0.6000000000000001,-2.5,3.3000000000000007,6.300000000000001
Chrome Mobile,90.0.4430.82,Asus X01AD,Asus,Blink,[object Object],Chrome Mobile 90.0.4430.82 on Asus X01AD (Android 9),2021-05-06T05:40:42.619Z,直立,あ,false,108.60000000000001,70.7,-3.3000000000000003,-6.6000000000000005,11.600000000000001,6.6000000000000005,-6.800000000000001,2.4000000000000004,3.4000000000000004,31.6,50.900000000000006,-6
Chrome Mobile,90.0.4430.82,Asus X01AD,Asus,Blink,[object Object],Chrome Mobile 90.0.4430.82 on Asus X01AD (Android 9),2021-05-06T05:40:42.820Z,直立,あ,false,107.10000000000001,76.3,4.1000000000000005,3.6,6.800000000000001,1,3.8000000000000003,-2.6,-1.3,-18,-46.199999999999996,10
Chrome Mobile,90.0.4430.82,Asus X01AD,Asus,Blink,[object Object],Chrome Mobile 90.0.4430.82 on Asus X01AD (Android 9),2021-05-06T05:40:43.020Z,直立,あ,false,102.10000000000001,72,2.9000000000000004,-5.5,8.5,3.6,-5.300000000000001,-0.8,0.6000000000000001,30.000000000000004,104.80000000000001,-29.500000000000004
Chrome Mobile,90.0.4430.82,Asus X01AD,Asus,Blink,[object Object],Chrome Mobile 90.0.4430.82 on Asus X01AD (Android 9),2021-05-06T05:40:43.221Z,直立,あ,false,107.9,76.9,3.8000000000000003,2.9000000000000004,6.300000000000001,-0.4,3.1,-3.1,-2.6,-10.700000000000001,-79.00000000000001,19.700000000000003
Chrome Mobile,90.0.4430.82,Asus X01AD,Asus,Blink,[object Object],Chrome Mobile 90.0.4430.82 on Asus X01AD (Android 9),2021-05-06T05:40:43.421Z,直立,あ,false,101.5,72.4,7.2,-2.8000000000000003,9.200000000000001,2.7,-2.4000000000000004,-0.1,-0.30000000000000004,34.300000000000004,93.89999999999999,-32.300000000000004
Chrome Mobile,90.0.4430.82,Asus X01AD,Asus,Blink,[object Object],Chrome Mobile 90.0.4430.82 on Asus X01AD (Android 9),2021-05-06T05:40:43.622Z,直立,あ,false,101,76.9,9.200000000000001,0.9,6.1000000000000005,-0.1,1.3,-3.3000000000000003,-2.2,-10.9,-95.4,46.300000000000004
Chrome Mobile,90.0.4430.82,Asus X01AD,Asus,Blink,[object Object],Chrome Mobile 90.0.4430.82 on Asus X01AD (Android 9),2021-05-06T05:40:43.823Z,直立,あ,false,103,73.7,6.1000000000000005,-1.7000000000000002,8.5,0.7000000000000001,-1.4000000000000001,-0.8,-2,33.300000000000004,86.7,-23.5
Chrome Mobile,90.0.4430.82,Asus X01AD,Asus,Blink,[object Object],Chrome Mobile 90.0.4430.82 on Asus X01AD (Android 9),2021-05-06T05:40:44.023Z,直立,あ,false,128.1,77.10000000000001,-20.6,4.2,8.200000000000001,0.2,3.4000000000000004,-1.2000000000000002,-1.9000000000000001,-42.7,-84.3,35.8
Chrome Mobile,90.0.4430.82,Asus X01AD,Asus,Blink,[object Object],Chrome Mobile 90.0.4430.82 on Asus X01AD (Android 9),2021-05-06T05:40:44.224Z,直立,あ,false,105.4,74.9,6.300000000000001,0.6000000000000001,8.9,0.9,0.9,-0.5,-1.6,53.9,91.50000000000001,-13.000000000000002
Chrome Mobile,90.0.4430.82,Asus X01AD,Asus,Blink,[object Object],Chrome Mobile 90.0.4430.82 on Asus X01AD (Android 9),2021-05-06T05:40:44.425Z,直立,あ,false,116.2,75.7,-8.3,-2.4000000000000004,7.6000000000000005,2.2,-2.7,-1.8,-0.1,-41.800000000000004,-90.5,49.699999999999996
Chrome Mobile,90.0.4430.82,Asus X01AD,Asus,Blink,[object Object],Chrome Mobile 90.0.4430.82 on Asus X01AD (Android 9),2021-05-06T05:40:44.625Z,直立,あ,false,102.80000000000001,73.9,9.4,1.5,8.9,0.8,1.9000000000000001,-0.5,-1.9000000000000001,54.1,86.4,-31
Chrome Mobile,90.0.4430.82,Asus X01AD,Asus,Blink,[object Object],Chrome Mobile 90.0.4430.82 on Asus X01AD (Android 9),2021-05-06T05:40:44.826Z,直立,あ,false,123.10000000000001,75.9,-15,-1.2000000000000002,9.700000000000001,2.5,-1.8,0.4,0.2,-35.4,-104.00000000000001,54.1
Chrome Mobile,90.0.4430.82,Asus X01AD,Asus,Blink,[object Object],Chrome Mobile 90.0.4430.82 on Asus X01AD (Android 9),2021-05-06T05:40:45.027Z,直立,あ,false,107.4,76.7,4.7,3.8000000000000003,9.5,0.8,4,0,-1.5,41.4,77.00000000000001,-12.600000000000001
Chrome Mobile,90.0.4430.82,Asus X01AD,Asus,Blink,[object Object],Chrome Mobile 90.0.4430.82 on Asus X01AD (Android 9),2021-05-06T05:40:45.227Z,直立,あ,false,127.5,75.9,-20.400000000000002,-3.2,10.200000000000001,2.4000000000000004,-4,0.9,0.2,-57.00000000000001,-66.60000000000001,51.70000000000001
Chrome Mobile,90.0.4430.82,Asus X01AD,Asus,Blink,[object Object],Chrome Mobile 90.0.4430.82 on Asus X01AD (Android 9),2021-05-06T05:40:45.428Z,直立,あ,false,106.30000000000001,77.10000000000001,8,4.1000000000000005,8.5,0.2,3.2,-1,-1.3,42.60000000000001,31.7,-12.200000000000001
Chrome Mobile,90.0.4430.82,Asus X01AD,Asus,Blink,[object Object],Chrome Mobile 90.0.4430.82 on Asus X01AD (Android 9),2021-05-06T05:40:45.629Z,直立,あ,false,127,75.9,-20.200000000000003,-2.3000000000000003,10.4,3.9000000000000004,-3.1,1.1,1.7000000000000002,-48.9,-97.60000000000001,43.2
Chrome Mobile,90.0.4430.82,Asus X01AD,Asus,Blink,[object Object],Chrome Mobile 90.0.4430.82 on Asus X01AD (Android 9),2021-05-06T05:40:45.829Z,直立,あ,false,106.2,77.10000000000001,6.5,7.2,9.700000000000001,-0.8,7.5,0.2,-2.9000000000000004,37.7,49.1,0.9000000000000001
Chrome Mobile,90.0.4430.82,Asus X01AD,Asus,Blink,[object Object],Chrome Mobile 90.0.4430.82 on Asus X01AD (Android 9),2021-05-06T05:40:46.030Z,直立,あ,false,125.2,74.8,-19.1,-8.1,11.700000000000001,4.9,-8.9,2.4000000000000004,2.5,-66.4,-29.300000000000004,19.400000000000002
Chrome Mobile,90.0.4430.82,Asus X01AD,Asus,Blink,[object Object],Chrome Mobile 90.0.4430.82 on Asus X01AD (Android 9),2021-05-06T05:40:46.231Z,直立,あ,false,105.2,78.4,8.6,8.8,10,1.1,9.1,0.5,-0.8,7.500000000000001,7.1000000000000005,-29.1
Chrome Mobile,90.0.4430.82,Asus X01AD,Asus,Blink,[object Object],Chrome Mobile 90.0.4430.82 on Asus X01AD (Android 9),2021-05-06T05:40:46.432Z,直立,あ,false,117.5,73.2,-13.100000000000001,-7.1000000000000005,12.600000000000001,5.9,-7.7,3.3000000000000003,3.2,-50.1,-64.80000000000001,30.3
Chrome Mobile,90.0.4430.82,Asus X01AD,Asus,Blink,[object Object],Chrome Mobile 90.0.4430.82 on Asus X01AD (Android 9),2021-05-06T05:40:46.633Z,直立,あ,false,108,78.7,5.2,11,9.9,2.5,11.200000000000001,0.30000000000000004,0.6000000000000001,27.5,-6.500000000000001,4.6
Chrome Mobile,90.0.4430.82,Asus X01AD,Asus,Blink,[object Object],Chrome Mobile 90.0.4430.82 on Asus X01AD (Android 9),2021-05-06T05:40:46.834Z,直立,あ,false,125.2,72.60000000000001,-21.900000000000002,-7.5,14,9.600000000000001,-8.6,4.800000000000001,6.9,-50.3,-24.1,-2.7
Chrome Mobile,90.0.4430.82,Asus X01AD,Asus,Blink,[object Object],Chrome Mobile 90.0.4430.82 on Asus X01AD (Android 9),2021-05-06T05:40:47.034Z,直立,あ,false,112.2,79.10000000000001,0.30000000000000004,12,9.3,3.4000000000000004,12,-0.30000000000000004,1.6,31.099999999999998,-40.6,12.8
Chrome Mobile,90.0.4430.82,Asus X01AD,Asus,Blink,[object Object],Chrome Mobile 90.0.4430.82 on Asus X01AD (Android 9),2021-05-06T05:40:47.235Z,直立,あ,false,120.2,72.4,-17.900000000000002,-8.700000000000001,13,7.800000000000001,-9.700000000000001,3.7,5,-6.1000000000000005,19.6,-23.400000000000002
Chrome Mobile,90.0.4430.82,Asus X01AD,Asus,Blink,[object Object],Chrome Mobile 90.0.4430.82 on Asus X01AD (Android 9),2021-05-06T05:40:47.435Z,直立,あ,false,108.4,78.7,5.5,10.9,8.200000000000001,0.8,11.100000000000001,-1.4000000000000001,-1.1,5.8,-9.100000000000001,0.8
Chrome Mobile,90.0.4430.82,Asus X01AD,Asus,Blink,[object Object],Chrome Mobile 90.0.4430.82 on Asus X01AD (Android 9),2021-05-06T05:40:47.636Z,直立,あ,false,109.5,71.5,-6.6000000000000005,-11,11.5,10.100000000000001,-11.3,2.3000000000000003,7,11.1,53.8,-28.700000000000003
Chrome Mobile,90.0.4430.82,Asus X01AD,Asus,Blink,[object Object],Chrome Mobile 90.0.4430.82 on Asus X01AD (Android 9),2021-05-06T05:40:47.837Z,直立,あ,false,111.60000000000001,78.9,-0.8,5.2,6.6000000000000005,0.1,5.2,-2.9000000000000004,-1.8,0.30000000000000004,-41,26.300000000000004
Chrome Mobile,90.0.4430.82,Asus X01AD,Asus,Blink,[object Object],Chrome Mobile 90.0.4430.82 on Asus X01AD (Android 9),2021-05-06T05:40:48.043Z,直立,あ,false,116.80000000000001,71.60000000000001,-13.4,-5.6000000000000005,10.8,5.1000000000000005,-6.300000000000001,1.5,2.1,35,93.4,-22.3
Chrome Mobile,90.0.4430.82,Asus X01AD,Asus,Blink,[object Object],Chrome Mobile 90.0.4430.82 on Asus X01AD (Android 9),2021-05-06T05:40:48.247Z,直立,あ,false,119.7,77.4,-7.800000000000001,6.7,6.7,-0.1,5.1000000000000005,-2.9000000000000004,-2.5,-5.6,-40.7,10.5
Chrome Mobile,90.0.4430.82,Asus X01AD,Asus,Blink,[object Object],Chrome Mobile 90.0.4430.82 on Asus X01AD (Android 9),2021-05-06T05:40:48.448Z,直立,あ,false,110.30000000000001,72.9,-7,-5.800000000000001,8.9,4.2,-6.1000000000000005,-0.4,1.3,56.10000000000001,85.30000000000001,-20.7
Chrome Mobile,90.0.4430.82,Asus X01AD,Asus,Blink,[object Object],Chrome Mobile 90.0.4430.82 on Asus X01AD (Android 9),2021-05-06T05:40:48.648Z,直立,あ,false,116.80000000000001,77.4,-8.1,3.4000000000000004,6.7,0.30000000000000004,3.1,-2.7,-1.7000000000000002,-14,-49,26.200000000000003
Chrome Mobile,90.0.4430.82,Asus X01AD,Asus,Blink,[object Object],Chrome Mobile 90.0.4430.82 on Asus X01AD (Android 9),2021-05-06T05:40:48.849Z,直立,あ,false,113.9,72.5,-5.7,-2,9.700000000000001,1.8,-2.3000000000000003,0.4,-1.2000000000000002,46,106.80000000000001,-29.200000000000003
Chrome Mobile,90.0.4430.82,Asus X01AD,Asus,Blink,[object Object],Chrome Mobile 90.0.4430.82 on Asus X01AD (Android 9),2021-05-06T05:40:49.049Z,直立,あ,false,116.9,76.10000000000001,-4.2,2.2,6.5,0.2,2,-2.8000000000000003,-2.1,-7.1000000000000005,-74.89999999999999,47
Chrome Mobile,90.0.4430.82,Asus X01AD,Asus,Blink,[object Object],Chrome Mobile 90.0.4430.82 on Asus X01AD (Android 9),2021-05-06T05:40:49.251Z,直立,あ,false,117,72.4,-7.800000000000001,-2.9000000000000004,9.4,3.5,-3.3000000000000003,0,0.6000000000000001,61.9,82.7,-13.000000000000002
Chrome Mobile,90.0.4430.82,Asus X01AD,Asus,Blink,[object Object],Chrome Mobile 90.0.4430.82 on Asus X01AD (Android 9),2021-05-06T05:40:49.452Z,直立,あ,false,128.5,76.60000000000001,-17.7,1.3,6.5,0.30000000000000004,0.6000000000000001,-2.9000000000000004,-1.9000000000000001,-19.400000000000002,-78.2,42.800000000000004
Chrome Mobile,90.0.4430.82,Asus X01AD,Asus,Blink,[object Object],Chrome Mobile 90.0.4430.82 on Asus X01AD (Android 9),2021-05-06T05:40:49.653Z,直立,あ,false,120.9,73.60000000000001,-12.100000000000001,-0.4,9.700000000000001,1.3,-1,0.30000000000000004,-1.4000000000000001,75.1,72.7,-27.5
Chrome Mobile,90.0.4430.82,Asus X01AD,Asus,Blink,[object Object],Chrome Mobile 90.0.4430.82 on Asus X01AD (Android 9),2021-05-06T05:40:49.854Z,直立,あ,false,129.70000000000002,77.7,-19.400000000000002,2.2,6.300000000000001,-1.1,1.5,-3.1,-3.1,-24.599999999999998,-76.4,32.400000000000006
Chrome Mobile,90.0.4430.82,Asus X01AD,Asus,Blink,[object Object],Chrome Mobile 90.0.4430.82 on Asus X01AD (Android 9),2021-05-06T05:40:50.054Z,直立,あ,false,124.10000000000001,74.9,-16.8,-1.8,8.5,0.2,-2.5,-0.9,-2.3000000000000003,38.900000000000006,94,-32.7
Chrome Mobile,90.0.4430.82,Asus X01AD,Asus,Blink,[object Object],Chrome Mobile 90.0.4430.82 on Asus X01AD (Android 9),2021-05-06T05:40:50.255Z,直立,あ,false,133.1,76.80000000000001,-21.1,1.7000000000000002,6.9,-0.5,0.9,-2.5,-2.5,-28.3,-52.7,35.699999999999996
Chrome Mobile,90.0.4430.82,Asus X01AD,Asus,Blink,[object Object],Chrome Mobile 90.0.4430.82 on Asus X01AD (Android 9),2021-05-06T05:40:50.459Z,直立,あ,false,126.80000000000001,75.7,-13.5,1.3,8.8,-0.1,0.7000000000000001,-0.7000000000000001,-2.4000000000000004,50.1,73.10000000000001,-36.5
Chrome Mobile,90.0.4430.82,Asus X01AD,Asus,Blink,[object Object],Chrome Mobile 90.0.4430.82 on Asus X01AD (Android 9),2021-05-06T05:40:50.660Z,直立,あ,false,126.9,75.4,-18.400000000000002,-3.3000000000000003,7.800000000000001,2.1,-4.1000000000000005,-1.5,-0.2,-37.400000000000006,-88.60000000000001,42.5
Chrome Mobile,90.0.4430.82,Asus X01AD,Asus,Blink,[object Object],Chrome Mobile 90.0.4430.82 on Asus X01AD (Android 9),2021-05-06T05:40:50.861Z,直立,あ,false,115.60000000000001,77,-1.5,4.5,8.3,-1,4.5,-1.2000000000000002,-3.2,46.1,60.400000000000006,-21.500000000000004
Chrome Mobile,90.0.4430.82,Asus X01AD,Asus,Blink,[object Object],Chrome Mobile 90.0.4430.82 on Asus X01AD (Android 9),2021-05-06T05:40:51.061Z,直立,あ,false,130.9,73.7,-23.400000000000002,-2.4000000000000004,10.4,3.2,-3.5,1.1,0.7000000000000001,-54.300000000000004,-76.5,46.300000000000004
Chrome Mobile,90.0.4430.82,Asus X01AD,Asus,Blink,[object Object],Chrome Mobile 90.0.4430.82 on Asus X01AD (Android 9),2021-05-06T05:40:51.262Z,直立,あ,false,118,76.5,-2.7,6.800000000000001,9.1,0,6.7,-0.4,-2.3000000000000003,39.699999999999996,38,-8.2
Chrome Mobile,90.0.4430.82,Asus X01AD,Asus,Blink,[object Object],Chrome Mobile 90.0.4430.82 on Asus X01AD (Android 9),2021-05-06T05:40:51.463Z,直立,あ,false,128.3,73.8,-22.6,-3.2,11.4,3.9000000000000004,-4.2,2.2,1.4000000000000001,-47.2,-88.50000000000001,36.6
Chrome Mobile,90.0.4430.82,Asus X01AD,Asus,Blink,[object Object],Chrome Mobile 90.0.4430.82 on Asus X01AD (Android 9),2021-05-06T05:40:51.664Z,直立,あ,false,117,77.10000000000001,-2.5,7.800000000000001,9,0.7000000000000001,7.7,-0.5,-1.4000000000000001,40.9,33.2,27.400000000000002
Chrome Mobile,90.0.4430.82,Asus X01AD,Asus,Blink,[object Object],Chrome Mobile 90.0.4430.82 on Asus X01AD (Android 9),2021-05-06T05:40:51.867Z,直立,あ,false,126.2,71.3,-21.3,-5.9,13.100000000000001,6,-7.1000000000000005,3.9000000000000004,3.1,-53.9,-44.4,10.600000000000001
Chrome Mobile,90.0.4430.82,Asus X01AD,Asus,Blink,[object Object],Chrome Mobile 90.0.4430.82 on Asus X01AD (Android 9),2021-05-06T05:40:52.068Z,直立,あ,false,108.30000000000001,76.3,5.5,9.5,9.4,3.7,9.700000000000001,-0.1,1.4000000000000001,24.400000000000002,-11.3,2.7
Chrome Mobile,90.0.4430.82,Asus X01AD,Asus,Blink,[object Object],Chrome Mobile 90.0.4430.82 on Asus X01AD (Android 9),2021-05-06T05:40:52.276Z,直立,あ,false,123.9,70,-19.400000000000002,-8.200000000000001,14.100000000000001,7.7,-9.3,4.9,4.6000000000000005,-50.8,-33.9,11.2
Chrome Mobile,90.0.4430.82,Asus X01AD,Asus,Blink,[object Object],Chrome Mobile 90.0.4430.82 on Asus X01AD (Android 9),2021-05-06T05:40:52.477Z,直立,あ,false,104.30000000000001,75.4,9.9,7.2,8.3,3.7,7.6000000000000005,-1.1,1.3,9.5,14.700000000000001,-21
Chrome Mobile,90.0.4430.82,Asus X01AD,Asus,Blink,[object Object],Chrome Mobile 90.0.4430.82 on Asus X01AD (Android 9),2021-05-06T05:40:52.678Z,直立,あ,false,121.80000000000001,69.5,-15.3,-6.6000000000000005,14,7.4,-7.5,5,4.1000000000000005,-54.699999999999996,-41.1,21.6
Chrome Mobile,90.0.4430.82,Asus X01AD,Asus,Blink,[object Object],Chrome Mobile 90.0.4430.82 on Asus X01AD (Android 9),2021-05-06T05:40:52.879Z,直立,あ,false,113.30000000000001,76.60000000000001,2.2,9.4,8.6,2,9.5,-0.9,-0.2,33.1,-9.899999999999999,-5.2
Chrome Mobile,90.0.4430.82,Asus X01AD,Asus,Blink,[object Object],Chrome Mobile 90.0.4430.82 on Asus X01AD (Android 9),2021-05-06T05:40:53.080Z,直立,あ,false,129,71.5,-24.8,-6.6000000000000005,13.700000000000001,7.800000000000001,-7.9,4.5,5,-59.699999999999996,-25.1,5.7
Chrome Mobile,90.0.4430.82,Asus X01AD,Asus,Blink,[object Object],Chrome Mobile 90.0.4430.82 on Asus X01AD (Android 9),2021-05-06T05:40:53.281Z,直立,あ,false,110.5,76.9,4,7.9,9.1,2.6,8.1,-0.5,0.4,26.000000000000004,15.8,-18.4
Chrome Mobile,90.0.4430.82,Asus X01AD,Asus,Blink,[object Object],Chrome Mobile 90.0.4430.82 on Asus X01AD (Android 9),2021-05-06T05:40:53.481Z,直立,あ,false,127,71.4,-20.3,-6.6000000000000005,13.3,5.4,-7.6000000000000005,4.1000000000000005,2.5,-48.10000000000001,-44.300000000000004,32.8
Chrome Mobile,90.0.4430.82,Asus X01AD,Asus,Blink,[object Object],Chrome Mobile 90.0.4430.82 on Asus X01AD (Android 9),2021-05-06T05:40:53.682Z,直立,あ,false,108,76.60000000000001,7.1000000000000005,8.4,7.9,1.4000000000000001,8.700000000000001,-1.5,-0.8,19.6,-0.4,-19.5
Chrome Mobile,90.0.4430.82,Asus X01AD,Asus,Blink,[object Object],Chrome Mobile 90.0.4430.82 on Asus X01AD (Android 9),2021-05-06T05:40:53.883Z,直立,あ,false,120.60000000000001,69.5,-16.900000000000002,-6.9,13.8,10.100000000000001,-7.9,4.7,6.9,-49,-43.4,1.4
Chrome Mobile,90.0.4430.82,Asus X01AD,Asus,Blink,[object Object],Chrome Mobile 90.0.4430.82 on Asus X01AD (Android 9),2021-05-06T05:40:54.089Z,直立,あ,false,107.30000000000001,75.7,6.6000000000000005,8.8,8.700000000000001,2.9000000000000004,9.1,-0.8,0.5,34.7,4.5,-8.2
Chrome Mobile,90.0.4430.82,Asus X01AD,Asus,Blink,[object Object],Chrome Mobile 90.0.4430.82 on Asus X01AD (Android 9),2021-05-06T05:40:54.296Z,直立,あ,false,120.60000000000001,70.4,-16.5,-7.300000000000001,12.9,8.4,-8.3,3.7,5.300000000000001,-27.5,17.300000000000004,-42.400000000000006
Chrome Mobile,90.0.4430.82,Asus X01AD,Asus,Blink,[object Object],Chrome Mobile 90.0.4430.82 on Asus X01AD (Android 9),2021-05-06T05:40:54.497Z,直立,あ,false,104.30000000000001,73.7,10.200000000000001,7,7.9,4.3,7.5,-1.4000000000000001,1.6,-6.1000000000000005,-11.900000000000002,7.8
Chrome Mobile,90.0.4430.82,Asus X01AD,Asus,Blink,[object Object],Chrome Mobile 90.0.4430.82 on Asus X01AD (Android 9),2021-05-06T05:40:54.698Z,直立,あ,false,117.10000000000001,69.10000000000001,-13.600000000000001,-7.1000000000000005,11.600000000000001,7.4,-7.9,2.5,4.1000000000000005,-16.8,-22.5,-9.2
Chrome Mobile,90.0.4430.82,Asus X01AD,Asus,Blink,[object Object],Chrome Mobile 90.0.4430.82 on Asus X01AD (Android 9),2021-05-06T05:40:54.899Z,直立,あ,false,105.4,75.4,4.6000000000000005,8.700000000000001,9.4,2.5,8.9,0,0,16.3,25.200000000000003,-30.699999999999996
Chrome Mobile,90.0.4430.82,Asus X01AD,Asus,Blink,[object Object],Chrome Mobile 90.0.4430.82 on Asus X01AD (Android 9),2021-05-06T05:40:55.099Z,直立,あ,false,117.5,72,-14.8,-7.6000000000000005,12.200000000000001,7.6000000000000005,-8.4,3,4.7,-31.2,-16.900000000000002,10.299999999999999
Chrome Mobile,90.0.4430.82,Asus X01AD,Asus,Blink,[object Object],Chrome Mobile 90.0.4430.82 on Asus X01AD (Android 9),2021-05-06T05:40:55.300Z,直立,あ,false,107.9,76.9,3.2,9.600000000000001,9,1.5,10,0,0,17.6,-12.100000000000001,-11.8
Chrome Mobile,90.0.4430.82,Asus X01AD,Asus,Blink,[object Object],Chrome Mobile 90.0.4430.82 on Asus X01AD (Android 9),2021-05-06T05:40:55.502Z,直立,あ,false,110.30000000000001,71.9,-8.700000000000001,-8.6,11.3,9.3,-9,2,6.300000000000001,-14.800000000000002,35.599999999999994,-38.1
Chrome Mobile,90.0.4430.82,Asus X01AD,Asus,Blink,[object Object],Chrome Mobile 90.0.4430.82 on Asus X01AD (Android 9),2021-05-06T05:40:55.703Z,直立,あ,false,111.80000000000001,77.7,-1.6,5.300000000000001,6.9,0.6000000000000001,5.300000000000001,-2.6,-1.5,-12.299999999999999,-25.8,-0.5
Chrome Mobile,90.0.4430.82,Asus X01AD,Asus,Blink,[object Object],Chrome Mobile 90.0.4430.82 on Asus X01AD (Android 9),2021-05-06T05:40:55.903Z,直立,あ,false,104.9,71.7,-1.1,-6.6000000000000005,10.5,6.6000000000000005,-6.6000000000000005,1.3,3.5,20.8,89.9,-20.1
Chrome Mobile,90.0.4430.82,Asus X01AD,Asus,Blink,[object Object],Chrome Mobile 90.0.4430.82 on Asus X01AD (Android 9),2021-05-06T05:40:56.104Z,直立,あ,false,112.10000000000001,77,-2.2,3.2,6.6000000000000005,0.7000000000000001,3.1,-2.8000000000000003,-1.5,-8.899999999999999,-57.699999999999996,16
Chrome Mobile,90.0.4430.82,Asus X01AD,Asus,Blink,[object Object],Chrome Mobile 90.0.4430.82 on Asus X01AD (Android 9),2021-05-06T05:40:56.305Z,直立,あ,false,107.80000000000001,72.4,-2.8000000000000003,-3,10.200000000000001,3.5,-3.2,0.9,0.5,46.50000000000001,83.2,-25.6
Chrome Mobile,90.0.4430.82,Asus X01AD,Asus,Blink,[object Object],Chrome Mobile 90.0.4430.82 on Asus X01AD (Android 9),2021-05-06T05:40:56.506Z,直立,あ,false,111.5,76.60000000000001,-3.8000000000000003,1,5.800000000000001,0.4,0.9,-3.6,-1.8,-20.400000000000002,-76,32.6
Chrome Mobile,90.0.4430.82,Asus X01AD,Asus,Blink,[object Object],Chrome Mobile 90.0.4430.82 on Asus X01AD (Android 9),2021-05-06T05:40:56.706Z,直立,あ,false,100.7,74.7,8.4,1,9,1.2000000000000002,1.3,-0.5,-1.4000000000000001,71.19999999999999,89.5,-22.9
Chrome Mobile,90.0.4430.82,Asus X01AD,Asus,Blink,[object Object],Chrome Mobile 90.0.4430.82 on Asus X01AD (Android 9),2021-05-06T05:40:56.907Z,直立,あ,false,119.30000000000001,75.60000000000001,-12.8,-2.6,8.8,3.3000000000000003,-3.1,-0.5,1,-40.300000000000004,-102,53.50000000000001
Chrome Mobile,90.0.4430.82,Asus X01AD,Asus,Blink,[object Object],Chrome Mobile 90.0.4430.82 on Asus X01AD (Android 9),2021-05-06T05:40:57.108Z,直立,あ,false,99.9,75.5,14.100000000000001,4,9.5,0.5,4.6000000000000005,0.1,-1.8,24.8,72.4,-32.2
Chrome Mobile,90.0.4430.82,Asus X01AD,Asus,Blink,[object Object],Chrome Mobile 90.0.4430.82 on Asus X01AD (Android 9),2021-05-06T05:40:57.308Z,直立,あ,false,123.5,74.60000000000001,-15.9,-3.4000000000000004,10.600000000000001,4.6000000000000005,-4.1000000000000005,1.4000000000000001,2.2,-59.20000000000001,-92.50000000000001,57.20000000000001
Chrome Mobile,90.0.4430.82,Asus X01AD,Asus,Blink,[object Object],Chrome Mobile 90.0.4430.82 on Asus X01AD (Android 9),2021-05-06T05:40:57.509Z,直立,あ,false,110.30000000000001,76.7,2.7,8.5,9.700000000000001,-1.6,8.6,0.2,-3.8000000000000003,28.1,1.6,-9.4
Chrome Mobile,90.0.4430.82,Asus X01AD,Asus,Blink,[object Object],Chrome Mobile 90.0.4430.82 on Asus X01AD (Android 9),2021-05-06T05:40:57.710Z,直立,あ,false,117.10000000000001,70.7,-12.8,-7.1000000000000005,13.4,7.1000000000000005,-7.800000000000001,4.3,4,-56.800000000000004,-60.00000000000001,23.5
Chrome Mobile,90.0.4430.82,Asus X01AD,Asus,Blink,[object Object],Chrome Mobile 90.0.4430.82 on Asus X01AD (Android 9),2021-05-06T05:40:57.911Z,直立,あ,false,107.7,77.7,5.6000000000000005,10.700000000000001,9.200000000000001,0,10.9,-0.30000000000000004,-2.1,-4.2,10.299999999999999,-17.400000000000002
Chrome Mobile,90.0.4430.82,Asus X01AD,Asus,Blink,[object Object],Chrome Mobile 90.0.4430.82 on Asus X01AD (Android 9),2021-05-06T05:40:58.111Z,直立,あ,false,119.80000000000001,70.9,-16,-7.2,12.9,8.6,-8.1,3.7,5.5,-43.70000000000001,-17.200000000000003,6.600000000000001
Chrome Mobile,90.0.4430.82,Asus X01AD,Asus,Blink,[object Object],Chrome Mobile 90.0.4430.82 on Asus X01AD (Android 9),2021-05-06T05:40:58.312Z,直立,あ,false,110.7,76.4,1.1,10.700000000000001,8.5,1.2000000000000002,10.8,-1,-1.1,-0.6000000000000001,-10.8,-13.700000000000001
Chrome Mobile,90.0.4430.82,Asus X01AD,Asus,Blink,[object Object],Chrome Mobile 90.0.4430.82 on Asus X01AD (Android 9),2021-05-06T05:40:58.513Z,直立,あ,false,123.7,69.60000000000001,-21.200000000000003,-7.4,13.700000000000001,8.700000000000001,-8.6,4.6000000000000005,5.5,-22.4,-34,14.300000000000002
Chrome Mobile,90.0.4430.82,Asus X01AD,Asus,Blink,[object Object],Chrome Mobile 90.0.4430.82 on Asus X01AD (Android 9),2021-05-06T05:40:58.713Z,直立,あ,false,110.30000000000001,77.4,2.6,10.5,9.200000000000001,1,10.600000000000001,-0.4,-1.2000000000000002,-16,11.3,-35.9
Chrome Mobile,90.0.4430.82,Asus X01AD,Asus,Blink,[object Object],Chrome Mobile 90.0.4430.82 on Asus X01AD (Android 9),2021-05-06T05:40:58.914Z,直立,あ,false,122.9,71.60000000000001,-19.900000000000002,-6.9,12.8,7.800000000000001,-7.9,3.6,4.3,-24.400000000000002,-14.400000000000002,9.899999999999999
Chrome Mobile,90.0.4430.82,Asus X01AD,Asus,Blink,[object Object],Chrome Mobile 90.0.4430.82 on Asus X01AD (Android 9),2021-05-06T05:40:59.115Z,直立,あ,false,103.9,77.30000000000001,11.9,9.200000000000001,8.6,0.2,9.600000000000001,-0.9,-1.9000000000000001,35.599999999999994,3.1,-1.4
Chrome Mobile,90.0.4430.82,Asus X01AD,Asus,Blink,[object Object],Chrome Mobile 90.0.4430.82 on Asus X01AD (Android 9),2021-05-06T05:40:59.316Z,直立,あ,false,121.30000000000001,73.10000000000001,-17.400000000000002,-7.800000000000001,12.4,9.3,-8.700000000000001,3.1,6.6000000000000005,-30.000000000000004,-3.9,-12.100000000000001
Chrome Mobile,90.0.4430.82,Asus X01AD,Asus,Blink,[object Object],Chrome Mobile 90.0.4430.82 on Asus X01AD (Android 9),2021-05-06T05:40:59.517Z,直立,あ,false,98.10000000000001,77.10000000000001,15.3,11.5,9.5,3.8000000000000003,12,0,1.7000000000000002,32.5,9.600000000000001,14.5
Chrome Mobile,90.0.4430.82,Asus X01AD,Asus,Blink,[object Object],Chrome Mobile 90.0.4430.82 on Asus X01AD (Android 9),2021-05-06T05:40:59.718Z,直立,あ,false,116.2,73,-12.4,-8.700000000000001,13.100000000000001,10,-9.3,3.7,7.2,-2.4000000000000004,1.1,-25.200000000000003
Chrome Mobile,90.0.4430.82,Asus X01AD,Asus,Blink,[object Object],Chrome Mobile 90.0.4430.82 on Asus X01AD (Android 9),2021-05-06T05:40:59.919Z,直立,あ,false,102.30000000000001,80,12.8,10.600000000000001,8.1,4.3,11,-1.5,2.6,14.700000000000001,-15.2,12.299999999999999
Chrome Mobile,90.0.4430.82,Asus X01AD,Asus,Blink,[object Object],Chrome Mobile 90.0.4430.82 on Asus X01AD (Android 9),2021-05-06T05:41:00.129Z,直立,あ,false,106.2,75.9,-0.2,-9.3,11.700000000000001,8.8,-9.3,2.2,6.4,12.7,72.50000000000001,-60.300000000000004
Chrome Mobile,90.0.4430.82,Asus X01AD,Asus,Blink,[object Object],Chrome Mobile 90.0.4430.82 on Asus X01AD (Android 9),2021-05-06T05:41:00.330Z,直立,あ,false,107.4,81.2,4.3,3.7,5.9,-0.6000000000000001,3.8000000000000003,-3.6,-2,-47.3,-55.5,11.3
Chrome Mobile,90.0.4430.82,Asus X01AD,Asus,Blink,[object Object],Chrome Mobile 90.0.4430.82 on Asus X01AD (Android 9),2021-05-06T05:41:00.530Z,直立,あ,false,111,72.10000000000001,-4,0,9,1.8,-0.2,-0.30000000000000004,-1.2000000000000002,18.4,67.7,8.2
Chrome Mobile,90.0.4430.82,Asus X01AD,Asus,Blink,[object Object],Chrome Mobile 90.0.4430.82 on Asus X01AD (Android 9),2021-05-06T05:41:00.731Z,直立,あ,false,107.7,56.300000000000004,-0.5,-0.6000000000000001,8.200000000000001,7.1000000000000005,-0.6000000000000001,0.2,1.8,-90.19999999999999,-65.8,-3.4
Chrome Mobile,90.0.4430.82,Asus X01AD,Asus,Blink,[object Object],Chrome Mobile 90.0.4430.82 on Asus X01AD (Android 9),2021-05-06T05:41:00.932Z,直立,あ,false,95.4,43.2,2.2,-1.9000000000000001,6.7,7.4,-1.6,0,0.30000000000000004,-5.6,15.299999999999999,-24.900000000000002