platform_name,platform_version,platform_product,platform_manufacturer,platform_layout,platform_os,platform_description,date,label,s_movement,do_absolute,do_alpha,do_beta,do_gamma,acc_g_x,acc_g_y,acc_g_z,acc_x,acc_y,acc_z,rot_alpha,rot_beta,rot_gamma
Chrome Mobile,90.0.4430.82,Asus X01AD,Asus,Blink,[object Object],Chrome Mobile 90.0.4430.82 on Asus X01AD (Android 9),2021-05-06T05:49:58.047Z,寝る,あ,false,325.70000000000005,21.400000000000002,6.2,-0.6000000000000001,3.1,9.200000000000001,0.4,-0.5,-0.1,-8.3,17.300000000000004,-5
Chrome Mobile,90.0.4430.82,Asus X01AD,Asus,Blink,[object Object],Chrome Mobile 90.0.4430.82 on Asus X01AD (Android 9),2021-05-06T05:49:58.252Z,寝る,あ,false,326.6,23.1,1.2000000000000002,0,3.5,9.9,0.2,-0.4,0.7000000000000001,-11.8,-3.5,11.000000000000002
Chrome Mobile,90.0.4430.82,Asus X01AD,Asus,Blink,[object Object],Chrome Mobile 90.0.4430.82 on Asus X01AD (Android 9),2021-05-06T05:49:58.453Z,寝る,あ,false,327.20000000000005,24,2.3000000000000003,-0.6000000000000001,4.2,9.1,-0.2,0.2,0,14.800000000000002,24.8,2.7
Chrome Mobile,90.0.4430.82,Asus X01AD,Asus,Blink,[object Object],Chrome Mobile 90.0.4430.82 on Asus X01AD (Android 9),2021-05-06T05:49:58.653Z,寝る,あ,false,326.90000000000003,27.400000000000002,6.4,-1.4000000000000001,4.9,8.3,-0.4,0.30000000000000004,-0.5,-13.000000000000002,-36.5,15.700000000000001
Chrome Mobile,90.0.4430.82,Asus X01AD,Asus,Blink,[object Object],Chrome Mobile 90.0.4430.82 on Asus X01AD (Android 9),2021-05-06T05:49:58.854Z,寝る,あ,false,326.8,26.400000000000002,5.300000000000001,-0.7000000000000001,4.5,8.700000000000001,0.2,0.1,-0.2,-8.600000000000001,5.1000000000000005,-2.2
Chrome Mobile,90.0.4430.82,Asus X01AD,Asus,Blink,[object Object],Chrome Mobile 90.0.4430.82 on Asus X01AD (Android 9),2021-05-06T05:49:59.055Z,寝る,あ,false,326.8,26.700000000000003,6,-1.1,4.6000000000000005,8.8,-0.2,0.1,-0.1,9.4,5.9,-0.2
Chrome Mobile,90.0.4430.82,Asus X01AD,Asus,Blink,[object Object],Chrome Mobile 90.0.4430.82 on Asus X01AD (Android 9),2021-05-06T05:49:59.256Z,寝る,あ,false,327.1,26.1,6.1000000000000005,-0.8,4.3,9,0.2,-0.1,0.1,-1.4,0.1,1.3
Chrome Mobile,90.0.4430.82,Asus X01AD,Asus,Blink,[object Object],Chrome Mobile 90.0.4430.82 on Asus X01AD (Android 9),2021-05-06T05:49:59.457Z,寝る,あ,false,327.20000000000005,26.1,6.2,-1,4.4,8.8,0,0,-0.1,-3.4,-5.500000000000001,0.30000000000000004