platform_name,platform_version,platform_product,platform_manufacturer,platform_layout,platform_os,platform_description,date,label,s_movement,do_absolute,do_alpha,do_beta,do_gamma,acc_g_x,acc_g_y,acc_g_z,acc_x,acc_y,acc_z,rot_alpha,rot_beta,rot_gamma
Chrome Mobile,90.0.4430.82,Asus X01AD,Asus,Blink,[object Object],Chrome Mobile 90.0.4430.82 on Asus X01AD (Android 9),2021-05-06T05:59:03.332Z,寝る,あ,false,333.5,18.2,2,-0.1,3,8.8,0.2,-0.1,-0.7000000000000001,-7.6,-3.8,-4.2
Chrome Mobile,90.0.4430.82,Asus X01AD,Asus,Blink,[object Object],Chrome Mobile 90.0.4430.82 on Asus X01AD (Android 9),2021-05-06T05:59:03.533Z,寝る,あ,false,320.20000000000005,62.7,16.2,23.700000000000003,10.9,16.400000000000002,24.900000000000002,2,12,-50.400000000000006,21.500000000000004,-20.7
Chrome Mobile,90.0.4430.82,Asus X01AD,Asus,Blink,[object Object],Chrome Mobile 90.0.4430.82 on Asus X01AD (Android 9),2021-05-06T05:59:03.734Z,寝る,あ,false,345.1,70.60000000000001,-44.900000000000006,-4.7,10.200000000000001,8.9,-7.1000000000000005,0.8,6.5,25.300000000000004,-250.4,121.80000000000001
Chrome Mobile,90.0.4430.82,Asus X01AD,Asus,Blink,[object Object],Chrome Mobile 90.0.4430.82 on Asus X01AD (Android 9),2021-05-06T05:59:03.935Z,寝る,あ,false,326,71.7,-16.6,-4.800000000000001,11,8.6,-5.7,1.7000000000000002,5.6000000000000005,-19.799999999999997,249.4,-69.60000000000001
Chrome Mobile,90.0.4430.82,Asus X01AD,Asus,Blink,[object Object],Chrome Mobile 90.0.4430.82 on Asus X01AD (Android 9),2021-05-06T05:59:04.136Z,寝る,あ,false,323,75,23.8,21.200000000000003,6.4,4.5,21.5,-3.2,5,54.300000000000004,-31.099999999999998,21.8
Chrome Mobile,90.0.4430.82,Asus X01AD,Asus,Blink,[object Object],Chrome Mobile 90.0.4430.82 on Asus X01AD (Android 9),2021-05-06T05:59:04.337Z,寝る,あ,false,334.5,72.60000000000001,-24.8,-4.1000000000000005,12.700000000000001,18.900000000000002,-5.300000000000001,3.1,16.2,0.6000000000000001,-250.4,5.6
Chrome Mobile,90.0.4430.82,Asus X01AD,Asus,Blink,[object Object],Chrome Mobile 90.0.4430.82 on Asus X01AD (Android 9),2021-05-06T05:59:04.539Z,寝る,あ,false,327.70000000000005,74.4,-22.200000000000003,-2.9000000000000004,11.8,11.8,-3.9000000000000004,2.3000000000000003,9.3,39.2,249.00000000000003,1
Chrome Mobile,90.0.4430.82,Asus X01AD,Asus,Blink,[object Object],Chrome Mobile 90.0.4430.82 on Asus X01AD (Android 9),2021-05-06T05:59:04.740Z,寝る,あ,false,315.90000000000003,70.8,25.6,21.6,9.600000000000001,6.9,23,0.2,4,-59.1,49.800000000000004,-55.5
Chrome Mobile,90.0.4430.82,Asus X01AD,Asus,Blink,[object Object],Chrome Mobile 90.0.4430.82 on Asus X01AD (Android 9),2021-05-06T05:59:04.942Z,寝る,あ,false,327.3,69.8,-23.6,-3.1,11.100000000000001,15.700000000000001,-4.5,1.7000000000000002,12.600000000000001,-8.8,-250.4,54.300000000000004
Chrome Mobile,90.0.4430.82,Asus X01AD,Asus,Blink,[object Object],Chrome Mobile 90.0.4430.82 on Asus X01AD (Android 9),2021-05-06T05:59:05.148Z,寝る,あ,false,317.90000000000003,72.4,-24.900000000000002,-7.9,7.9,8.200000000000001,-9.200000000000001,-1.6,5.5,56.50000000000001,218.20000000000002,-8.4
Chrome Mobile,90.0.4430.82,Asus X01AD,Asus,Blink,[object Object],Chrome Mobile 90.0.4430.82 on Asus X01AD (Android 9),2021-05-06T05:59:05.351Z,寝る,あ,false,318.90000000000003,70.4,20,15.4,8.8,5.2,16.5,-0.6000000000000001,2,26.400000000000006,139.1,39.8
Chrome Mobile,90.0.4430.82,Asus X01AD,Asus,Blink,[object Object],Chrome Mobile 90.0.4430.82 on Asus X01AD (Android 9),2021-05-06T05:59:05.551Z,寝る,あ,false,325.3,71.2,-4.9,6.800000000000001,8.5,8.6,6.5,-0.9,5.4,-4.2,-250.4,-43.4
Chrome Mobile,90.0.4430.82,Asus X01AD,Asus,Blink,[object Object],Chrome Mobile 90.0.4430.82 on Asus X01AD (Android 9),2021-05-06T05:59:05.752Z,寝る,あ,false,333,65.4,-59.7,-14.5,12.9,20.700000000000003,-18.1,3.8000000000000003,18.6,3.4,-123.7,42.1
Chrome Mobile,90.0.4430.82,Asus X01AD,Asus,Blink,[object Object],Chrome Mobile 90.0.4430.82 on Asus X01AD (Android 9),2021-05-06T05:59:05.953Z,寝る,あ,false,297.2,70.10000000000001,14.9,2,8.5,10.100000000000001,2.9000000000000004,-1,6.800000000000001,-32.400000000000006,249.6,-66.3
Chrome Mobile,90.0.4430.82,Asus X01AD,Asus,Blink,[object Object],Chrome Mobile 90.0.4430.82 on Asus X01AD (Android 9),2021-05-06T05:59:06.154Z,寝る,あ,false,319.6,72.8,16.2,18.5,10.200000000000001,3.3000000000000003,19.3,0.7000000000000001,0.4,-28.900000000000002,-37.800000000000004,-32.9
Chrome Mobile,90.0.4430.82,Asus X01AD,Asus,Blink,[object Object],Chrome Mobile 90.0.4430.82 on Asus X01AD (Android 9),2021-05-06T05:59:06.355Z,寝る,あ,false,332.90000000000003,68.8,-32.4,-3.7,10.4,11,-5.6000000000000005,1.1,7.9,-29.200000000000003,-250.4,56.10000000000001
Chrome Mobile,90.0.4430.82,Asus X01AD,Asus,Blink,[object Object],Chrome Mobile 90.0.4430.82 on Asus X01AD (Android 9),2021-05-06T05:59:06.556Z,寝る,あ,false,333.1,69.5,-35.300000000000004,-4.6000000000000005,11,9.4,-6.6000000000000005,1.7000000000000002,6.5,70.10000000000001,249.6,-45
Chrome Mobile,90.0.4430.82,Asus X01AD,Asus,Blink,[object Object],Chrome Mobile 90.0.4430.82 on Asus X01AD (Android 9),2021-05-06T05:59:06.757Z,寝る,あ,false,312.5,74.2,30.3,15.200000000000001,8.700000000000001,1.2000000000000002,16.5,-1,-1.2000000000000002,-3.9,92.8,-5.8
Chrome Mobile,90.0.4430.82,Asus X01AD,Asus,Blink,[object Object],Chrome Mobile 90.0.4430.82 on Asus X01AD (Android 9),2021-05-06T05:59:06.959Z,寝る,あ,false,334,75.5,-14.4,3.5,11.200000000000001,8.3,2.9000000000000004,1.5,5.9,27.400000000000002,-250.20000000000002,58.400000000000006
Chrome Mobile,90.0.4430.82,Asus X01AD,Asus,Blink,[object Object],Chrome Mobile 90.0.4430.82 on Asus X01AD (Android 9),2021-05-06T05:59:07.160Z,寝る,あ,false,330.5,68.9,-46.400000000000006,-20.400000000000002,11.4,11.9,-23,2.3000000000000003,9.5,-22.4,-18,7.400000000000001
Chrome Mobile,90.0.4430.82,Asus X01AD,Asus,Blink,[object Object],Chrome Mobile 90.0.4430.82 on Asus X01AD (Android 9),2021-05-06T05:59:07.360Z,寝る,あ,false,297.3,72.8,28.200000000000003,5.1000000000000005,8.6,7.2,6.5,-1.1,4.6000000000000005,-7.699999999999999,249.6,-64.7
Chrome Mobile,90.0.4430.82,Asus X01AD,Asus,Blink,[object Object],Chrome Mobile 90.0.4430.82 on Asus X01AD (Android 9),2021-05-06T05:59:07.561Z,寝る,あ,false,332.70000000000005,77.2,6.1000000000000005,14.200000000000001,8.200000000000001,4.9,14.4,-1.4000000000000001,2.7,-44.6,-55.2,-27.800000000000004
Chrome Mobile,90.0.4430.82,Asus X01AD,Asus,Blink,[object Object],Chrome Mobile 90.0.4430.82 on Asus X01AD (Android 9),2021-05-06T05:59:07.764Z,寝る,あ,false,335,69.10000000000001,-42.1,-10.600000000000001,10.8,10.5,-13,1.5,7.9,-1.9,-250.4,77.20000000000002
Chrome Mobile,90.0.4430.82,Asus X01AD,Asus,Blink,[object Object],Chrome Mobile 90.0.4430.82 on Asus X01AD (Android 9),2021-05-06T05:59:07.971Z,寝る,あ,false,310.90000000000003,75.3,-7.2,0.7000000000000001,9.3,7,0.4,-0.30000000000000004,4.5,25.1,249.6,-85.80000000000001
Chrome Mobile,90.0.4430.82,Asus X01AD,Asus,Blink,[object Object],Chrome Mobile 90.0.4430.82 on Asus X01AD (Android 9),2021-05-06T05:59:08.172Z,寝る,あ,false,308.1,73.9,34.2,17.400000000000002,8.3,4.1000000000000005,17.900000000000002,-0.8,2.8000000000000003,30.3,44.7,34.900000000000006
Chrome Mobile,90.0.4430.82,Asus X01AD,Asus,Blink,[object Object],Chrome Mobile 90.0.4430.82 on Asus X01AD (Android 9),2021-05-06T05:59:08.374Z,寝る,あ,false,326.70000000000005,75.9,-14.9,2.4000000000000004,9,11.700000000000001,1.7000000000000002,-0.6000000000000001,9.3,-38.800000000000004,-250.3,14.200000000000001
Chrome Mobile,90.0.4430.82,Asus X01AD,Asus,Blink,[object Object],Chrome Mobile 90.0.4430.82 on Asus X01AD (Android 9),2021-05-06T05:59:08.575Z,寝る,あ,false,327.70000000000005,69.8,-47.2,-18.1,10.700000000000001,9.600000000000001,-20.6,1.4000000000000001,7.300000000000001,47,155.5,-39.8
Chrome Mobile,90.0.4430.82,Asus X01AD,Asus,Blink,[object Object],Chrome Mobile 90.0.4430.82 on Asus X01AD (Android 9),2021-05-06T05:59:08.776Z,寝る,あ,false,303.2,72,23,8,8.1,9.3,9.3,-1.5,6.5,-10.700000000000001,249.6,-13.8
Chrome Mobile,90.0.4430.82,Asus X01AD,Asus,Blink,[object Object],Chrome Mobile 90.0.4430.82 on Asus X01AD (Android 9),2021-05-06T05:59:08.976Z,寝る,あ,false,323.5,73.9,11.100000000000001,12.9,8.9,5,13.4,-0.6000000000000001,2.3000000000000003,60.300000000000004,-211.70000000000002,11.900000000000002
Chrome Mobile,90.0.4430.82,Asus X01AD,Asus,Blink,[object Object],Chrome Mobile 90.0.4430.82 on Asus X01AD (Android 9),2021-05-06T05:59:09.177Z,寝る,あ,false,336.5,70,-50.7,-17.8,10.8,7.9,-20.5,1.4000000000000001,5.7,-38.900000000000006,-188.8,43.4
Chrome Mobile,90.0.4430.82,Asus X01AD,Asus,Blink,[object Object],Chrome Mobile 90.0.4430.82 on Asus X01AD (Android 9),2021-05-06T05:59:09.383Z,寝る,あ,false,319.90000000000003,76.4,-15.4,0.2,12.100000000000001,9.700000000000001,-0.4,2.4000000000000004,7.4,45.7,249.6,-39.400000000000006
Chrome Mobile,90.0.4430.82,Asus X01AD,Asus,Blink,[object Object],Chrome Mobile 90.0.4430.82 on Asus X01AD (Android 9),2021-05-06T05:59:09.584Z,寝る,あ,false,309.6,73.5,32.7,19.900000000000002,8.1,6.5,21.400000000000002,-1.5,4.1000000000000005,-63.2,45.3,-52.7
Chrome Mobile,90.0.4430.82,Asus X01AD,Asus,Blink,[object Object],Chrome Mobile 90.0.4430.82 on Asus X01AD (Android 9),2021-05-06T05:59:09.785Z,寝る,あ,false,342.6,74.8,-28.3,4.1000000000000005,9.600000000000001,10.700000000000001,2.9000000000000004,0.1,8.4,-27.5,-250.4,26.1
Chrome Mobile,90.0.4430.82,Asus X01AD,Asus,Blink,[object Object],Chrome Mobile 90.0.4430.82 on Asus X01AD (Android 9),2021-05-06T05:59:09.986Z,寝る,あ,false,326.8,70.4,-44.900000000000006,-20.400000000000002,11.100000000000001,5.2,-22.8,1.8,2.9000000000000004,10.299999999999999,107.10000000000001,-44.8
Chrome Mobile,90.0.4430.82,Asus X01AD,Asus,Blink,[object Object],Chrome Mobile 90.0.4430.82 on Asus X01AD (Android 9),2021-05-06T05:59:10.187Z,寝る,あ,false,304.8,75.4,20.700000000000003,7.5,9.3,8.4,8.4,-0.4,6,13.8,249.6,-49.9
Chrome Mobile,90.0.4430.82,Asus X01AD,Asus,Blink,[object Object],Chrome Mobile 90.0.4430.82 on Asus X01AD (Android 9),2021-05-06T05:59:10.389Z,寝る,あ,false,332.8,76.2,6.9,11.700000000000001,6.7,8.200000000000001,11.9,-2.8000000000000003,5.9,-32.5,-117.4,-21.500000000000004
Chrome Mobile,90.0.4430.82,Asus X01AD,Asus,Blink,[object Object],Chrome Mobile 90.0.4430.82 on Asus X01AD (Android 9),2021-05-06T05:59:10.596Z,寝る,あ,false,337.20000000000005,67.7,-46.300000000000004,-10.700000000000001,11.4,9,-13.3,2.2,6.4,-44.9,-246.50000000000006,64.4
Chrome Mobile,90.0.4430.82,Asus X01AD,Asus,Blink,[object Object],Chrome Mobile 90.0.4430.82 on Asus X01AD (Android 9),2021-05-06T05:59:10.798Z,寝る,あ,false,314.40000000000003,72.4,-10.3,-5,10.4,10.4,-3.8000000000000003,0.8,8.200000000000001,20.7,249.6,-55.900000000000006
Chrome Mobile,90.0.4430.82,Asus X01AD,Asus,Blink,[object Object],Chrome Mobile 90.0.4430.82 on Asus X01AD (Android 9),2021-05-06T05:59:11.002Z,寝る,あ,false,311.90000000000003,72.2,30.200000000000003,18.900000000000002,7.800000000000001,4.7,20.5,-1.7000000000000002,2.1,-90.80000000000001,55.8,-53.8
Chrome Mobile,90.0.4430.82,Asus X01AD,Asus,Blink,[object Object],Chrome Mobile 90.0.4430.82 on Asus X01AD (Android 9),2021-05-06T05:59:11.205Z,寝る,あ,false,334.3,72.3,-21,2.6,10,11.4,1.5,0.5,8.6,17.300000000000004,-250.4,47.80000000000001
Chrome Mobile,90.0.4430.82,Asus X01AD,Asus,Blink,[object Object],Chrome Mobile 90.0.4430.82 on Asus X01AD (Android 9),2021-05-06T05:59:11.406Z,寝る,あ,false,319.1,70.60000000000001,-37.300000000000004,-27.700000000000003,7.1000000000000005,9.4,-29.700000000000003,-2.3000000000000003,6.7,2.8,68.80000000000001,-70.8
Chrome Mobile,90.0.4430.82,Asus X01AD,Asus,Blink,[object Object],Chrome Mobile 90.0.4430.82 on Asus X01AD (Android 9),2021-05-06T05:59:11.610Z,寝る,あ,false,303.40000000000003,67.7,22.8,8.5,9.1,11.8,10,-0.2,8.3,-16.6,249.6,-20.2
Chrome Mobile,90.0.4430.82,Asus X01AD,Asus,Blink,[object Object],Chrome Mobile 90.0.4430.82 on Asus X01AD (Android 9),2021-05-06T05:59:11.813Z,寝る,あ,false,320.5,72.4,12.600000000000001,11.200000000000001,8.1,5.9,11.9,-1.3,3,22.700000000000003,-129.9,-13.6
Chrome Mobile,90.0.4430.82,Asus X01AD,Asus,Blink,[object Object],Chrome Mobile 90.0.4430.82 on Asus X01AD (Android 9),2021-05-06T05:59:12.014Z,寝る,あ,false,324.6,66.4,-38.1,-13.3,9.200000000000001,14,-15.700000000000001,0.1,10.9,-75.7,-156.5,-11.4
Chrome Mobile,90.0.4430.82,Asus X01AD,Asus,Blink,[object Object],Chrome Mobile 90.0.4430.82 on Asus X01AD (Android 9),2021-05-06T05:59:12.215Z,寝る,あ,false,306.6,71.10000000000001,-4.4,-4.6000000000000005,9.700000000000001,9.1,-4.9,0.30000000000000004,5.9,31.099999999999998,249.4,17.6
Chrome Mobile,90.0.4430.82,Asus X01AD,Asus,Blink,[object Object],Chrome Mobile 90.0.4430.82 on Asus X01AD (Android 9),2021-05-06T05:59:12.415Z,寝る,あ,false,305.90000000000003,77.10000000000001,33.7,24.6,11.3,-0.8,25.8,1.6,-2.6,3.4,-13.399999999999999,-15.899999999999999
Chrome Mobile,90.0.4430.82,Asus X01AD,Asus,Blink,[object Object],Chrome Mobile 90.0.4430.82 on Asus X01AD (Android 9),2021-05-06T05:59:12.620Z,寝る,あ,false,319.6,74.2,-11.5,-1.8,8,9.9,-2.3000000000000003,-1.5,7.300000000000001,-21.7,-250.4,26.000000000000004
Chrome Mobile,90.0.4430.82,Asus X01AD,Asus,Blink,[object Object],Chrome Mobile 90.0.4430.82 on Asus X01AD (Android 9),2021-05-06T05:59:12.821Z,寝る,あ,false,303.6,69.9,-22.3,-18.400000000000002,8.6,8.8,-19.700000000000003,-0.8,5.6000000000000005,28.3,139.60000000000002,-51.300000000000004
Chrome Mobile,90.0.4430.82,Asus X01AD,Asus,Blink,[object Object],Chrome Mobile 90.0.4430.82 on Asus X01AD (Android 9),2021-05-06T05:59:13.021Z,寝る,あ,false,298.1,70.5,27.400000000000002,7.9,8.700000000000001,8.9,9.4,-0.8,5.9,-2.2,249.6,-19.200000000000003
Chrome Mobile,90.0.4430.82,Asus X01AD,Asus,Blink,[object Object],Chrome Mobile 90.0.4430.82 on Asus X01AD (Android 9),2021-05-06T05:59:13.223Z,寝る,あ,false,309.3,76.3,26.900000000000002,12.9,9.3,0.1,13.9,-0.30000000000000004,-1.9000000000000001,31.5,-157.20000000000002,-14.700000000000001
Chrome Mobile,90.0.4430.82,Asus X01AD,Asus,Blink,[object Object],Chrome Mobile 90.0.4430.82 on Asus X01AD (Android 9),2021-05-06T05:59:13.424Z,寝る,あ,false,323.3,71.60000000000001,-38.5,-9.8,11.5,12.700000000000001,-13.200000000000001,2.2,11.100000000000001,0.1,-250.4,76.3
Chrome Mobile,90.0.4430.82,Asus X01AD,Asus,Blink,[object Object],Chrome Mobile 90.0.4430.82 on Asus X01AD (Android 9),2021-05-06T05:59:13.625Z,寝る,あ,false,306.2,74.4,-5.800000000000001,-2.7,10.600000000000001,9.700000000000001,-3,1.1,7,28.500000000000004,244.50000000000003,20.400000000000002
Chrome Mobile,90.0.4430.82,Asus X01AD,Asus,Blink,[object Object],Chrome Mobile 90.0.4430.82 on Asus X01AD (Android 9),2021-05-06T05:59:13.825Z,寝る,あ,false,315.8,73.7,30,20.6,11.700000000000001,4.6000000000000005,22,2.2,2.2,-24.1,128.60000000000002,-26.1
Chrome Mobile,90.0.4430.82,Asus X01AD,Asus,Blink,[object Object],Chrome Mobile 90.0.4430.82 on Asus X01AD (Android 9),2021-05-06T05:59:14.027Z,寝る,あ,false,332.8,77.80000000000001,-8.4,5,8.700000000000001,8.5,4.7,-0.9,6.4,-4.9,-250.4,29.200000000000003
Chrome Mobile,90.0.4430.82,Asus X01AD,Asus,Blink,[object Object],Chrome Mobile 90.0.4430.82 on Asus X01AD (Android 9),2021-05-06T05:59:14.227Z,寝る,あ,false,344.70000000000005,69.3,-62,-20.8,15.700000000000001,17.3,-23.900000000000002,6.4,15.700000000000001,-18.4,-5.8,-18.4
Chrome Mobile,90.0.4430.82,Asus X01AD,Asus,Blink,[object Object],Chrome Mobile 90.0.4430.82 on Asus X01AD (Android 9),2021-05-06T05:59:14.428Z,寝る,あ,false,310.1,72.9,15,6.300000000000001,10.700000000000001,13.100000000000001,7.1000000000000005,1.1,10.200000000000001,-41.800000000000004,221.70000000000002,-55.2
Chrome Mobile,90.0.4430.82,Asus X01AD,Asus,Blink,[object Object],Chrome Mobile 90.0.4430.82 on Asus X01AD (Android 9),2021-05-06T05:59:14.629Z,寝る,あ,false,314.20000000000005,73.4,30.6,14.600000000000001,8,4,16,-1.4000000000000001,1.5,11.8,-120.50000000000001,12.200000000000001
Chrome Mobile,90.0.4430.82,Asus X01AD,Asus,Blink,[object Object],Chrome Mobile 90.0.4430.82 on Asus X01AD (Android 9),2021-05-06T05:59:14.830Z,寝る,あ,false,323.70000000000005,70.60000000000001,-26.8,-7.800000000000001,11.600000000000001,13,-9.200000000000001,2.3000000000000003,10.100000000000001,17,-250.4,65.7
Chrome Mobile,90.0.4430.82,Asus X01AD,Asus,Blink,[object Object],Chrome Mobile 90.0.4430.82 on Asus X01AD (Android 9),2021-05-06T05:59:15.031Z,寝る,あ,false,314.40000000000003,72.10000000000001,-18.900000000000002,-10.200000000000001,10,10.9,-11.200000000000001,0.6000000000000001,8,41.300000000000004,201.1,1.9
Chrome Mobile,90.0.4430.82,Asus X01AD,Asus,Blink,[object Object],Chrome Mobile 90.0.4430.82 on Asus X01AD (Android 9),2021-05-06T05:59:15.231Z,寝る,あ,false,310.1,77.5,32.800000000000004,14.600000000000001,8.4,0.2,15.8,-1.3,-1.6,-9.899999999999999,155,-35.3
Chrome Mobile,90.0.4430.82,Asus X01AD,Asus,Blink,[object Object],Chrome Mobile 90.0.4430.82 on Asus X01AD (Android 9),2021-05-06T05:59:15.438Z,寝る,あ,false,335.6,75.8,-7.7,8.9,9.3,7.2,8.6,-0.1,4.800000000000001,-22.3,-235.8,-3.8
Chrome Mobile,90.0.4430.82,Asus X01AD,Asus,Blink,[object Object],Chrome Mobile 90.0.4430.82 on Asus X01AD (Android 9),2021-05-06T05:59:15.640Z,寝る,あ,false,343.40000000000003,61.5,-61.400000000000006,-14.200000000000001,15,19.6,-18.3,6.300000000000001,17.3,-84.5,-59.20000000000001,6.600000000000001
Chrome Mobile,90.0.4430.82,Asus X01AD,Asus,Blink,[object Object],Chrome Mobile 90.0.4430.82 on Asus X01AD (Android 9),2021-05-06T05:59:15.841Z,寝る,あ,false,319.40000000000003,72.9,-0.30000000000000004,6.4,10.3,8.1,6.4,0.7000000000000001,5.2,22.9,249.6,-52.2
Chrome Mobile,90.0.4430.82,Asus X01AD,Asus,Blink,[object Object],Chrome Mobile 90.0.4430.82 on Asus X01AD (Android 9),2021-05-06T05:59:16.043Z,寝る,あ,false,315.90000000000003,71.5,28.5,15.600000000000001,9.1,5.300000000000001,17.1,-0.30000000000000004,2.6,41.4,-68.5,12.8
Chrome Mobile,90.0.4430.82,Asus X01AD,Asus,Blink,[object Object],Chrome Mobile 90.0.4430.82 on Asus X01AD (Android 9),2021-05-06T05:59:16.244Z,寝る,あ,false,337.90000000000003,72.60000000000001,-35.6,-2.6,9.700000000000001,12.200000000000001,-4.3,0.30000000000000004,9.8,-29.1,-250.4,39.50000000000001
Chrome Mobile,90.0.4430.82,Asus X01AD,Asus,Blink,[object Object],Chrome Mobile 90.0.4430.82 on Asus X01AD (Android 9),2021-05-06T05:59:16.445Z,寝る,あ,false,325.5,70.4,-36.9,-10.3,10.3,11.5,-12.3,1,8.9,56.10000000000001,185.6,-11.700000000000001
Chrome Mobile,90.0.4430.82,Asus X01AD,Asus,Blink,[object Object],Chrome Mobile 90.0.4430.82 on Asus X01AD (Android 9),2021-05-06T05:59:16.646Z,寝る,あ,false,314.90000000000003,72.3,20.700000000000003,11.200000000000001,8.9,5.7,12.200000000000001,-0.6000000000000001,2.9000000000000004,-18.5,248.7,-46.199999999999996
Chrome Mobile,90.0.4430.82,Asus X01AD,Asus,Blink,[object Object],Chrome Mobile 90.0.4430.82 on Asus X01AD (Android 9),2021-05-06T05:59:16.847Z,寝る,あ,false,329.6,75.10000000000001,-3.7,10.5,8.1,5.5,10.3,-1.4000000000000001,3,-14.200000000000001,-250.4,1
Chrome Mobile,90.0.4430.82,Asus X01AD,Asus,Blink,[object Object],Chrome Mobile 90.0.4430.82 on Asus X01AD (Android 9),2021-05-06T05:59:17.048Z,寝る,あ,false,329.6,66.60000000000001,-50.7,-14.600000000000001,11,16.900000000000002,-17.7,1.8,14.4,-20,-115.8,21.300000000000004
Chrome Mobile,90.0.4430.82,Asus X01AD,Asus,Blink,[object Object],Chrome Mobile 90.0.4430.82 on Asus X01AD (Android 9),2021-05-06T05:59:17.249Z,寝る,あ,false,305,70.8,6.300000000000001,-0.1,9.200000000000001,7.5,0.30000000000000004,-0.1,4.3,-26.799999999999997,249.6,-9.5
Chrome Mobile,90.0.4430.82,Asus X01AD,Asus,Blink,[object Object],Chrome Mobile 90.0.4430.82 on Asus X01AD (Android 9),2021-05-06T05:59:17.449Z,寝る,あ,false,326.90000000000003,79.10000000000001,12.9,18.3,5.300000000000001,0.30000000000000004,18.7,-4.5,-1.5,10.5,-3.1,-30.3
Chrome Mobile,90.0.4430.82,Asus X01AD,Asus,Blink,[object Object],Chrome Mobile 90.0.4430.82 on Asus X01AD (Android 9),2021-05-06T05:59:17.650Z,寝る,あ,false,353.1,72.3,-51.800000000000004,-1.9000000000000001,11.4,9.200000000000001,-4.2,2,7.300000000000001,-47.400000000000006,-250.4,95.69999999999999
Chrome Mobile,90.0.4430.82,Asus X01AD,Asus,Blink,[object Object],Chrome Mobile 90.0.4430.82 on Asus X01AD (Android 9),2021-05-06T05:59:17.857Z,寝る,あ,false,344,68.5,-50.900000000000006,-6.800000000000001,10.8,10.200000000000001,-9.600000000000001,1.7000000000000002,7.9,38.2,231.00000000000006,-48.400000000000006
Chrome Mobile,90.0.4430.82,Asus X01AD,Asus,Blink,[object Object],Chrome Mobile 90.0.4430.82 on Asus X01AD (Android 9),2021-05-06T05:59:18.064Z,寝る,あ,false,312.70000000000005,76.2,25.6,19.1,8.700000000000001,-2.7,20.1,-0.9,-4.800000000000001,11.900000000000002,47.7,-16.1
Chrome Mobile,90.0.4430.82,Asus X01AD,Asus,Blink,[object Object],Chrome Mobile 90.0.4430.82 on Asus X01AD (Android 9),2021-05-06T05:59:18.265Z,寝る,あ,false,338,73.5,-27.900000000000002,6.800000000000001,10,8.700000000000001,5.5,0.5,6.2,-24.7,-249.90000000000003,10.299999999999999
Chrome Mobile,90.0.4430.82,Asus X01AD,Asus,Blink,[object Object],Chrome Mobile 90.0.4430.82 on Asus X01AD (Android 9),2021-05-06T05:59:18.466Z,寝る,あ,false,321.40000000000003,72.60000000000001,-47.2,-20.8,8.1,11.9,-23,-1.3,9.9,45.5,3.2,-0.5
Chrome Mobile,90.0.4430.82,Asus X01AD,Asus,Blink,[object Object],Chrome Mobile 90.0.4430.82 on Asus X01AD (Android 9),2021-05-06T05:59:18.667Z,寝る,あ,false,316,75.10000000000001,1.7000000000000002,7.6000000000000005,10.5,8,7.6000000000000005,0.9,5.5,5.4,249.6,-31.099999999999998
Chrome Mobile,90.0.4430.82,Asus X01AD,Asus,Blink,[object Object],Chrome Mobile 90.0.4430.82 on Asus X01AD (Android 9),2021-05-06T05:59:18.867Z,寝る,あ,false,329.8,78.10000000000001,6.7,12.9,6.9,2.2,13.100000000000001,-2.7,0.2,-17.799999999999997,-61.7,-40.800000000000004
Chrome Mobile,90.0.4430.82,Asus X01AD,Asus,Blink,[object Object],Chrome Mobile 90.0.4430.82 on Asus X01AD (Android 9),2021-05-06T05:59:19.068Z,寝る,あ,false,341.40000000000003,70.4,-48.400000000000006,-2.8000000000000003,12,8.9,-6.300000000000001,2.8000000000000003,6.9,-24.3,-250.4,65.2
Chrome Mobile,90.0.4430.82,Asus X01AD,Asus,Blink,[object Object],Chrome Mobile 90.0.4430.82 on Asus X01AD (Android 9),2021-05-06T05:59:19.269Z,寝る,あ,false,338.5,72.3,-51.6,-9,10,7.7,-11.3,0.7000000000000001,5.800000000000001,56.10000000000001,168.2,29.400000000000002
Chrome Mobile,90.0.4430.82,Asus X01AD,Asus,Blink,[object Object],Chrome Mobile 90.0.4430.82 on Asus X01AD (Android 9),2021-05-06T05:59:19.470Z,寝る,あ,false,311.20000000000005,78.60000000000001,20.700000000000003,16.900000000000002,9.1,-1.7000000000000002,17.6,-0.6000000000000001,-3.6,103.60000000000001,185.3,-38.400000000000006
Chrome Mobile,90.0.4430.82,Asus X01AD,Asus,Blink,[object Object],Chrome Mobile 90.0.4430.82 on Asus X01AD (Android 9),2021-05-06T05:59:19.671Z,寝る,あ,false,343.6,74.60000000000001,-29.700000000000003,7.1000000000000005,9.5,8.1,5.800000000000001,0.1,5.9,-41.300000000000004,-247,5.2
Chrome Mobile,90.0.4430.82,Asus X01AD,Asus,Blink,[object Object],Chrome Mobile 90.0.4430.82 on Asus X01AD (Android 9),2021-05-06T05:59:19.872Z,寝る,あ,false,330,65.60000000000001,-59.1,-16,12.9,13,-19.5,3.9000000000000004,10.9,10.299999999999999,-121.4,43.4
Chrome Mobile,90.0.4430.82,Asus X01AD,Asus,Blink,[object Object],Chrome Mobile 90.0.4430.82 on Asus X01AD (Android 9),2021-05-06T05:59:20.073Z,寝る,あ,false,303.8,71,-2.4000000000000004,0,10.5,7.7,-0.2,1.2000000000000002,4.5,-25.5,249.6,-43.6
Chrome Mobile,90.0.4430.82,Asus X01AD,Asus,Blink,[object Object],Chrome Mobile 90.0.4430.82 on Asus X01AD (Android 9),2021-05-06T05:59:20.274Z,寝る,あ,false,312.70000000000005,73.2,16.2,17.400000000000002,9.600000000000001,2.3000000000000003,18.2,0.2,-0.4,34.60000000000001,-73.8,12.9
Chrome Mobile,90.0.4430.82,Asus X01AD,Asus,Blink,[object Object],Chrome Mobile 90.0.4430.82 on Asus X01AD (Android 9),2021-05-06T05:59:20.474Z,寝る,あ,false,327.20000000000005,71.8,-38.6,-5.4,10.5,12.5,-7.300000000000001,1.2000000000000002,10.100000000000001,-16.6,-250.4,45.8
Chrome Mobile,90.0.4430.82,Asus X01AD,Asus,Blink,[object Object],Chrome Mobile 90.0.4430.82 on Asus X01AD (Android 9),2021-05-06T05:59:20.676Z,寝る,あ,false,311.5,75,-31.900000000000002,-12.5,7.9,8.700000000000001,-13.8,-1.5,6.6000000000000005,18.8,232.1,-9.600000000000001
Chrome Mobile,90.0.4430.82,Asus X01AD,Asus,Blink,[object Object],Chrome Mobile 90.0.4430.82 on Asus X01AD (Android 9),2021-05-06T05:59:20.876Z,寝る,あ,false,307.70000000000005,81.10000000000001,19.700000000000003,17.5,8.5,-5.5,18,-1.2000000000000002,-6.9,56.2,158.9,-43.1
Chrome Mobile,90.0.4430.82,Asus X01AD,Asus,Blink,[object Object],Chrome Mobile 90.0.4430.82 on Asus X01AD (Android 9),2021-05-06T05:59:21.077Z,寝る,あ,false,335.40000000000003,77,-23.6,6.5,8.700000000000001,6.2,5.6000000000000005,-0.8,4.2,-26.700000000000003,-232.5,16.900000000000002
Chrome Mobile,90.0.4430.82,Asus X01AD,Asus,Blink,[object Object],Chrome Mobile 90.0.4430.82 on Asus X01AD (Android 9),2021-05-06T05:59:21.278Z,寝る,あ,false,314.5,70.8,-44.900000000000006,-19.400000000000002,11.4,11,-21.700000000000003,2.1,8.700000000000001,-22.1,-75.1,-32.300000000000004
Chrome Mobile,90.0.4430.82,Asus X01AD,Asus,Blink,[object Object],Chrome Mobile 90.0.4430.82 on Asus X01AD (Android 9),2021-05-06T05:59:21.488Z,寝る,あ,false,297.3,75.9,2,5.800000000000001,11.200000000000001,11.600000000000001,5.800000000000001,1.6,9.200000000000001,-5.8,249.6,-67.5
Chrome Mobile,90.0.4430.82,Asus X01AD,Asus,Blink,[object Object],Chrome Mobile 90.0.4430.82 on Asus X01AD (Android 9),2021-05-06T05:59:21.689Z,寝る,あ,false,299.40000000000003,78.2,24.5,14.4,8,2.1,15.200000000000001,-1.5,0.30000000000000004,58.60000000000001,-62.6,54.300000000000004
Chrome Mobile,90.0.4430.82,Asus X01AD,Asus,Blink,[object Object],Chrome Mobile 90.0.4430.82 on Asus X01AD (Android 9),2021-05-06T05:59:21.889Z,寝る,あ,false,318.1,70.5,-37.300000000000004,-9.200000000000001,9.9,13.100000000000001,-11.100000000000001,0.7000000000000001,10.5,-55.3,-250.4,42.60000000000001
Chrome Mobile,90.0.4430.82,Asus X01AD,Asus,Blink,[object Object],Chrome Mobile 90.0.4430.82 on Asus X01AD (Android 9),2021-05-06T05:59:22.091Z,寝る,あ,false,315.70000000000005,75.2,-36,-5.5,8.1,9.600000000000001,-7,-1.3,7.6000000000000005,59.1,210.9,-28.1
Chrome Mobile,90.0.4430.82,Asus X01AD,Asus,Blink,[object Object],Chrome Mobile 90.0.4430.82 on Asus X01AD (Android 9),2021-05-06T05:59:22.291Z,寝る,あ,false,305.1,78.2,15.5,21.200000000000003,10.100000000000001,-1.3,21.700000000000003,0.4,-3.2,2.2,106.60000000000001,-57.60000000000001
Chrome Mobile,90.0.4430.82,Asus X01AD,Asus,Blink,[object Object],Chrome Mobile 90.0.4430.82 on Asus X01AD (Android 9),2021-05-06T05:59:22.494Z,寝る,あ,false,315.1,75.4,-18.5,3.9000000000000004,9.5,9.200000000000001,3.1,0.1,6.800000000000001,-31.5,-250.4,-2.6
Chrome Mobile,90.0.4430.82,Asus X01AD,Asus,Blink,[object Object],Chrome Mobile 90.0.4430.82 on Asus X01AD (Android 9),2021-05-06T05:59:22.697Z,寝る,あ,false,309.70000000000005,71.5,-43,-17.400000000000002,9.8,7.800000000000001,-19.5,0.5,5.5,8.5,96.9,-12.8
Chrome Mobile,90.0.4430.82,Asus X01AD,Asus,Blink,[object Object],Chrome Mobile 90.0.4430.82 on Asus X01AD (Android 9),2021-05-06T05:59:22.898Z,寝る,あ,false,298.7,71.10000000000001,8.5,3,10.200000000000001,11.700000000000001,3.5,0.9,8.5,-22.1,249.4,-8.700000000000001
Chrome Mobile,90.0.4430.82,Asus X01AD,Asus,Blink,[object Object],Chrome Mobile 90.0.4430.82 on Asus X01AD (Android 9),2021-05-06T05:59:23.099Z,寝る,あ,false,312.90000000000003,75.7,14.600000000000001,12.8,6.7,3.2,12.700000000000001,-2.1,0.4,29.200000000000003,-60.900000000000006,-5.300000000000001
Chrome Mobile,90.0.4430.82,Asus X01AD,Asus,Blink,[object Object],Chrome Mobile 90.0.4430.82 on Asus X01AD (Android 9),2021-05-06T05:59:23.300Z,寝る,あ,false,312.20000000000005,72.60000000000001,-29.3,-10,11.3,10.9,-11.5,1.9000000000000001,8.3,-12.100000000000001,-236.00000000000003,8.700000000000001
Chrome Mobile,90.0.4430.82,Asus X01AD,Asus,Blink,[object Object],Chrome Mobile 90.0.4430.82 on Asus X01AD (Android 9),2021-05-06T05:59:23.507Z,寝る,あ,false,293.2,74.9,-7.2,-8,8.3,4.3,-8.3,-1.1,1.8,-7,221.40000000000003,12.299999999999999
Chrome Mobile,90.0.4430.82,Asus X01AD,Asus,Blink,[object Object],Chrome Mobile 90.0.4430.82 on Asus X01AD (Android 9),2021-05-06T05:59:23.714Z,寝る,あ,false,300.3,70.60000000000001,32.7,15.200000000000001,10.200000000000001,6.6000000000000005,17,0.9,3.8000000000000003,2,46.800000000000004,-36
Chrome Mobile,90.0.4430.82,Asus X01AD,Asus,Blink,[object Object],Chrome Mobile 90.0.4430.82 on Asus X01AD (Android 9),2021-05-06T05:59:23.915Z,寝る,あ,false,316.6,79,-12.600000000000001,2.1,11,7.6000000000000005,1.7000000000000002,1.5,5.800000000000001,34.800000000000004,-250.4,55.7
Chrome Mobile,90.0.4430.82,Asus X01AD,Asus,Blink,[object Object],Chrome Mobile 90.0.4430.82 on Asus X01AD (Android 9),2021-05-06T05:59:24.116Z,寝る,あ,false,319.8,76.60000000000001,-35.1,-12.8,8.9,4.800000000000001,-14.100000000000001,-0.6000000000000001,2.9000000000000004,38.50000000000001,116.2,0.4
Chrome Mobile,90.0.4430.82,Asus X01AD,Asus,Blink,[object Object],Chrome Mobile 90.0.4430.82 on Asus X01AD (Android 9),2021-05-06T05:59:24.316Z,寝る,あ,false,292.6,70.4,39,11,12.3,7.5,13.100000000000001,3,4.9,1.8000000000000003,193.3,-19.200000000000003
Chrome Mobile,90.0.4430.82,Asus X01AD,Asus,Blink,[object Object],Chrome Mobile 90.0.4430.82 on Asus X01AD (Android 9),2021-05-06T05:59:24.517Z,寝る,あ,false,299.5,75.7,22.1,5.1000000000000005,8.3,10.100000000000001,6,-1.1,7.9,-11.3,-248.7,-24.200000000000003
Chrome Mobile,90.0.4430.82,Asus X01AD,Asus,Blink,[object Object],Chrome Mobile 90.0.4430.82 on Asus X01AD (Android 9),2021-05-06T05:59:24.717Z,寝る,あ,false,303.1,75,-18.2,-19.700000000000003,9.200000000000001,4.1000000000000005,-21.200000000000003,0.5,1.6,-1.6,30.200000000000003,20.5
Chrome Mobile,90.0.4430.82,Asus X01AD,Asus,Blink,[object Object],Chrome Mobile 90.0.4430.82 on Asus X01AD (Android 9),2021-05-06T05:59:24.918Z,寝る,あ,false,304.7,73.4,14.9,4.2,9,11.700000000000001,4.9,-0.4,9,-6.4,249.4,16.8
Chrome Mobile,90.0.4430.82,Asus X01AD,Asus,Blink,[object Object],Chrome Mobile 90.0.4430.82 on Asus X01AD (Android 9),2021-05-06T05:59:25.120Z,寝る,あ,false,301.6,77.30000000000001,35,11.8,8.4,3,13,-1.1,1.3,48.300000000000004,-102.89999999999999,-26.200000000000003
Chrome Mobile,90.0.4430.82,Asus X01AD,Asus,Blink,[object Object],Chrome Mobile 90.0.4430.82 on Asus X01AD (Android 9),2021-05-06T05:59:25.321Z,寝る,あ,false,300.90000000000003,72.60000000000001,-11.5,-7.9,9.5,11.5,-8.5,0.2,8.6,-30.699999999999996,-250.4,23
Chrome Mobile,90.0.4430.82,Asus X01AD,Asus,Blink,[object Object],Chrome Mobile 90.0.4430.82 on Asus X01AD (Android 9),2021-05-06T05:59:25.521Z,寝る,あ,false,315.90000000000003,68.10000000000001,-46,-8.5,12.5,10,-11.100000000000001,3.5,7.5,59.60000000000001,50.7,64.7
Chrome Mobile,90.0.4430.82,Asus X01AD,Asus,Blink,[object Object],Chrome Mobile 90.0.4430.82 on Asus X01AD (Android 9),2021-05-06T05:59:25.722Z,寝る,あ,false,299.6,72.10000000000001,17,10.100000000000001,7.800000000000001,7.300000000000001,10.9,-1.6,4.4,26.000000000000004,249.6,-7.500000000000001
Chrome Mobile,90.0.4430.82,Asus X01AD,Asus,Blink,[object Object],Chrome Mobile 90.0.4430.82 on Asus X01AD (Android 9),2021-05-06T05:59:25.924Z,寝る,あ,false,316.3,78.80000000000001,9.700000000000001,9.5,9.4,4.3,9.9,-0.2,2.4000000000000004,57.699999999999996,-212.50000000000003,48.10000000000001
Chrome Mobile,90.0.4430.82,Asus X01AD,Asus,Blink,[object Object],Chrome Mobile 90.0.4430.82 on Asus X01AD (Android 9),2021-05-06T05:59:26.125Z,寝る,あ,false,322.3,71.7,-42.800000000000004,-10.9,12.600000000000001,9.700000000000001,-13,3.3000000000000003,7.5,-40.300000000000004,-250.4,75.7
Chrome Mobile,90.0.4430.82,Asus X01AD,Asus,Blink,[object Object],Chrome Mobile 90.0.4430.82 on Asus X01AD (Android 9),2021-05-06T05:59:26.326Z,寝る,あ,false,318.6,73.60000000000001,-40,-5.300000000000001,9.600000000000001,7.1000000000000005,-7.1000000000000005,0.2,5,35.4,206.99999999999997,-26.400000000000006
Chrome Mobile,90.0.4430.82,Asus X01AD,Asus,Blink,[object Object],Chrome Mobile 90.0.4430.82 on Asus X01AD (Android 9),2021-05-06T05:59:26.527Z,寝る,あ,false,306.5,76.3,18.5,16,11.200000000000001,7.2,16.8,1.6,5,27.700000000000003,144.8,-7.300000000000001
Chrome Mobile,90.0.4430.82,Asus X01AD,Asus,Blink,[object Object],Chrome Mobile 90.0.4430.82 on Asus X01AD (Android 9),2021-05-06T05:59:26.733Z,寝る,あ,false,308.40000000000003,77.2,3.6,5.6000000000000005,8.1,8.9,7.2,-1.4000000000000001,5.4,8.700000000000001,-250.3,16.1
Chrome Mobile,90.0.4430.82,Asus X01AD,Asus,Blink,[object Object],Chrome Mobile 90.0.4430.82 on Asus X01AD (Android 9),2021-05-06T05:59:26.935Z,寝る,あ,false,312.8,70.7,-46.6,-13.9,11.100000000000001,6.1000000000000005,-16.2,1.8,3.9000000000000004,-3.1,-161.00000000000003,83.80000000000001
Chrome Mobile,90.0.4430.82,Asus X01AD,Asus,Blink,[object Object],Chrome Mobile 90.0.4430.82 on Asus X01AD (Android 9),2021-05-06T05:59:27.136Z,寝る,あ,false,301.1,72.5,-11.200000000000001,-0.9,9.700000000000001,11.4,-1.4000000000000001,0.30000000000000004,8.5,9.700000000000001,249.3,-26.400000000000006
Chrome Mobile,90.0.4430.82,Asus X01AD,Asus,Blink,[object Object],Chrome Mobile 90.0.4430.82 on Asus X01AD (Android 9),2021-05-06T05:59:27.337Z,寝る,あ,false,311.20000000000005,75.8,17.900000000000002,19.8,9,2.8000000000000003,20.5,-0.5,0.5,13.5,49.800000000000004,-90.19999999999999
Chrome Mobile,90.0.4430.82,Asus X01AD,Asus,Blink,[object Object],Chrome Mobile 90.0.4430.82 on Asus X01AD (Android 9),2021-05-06T05:59:27.543Z,寝る,あ,false,311.40000000000003,76.5,-15.200000000000001,-1.3,9.600000000000001,8.4,-1.9000000000000001,0.1,6.2,15.000000000000002,-250.4,45
Chrome Mobile,90.0.4430.82,Asus X01AD,Asus,Blink,[object Object],Chrome Mobile 90.0.4430.82 on Asus X01AD (Android 9),2021-05-06T05:59:27.744Z,寝る,あ,false,289.40000000000003,73.4,-21.6,-17.7,6.9,7.300000000000001,-18.7,-2.4000000000000004,4.7,13.900000000000002,138.9,-6.8
Chrome Mobile,90.0.4430.82,Asus X01AD,Asus,Blink,[object Object],Chrome Mobile 90.0.4430.82 on Asus X01AD (Android 9),2021-05-06T05:59:27.945Z,寝る,あ,false,294.6,69.10000000000001,20.3,11.600000000000001,10.5,9,12.8,1.2000000000000002,5.7,8.2,249.6,-4.9
Chrome Mobile,90.0.4430.82,Asus X01AD,Asus,Blink,[object Object],Chrome Mobile 90.0.4430.82 on Asus X01AD (Android 9),2021-05-06T05:59:28.146Z,寝る,あ,false,305.8,74.7,11.9,9.700000000000001,9.1,3.9000000000000004,10.200000000000001,-0.4,1.3,5.8,-196.3,-17.300000000000004
Chrome Mobile,90.0.4430.82,Asus X01AD,Asus,Blink,[object Object],Chrome Mobile 90.0.4430.82 on Asus X01AD (Android 9),2021-05-06T05:59:28.346Z,寝る,あ,false,300.8,68.4,-30.5,-17.5,9.8,10.100000000000001,-19.3,0.7000000000000001,7,-67.5,-143.4,-0.8
Chrome Mobile,90.0.4430.82,Asus X01AD,Asus,Blink,[object Object],Chrome Mobile 90.0.4430.82 on Asus X01AD (Android 9),2021-05-06T05:59:28.547Z,寝る,あ,false,290.40000000000003,67.8,13.9,-1.2000000000000002,9.200000000000001,14.700000000000001,-0.4,0,11.100000000000001,8.5,249.6,35.599999999999994
Chrome Mobile,90.0.4430.82,Asus X01AD,Asus,Blink,[object Object],Chrome Mobile 90.0.4430.82 on Asus X01AD (Android 9),2021-05-06T05:59:28.748Z,寝る,あ,false,320.6,74.7,11.600000000000001,18.7,7.9,5.6000000000000005,19.200000000000003,-1.6,3.1,10.600000000000001,-37.400000000000006,-15.000000000000002
Chrome Mobile,90.0.4430.82,Asus X01AD,Asus,Blink,[object Object],Chrome Mobile 90.0.4430.82 on Asus X01AD (Android 9),2021-05-06T05:59:28.949Z,寝る,あ,false,299.40000000000003,68.5,-10.100000000000001,-4.800000000000001,6.2,16,-3.2,-2.7,10.8,-59.40000000000001,-250.4,-58.900000000000006
Chrome Mobile,90.0.4430.82,Asus X01AD,Asus,Blink,[object Object],Chrome Mobile 90.0.4430.82 on Asus X01AD (Android 9),2021-05-06T05:59:29.150Z,寝る,あ,false,281.6,67.4,-10.100000000000001,-14.700000000000001,7.6000000000000005,9.1,-15.4,-1.6,5.300000000000001,44.300000000000004,205.5,25.1
Chrome Mobile,90.0.4430.82,Asus X01AD,Asus,Blink,[object Object],Chrome Mobile 90.0.4430.82 on Asus X01AD (Android 9),2021-05-06T05:59:29.351Z,寝る,あ,false,306.8,69.8,16.400000000000002,15.100000000000001,8.200000000000001,9,16.1,-1.3,5.7,66,249.6,70.7
Chrome Mobile,90.0.4430.82,Asus X01AD,Asus,Blink,[object Object],Chrome Mobile 90.0.4430.82 on Asus X01AD (Android 9),2021-05-06T05:59:29.556Z,寝る,あ,false,331.8,79.60000000000001,-9.600000000000001,6.7,6.7,10.3,6.4,-3.1,8.6,-23.800000000000004,-250.4,-31.6
Chrome Mobile,90.0.4430.82,Asus X01AD,Asus,Blink,[object Object],Chrome Mobile 90.0.4430.82 on Asus X01AD (Android 9),2021-05-06T05:59:29.759Z,寝る,あ,false,317,71,-46.7,-20.200000000000003,13.600000000000001,11.9,-22.6,4.1000000000000005,9.600000000000001,-12.299999999999999,-162.7,24
Chrome Mobile,90.0.4430.82,Asus X01AD,Asus,Blink,[object Object],Chrome Mobile 90.0.4430.82 on Asus X01AD (Android 9),2021-05-06T05:59:29.959Z,寝る,あ,false,290.3,76.3,10.100000000000001,0.4,11.200000000000001,11.600000000000001,0.8,1.5,9.200000000000001,8.8,249.6,-33.50000000000001
Chrome Mobile,90.0.4430.82,Asus X01AD,Asus,Blink,[object Object],Chrome Mobile 90.0.4430.82 on Asus X01AD (Android 9),2021-05-06T05:59:30.162Z,寝る,あ,false,303.1,73.5,29.200000000000003,15.9,8.3,8.8,17.3,-1.2000000000000002,6.300000000000001,-23.099999999999998,48.2,-46.199999999999996
Chrome Mobile,90.0.4430.82,Asus X01AD,Asus,Blink,[object Object],Chrome Mobile 90.0.4430.82 on Asus X01AD (Android 9),2021-05-06T05:59:30.362Z,寝る,あ,false,332.6,75.60000000000001,-35.800000000000004,0.6000000000000001,10.600000000000001,6.5,-0.9,0.9,4.4,-23.6,-250.4,31
Chrome Mobile,90.0.4430.82,Asus X01AD,Asus,Blink,[object Object],Chrome Mobile 90.0.4430.82 on Asus X01AD (Android 9),2021-05-06T05:59:30.570Z,寝る,あ,false,311.6,74.9,-38.6,-20.400000000000002,8.5,7.300000000000001,-22,-1.1,5.300000000000001,43.1,120.80000000000001,-17.200000000000003
Chrome Mobile,90.0.4430.82,Asus X01AD,Asus,Blink,[object Object],Chrome Mobile 90.0.4430.82 on Asus X01AD (Android 9),2021-05-06T05:59:30.780Z,寝る,あ,false,307.8,81,14.4,10.700000000000001,10,8.200000000000001,11.100000000000001,0.1,6.7,63.70000000000001,221.3,-14.800000000000002
Chrome Mobile,90.0.4430.82,Asus X01AD,Asus,Blink,[object Object],Chrome Mobile 90.0.4430.82 on Asus X01AD (Android 9),2021-05-06T05:59:30.984Z,寝る,あ,false,317.3,85.80000000000001,8.3,11.3,7,-1.3,11.4,-2.7,-2,-5.1000000000000005,-207.6,78.60000000000001
Chrome Mobile,90.0.4430.82,Asus X01AD,Asus,Blink,[object Object],Chrome Mobile 90.0.4430.82 on Asus X01AD (Android 9),2021-05-06T05:59:31.185Z,寝る,あ,false,326.70000000000005,64.7,-49,-11.3,14.9,12.200000000000001,-14.5,6,9.5,-36.1,-250.00000000000003,83.00000000000001
Chrome Mobile,90.0.4430.82,Asus X01AD,Asus,Blink,[object Object],Chrome Mobile 90.0.4430.82 on Asus X01AD (Android 9),2021-05-06T05:59:31.386Z,寝る,あ,false,313.40000000000003,74.60000000000001,-22.200000000000003,-1,11.100000000000001,7.4,-2,1.5,5,51.50000000000001,249.6,-32.5
Chrome Mobile,90.0.4430.82,Asus X01AD,Asus,Blink,[object Object],Chrome Mobile 90.0.4430.82 on Asus X01AD (Android 9),2021-05-06T05:59:31.587Z,寝る,あ,false,307.70000000000005,77.60000000000001,21.6,19.700000000000003,8.700000000000001,3.6,20.400000000000002,-1,1.6,29.800000000000004,56.7,37.6
Chrome Mobile,90.0.4430.82,Asus X01AD,Asus,Blink,[object Object],Chrome Mobile 90.0.4430.82 on Asus X01AD (Android 9),2021-05-06T05:59:31.788Z,寝る,あ,false,342.20000000000005,77,-36.9,5.300000000000001,9.700000000000001,6.5,4,0.1,4.7,-49.199999999999996,-250.4,-2.4000000000000004
Chrome Mobile,90.0.4430.82,Asus X01AD,Asus,Blink,[object Object],Chrome Mobile 90.0.4430.82 on Asus X01AD (Android 9),2021-05-06T05:59:31.990Z,寝る,あ,false,320.1,72.60000000000001,-44.800000000000004,-24,8.9,6.2,-26.1,-0.5,4.1000000000000005,50.2,110.2,-37.9
Chrome Mobile,90.0.4430.82,Asus X01AD,Asus,Blink,[object Object],Chrome Mobile 90.0.4430.82 on Asus X01AD (Android 9),2021-05-06T05:59:32.191Z,寝る,あ,false,295,78.9,30.900000000000002,9.200000000000001,7.5,4.6000000000000005,10.200000000000001,-2.3000000000000003,2.9000000000000004,8.2,249.6,-68
Chrome Mobile,90.0.4430.82,Asus X01AD,Asus,Blink,[object Object],Chrome Mobile 90.0.4430.82 on Asus X01AD (Android 9),2021-05-06T05:59:32.392Z,寝る,あ,false,336.6,81.30000000000001,-7.7,14,7.2,5.1000000000000005,13.8,-2.4000000000000004,3.6,-12,-220,47.3
Chrome Mobile,90.0.4430.82,Asus X01AD,Asus,Blink,[object Object],Chrome Mobile 90.0.4430.82 on Asus X01AD (Android 9),2021-05-06T05:59:32.597Z,寝る,あ,false,331.1,62.800000000000004,-52.300000000000004,-12.700000000000001,17.2,13.200000000000001,-16.3,8.3,10.4,-53,-241.00000000000003,41.300000000000004
Chrome Mobile,90.0.4430.82,Asus X01AD,Asus,Blink,[object Object],Chrome Mobile 90.0.4430.82 on Asus X01AD (Android 9),2021-05-06T05:59:32.802Z,寝る,あ,false,309.8,77.60000000000001,-7.4,-2,10.700000000000001,8.4,-2.3000000000000003,1,6.300000000000001,30.9,249.6,-44.7
Chrome Mobile,90.0.4430.82,Asus X01AD,Asus,Blink,[object Object],Chrome Mobile 90.0.4430.82 on Asus X01AD (Android 9),2021-05-06T05:59:33.003Z,寝る,あ,false,316.70000000000005,78.5,21.900000000000002,21.200000000000003,8.200000000000001,3.7,21.900000000000002,-1.5,1.9000000000000001,27.5,48.9,-16.900000000000002
Chrome Mobile,90.0.4430.82,Asus X01AD,Asus,Blink,[object Object],Chrome Mobile 90.0.4430.82 on Asus X01AD (Android 9),2021-05-06T05:59:33.204Z,寝る,あ,false,333.8,74.9,-22.200000000000003,-0.4,10.700000000000001,13.4,-1.4000000000000001,1.3,11,-37.6,-250.4,32.9
Chrome Mobile,90.0.4430.82,Asus X01AD,Asus,Blink,[object Object],Chrome Mobile 90.0.4430.82 on Asus X01AD (Android 9),2021-05-06T05:59:33.406Z,寝る,あ,false,326.8,67,-47.800000000000004,-17.5,12.9,6.300000000000001,-20.3,3.8000000000000003,3.7,47,108.39999999999999,-46.199999999999996
Chrome Mobile,90.0.4430.82,Asus X01AD,Asus,Blink,[object Object],Chrome Mobile 90.0.4430.82 on Asus X01AD (Android 9),2021-05-06T05:59:33.612Z,寝る,あ,false,293,75.7,33.4,9.4,9.3,8.6,10.8,-0.4,6.5,-12.100000000000001,249.20000000000002,-46.50000000000001
Chrome Mobile,90.0.4430.82,Asus X01AD,Asus,Blink,[object Object],Chrome Mobile 90.0.4430.82 on Asus X01AD (Android 9),2021-05-06T05:59:33.817Z,寝る,あ,false,323.70000000000005,79.4,4.1000000000000005,11.8,8.200000000000001,4.3,11.9,-1.3,2.5,-10.8,-182.4,5.9
Chrome Mobile,90.0.4430.82,Asus X01AD,Asus,Blink,[object Object],Chrome Mobile 90.0.4430.82 on Asus X01AD (Android 9),2021-05-06T05:59:34.020Z,寝る,あ,false,321.8,67.8,-41.400000000000006,-18.2,12.9,12.9,-20.700000000000003,3.7,10.100000000000001,-35.2,-155,22.1
Chrome Mobile,90.0.4430.82,Asus X01AD,Asus,Blink,[object Object],Chrome Mobile 90.0.4430.82 on Asus X01AD (Android 9),2021-05-06T05:59:34.221Z,寝る,あ,false,304.3,73.3,4.2,-3.3000000000000003,16.900000000000002,15.9,-3,7.5,13.100000000000001,-5.500000000000001,249.6,3.7000000000000006
Chrome Mobile,90.0.4430.82,Asus X01AD,Asus,Blink,[object Object],Chrome Mobile 90.0.4430.82 on Asus X01AD (Android 9),2021-05-06T05:59:34.421Z,寝る,あ,false,298.40000000000003,81.9,48.1,18.1,6.4,2,19.1,-3.4000000000000004,1.1,35,12.600000000000001,-0.7
Chrome Mobile,90.0.4430.82,Asus X01AD,Asus,Blink,[object Object],Chrome Mobile 90.0.4430.82 on Asus X01AD (Android 9),2021-05-06T05:59:34.625Z,寝る,あ,false,326.8,74.60000000000001,-7.7,2.3000000000000003,9.8,10.5,2,0.5,7.9,-83.2,-250.4,-0.5
Chrome Mobile,90.0.4430.82,Asus X01AD,Asus,Blink,[object Object],Chrome Mobile 90.0.4430.82 on Asus X01AD (Android 9),2021-05-06T05:59:34.826Z,寝る,あ,false,296.5,68,-14.5,-26.900000000000002,7.7,8.200000000000001,-27.8,-1.4000000000000001,4.7,54,23.099999999999998,31.5
Chrome Mobile,90.0.4430.82,Asus X01AD,Asus,Blink,[object Object],Chrome Mobile 90.0.4430.82 on Asus X01AD (Android 9),2021-05-06T05:59:35.032Z,寝る,あ,false,294,75.3,31.700000000000003,9.700000000000001,8.700000000000001,11.8,11,-1,9.600000000000001,69.7,249.6,-7.699999999999999
Chrome Mobile,90.0.4430.82,Asus X01AD,Asus,Blink,[object Object],Chrome Mobile 90.0.4430.82 on Asus X01AD (Android 9),2021-05-06T05:59:35.234Z,寝る,あ,false,314.40000000000003,83,22,13.4,7.2,4.4,13.9,-2.4000000000000004,3.3000000000000003,-30.699999999999996,-150.2,27.5
Chrome Mobile,90.0.4430.82,Asus X01AD,Asus,Blink,[object Object],Chrome Mobile 90.0.4430.82 on Asus X01AD (Android 9),2021-05-06T05:59:35.440Z,寝る,あ,false,320.20000000000005,67,-29.900000000000002,-16.5,15.8,12.4,-18.400000000000002,6.7,9,-55.8,-192.60000000000002,22.4
Chrome Mobile,90.0.4430.82,Asus X01AD,Asus,Blink,[object Object],Chrome Mobile 90.0.4430.82 on Asus X01AD (Android 9),2021-05-06T05:59:35.643Z,寝る,あ,false,300.1,75.5,13.8,-3.2,13.200000000000001,13.600000000000001,-2.6,3.6,11.200000000000001,34,249.6,-16.3
Chrome Mobile,90.0.4430.82,Asus X01AD,Asus,Blink,[object Object],Chrome Mobile 90.0.4430.82 on Asus X01AD (Android 9),2021-05-06T05:59:35.844Z,寝る,あ,false,319.70000000000005,81.2,25.900000000000002,21.1,6.5,6.800000000000001,21.700000000000003,-3.2,5.5,-17.5,28.200000000000003,-47.1
Chrome Mobile,90.0.4430.82,Asus X01AD,Asus,Blink,[object Object],Chrome Mobile 90.0.4430.82 on Asus X01AD (Android 9),2021-05-06T05:59:36.046Z,寝る,あ,false,330.40000000000003,72.7,-22.200000000000003,-6.2,10.100000000000001,13.5,-7.300000000000001,0.8,10.8,-46.4,-250.4,37.50000000000001
Chrome Mobile,90.0.4430.82,Asus X01AD,Asus,Blink,[object Object],Chrome Mobile 90.0.4430.82 on Asus X01AD (Android 9),2021-05-06T05:59:36.247Z,寝る,あ,false,322,70.5,-32.2,-14.600000000000001,10.9,4.5,-16.3,1.6,1.7000000000000002,66.7,198.60000000000002,-74.10000000000001
Chrome Mobile,90.0.4430.82,Asus X01AD,Asus,Blink,[object Object],Chrome Mobile 90.0.4430.82 on Asus X01AD (Android 9),2021-05-06T05:59:36.448Z,寝る,あ,false,312.5,80,24.5,12.600000000000001,7.9,6.6000000000000005,13.3,-1.9000000000000001,5.1000000000000005,30.699999999999996,248.4,-18.5
Chrome Mobile,90.0.4430.82,Asus X01AD,Asus,Blink,[object Object],Chrome Mobile 90.0.4430.82 on Asus X01AD (Android 9),2021-05-06T05:59:36.649Z,寝る,あ,false,319.8,78.4,20.900000000000002,10.3,8.3,5.4,11,-1.2000000000000002,3.6,13.000000000000002,-217.6,11.700000000000001
Chrome Mobile,90.0.4430.82,Asus X01AD,Asus,Blink,[object Object],Chrome Mobile 90.0.4430.82 on Asus X01AD (Android 9),2021-05-06T05:59:36.850Z,寝る,あ,false,327.40000000000003,66.2,-36.1,-12,13.200000000000001,8.700000000000001,-14.3,4.2,5.5,-2.6,-247.1,100.4
Chrome Mobile,90.0.4430.82,Asus X01AD,Asus,Blink,[object Object],Chrome Mobile 90.0.4430.82 on Asus X01AD (Android 9),2021-05-06T05:59:37.051Z,寝る,あ,false,312.5,75.8,-5.1000000000000005,-1.4000000000000001,11.3,7.300000000000001,-1.6,1.7000000000000002,4.9,57.00000000000001,249.6,8.3
Chrome Mobile,90.0.4430.82,Asus X01AD,Asus,Blink,[object Object],Chrome Mobile 90.0.4430.82 on Asus X01AD (Android 9),2021-05-06T05:59:37.252Z,寝る,あ,false,303.8,83.5,44.900000000000006,21.200000000000003,6.300000000000001,3,22,-3.5,2.3000000000000003,16.3,53.400000000000006,-24.5
Chrome Mobile,90.0.4430.82,Asus X01AD,Asus,Blink,[object Object],Chrome Mobile 90.0.4430.82 on Asus X01AD (Android 9),2021-05-06T05:59:37.453Z,寝る,あ,false,332.6,76,-12.700000000000001,3.4000000000000004,9.3,11.100000000000001,2.9000000000000004,0,8.8,-97.10000000000001,-250.4,-29.900000000000006
Chrome Mobile,90.0.4430.82,Asus X01AD,Asus,Blink,[object Object],Chrome Mobile 90.0.4430.82 on Asus X01AD (Android 9),2021-05-06T05:59:37.653Z,寝る,あ,false,297.3,70.60000000000001,-12.5,-24.3,7.6000000000000005,9,-25,-1.7000000000000002,5.800000000000001,44.10000000000001,87.3,-81.10000000000001
Chrome Mobile,90.0.4430.82,Asus X01AD,Asus,Blink,[object Object],Chrome Mobile 90.0.4430.82 on Asus X01AD (Android 9),2021-05-06T05:59:37.855Z,寝る,あ,false,300.8,74.9,28.8,9,10.200000000000001,13.9,10.3,0.6000000000000001,11.600000000000001,38,249.6,27.099999999999998
Chrome Mobile,90.0.4430.82,Asus X01AD,Asus,Blink,[object Object],Chrome Mobile 90.0.4430.82 on Asus X01AD (Android 9),2021-05-06T05:59:38.058Z,寝る,あ,false,321.90000000000003,81.4,25.3,12.700000000000001,6.7,4.2,13.3,-2.8000000000000003,2.9000000000000004,-18.4,-160.60000000000002,22.000000000000004
Chrome Mobile,90.0.4430.82,Asus X01AD,Asus,Blink,[object Object],Chrome Mobile 90.0.4430.82 on Asus X01AD (Android 9),2021-05-06T05:59:38.261Z,寝る,あ,false,337.8,67.2,-39.300000000000004,-12.200000000000001,15.100000000000001,10.3,-14.600000000000001,6,7.300000000000001,-34.2,-237.90000000000003,55.900000000000006
Chrome Mobile,90.0.4430.82,Asus X01AD,Asus,Blink,[object Object],Chrome Mobile 90.0.4430.82 on Asus X01AD (Android 9),2021-05-06T05:59:38.466Z,寝る,あ,false,322.1,77.2,-13.8,-3.1,12.700000000000001,5.2,-3.7,3.1,3.1,36.9,238.1,-57.9
Chrome Mobile,90.0.4430.82,Asus X01AD,Asus,Blink,[object Object],Chrome Mobile 90.0.4430.82 on Asus X01AD (Android 9),2021-05-06T05:59:38.667Z,寝る,あ,false,301,76.4,50,17.8,7.800000000000001,6.5,19.6,-1.8,4.9,15.700000000000001,96.30000000000001,-9.2
Chrome Mobile,90.0.4430.82,Asus X01AD,Asus,Blink,[object Object],Chrome Mobile 90.0.4430.82 on Asus X01AD (Android 9),2021-05-06T05:59:38.868Z,寝る,あ,false,334.1,78.10000000000001,-8.3,5.6000000000000005,10.700000000000001,7.800000000000001,4.1000000000000005,1.3,7,-40.9,-250.4,22.1
Chrome Mobile,90.0.4430.82,Asus X01AD,Asus,Blink,[object Object],Chrome Mobile 90.0.4430.82 on Asus X01AD (Android 9),2021-05-06T05:59:39.069Z,寝る,あ,false,316.8,71.60000000000001,-27.400000000000002,-23.5,9.8,9.3,-25,0.4,6.6000000000000005,24.400000000000002,37.6,-64.50000000000001
Chrome Mobile,90.0.4430.82,Asus X01AD,Asus,Blink,[object Object],Chrome Mobile 90.0.4430.82 on Asus X01AD (Android 9),2021-05-06T05:59:39.270Z,寝る,あ,false,301.6,75.7,33.7,7.1000000000000005,10.3,15.4,8.5,0.6000000000000001,13.4,23.3,249.6,10.299999999999999
Chrome Mobile,90.0.4430.82,Asus X01AD,Asus,Blink,[object Object],Chrome Mobile 90.0.4430.82 on Asus X01AD (Android 9),2021-05-06T05:59:39.472Z,寝る,あ,false,310.20000000000005,78,46.7,9.600000000000001,5.5,6.9,11.100000000000001,-4,5.5,-15.899999999999999,-130.6,-34
Chrome Mobile,90.0.4430.82,Asus X01AD,Asus,Blink,[object Object],Chrome Mobile 90.0.4430.82 on Asus X01AD (Android 9),2021-05-06T05:59:39.683Z,寝る,あ,false,340,69.4,-33.5,-12.9,13,8.700000000000001,-14.8,3.8000000000000003,5.800000000000001,-65.7,-183.29999999999998,86.1
Chrome Mobile,90.0.4430.82,Asus X01AD,Asus,Blink,[object Object],Chrome Mobile 90.0.4430.82 on Asus X01AD (Android 9),2021-05-06T05:59:39.884Z,寝る,あ,false,340.40000000000003,74,-35.7,-8.700000000000001,10.3,8.1,-10.3,0.9,5.9,67.5,196.10000000000002,-36
Chrome Mobile,90.0.4430.82,Asus X01AD,Asus,Blink,[object Object],Chrome Mobile 90.0.4430.82 on Asus X01AD (Android 9),2021-05-06T05:59:40.084Z,寝る,あ,false,295.40000000000003,77.7,53,15.700000000000001,10.700000000000001,1.9000000000000001,17.400000000000002,1,0.6000000000000001,11.8,170.60000000000002,-27.6
Chrome Mobile,90.0.4430.82,Asus X01AD,Asus,Blink,[object Object],Chrome Mobile 90.0.4430.82 on Asus X01AD (Android 9),2021-05-06T05:59:40.285Z,寝る,あ,false,327.70000000000005,81.30000000000001,9.200000000000001,10.3,8.9,6.5,10.5,-0.6000000000000001,5.1000000000000005,-19,-250.4,29.800000000000004
Chrome Mobile,90.0.4430.82,Asus X01AD,Asus,Blink,[object Object],Chrome Mobile 90.0.4430.82 on Asus X01AD (Android 9),2021-05-06T05:59:40.487Z,寝る,あ,false,324.1,69.5,-33.4,-19.400000000000002,11.100000000000001,9.3,-21.3,1.9000000000000001,6.4,-0.6000000000000001,-150.9,2.3
Chrome Mobile,90.0.4430.82,Asus X01AD,Asus,Blink,[object Object],Chrome Mobile 90.0.4430.82 on Asus X01AD (Android 9),2021-05-06T05:59:40.688Z,寝る,あ,false,308.6,73,12.700000000000001,-1.6,11.200000000000001,13.4,-0.9,1.7000000000000002,10.600000000000001,3.9,249.6,-0.1
Chrome Mobile,90.0.4430.82,Asus X01AD,Asus,Blink,[object Object],Chrome Mobile 90.0.4430.82 on Asus X01AD (Android 9),2021-05-06T05:59:40.889Z,寝る,あ,false,321.40000000000003,80.9,33.5,18.400000000000002,5.800000000000001,4.3,19.6,-3.2,1.4000000000000001,-22.1,24.8,-43.50000000000001
Chrome Mobile,90.0.4430.82,Asus X01AD,Asus,Blink,[object Object],Chrome Mobile 90.0.4430.82 on Asus X01AD (Android 9),2021-05-06T05:59:41.090Z,寝る,あ,false,349.3,71.2,-31,2.5,10.600000000000001,10.600000000000001,0.9,1.4000000000000001,7.9,-82.9,-250.4,23.700000000000003
Chrome Mobile,90.0.4430.82,Asus X01AD,Asus,Blink,[object Object],Chrome Mobile 90.0.4430.82 on Asus X01AD (Android 9),2021-05-06T05:59:41.290Z,寝る,あ,false,319.20000000000005,69.10000000000001,-23.8,-17.2,8.9,8.4,-18.6,-0.4,5.1000000000000005,36.6,108.7,-93.4
Chrome Mobile,90.0.4430.82,Asus X01AD,Asus,Blink,[object Object],Chrome Mobile 90.0.4430.82 on Asus X01AD (Android 9),2021-05-06T05:59:41.491Z,寝る,あ,false,306.90000000000003,73.5,33.5,6,10.8,16.2,7.6000000000000005,1.2000000000000002,13.700000000000001,59.20000000000001,239.89999999999998,29.800000000000004
Chrome Mobile,90.0.4430.82,Asus X01AD,Asus,Blink,[object Object],Chrome Mobile 90.0.4430.82 on Asus X01AD (Android 9),2021-05-06T05:59:41.692Z,寝る,あ,false,315.3,85,37.1,12.600000000000001,5.800000000000001,0.7000000000000001,13.100000000000001,-3.8000000000000003,0,-36.8,-110.10000000000001,1
Chrome Mobile,90.0.4430.82,Asus X01AD,Asus,Blink,[object Object],Chrome Mobile 90.0.4430.82 on Asus X01AD (Android 9),2021-05-06T05:59:41.893Z,寝る,あ,false,344.3,70.4,-38.5,-3.8000000000000003,14.3,15,-5.800000000000001,5,12.4,-30.9,-250.4,46.9
Chrome Mobile,90.0.4430.82,Asus X01AD,Asus,Blink,[object Object],Chrome Mobile 90.0.4430.82 on Asus X01AD (Android 9),2021-05-06T05:59:42.093Z,寝る,あ,false,326.6,75.10000000000001,-22.5,-9.200000000000001,8.6,5.2,-10.200000000000001,-0.9,2.8000000000000003,31.2,200.4,15.6
Chrome Mobile,90.0.4430.82,Asus X01AD,Asus,Blink,[object Object],Chrome Mobile 90.0.4430.82 on Asus X01AD (Android 9),2021-05-06T05:59:42.294Z,寝る,あ,false,315.90000000000003,81.30000000000001,36,13.8,8.1,2.9000000000000004,14.4,-1.4000000000000001,1.6,44.5,209.70000000000002,-31.2
Chrome Mobile,90.0.4430.82,Asus X01AD,Asus,Blink,[object Object],Chrome Mobile 90.0.4430.82 on Asus X01AD (Android 9),2021-05-06T05:59:42.495Z,寝る,あ,false,336.70000000000005,82.2,9.700000000000001,10,7.4,3.2,10.200000000000001,-2.1,1.9000000000000001,-54.9,-202.20000000000002,4
Chrome Mobile,90.0.4430.82,Asus X01AD,Asus,Blink,[object Object],Chrome Mobile 90.0.4430.82 on Asus X01AD (Android 9),2021-05-06T05:59:42.695Z,寝る,あ,false,331.6,65.9,-33.6,-11.600000000000001,16.6,12.8,-13.8,7.6000000000000005,9.4,-33.6,-178.4,4.800000000000001
Chrome Mobile,90.0.4430.82,Asus X01AD,Asus,Blink,[object Object],Chrome Mobile 90.0.4430.82 on Asus X01AD (Android 9),2021-05-06T05:59:42.896Z,寝る,あ,false,312.5,74,6.5,-1.7000000000000002,11.5,11.700000000000001,-1.4000000000000001,2,9,-18.1,249.20000000000002,1.2000000000000002
Chrome Mobile,90.0.4430.82,Asus X01AD,Asus,Blink,[object Object],Chrome Mobile 90.0.4430.82 on Asus X01AD (Android 9),2021-05-06T05:59:43.097Z,寝る,あ,false,327.3,82.7,28.5,17.5,6.800000000000001,3.2,18.1,-3,2.1,4.800000000000001,30.9,-55.60000000000001
Chrome Mobile,90.0.4430.82,Asus X01AD,Asus,Blink,[object Object],Chrome Mobile 90.0.4430.82 on Asus X01AD (Android 9),2021-05-06T05:59:43.298Z,寝る,あ,false,358.6,78.10000000000001,-31.200000000000003,6.4,10.9,8.200000000000001,5.4,1.3,6.5,-57.9,-250.4,25.4
Chrome Mobile,90.0.4430.82,Asus X01AD,Asus,Blink,[object Object],Chrome Mobile 90.0.4430.82 on Asus X01AD (Android 9),2021-05-06T05:59:43.499Z,寝る,あ,false,318,72.5,-27.3,-23.200000000000003,7.9,9,-24.6,-1.5,6.4,-4.5,44.00000000000001,-13.000000000000002
Chrome Mobile,90.0.4430.82,Asus X01AD,Asus,Blink,[object Object],Chrome Mobile 90.0.4430.82 on Asus X01AD (Android 9),2021-05-06T05:59:43.700Z,寝る,あ,false,316.6,72.5,15.700000000000001,5.300000000000001,8.3,11.5,6.2,-1.2000000000000002,8.700000000000001,-2.9,249.6,-29.600000000000005
Chrome Mobile,90.0.4430.82,Asus X01AD,Asus,Blink,[object Object],Chrome Mobile 90.0.4430.82 on Asus X01AD (Android 9),2021-05-06T05:59:43.901Z,寝る,あ,false,330.20000000000005,78.10000000000001,18.7,12.100000000000001,7,-0.30000000000000004,12.700000000000001,-2.5,-2.2,20.3,-73.7,-14.200000000000001
Chrome Mobile,90.0.4430.82,Asus X01AD,Asus,Blink,[object Object],Chrome Mobile 90.0.4430.82 on Asus X01AD (Android 9),2021-05-06T05:59:44.102Z,寝る,あ,false,340.1,68.60000000000001,-36.4,-8.3,10.9,12.5,-10.4,1.8,9.700000000000001,-49.699999999999996,-250.4,37.300000000000004
Chrome Mobile,90.0.4430.82,Asus X01AD,Asus,Blink,[object Object],Chrome Mobile 90.0.4430.82 on Asus X01AD (Android 9),2021-05-06T05:59:44.304Z,寝る,あ,false,319.8,72.60000000000001,-17.2,-8.6,9.1,5.1000000000000005,-9.5,-0.30000000000000004,2.3000000000000003,45.7,193.8,12.4
Chrome Mobile,90.0.4430.82,Asus X01AD,Asus,Blink,[object Object],Chrome Mobile 90.0.4430.82 on Asus X01AD (Android 9),2021-05-06T05:59:44.505Z,寝る,あ,false,316.5,77.9,34.9,12.200000000000001,7.6000000000000005,2.1,13.4,-2.1,0.4,58.900000000000006,199.8,11.6
Chrome Mobile,90.0.4430.82,Asus X01AD,Asus,Blink,[object Object],Chrome Mobile 90.0.4430.82 on Asus X01AD (Android 9),2021-05-06T05:59:44.705Z,寝る,あ,false,342.5,79.60000000000001,2.2,9.8,8.3,4.9,9.9,-1.3,3.2,-11.2,-208.00000000000003,21.200000000000003
Chrome Mobile,90.0.4430.82,Asus X01AD,Asus,Blink,[object Object],Chrome Mobile 90.0.4430.82 on Asus X01AD (Android 9),2021-05-06T05:59:44.913Z,寝る,あ,false,337,67.60000000000001,-45.2,-16.2,13.5,10.600000000000001,-18.900000000000002,4.4,8,-17.200000000000003,-180.60000000000002,42.400000000000006
Chrome Mobile,90.0.4430.82,Asus X01AD,Asus,Blink,[object Object],Chrome Mobile 90.0.4430.82 on Asus X01AD (Android 9),2021-05-06T05:59:45.114Z,寝る,あ,false,320.6,77.7,-0.9,-0.5,14.3,4.7,-0.8,4.7,2.6,51.1,249.6,-40.6
Chrome Mobile,90.0.4430.82,Asus X01AD,Asus,Blink,[object Object],Chrome Mobile 90.0.4430.82 on Asus X01AD (Android 9),2021-05-06T05:59:45.315Z,寝る,あ,false,304.5,82.80000000000001,46,18.2,6.300000000000001,0.2,19.1,-3.4000000000000004,-0.7000000000000001,11.700000000000001,42.2,-46.300000000000004
Chrome Mobile,90.0.4430.82,Asus X01AD,Asus,Blink,[object Object],Chrome Mobile 90.0.4430.82 on Asus X01AD (Android 9),2021-05-06T05:59:45.517Z,寝る,あ,false,353.1,74.7,-33,3.1,11.4,9,1.7000000000000002,2.1,6.800000000000001,-78.7,-250.4,23
Chrome Mobile,90.0.4430.82,Asus X01AD,Asus,Blink,[object Object],Chrome Mobile 90.0.4430.82 on Asus X01AD (Android 9),2021-05-06T05:59:45.728Z,寝る,あ,false,335.20000000000005,69.3,-46,-12.200000000000001,11.4,5.7,-14.700000000000001,2.2,3.3000000000000003,14.900000000000002,84.9,-54.6
Chrome Mobile,90.0.4430.82,Asus X01AD,Asus,Blink,[object Object],Chrome Mobile 90.0.4430.82 on Asus X01AD (Android 9),2021-05-06T05:59:45.932Z,寝る,あ,false,319.70000000000005,76,7,9.1,11.600000000000001,9.8,9.4,1.9000000000000001,7.4,112.7,203.8,33.400000000000006
Chrome Mobile,90.0.4430.82,Asus X01AD,Asus,Blink,[object Object],Chrome Mobile 90.0.4430.82 on Asus X01AD (Android 9),2021-05-06T05:59:46.132Z,寝る,あ,false,294.1,87.80000000000001,54.300000000000004,11.100000000000001,3.3000000000000003,-2.7,11.5,-6.300000000000001,-2.9000000000000004,-28.400000000000002,-56.10000000000001,14.5
Chrome Mobile,90.0.4430.82,Asus X01AD,Asus,Blink,[object Object],Chrome Mobile 90.0.4430.82 on Asus X01AD (Android 9),2021-05-06T05:59:46.333Z,寝る,あ,false,350.5,68.10000000000001,-46.5,-9.700000000000001,11.700000000000001,20.900000000000002,-12.4,2.7,18.400000000000002,-83.70000000000002,-250.4,37.2
Chrome Mobile,90.0.4430.82,Asus X01AD,Asus,Blink,[object Object],Chrome Mobile 90.0.4430.82 on Asus X01AD (Android 9),2021-05-06T05:59:46.542Z,寝る,あ,false,345.6,68.10000000000001,-53.7,-4.800000000000001,9.1,5.9,-7.800000000000001,0,3.7,59.9,141.2,-70.6
Chrome Mobile,90.0.4430.82,Asus X01AD,Asus,Blink,[object Object],Chrome Mobile 90.0.4430.82 on Asus X01AD (Android 9),2021-05-06T05:59:46.743Z,寝る,あ,false,315.5,81.4,26.6,14.700000000000001,8.700000000000001,-2,15.4,-1.2000000000000002,-3.4000000000000004,131.2,247.4,-68.7
Chrome Mobile,90.0.4430.82,Asus X01AD,Asus,Blink,[object Object],Chrome Mobile 90.0.4430.82 on Asus X01AD (Android 9),2021-05-06T05:59:46.944Z,寝る,あ,false,22.200000000000003,85.60000000000001,-35.800000000000004,12.4,7.9,4,12.100000000000001,-1.7000000000000002,3.4000000000000004,-5.500000000000001,-123.7,43.300000000000004
Chrome Mobile,90.0.4430.82,Asus X01AD,Asus,Blink,[object Object],Chrome Mobile 90.0.4430.82 on Asus X01AD (Android 9),2021-05-06T05:59:47.144Z,寝る,あ,false,342.3,74.5,-36.300000000000004,-7.800000000000001,10.700000000000001,10.4,-9.4,1.3,8.3,-54.4,-250.3,-2.6
Chrome Mobile,90.0.4430.82,Asus X01AD,Asus,Blink,[object Object],Chrome Mobile 90.0.4430.82 on Asus X01AD (Android 9),2021-05-06T05:59:47.352Z,寝る,あ,false,322.3,72.3,-22.900000000000002,-8.5,9.700000000000001,5.300000000000001,-9.600000000000001,0.5,2.6,25.8,140.10000000000002,42.2
Chrome Mobile,90.0.4430.82,Asus X01AD,Asus,Blink,[object Object],Chrome Mobile 90.0.4430.82 on Asus X01AD (Android 9),2021-05-06T05:59:47.553Z,寝る,あ,false,327.6,76.60000000000001,17.5,9.1,8.4,5.6000000000000005,9.8,-1.3,3.4000000000000004,42.1,165.00000000000003,-3.7000000000000006
Chrome Mobile,90.0.4430.82,Asus X01AD,Asus,Blink,[object Object],Chrome Mobile 90.0.4430.82 on Asus X01AD (Android 9),2021-05-06T05:59:47.754Z,寝る,あ,false,13.8,84.30000000000001,-25.1,12.4,6.6000000000000005,-1.1,12.600000000000001,-2.2,-1.1,-28.400000000000002,-149.10000000000002,11.5
Chrome Mobile,90.0.4430.82,Asus X01AD,Asus,Blink,[object Object],Chrome Mobile 90.0.4430.82 on Asus X01AD (Android 9),2021-05-06T05:59:47.954Z,寝る,あ,false,338.90000000000003,72.4,-35.7,-8.200000000000001,9.5,10,-9.9,0.1,7.6000000000000005,-5.1000000000000005,-225.5,40.300000000000004
Chrome Mobile,90.0.4430.82,Asus X01AD,Asus,Blink,[object Object],Chrome Mobile 90.0.4430.82 on Asus X01AD (Android 9),2021-05-06T05:59:48.155Z,寝る,あ,false,332.70000000000005,71.9,-33.2,-6.7,11.8,7.6000000000000005,-8.3,2.6,5.1000000000000005,26.000000000000004,231.8,-57.00000000000001
Chrome Mobile,90.0.4430.82,Asus X01AD,Asus,Blink,[object Object],Chrome Mobile 90.0.4430.82 on Asus X01AD (Android 9),2021-05-06T05:59:48.358Z,寝る,あ,false,306.2,71.7,43.1,9.1,6.300000000000001,10.4,11.200000000000001,-3.1,8.1,43.900000000000006,201.1,28.800000000000004
Chrome Mobile,90.0.4430.82,Asus X01AD,Asus,Blink,[object Object],Chrome Mobile 90.0.4430.82 on Asus X01AD (Android 9),2021-05-06T05:59:48.559Z,寝る,あ,false,335.20000000000005,80.7,4.800000000000001,8.4,10,8.200000000000001,8.5,0.5,6.7,-7.500000000000001,-237.90000000000003,6.4
Chrome Mobile,90.0.4430.82,Asus X01AD,Asus,Blink,[object Object],Chrome Mobile 90.0.4430.82 on Asus X01AD (Android 9),2021-05-06T05:59:48.760Z,寝る,あ,false,339.20000000000005,68.5,-46.800000000000004,-16.3,13.5,9.8,-18.900000000000002,4.4,7.4,-49.199999999999996,-218.60000000000002,73.7
Chrome Mobile,90.0.4430.82,Asus X01AD,Asus,Blink,[object Object],Chrome Mobile 90.0.4430.82 on Asus X01AD (Android 9),2021-05-06T05:59:48.960Z,寝る,あ,false,323.3,77.30000000000001,-0.7000000000000001,1.7000000000000002,11.100000000000001,14.100000000000001,1.6,1.4000000000000001,11.9,37.7,249.5,-71.7
Chrome Mobile,90.0.4430.82,Asus X01AD,Asus,Blink,[object Object],Chrome Mobile 90.0.4430.82 on Asus X01AD (Android 9),2021-05-06T05:59:49.161Z,寝る,あ,false,317.90000000000003,85.2,36.2,17.2,7.2,0.9,18.7,-2.2,0.1,4.300000000000001,-1.6,-27.2
Chrome Mobile,90.0.4430.82,Asus X01AD,Asus,Blink,[object Object],Chrome Mobile 90.0.4430.82 on Asus X01AD (Android 9),2021-05-06T05:59:49.362Z,寝る,あ,false,339.70000000000005,76.2,-19.3,0.1,11.100000000000001,12.600000000000001,-0.7000000000000001,1.6,10.4,-92.50000000000001,-250.3,-30.699999999999996
Chrome Mobile,90.0.4430.82,Asus X01AD,Asus,Blink,[object Object],Chrome Mobile 90.0.4430.82 on Asus X01AD (Android 9),2021-05-06T05:59:49.562Z,寝る,あ,false,329.40000000000003,68.4,-38.2,-11.8,9.8,4.3,-14,0.8,1.5,24.7,21.300000000000004,61.10000000000001
Chrome Mobile,90.0.4430.82,Asus X01AD,Asus,Blink,[object Object],Chrome Mobile 90.0.4430.82 on Asus X01AD (Android 9),2021-05-06T05:59:49.763Z,寝る,あ,false,326,73.4,3.1,4,7.5,13.8,4.2,-2,11,40.5,249.6,-14.5
Chrome Mobile,90.0.4430.82,Asus X01AD,Asus,Blink,[object Object],Chrome Mobile 90.0.4430.82 on Asus X01AD (Android 9),2021-05-06T05:59:49.964Z,寝る,あ,false,354.6,84.9,-5.4,13.600000000000001,6.5,-0.4,13.5,-3.2,-1.3,13.900000000000002,-90.19999999999999,-21.200000000000003
Chrome Mobile,90.0.4430.82,Asus X01AD,Asus,Blink,[object Object],Chrome Mobile 90.0.4430.82 on Asus X01AD (Android 9),2021-05-06T05:59:50.165Z,寝る,あ,false,353.6,71.2,-46.300000000000004,-3.4000000000000004,10.5,9.5,-5.7,1.4000000000000001,7.1000000000000005,-159.5,-135.20000000000002,-0.6000000000000001
Chrome Mobile,90.0.4430.82,Asus X01AD,Asus,Blink,[object Object],Chrome Mobile 90.0.4430.82 on Asus X01AD (Android 9),2021-05-06T05:59:50.366Z,寝る,あ,false,337.6,72.8,-38,-7,9.9,4.9,-8.8,0.5,2.6,110.80000000000001,171,0.2
Chrome Mobile,90.0.4430.82,Asus X01AD,Asus,Blink,[object Object],Chrome Mobile 90.0.4430.82 on Asus X01AD (Android 9),2021-05-06T05:59:50.568Z,寝る,あ,false,313.20000000000005,85.30000000000001,28.5,18.1,6.300000000000001,4,18.5,-3.5,3.2,164.7,157.3,61.50000000000001
Chrome Mobile,90.0.4430.82,Asus X01AD,Asus,Blink,[object Object],Chrome Mobile 90.0.4430.82 on Asus X01AD (Android 9),2021-05-06T05:59:50.769Z,寝る,あ,false,347.5,85.9,-6.6000000000000005,6.2,7.300000000000001,3.4000000000000004,6.2,-2.3000000000000003,2.7,-64.4,-161.70000000000002,-19
Chrome Mobile,90.0.4430.82,Asus X01AD,Asus,Blink,[object Object],Chrome Mobile 90.0.4430.82 on Asus X01AD (Android 9),2021-05-06T05:59:50.970Z,寝る,あ,false,339,69,-38.2,-15.700000000000001,15.5,9.3,-17.8,6.4,6.5,-86.60000000000001,-101.10000000000001,13.000000000000002
Chrome Mobile,90.0.4430.82,Asus X01AD,Asus,Blink,[object Object],Chrome Mobile 90.0.4430.82 on Asus X01AD (Android 9),2021-05-06T05:59:51.171Z,寝る,あ,false,314.90000000000003,75.2,15.4,-0.30000000000000004,9.700000000000001,11.5,0.30000000000000004,0.1,9.1,9.700000000000001,216.10000000000002,-39
Chrome Mobile,90.0.4430.82,Asus X01AD,Asus,Blink,[object Object],Chrome Mobile 90.0.4430.82 on Asus X01AD (Android 9),2021-05-06T05:59:51.372Z,寝る,あ,false,295.3,86.2,60.800000000000004,17.7,8.200000000000001,-0.9,18.2,-1.6,-1.2000000000000002,-32.7,23.2,-55.900000000000006
Chrome Mobile,90.0.4430.82,Asus X01AD,Asus,Blink,[object Object],Chrome Mobile 90.0.4430.82 on Asus X01AD (Android 9),2021-05-06T05:59:51.575Z,寝る,あ,false,333.40000000000003,74.3,-17.6,-6.300000000000001,9.3,10.600000000000001,-9,0.2,8.3,-69.00000000000001,-250.4,35.699999999999996
Chrome Mobile,90.0.4430.82,Asus X01AD,Asus,Blink,[object Object],Chrome Mobile 90.0.4430.82 on Asus X01AD (Android 9),2021-05-06T05:59:51.783Z,寝る,あ,false,332,73.3,-25.8,-10,9.3,4.5,-11.3,-0.1,1.9000000000000001,51.800000000000004,205.4,-45
Chrome Mobile,90.0.4430.82,Asus X01AD,Asus,Blink,[object Object],Chrome Mobile 90.0.4430.82 on Asus X01AD (Android 9),2021-05-06T05:59:51.984Z,寝る,あ,false,299.6,74.10000000000001,53,9.700000000000001,8.9,4.6000000000000005,11.9,-0.6000000000000001,2.8000000000000003,38.60000000000001,225.70000000000002,14.200000000000001
Chrome Mobile,90.0.4430.82,Asus X01AD,Asus,Blink,[object Object],Chrome Mobile 90.0.4430.82 on Asus X01AD (Android 9),2021-05-06T05:59:52.185Z,寝る,あ,false,315.8,79.5,30.900000000000002,6.7,7.9,4.1000000000000005,7.6000000000000005,-1.5,2.6,-10.4,-179.8,3.6000000000000005
Chrome Mobile,90.0.4430.82,Asus X01AD,Asus,Blink,[object Object],Chrome Mobile 90.0.4430.82 on Asus X01AD (Android 9),2021-05-06T05:59:52.385Z,寝る,あ,false,328.70000000000005,67.10000000000001,-26.6,-14.9,12.4,9,-16.6,3.4000000000000004,5.6000000000000005,-35.5,-139.3,38.60000000000001
Chrome Mobile,90.0.4430.82,Asus X01AD,Asus,Blink,[object Object],Chrome Mobile 90.0.4430.82 on Asus X01AD (Android 9),2021-05-06T05:59:52.586Z,寝る,あ,false,319.8,70.9,10,-2.3000000000000003,10.200000000000001,14.5,-1.8,0.9,11.3,27.2,240.00000000000003,14.400000000000002
Chrome Mobile,90.0.4430.82,Asus X01AD,Asus,Blink,[object Object],Chrome Mobile 90.0.4430.82 on Asus X01AD (Android 9),2021-05-06T05:59:52.787Z,寝る,あ,false,338.1,81.5,16,17.8,6.800000000000001,4.3,18.2,-2.8000000000000003,2.9000000000000004,-29.700000000000006,-38.50000000000001,-54.199999999999996
Chrome Mobile,90.0.4430.82,Asus X01AD,Asus,Blink,[object Object],Chrome Mobile 90.0.4430.82 on Asus X01AD (Android 9),2021-05-06T05:59:52.988Z,寝る,あ,false,345.8,76.5,-25.700000000000003,-2.8000000000000003,11.4,9.3,-3.8000000000000003,1.9000000000000001,7.2,-21.7,-248.7,18
Chrome Mobile,90.0.4430.82,Asus X01AD,Asus,Blink,[object Object],Chrome Mobile 90.0.4430.82 on Asus X01AD (Android 9),2021-05-06T05:59:53.190Z,寝る,あ,false,321.70000000000005,75.10000000000001,-18.3,-10.8,9.3,8.3,-13.9,-0.5,5.6000000000000005,17.7,175.00000000000003,43.800000000000004
Chrome Mobile,90.0.4430.82,Asus X01AD,Asus,Blink,[object Object],Chrome Mobile 90.0.4430.82 on Asus X01AD (Android 9),2021-05-06T05:59:53.391Z,寝る,あ,false,327,73.3,23.3,13.100000000000001,9.9,4.5,14.200000000000001,0.5,1.9000000000000001,-12.299999999999999,172.70000000000002,-23.3
Chrome Mobile,90.0.4430.82,Asus X01AD,Asus,Blink,[object Object],Chrome Mobile 90.0.4430.82 on Asus X01AD (Android 9),2021-05-06T05:59:53.592Z,寝る,あ,false,347.1,77.2,-5.9,8.6,7.5,7.1000000000000005,8.4,-1.9000000000000001,4.9,9.899999999999999,-246.9,12.8
Chrome Mobile,90.0.4430.82,Asus X01AD,Asus,Blink,[object Object],Chrome Mobile 90.0.4430.82 on Asus X01AD (Android 9),2021-05-06T05:59:53.793Z,寝る,あ,false,333.40000000000003,66.10000000000001,-36.800000000000004,-20.6,14.8,13.4,-23,5.800000000000001,10.200000000000001,-33.400000000000006,15.8,-69.80000000000001
Chrome Mobile,90.0.4430.82,Asus X01AD,Asus,Blink,[object Object],Chrome Mobile 90.0.4430.82 on Asus X01AD (Android 9),2021-05-06T05:59:53.994Z,寝る,あ,false,314.70000000000005,73,25,7.5,8.5,14.600000000000001,8.8,-1.1,11.9,67.00000000000001,249.6,-5.7
Chrome Mobile,90.0.4430.82,Asus X01AD,Asus,Blink,[object Object],Chrome Mobile 90.0.4430.82 on Asus X01AD (Android 9),2021-05-06T05:59:54.195Z,寝る,あ,false,330.70000000000005,79.2,24.900000000000002,12.4,8.3,6.4,13.200000000000001,-1.2000000000000002,4.800000000000001,-11.700000000000001,-87.80000000000001,-31.9
Chrome Mobile,90.0.4430.82,Asus X01AD,Asus,Blink,[object Object],Chrome Mobile 90.0.4430.82 on Asus X01AD (Android 9),2021-05-06T05:59:54.395Z,寝る,あ,false,340,70.60000000000001,-30.8,-9.3,12,10,-10.9,2.8000000000000003,7.2,-36.7,-250.4,80.30000000000001
Chrome Mobile,90.0.4430.82,Asus X01AD,Asus,Blink,[object Object],Chrome Mobile 90.0.4430.82 on Asus X01AD (Android 9),2021-05-06T05:59:54.597Z,寝る,あ,false,319.1,75.5,-3.6,-5.1000000000000005,9.1,3.9000000000000004,-5.300000000000001,-0.4,1.5,35.2,240.00000000000003,4.7
Chrome Mobile,90.0.4430.82,Asus X01AD,Asus,Blink,[object Object],Chrome Mobile 90.0.4430.82 on Asus X01AD (Android 9),2021-05-06T05:59:54.804Z,寝る,あ,false,309.5,74.10000000000001,47.800000000000004,13.4,9.700000000000001,5.9,15.4,0.2,4.1000000000000005,26.400000000000006,122.69999999999999,2.1
Chrome Mobile,90.0.4430.82,Asus X01AD,Asus,Blink,[object Object],Chrome Mobile 90.0.4430.82 on Asus X01AD (Android 9),2021-05-06T05:59:55.007Z,寝る,あ,false,331.3,77.7,12.200000000000001,6.300000000000001,8.700000000000001,8.700000000000001,6.7,-0.7000000000000001,6.6000000000000005,-28,-199.8,0.6000000000000001
Chrome Mobile,90.0.4430.82,Asus X01AD,Asus,Blink,[object Object],Chrome Mobile 90.0.4430.82 on Asus X01AD (Android 9),2021-05-06T05:59:55.207Z,寝る,あ,false,342.5,63.900000000000006,-42.400000000000006,-19.700000000000003,16.900000000000002,13.100000000000001,-22.6,8.1,9.9,-1,51.6,-46.1
Chrome Mobile,90.0.4430.82,Asus X01AD,Asus,Blink,[object Object],Chrome Mobile 90.0.4430.82 on Asus X01AD (Android 9),2021-05-06T05:59:55.408Z,寝る,あ,false,318.6,75.5,25.3,6.2,10.600000000000001,11.9,7.2,1,9.5,55.400000000000006,246.29999999999998,-20.400000000000002
Chrome Mobile,90.0.4430.82,Asus X01AD,Asus,Blink,[object Object],Chrome Mobile 90.0.4430.82 on Asus X01AD (Android 9),2021-05-06T05:59:55.608Z,寝る,あ,false,314.8,82.4,44.2,13.100000000000001,7.4,1.3,14,-2.2,0.30000000000000004,9.700000000000001,-112.5,24.3
Chrome Mobile,90.0.4430.82,Asus X01AD,Asus,Blink,[object Object],Chrome Mobile 90.0.4430.82 on Asus X01AD (Android 9),2021-05-06T05:59:55.809Z,寝る,あ,false,340.6,70.7,-27,-7.9,11.3,15.600000000000001,-9.3,2.1,12.700000000000001,-14.800000000000002,-250.4,67.00000000000001
Chrome Mobile,90.0.4430.82,Asus X01AD,Asus,Blink,[object Object],Chrome Mobile 90.0.4430.82 on Asus X01AD (Android 9),2021-05-06T05:59:56.010Z,寝る,あ,false,321.20000000000005,72.8,-5,-4.7,9.9,8.3,-4.9,0.5,5.5,43.00000000000001,184.5,74
Chrome Mobile,90.0.4430.82,Asus X01AD,Asus,Blink,[object Object],Chrome Mobile 90.0.4430.82 on Asus X01AD (Android 9),2021-05-06T05:59:56.210Z,寝る,あ,false,324.3,74.5,33.4,15.700000000000001,10.200000000000001,3.2,17.2,0.6000000000000001,0.9,61.599999999999994,105.3,2
Chrome Mobile,90.0.4430.82,Asus X01AD,Asus,Blink,[object Object],Chrome Mobile 90.0.4430.82 on Asus X01AD (Android 9),2021-05-06T05:59:56.411Z,寝る,あ,false,346.40000000000003,77.10000000000001,-7.800000000000001,7.300000000000001,8.5,6.4,7,-0.9,4.2,-27.099999999999998,-240.10000000000002,24.400000000000002
Chrome Mobile,90.0.4430.82,Asus X01AD,Asus,Blink,[object Object],Chrome Mobile 90.0.4430.82 on Asus X01AD (Android 9),2021-05-06T05:59:56.612Z,寝る,あ,false,333.5,68.60000000000001,-34.2,-17.7,10.5,8.8,-19.8,1.3,5.9,-8,5.6,-95.5
Chrome Mobile,90.0.4430.82,Asus X01AD,Asus,Blink,[object Object],Chrome Mobile 90.0.4430.82 on Asus X01AD (Android 9),2021-05-06T05:59:56.813Z,寝る,あ,false,309,71.4,26.8,-0.9,11.5,18.3,0.5,2.1,15.5,-10.5,249.6,-52.60000000000001
Chrome Mobile,90.0.4430.82,Asus X01AD,Asus,Blink,[object Object],Chrome Mobile 90.0.4430.82 on Asus X01AD (Android 9),2021-05-06T05:59:57.014Z,寝る,あ,false,300.1,80.30000000000001,57.5,15.4,6.4,-0.6000000000000001,16.8,-3.1,-1.5,1.2000000000000002,-107.9,17.7
Chrome Mobile,90.0.4430.82,Asus X01AD,Asus,Blink,[object Object],Chrome Mobile 90.0.4430.82 on Asus X01AD (Android 9),2021-05-06T05:59:57.215Z,寝る,あ,false,339.90000000000003,67.7,-28.200000000000003,-5.4,8.6,15,-7.1000000000000005,-0.4,11.8,-75.8,-250.4,64.4
Chrome Mobile,90.0.4430.82,Asus X01AD,Asus,Blink,[object Object],Chrome Mobile 90.0.4430.82 on Asus X01AD (Android 9),2021-05-06T05:59:57.416Z,寝る,あ,false,318.6,68,-10,-4.4,7,7.4,-5.1000000000000005,-2.3000000000000003,3.7,94,249.6,-67.60000000000001
Chrome Mobile,90.0.4430.82,Asus X01AD,Asus,Blink,[object Object],Chrome Mobile 90.0.4430.82 on Asus X01AD (Android 9),2021-05-06T05:59:57.616Z,寝る,あ,false,317.6,76.9,39.400000000000006,17.3,8.5,4.1000000000000005,18.7,-1.2000000000000002,2.4000000000000004,63.8,213.50000000000003,5.300000000000001
Chrome Mobile,90.0.4430.82,Asus X01AD,Asus,Blink,[object Object],Chrome Mobile 90.0.4430.82 on Asus X01AD (Android 9),2021-05-06T05:59:57.832Z,寝る,あ,false,346.8,78.60000000000001,-2.9000000000000004,7.9,8.8,9.3,7.800000000000001,-0.7000000000000001,7.4,-49.199999999999996,-250.4,17.300000000000004
Chrome Mobile,90.0.4430.82,Asus X01AD,Asus,Blink,[object Object],Chrome Mobile 90.0.4430.82 on Asus X01AD (Android 9),2021-05-06T05:59:58.033Z,寝る,あ,false,320.5,67.10000000000001,-22.700000000000003,-21.8,10.3,9.9,-23.3,1.2000000000000002,6.300000000000001,-36.7,15.5,-94.3
Chrome Mobile,90.0.4430.82,Asus X01AD,Asus,Blink,[object Object],Chrome Mobile 90.0.4430.82 on Asus X01AD (Android 9),2021-05-06T05:59:58.234Z,寝る,あ,false,311.90000000000003,66.7,23.1,1,8,10.100000000000001,1.5,-0.8,7.5,-21.7,249.6,-42.400000000000006
Chrome Mobile,90.0.4430.82,Asus X01AD,Asus,Blink,[object Object],Chrome Mobile 90.0.4430.82 on Asus X01AD (Android 9),2021-05-06T05:59:58.435Z,寝る,あ,false,320.40000000000003,71.9,37.300000000000004,14.100000000000001,7.5,2.1,15.9,-1.8,-0.30000000000000004,49.699999999999996,-66,2.1
Chrome Mobile,90.0.4430.82,Asus X01AD,Asus,Blink,[object Object],Chrome Mobile 90.0.4430.82 on Asus X01AD (Android 9),2021-05-06T05:59:58.635Z,寝る,あ,false,337.90000000000003,71.8,-24.900000000000002,-6.6000000000000005,9.3,11.600000000000001,-7.800000000000001,-0.1,8.8,-20.400000000000002,-250.4,64
Chrome Mobile,90.0.4430.82,Asus X01AD,Asus,Blink,[object Object],Chrome Mobile 90.0.4430.82 on Asus X01AD (Android 9),2021-05-06T05:59:58.836Z,寝る,あ,false,320.1,72.7,-9.600000000000001,-8.6,9.4,9.5,-9.1,0,6.6000000000000005,55.5,214.60000000000002,9.5
Chrome Mobile,90.0.4430.82,Asus X01AD,Asus,Blink,[object Object],Chrome Mobile 90.0.4430.82 on Asus X01AD (Android 9),2021-05-06T05:59:59.037Z,寝る,あ,false,320.3,76.10000000000001,33.4,17,11,3.5,18.3,1.3,1.5,36.2,123.4,-17.300000000000004
Chrome Mobile,90.0.4430.82,Asus X01AD,Asus,Blink,[object Object],Chrome Mobile 90.0.4430.82 on Asus X01AD (Android 9),2021-05-06T05:59:59.239Z,寝る,あ,false,338.3,78.4,-6.6000000000000005,3.7,10.4,7.4,3.4000000000000004,0.8,5.5,-7.8,-250.10000000000002,49
Chrome Mobile,90.0.4430.82,Asus X01AD,Asus,Blink,[object Object],Chrome Mobile 90.0.4430.82 on Asus X01AD (Android 9),2021-05-06T05:59:59.440Z,寝る,あ,false,316.8,75.4,-19.400000000000002,-21.6,8.3,6.7,-22.5,-1.9000000000000001,4.2,19,20.8,-51.1
Chrome Mobile,90.0.4430.82,Asus X01AD,Asus,Blink,[object Object],Chrome Mobile 90.0.4430.82 on Asus X01AD (Android 9),2021-05-06T05:59:59.642Z,寝る,あ,false,313.6,75.4,23,4.2,10.3,15.600000000000001,5.2,0.7000000000000001,13.3,-7.1000000000000005,249.6,1.6
Chrome Mobile,90.0.4430.82,Asus X01AD,Asus,Blink,[object Object],Chrome Mobile 90.0.4430.82 on Asus X01AD (Android 9),2021-05-06T05:59:59.842Z,寝る,あ,false,341.1,82.2,17,15.700000000000001,7.6000000000000005,-1.1,16.1,-2,-2.4000000000000004,-30.1,-78.10000000000001,-18.200000000000003
Chrome Mobile,90.0.4430.82,Asus X01AD,Asus,Blink,[object Object],Chrome Mobile 90.0.4430.82 on Asus X01AD (Android 9),2021-05-06T06:00:00.043Z,寝る,あ,false,323,67.9,-9.600000000000001,-14.600000000000001,10.5,11.9,-15.200000000000001,1.4000000000000001,8.3,90.30000000000001,-250.4,109.39999999999999
Chrome Mobile,90.0.4430.82,Asus X01AD,Asus,Blink,[object Object],Chrome Mobile 90.0.4430.82 on Asus X01AD (Android 9),2021-05-06T06:00:00.244Z,寝る,あ,false,309,69.7,12.600000000000001,-7.300000000000001,9.1,9.1,-6.6000000000000005,-0.2,5.800000000000001,9.899999999999999,215.4,59.40000000000001
Chrome Mobile,90.0.4430.82,Asus X01AD,Asus,Blink,[object Object],Chrome Mobile 90.0.4430.82 on Asus X01AD (Android 9),2021-05-06T06:00:00.445Z,寝る,あ,false,320.5,80.80000000000001,41.300000000000004,15.4,7.300000000000001,-0.30000000000000004,16.400000000000002,-2.5,-1.5,39.8,109.39999999999999,-20.5
Chrome Mobile,90.0.4430.82,Asus X01AD,Asus,Blink,[object Object],Chrome Mobile 90.0.4430.82 on Asus X01AD (Android 9),2021-05-06T06:00:00.646Z,寝る,あ,false,350.5,79.9,-9.1,6.800000000000001,8.200000000000001,5.300000000000001,6.5,-1.3,3.6,-64.2,-236.3,6.300000000000001
Chrome Mobile,90.0.4430.82,Asus X01AD,Asus,Blink,[object Object],Chrome Mobile 90.0.4430.82 on Asus X01AD (Android 9),2021-05-06T06:00:00.852Z,寝る,あ,false,340,67.60000000000001,-40.2,-17.6,10.9,10.200000000000001,-20.1,1.7000000000000002,7.300000000000001,-3.9,3.2,-71.7
Chrome Mobile,90.0.4430.82,Asus X01AD,Asus,Blink,[object Object],Chrome Mobile 90.0.4430.82 on Asus X01AD (Android 9),2021-05-06T06:00:01.053Z,寝る,あ,false,324.3,69.10000000000001,14,4.6000000000000005,10.100000000000001,12.9,5.6000000000000005,0.8,9.4,-11.3,249.6,-22.4
Chrome Mobile,90.0.4430.82,Asus X01AD,Asus,Blink,[object Object],Chrome Mobile 90.0.4430.82 on Asus X01AD (Android 9),2021-05-06T06:00:01.256Z,寝る,あ,false,324.20000000000005,73.2,35.5,12.600000000000001,7.9,-0.8,14.3,-1.5,-3.1,64.60000000000001,-93.49999999999999,15.5
Chrome Mobile,90.0.4430.82,Asus X01AD,Asus,Blink,[object Object],Chrome Mobile 90.0.4430.82 on Asus X01AD (Android 9),2021-05-06T06:00:01.456Z,寝る,あ,false,332.5,69.3,-24.200000000000003,-9.8,11.4,12,-11.200000000000001,2.3000000000000003,8.8,-12.4,-249.7,47.400000000000006
Chrome Mobile,90.0.4430.82,Asus X01AD,Asus,Blink,[object Object],Chrome Mobile 90.0.4430.82 on Asus X01AD (Android 9),2021-05-06T06:00:01.657Z,寝る,あ,false,318.8,73.10000000000001,-2.7,-3.9000000000000004,11,7.5,-4,1.6,4.6000000000000005,41.199999999999996,188,66.3
Chrome Mobile,90.0.4430.82,Asus X01AD,Asus,Blink,[object Object],Chrome Mobile 90.0.4430.82 on Asus X01AD (Android 9),2021-05-06T06:00:01.858Z,寝る,あ,false,334.1,78.9,22.400000000000002,19.3,6.6000000000000005,-1.3,20,-3.1,-3.1,61,50.7,-6.9
Chrome Mobile,90.0.4430.82,Asus X01AD,Asus,Blink,[object Object],Chrome Mobile 90.0.4430.82 on Asus X01AD (Android 9),2021-05-06T06:00:02.059Z,寝る,あ,false,341.6,73.2,-9.8,2.5,7.4,10.5,2,-1.8,7.7,-82.2,-250.4,-18.3
Chrome Mobile,90.0.4430.82,Asus X01AD,Asus,Blink,[object Object],Chrome Mobile 90.0.4430.82 on Asus X01AD (Android 9),2021-05-06T06:00:02.260Z,寝る,あ,false,325.20000000000005,60.7,-27.3,-14.200000000000001,13.5,12.8,-16.400000000000002,4.9,8.5,30.3,92.7,-37.800000000000004
Chrome Mobile,90.0.4430.82,Asus X01AD,Asus,Blink,[object Object],Chrome Mobile 90.0.4430.82 on Asus X01AD (Android 9),2021-05-06T06:00:02.461Z,寝る,あ,false,325.40000000000003,67.2,15.9,5,7.2,14.4,6,-1.9000000000000001,10.700000000000001,-18.1,246.00000000000003,9.600000000000001
Chrome Mobile,90.0.4430.82,Asus X01AD,Asus,Blink,[object Object],Chrome Mobile 90.0.4430.82 on Asus X01AD (Android 9),2021-05-06T06:00:02.662Z,寝る,あ,false,345.70000000000005,74.7,7.300000000000001,13.200000000000001,8,1.9000000000000001,13.5,-1.4000000000000001,-0.6000000000000001,26.200000000000003,-147.5,-11.3
Chrome Mobile,90.0.4430.82,Asus X01AD,Asus,Blink,[object Object],Chrome Mobile 90.0.4430.82 on Asus X01AD (Android 9),2021-05-06T06:00:02.863Z,寝る,あ,false,340.6,68.8,-35.4,-9.200000000000001,11.3,14.100000000000001,-11.3,2.1,11.200000000000001,0.2,-250.10000000000002,8
Chrome Mobile,90.0.4430.82,Asus X01AD,Asus,Blink,[object Object],Chrome Mobile 90.0.4430.82 on Asus X01AD (Android 9),2021-05-06T06:00:03.064Z,寝る,あ,false,329.1,74,-16.3,-2.6,10.200000000000001,8.200000000000001,-3.3000000000000003,0.9,5.7,4.4,249.6,19.200000000000003
Chrome Mobile,90.0.4430.82,Asus X01AD,Asus,Blink,[object Object],Chrome Mobile 90.0.4430.82 on Asus X01AD (Android 9),2021-05-06T06:00:03.265Z,寝る,あ,false,339.1,78.30000000000001,20.1,17.400000000000002,7.1000000000000005,1.8,18.1,-2.6,-0.1,50.60000000000001,110.2,22.1
Chrome Mobile,90.0.4430.82,Asus X01AD,Asus,Blink,[object Object],Chrome Mobile 90.0.4430.82 on Asus X01AD (Android 9),2021-05-06T06:00:03.467Z,寝る,あ,false,4.5,73.7,-31,7.4,7.5,8.200000000000001,6,-1.7000000000000002,5.9,-97.50000000000001,-250.4,-13.6
Chrome Mobile,90.0.4430.82,Asus X01AD,Asus,Blink,[object Object],Chrome Mobile 90.0.4430.82 on Asus X01AD (Android 9),2021-05-06T06:00:03.667Z,寝る,あ,false,329.70000000000005,54.5,-44.5,-11.600000000000001,14.100000000000001,21.1,-15.5,6.2,17,-125.7,-116.9,-11.1
Chrome Mobile,90.0.4430.82,Asus X01AD,Asus,Blink,[object Object],Chrome Mobile 90.0.4430.82 on Asus X01AD (Android 9),2021-05-06T06:00:03.873Z,寝る,あ,false,302.6,49.900000000000006,-2.9000000000000004,0,7.800000000000001,5.300000000000001,-0.4,0.30000000000000004,-1,-116.1,187.10000000000002,-50.3
Chrome Mobile,90.0.4430.82,Asus X01AD,Asus,Blink,[object Object],Chrome Mobile 90.0.4430.82 on Asus X01AD (Android 9),2021-05-06T06:00:04.082Z,寝る,あ,false,306.7,36.9,19.400000000000002,1.2000000000000002,5.5,6.6000000000000005,3.8000000000000003,-0.4,-0.9,-27.5,87.00000000000001,82.50000000000001