platform_name,platform_version,platform_product,platform_manufacturer,platform_layout,platform_os,platform_description,date,label,s_movement,do_absolute,do_alpha,do_beta,do_gamma,acc_g_x,acc_g_y,acc_g_z,acc_x,acc_y,acc_z,rot_alpha,rot_beta,rot_gamma
Chrome Mobile,90.0.4430.82,Asus X01AD,Asus,Blink,[object Object],Chrome Mobile 90.0.4430.82 on Asus X01AD (Android 9),2021-05-06T06:00:17.724Z,寝る,あ,false,336.5,28.3,1.3,0.30000000000000004,4.2,8.6,0.5,-0.5,-0.2,-2.8,-4.9,-5.6
Chrome Mobile,90.0.4430.82,Asus X01AD,Asus,Blink,[object Object],Chrome Mobile 90.0.4430.82 on Asus X01AD (Android 9),2021-05-06T06:00:17.928Z,寝る,あ,false,326.1,63.400000000000006,22.8,14.200000000000001,9.8,9.200000000000001,16,1,5,-33.50000000000001,74.5,-56.800000000000004
Chrome Mobile,90.0.4430.82,Asus X01AD,Asus,Blink,[object Object],Chrome Mobile 90.0.4430.82 on Asus X01AD (Android 9),2021-05-06T06:00:18.128Z,寝る,あ,false,344.90000000000003,74.4,-31.1,-10.600000000000001,10.3,7.7,-12,0.7000000000000001,5.4,-2.4000000000000004,-250.4,96.5
Chrome Mobile,90.0.4430.82,Asus X01AD,Asus,Blink,[object Object],Chrome Mobile 90.0.4430.82 on Asus X01AD (Android 9),2021-05-06T06:00:18.335Z,寝る,あ,false,332.6,71.4,-1.3,2.1,12.600000000000001,7.2,2,3.2,4.1000000000000005,-36.6,249.4,-33
Chrome Mobile,90.0.4430.82,Asus X01AD,Asus,Blink,[object Object],Chrome Mobile 90.0.4430.82 on Asus X01AD (Android 9),2021-05-06T06:00:18.536Z,寝る,あ,false,337.3,64.5,26.1,17.3,8.9,8.6,20.6,-0.4,6.6000000000000005,37.2,-14.700000000000001,-25.900000000000002
Chrome Mobile,90.0.4430.82,Asus X01AD,Asus,Blink,[object Object],Chrome Mobile 90.0.4430.82 on Asus X01AD (Android 9),2021-05-06T06:00:18.737Z,寝る,あ,false,338.6,71.4,-17.6,-7.4,9.200000000000001,11.3,-8.4,-0.2,8.3,-7.1000000000000005,-250.4,38.50000000000001
Chrome Mobile,90.0.4430.82,Asus X01AD,Asus,Blink,[object Object],Chrome Mobile 90.0.4430.82 on Asus X01AD (Android 9),2021-05-06T06:00:18.938Z,寝る,あ,false,316,68.10000000000001,2,-6.4,9,6.7,-6.2,-0.2,3,11.900000000000002,236.10000000000002,23.5
Chrome Mobile,90.0.4430.82,Asus X01AD,Asus,Blink,[object Object],Chrome Mobile 90.0.4430.82 on Asus X01AD (Android 9),2021-05-06T06:00:19.139Z,寝る,あ,false,342.8,63.6,20.700000000000003,19.6,10,10.9,21.200000000000003,1.1,6.800000000000001,-90.6,104.10000000000001,-1.3
Chrome Mobile,90.0.4430.82,Asus X01AD,Asus,Blink,[object Object],Chrome Mobile 90.0.4430.82 on Asus X01AD (Android 9),2021-05-06T06:00:19.339Z,寝る,あ,false,348.1,69.4,-15.4,3.8000000000000003,6.7,10.100000000000001,2.8000000000000003,-2.6,6.800000000000001,1.1,-250.20000000000002,-15.000000000000002
Chrome Mobile,90.0.4430.82,Asus X01AD,Asus,Blink,[object Object],Chrome Mobile 90.0.4430.82 on Asus X01AD (Android 9),2021-05-06T06:00:19.540Z,寝る,あ,false,331.8,67.2,-19.900000000000002,-15.700000000000001,9,9.8,-17,-0.2,6.2,69.60000000000001,249.6,18.6
Chrome Mobile,90.0.4430.82,Asus X01AD,Asus,Blink,[object Object],Chrome Mobile 90.0.4430.82 on Asus X01AD (Android 9),2021-05-06T06:00:19.741Z,寝る,あ,false,336.70000000000005,69.5,24,14.200000000000001,9.9,6.6000000000000005,15.700000000000001,0.5,3.4000000000000004,6.600000000000001,170.40000000000003,33.300000000000004
Chrome Mobile,90.0.4430.82,Asus X01AD,Asus,Blink,[object Object],Chrome Mobile 90.0.4430.82 on Asus X01AD (Android 9),2021-05-06T06:00:19.941Z,寝る,あ,false,346.90000000000003,72.4,3.7,8.4,8.6,8.1,8.5,-0.8,5.1000000000000005,38.800000000000004,-250.4,14.5
Chrome Mobile,90.0.4430.82,Asus X01AD,Asus,Blink,[object Object],Chrome Mobile 90.0.4430.82 on Asus X01AD (Android 9),2021-05-06T06:00:20.142Z,寝る,あ,false,344.20000000000005,69.5,-40.6,-19.5,12.3,10.600000000000001,-21.8,3,8,-20.8,-230.5,47.80000000000001
Chrome Mobile,90.0.4430.82,Asus X01AD,Asus,Blink,[object Object],Chrome Mobile 90.0.4430.82 on Asus X01AD (Android 9),2021-05-06T06:00:20.344Z,寝る,あ,false,328.3,70.4,2.2,2.4000000000000004,9.9,12.200000000000001,2.5,0.5,8.9,-17.5,249.5,25.300000000000004
Chrome Mobile,90.0.4430.82,Asus X01AD,Asus,Blink,[object Object],Chrome Mobile 90.0.4430.82 on Asus X01AD (Android 9),2021-05-06T06:00:20.545Z,寝る,あ,false,339.20000000000005,65.5,25.200000000000003,16.3,8.700000000000001,10.700000000000001,18,-0.4,7,3.1,32.5,-19
Chrome Mobile,90.0.4430.82,Asus X01AD,Asus,Blink,[object Object],Chrome Mobile 90.0.4430.82 on Asus X01AD (Android 9),2021-05-06T06:00:20.747Z,寝る,あ,false,2.7,73.8,-35.4,-0.8,8.200000000000001,7.4,-2,-1.4000000000000001,6,24.599999999999998,-250.4,67.5
Chrome Mobile,90.0.4430.82,Asus X01AD,Asus,Blink,[object Object],Chrome Mobile 90.0.4430.82 on Asus X01AD (Android 9),2021-05-06T06:00:20.954Z,寝る,あ,false,351.20000000000005,64.8,-48.800000000000004,-13.100000000000001,13.8,7.6000000000000005,-16.3,4.800000000000001,4.800000000000001,21.8,195.6,-109.2
Chrome Mobile,90.0.4430.82,Asus X01AD,Asus,Blink,[object Object],Chrome Mobile 90.0.4430.82 on Asus X01AD (Android 9),2021-05-06T06:00:21.156Z,寝る,あ,false,322.70000000000005,67.8,31.6,4.1000000000000005,4.3,6,6.1000000000000005,-4.9,2.8000000000000003,-44.4,249.6,-18.1
Chrome Mobile,90.0.4430.82,Asus X01AD,Asus,Blink,[object Object],Chrome Mobile 90.0.4430.82 on Asus X01AD (Android 9),2021-05-06T06:00:21.356Z,寝る,あ,false,10.3,72.7,-9,14.700000000000001,8.9,3.1,14.200000000000001,-0.6000000000000001,0.2,19.5,-207.7,-9.899999999999999
Chrome Mobile,90.0.4430.82,Asus X01AD,Asus,Blink,[object Object],Chrome Mobile 90.0.4430.82 on Asus X01AD (Android 9),2021-05-06T06:00:21.558Z,寝る,あ,false,11.200000000000001,60.800000000000004,-59.2,-6.9,16.2,8.200000000000001,-11.100000000000001,7.5,5.800000000000001,-57.60000000000001,-250.4,112.80000000000001
Chrome Mobile,90.0.4430.82,Asus X01AD,Asus,Blink,[object Object],Chrome Mobile 90.0.4430.82 on Asus X01AD (Android 9),2021-05-06T06:00:21.759Z,寝る,あ,false,333.40000000000003,70,3.3000000000000003,1.2000000000000002,12.200000000000001,9.700000000000001,1.4000000000000001,2.7,6.300000000000001,-9.100000000000001,249.6,-65.89999999999999
Chrome Mobile,90.0.4430.82,Asus X01AD,Asus,Blink,[object Object],Chrome Mobile 90.0.4430.82 on Asus X01AD (Android 9),2021-05-06T06:00:21.960Z,寝る,あ,false,348.6,67.2,22.200000000000003,20.200000000000003,8.1,3.9000000000000004,21.700000000000003,-1.1,0.30000000000000004,-6.600000000000001,22.6,-26.300000000000004
Chrome Mobile,90.0.4430.82,Asus X01AD,Asus,Blink,[object Object],Chrome Mobile 90.0.4430.82 on Asus X01AD (Android 9),2021-05-06T06:00:22.161Z,寝る,あ,false,347.70000000000005,66.10000000000001,-14.100000000000001,-3.8000000000000003,8.4,16.1,-4.7,-0.6000000000000001,12.200000000000001,-58.60000000000001,-250.4,-5.1000000000000005
Chrome Mobile,90.0.4430.82,Asus X01AD,Asus,Blink,[object Object],Chrome Mobile 90.0.4430.82 on Asus X01AD (Android 9),2021-05-06T06:00:22.361Z,寝る,あ,false,344.6,65.3,-26.6,-12.5,10.100000000000001,6.4,-14.4,1,2.6,69.00000000000001,158.00000000000003,23.2
Chrome Mobile,90.0.4430.82,Asus X01AD,Asus,Blink,[object Object],Chrome Mobile 90.0.4430.82 on Asus X01AD (Android 9),2021-05-06T06:00:22.562Z,寝る,あ,false,338.6,67.3,24.900000000000002,10.9,9.9,7.4,12.600000000000001,0.6000000000000001,3.8000000000000003,-9.5,176.20000000000002,-9.100000000000001
Chrome Mobile,90.0.4430.82,Asus X01AD,Asus,Blink,[object Object],Chrome Mobile 90.0.4430.82 on Asus X01AD (Android 9),2021-05-06T06:00:22.763Z,寝る,あ,false,348.5,72.4,9,9,7.7,9.200000000000001,9.4,-1.7000000000000002,6.300000000000001,6.8,-220.5,4
Chrome Mobile,90.0.4430.82,Asus X01AD,Asus,Blink,[object Object],Chrome Mobile 90.0.4430.82 on Asus X01AD (Android 9),2021-05-06T06:00:22.964Z,寝る,あ,false,349.90000000000003,63.5,-41.400000000000006,-14.100000000000001,12.700000000000001,8.9,-17,3.7,5.5,-16.6,-207.20000000000002,33.7
Chrome Mobile,90.0.4430.82,Asus X01AD,Asus,Blink,[object Object],Chrome Mobile 90.0.4430.82 on Asus X01AD (Android 9),2021-05-06T06:00:23.165Z,寝る,あ,false,345.3,72.2,-12.700000000000001,6,12.200000000000001,11.100000000000001,5.300000000000001,2.6,8.1,42,249.3,-46
Chrome Mobile,90.0.4430.82,Asus X01AD,Asus,Blink,[object Object],Chrome Mobile 90.0.4430.82 on Asus X01AD (Android 9),2021-05-06T06:00:23.366Z,寝る,あ,false,346.1,74.60000000000001,18.3,20.200000000000003,7.300000000000001,0.7000000000000001,21.1,-2.3000000000000003,-1.8,25.7,12,-1.4
Chrome Mobile,90.0.4430.82,Asus X01AD,Asus,Blink,[object Object],Chrome Mobile 90.0.4430.82 on Asus X01AD (Android 9),2021-05-06T06:00:23.567Z,寝る,あ,false,356.1,72.2,-22.3,0.5,9.200000000000001,9.600000000000001,-0.7000000000000001,-0.2,6.800000000000001,-43.2,-250.4,36.1
Chrome Mobile,90.0.4430.82,Asus X01AD,Asus,Blink,[object Object],Chrome Mobile 90.0.4430.82 on Asus X01AD (Android 9),2021-05-06T06:00:23.775Z,寝る,あ,false,328.20000000000005,64.9,-24.700000000000003,-26.700000000000003,9.200000000000001,12.100000000000001,-28.5,0.2,8.3,-14.900000000000002,158.00000000000003,-46.300000000000004
Chrome Mobile,90.0.4430.82,Asus X01AD,Asus,Blink,[object Object],Chrome Mobile 90.0.4430.82 on Asus X01AD (Android 9),2021-05-06T06:00:23.982Z,寝る,あ,false,326.3,68.7,26,8.3,7.800000000000001,4.3,9.9,-1.6,1,23.400000000000002,246.70000000000002,-13.8
Chrome Mobile,90.0.4430.82,Asus X01AD,Asus,Blink,[object Object],Chrome Mobile 90.0.4430.82 on Asus X01AD (Android 9),2021-05-06T06:00:24.183Z,寝る,あ,false,341.20000000000005,75.10000000000001,18.400000000000002,11.4,8.6,3.6,12.200000000000001,-0.9,1.2000000000000002,67.7,-160.60000000000002,41.800000000000004
Chrome Mobile,90.0.4430.82,Asus X01AD,Asus,Blink,[object Object],Chrome Mobile 90.0.4430.82 on Asus X01AD (Android 9),2021-05-06T06:00:24.384Z,寝る,あ,false,348.3,68.60000000000001,-36.5,-13.5,11.5,9.700000000000001,-15.700000000000001,2.3000000000000003,6.7,-26.799999999999997,-250.4,72.80000000000001
Chrome Mobile,90.0.4430.82,Asus X01AD,Asus,Blink,[object Object],Chrome Mobile 90.0.4430.82 on Asus X01AD (Android 9),2021-05-06T06:00:24.586Z,寝る,あ,false,332.1,73,-1.5,-0.9,11.3,8.6,-1,1.8,5.7,38.300000000000004,242.20000000000002,21.8
Chrome Mobile,90.0.4430.82,Asus X01AD,Asus,Blink,[object Object],Chrome Mobile 90.0.4430.82 on Asus X01AD (Android 9),2021-05-06T06:00:24.787Z,寝る,あ,false,337.90000000000003,73.10000000000001,27.200000000000003,17.8,8.1,6.300000000000001,19.3,-1,4.9,14.400000000000002,19.9,-41.4
Chrome Mobile,90.0.4430.82,Asus X01AD,Asus,Blink,[object Object],Chrome Mobile 90.0.4430.82 on Asus X01AD (Android 9),2021-05-06T06:00:24.988Z,寝る,あ,false,341.1,71.2,-8.6,-2.6,9.200000000000001,10.700000000000001,-3.1,-0.1,7.6000000000000005,-21.500000000000004,-250.4,-11.8
Chrome Mobile,90.0.4430.82,Asus X01AD,Asus,Blink,[object Object],Chrome Mobile 90.0.4430.82 on Asus X01AD (Android 9),2021-05-06T06:00:25.189Z,寝る,あ,false,325.70000000000005,70.8,-8.6,-16.6,7.7,5.5,-17.1,-1.7000000000000002,2.3000000000000003,63.4,245.49999999999997,26.6
Chrome Mobile,90.0.4430.82,Asus X01AD,Asus,Blink,[object Object],Chrome Mobile 90.0.4430.82 on Asus X01AD (Android 9),2021-05-06T06:00:25.390Z,寝る,あ,false,332.20000000000005,70.9,31.400000000000002,8.9,9,9.200000000000001,10.600000000000001,-0.4,6.4,27.6,115.7,33.7
Chrome Mobile,90.0.4430.82,Asus X01AD,Asus,Blink,[object Object],Chrome Mobile 90.0.4430.82 on Asus X01AD (Android 9),2021-05-06T06:00:25.591Z,寝る,あ,false,354.8,76.9,2.6,9.4,6.9,6.300000000000001,9.5,-2.6,4.1000000000000005,-19.1,-206.70000000000005,-3
Chrome Mobile,90.0.4430.82,Asus X01AD,Asus,Blink,[object Object],Chrome Mobile 90.0.4430.82 on Asus X01AD (Android 9),2021-05-06T06:00:25.791Z,寝る,あ,false,347.70000000000005,67.10000000000001,-40.2,-16.5,14.200000000000001,12.3,-19,5,9.3,-6.500000000000001,-199.20000000000002,-21.8
Chrome Mobile,90.0.4430.82,Asus X01AD,Asus,Blink,[object Object],Chrome Mobile 90.0.4430.82 on Asus X01AD (Android 9),2021-05-06T06:00:25.992Z,寝る,あ,false,325.1,71.8,16.2,2.8000000000000003,10.9,9.9,3.7,1.3,6.9,-40.300000000000004,249.6,-6.1000000000000005
Chrome Mobile,90.0.4430.82,Asus X01AD,Asus,Blink,[object Object],Chrome Mobile 90.0.4430.82 on Asus X01AD (Android 9),2021-05-06T06:00:26.193Z,寝る,あ,false,353.6,74.7,21,16.6,7.7,2.8000000000000003,17.6,-1.9000000000000001,0.30000000000000004,59.699999999999996,14.100000000000001,-7
Chrome Mobile,90.0.4430.82,Asus X01AD,Asus,Blink,[object Object],Chrome Mobile 90.0.4430.82 on Asus X01AD (Android 9),2021-05-06T06:00:26.403Z,寝る,あ,false,8,76.3,-26.200000000000003,1.3,10.100000000000001,11.200000000000001,0.2,0.5,9.200000000000001,-9.600000000000001,-250.4,31.7
Chrome Mobile,90.0.4430.82,Asus X01AD,Asus,Blink,[object Object],Chrome Mobile 90.0.4430.82 on Asus X01AD (Android 9),2021-05-06T06:00:26.604Z,寝る,あ,false,348.70000000000005,70.3,-43.1,-20.5,10.9,10.600000000000001,-22.8,1.6,8.200000000000001,11.900000000000002,109.39999999999999,-59.40000000000001
Chrome Mobile,90.0.4430.82,Asus X01AD,Asus,Blink,[object Object],Chrome Mobile 90.0.4430.82 on Asus X01AD (Android 9),2021-05-06T06:00:26.805Z,寝る,あ,false,340.8,72.4,17.900000000000002,10,10.200000000000001,5.800000000000001,10.9,0.6000000000000001,2.9000000000000004,-14.200000000000001,249.3,-15.899999999999999
Chrome Mobile,90.0.4430.82,Asus X01AD,Asus,Blink,[object Object],Chrome Mobile 90.0.4430.82 on Asus X01AD (Android 9),2021-05-06T06:00:27.005Z,寝る,あ,false,348.3,74.3,14.3,10.9,7.9,5.9,11.5,-1.6,3.3000000000000003,23.6,-198.50000000000003,10.1
Chrome Mobile,90.0.4430.82,Asus X01AD,Asus,Blink,[object Object],Chrome Mobile 90.0.4430.82 on Asus X01AD (Android 9),2021-05-06T06:00:27.211Z,寝る,あ,false,353.6,66.5,-40.7,-15.200000000000001,13.600000000000001,10.3,-17.8,4.5,7.300000000000001,-23,-244.50000000000003,109.7
Chrome Mobile,90.0.4430.82,Asus X01AD,Asus,Blink,[object Object],Chrome Mobile 90.0.4430.82 on Asus X01AD (Android 9),2021-05-06T06:00:27.414Z,寝る,あ,false,342.90000000000003,76.2,-13.8,1.8,9.4,7.6000000000000005,1.3,-0.30000000000000004,5.300000000000001,64.80000000000001,249.6,12.299999999999999
Chrome Mobile,90.0.4430.82,Asus X01AD,Asus,Blink,[object Object],Chrome Mobile 90.0.4430.82 on Asus X01AD (Android 9),2021-05-06T06:00:27.622Z,寝る,あ,false,354.3,75.8,14.9,23.200000000000003,8.3,1.6,23.8,-1.4000000000000001,-0.8,13.8,72.50000000000001,-19.300000000000004
Chrome Mobile,90.0.4430.82,Asus X01AD,Asus,Blink,[object Object],Chrome Mobile 90.0.4430.82 on Asus X01AD (Android 9),2021-05-06T06:00:27.823Z,寝る,あ,false,353.20000000000005,73.2,-18.1,-0.9,9,14.700000000000001,-1.8,-0.4,12,-53.50000000000001,-250.4,-37
Chrome Mobile,90.0.4430.82,Asus X01AD,Asus,Blink,[object Object],Chrome Mobile 90.0.4430.82 on Asus X01AD (Android 9),2021-05-06T06:00:28.023Z,寝る,あ,false,328.1,73.4,-16.7,-20.6,7.7,3.7,-21.5,-1.8,1,42.1,167.20000000000002,-1.9
Chrome Mobile,90.0.4430.82,Asus X01AD,Asus,Blink,[object Object],Chrome Mobile 90.0.4430.82 on Asus X01AD (Android 9),2021-05-06T06:00:28.224Z,寝る,あ,false,337.70000000000005,73.60000000000001,19.700000000000003,10,7.2,19.8,11,-2.5,17.1,4.4,249.6,6
Chrome Mobile,90.0.4430.82,Asus X01AD,Asus,Blink,[object Object],Chrome Mobile 90.0.4430.82 on Asus X01AD (Android 9),2021-05-06T06:00:28.425Z,寝る,あ,false,357.6,80.9,14.9,13.4,5.7,4.7,13.8,-4,3.2,5.8,-222.30000000000004,-37.300000000000004
Chrome Mobile,90.0.4430.82,Asus X01AD,Asus,Blink,[object Object],Chrome Mobile 90.0.4430.82 on Asus X01AD (Android 9),2021-05-06T06:00:28.625Z,寝る,あ,false,340.5,66.8,-18.7,-12.4,12.100000000000001,11.100000000000001,-13.700000000000001,2.9000000000000004,7.300000000000001,-15.899999999999999,-250.4,33.50000000000001
Chrome Mobile,90.0.4430.82,Asus X01AD,Asus,Blink,[object Object],Chrome Mobile 90.0.4430.82 on Asus X01AD (Android 9),2021-05-06T06:00:28.826Z,寝る,あ,false,328.6,72.60000000000001,4.7,-0.7000000000000001,11.5,11.8,-0.4,1.9000000000000001,8.8,40.4,249.6,26.799999999999997
Chrome Mobile,90.0.4430.82,Asus X01AD,Asus,Blink,[object Object],Chrome Mobile 90.0.4430.82 on Asus X01AD (Android 9),2021-05-06T06:00:29.027Z,寝る,あ,false,340.8,77.80000000000001,35.300000000000004,18,6,4.4,18.400000000000002,-3.4000000000000004,2.1,27,138.50000000000003,40.800000000000004
Chrome Mobile,90.0.4430.82,Asus X01AD,Asus,Blink,[object Object],Chrome Mobile 90.0.4430.82 on Asus X01AD (Android 9),2021-05-06T06:00:29.228Z,寝る,あ,false,5.9,77.5,-1.7000000000000002,9.3,8.3,5,9.3,-1.3,2.9000000000000004,-33,-206.99999999999997,-26.9
Chrome Mobile,90.0.4430.82,Asus X01AD,Asus,Blink,[object Object],Chrome Mobile 90.0.4430.82 on Asus X01AD (Android 9),2021-05-06T06:00:29.429Z,寝る,あ,false,334.40000000000003,65.2,-17,-24.700000000000003,13.3,15.600000000000001,-26,4.2,11.600000000000001,-60.5,-92.90000000000002,-103.49999999999999
Chrome Mobile,90.0.4430.82,Asus X01AD,Asus,Blink,[object Object],Chrome Mobile 90.0.4430.82 on Asus X01AD (Android 9),2021-05-06T06:00:29.630Z,寝る,あ,false,329.8,73.2,23.3,0.5,10.5,14.9,1.7000000000000002,0.7000000000000001,12.100000000000001,28.200000000000003,249.6,18.1
Chrome Mobile,90.0.4430.82,Asus X01AD,Asus,Blink,[object Object],Chrome Mobile 90.0.4430.82 on Asus X01AD (Android 9),2021-05-06T06:00:29.839Z,寝る,あ,false,355.3,81.5,28.8,18.8,4.4,0.2,19.5,-5.4,-1.1,-22.700000000000003,20.400000000000002,-54.800000000000004
Chrome Mobile,90.0.4430.82,Asus X01AD,Asus,Blink,[object Object],Chrome Mobile 90.0.4430.82 on Asus X01AD (Android 9),2021-05-06T06:00:30.050Z,寝る,あ,false,357.6,69.7,-18.400000000000002,-4.6000000000000005,9.1,17,-5.6000000000000005,-0.2,13.8,-117.80000000000001,-250.4,-75.9
Chrome Mobile,90.0.4430.82,Asus X01AD,Asus,Blink,[object Object],Chrome Mobile 90.0.4430.82 on Asus X01AD (Android 9),2021-05-06T06:00:30.251Z,寝る,あ,false,346.8,67.5,-20.6,-11,9.700000000000001,11.700000000000001,-12.3,0.4,8.1,69.10000000000001,194.4,-3.7000000000000006
Chrome Mobile,90.0.4430.82,Asus X01AD,Asus,Blink,[object Object],Chrome Mobile 90.0.4430.82 on Asus X01AD (Android 9),2021-05-06T06:00:30.452Z,寝る,あ,false,355.20000000000005,72.8,17.2,15.200000000000001,7.800000000000001,9.9,16.1,-1.9000000000000001,7,76.5,143.70000000000002,45.8
Chrome Mobile,90.0.4430.82,Asus X01AD,Asus,Blink,[object Object],Chrome Mobile 90.0.4430.82 on Asus X01AD (Android 9),2021-05-06T06:00:30.653Z,寝る,あ,false,352.40000000000003,73.7,27.5,10.700000000000001,6.1000000000000005,10.9,12,-3.3000000000000003,8.4,-21.300000000000004,-114.6,-49.4
Chrome Mobile,90.0.4430.82,Asus X01AD,Asus,Blink,[object Object],Chrome Mobile 90.0.4430.82 on Asus X01AD (Android 9),2021-05-06T06:00:30.855Z,寝る,あ,false,330.5,70.3,0.4,-22.5,7.4,7,-22.5,-2.1,3.6,48.6,-246.70000000000002,-5.6
Chrome Mobile,90.0.4430.82,Asus X01AD,Asus,Blink,[object Object],Chrome Mobile 90.0.4430.82 on Asus X01AD (Android 9),2021-05-06T06:00:31.060Z,寝る,あ,false,356.40000000000003,76.60000000000001,-10,4.2,14.4,11.600000000000001,3.8000000000000003,4.6000000000000005,9.3,26.6,249.6,-91.7
Chrome Mobile,90.0.4430.82,Asus X01AD,Asus,Blink,[object Object],Chrome Mobile 90.0.4430.82 on Asus X01AD (Android 9),2021-05-06T06:00:31.262Z,寝る,あ,false,325.90000000000003,81.80000000000001,61.1,19.200000000000003,4.800000000000001,4.2,20.5,-5.1000000000000005,3.5,8.899999999999999,43.800000000000004,-49.800000000000004
Chrome Mobile,90.0.4430.82,Asus X01AD,Asus,Blink,[object Object],Chrome Mobile 90.0.4430.82 on Asus X01AD (Android 9),2021-05-06T06:00:31.463Z,寝る,あ,false,349.70000000000005,73.60000000000001,4.3,0.30000000000000004,9.3,16.6,0.5,0,13.8,-89.70000000000002,-250.4,-17.200000000000003
Chrome Mobile,90.0.4430.82,Asus X01AD,Asus,Blink,[object Object],Chrome Mobile 90.0.4430.82 on Asus X01AD (Android 9),2021-05-06T06:00:31.664Z,寝る,あ,false,317.8,66.7,11.9,-28.700000000000003,6.4,6.800000000000001,-27.900000000000002,-2.9000000000000004,2.9000000000000004,87.60000000000001,73.10000000000001,43.800000000000004
Chrome Mobile,90.0.4430.82,Asus X01AD,Asus,Blink,[object Object],Chrome Mobile 90.0.4430.82 on Asus X01AD (Android 9),2021-05-06T06:00:31.865Z,寝る,あ,false,337.8,78.60000000000001,33.7,10.600000000000001,4.800000000000001,10.100000000000001,11.8,-5.2,8.4,90.9,249.6,35.1
Chrome Mobile,90.0.4430.82,Asus X01AD,Asus,Blink,[object Object],Chrome Mobile 90.0.4430.82 on Asus X01AD (Android 9),2021-05-06T06:00:32.066Z,寝る,あ,false,11.200000000000001,86.2,9.600000000000001,15.600000000000001,7.6000000000000005,6,15.700000000000001,-2.2,5.300000000000001,-25.900000000000002,-250.4,-12.7
Chrome Mobile,90.0.4430.82,Asus X01AD,Asus,Blink,[object Object],Chrome Mobile 90.0.4430.82 on Asus X01AD (Android 9),2021-05-06T06:00:32.266Z,寝る,あ,false,357.5,72.7,-26.8,-15.100000000000001,15.200000000000001,8.3,-13.8,5.7,5,-31,-206.5,-13.900000000000002
Chrome Mobile,90.0.4430.82,Asus X01AD,Asus,Blink,[object Object],Chrome Mobile 90.0.4430.82 on Asus X01AD (Android 9),2021-05-06T06:00:32.467Z,寝る,あ,false,348.3,79,9.1,6.300000000000001,10.100000000000001,10.5,6.6000000000000005,0.2,8.6,31.5,249.6,-22.000000000000004
Chrome Mobile,90.0.4430.82,Asus X01AD,Asus,Blink,[object Object],Chrome Mobile 90.0.4430.82 on Asus X01AD (Android 9),2021-05-06T06:00:32.668Z,寝る,あ,false,353.6,85.4,38,19.6,5.4,-2.1,20.1,-4.6000000000000005,-2.7,9.3,4.800000000000001,-73.30000000000001
Chrome Mobile,90.0.4430.82,Asus X01AD,Asus,Blink,[object Object],Chrome Mobile 90.0.4430.82 on Asus X01AD (Android 9),2021-05-06T06:00:32.869Z,寝る,あ,false,353.90000000000003,79,-0.8,-2.9000000000000004,10,8.700000000000001,-3,0.4,6.9,-14.100000000000001,-250.4,55.60000000000001
Chrome Mobile,90.0.4430.82,Asus X01AD,Asus,Blink,[object Object],Chrome Mobile 90.0.4430.82 on Asus X01AD (Android 9),2021-05-06T06:00:33.070Z,寝る,あ,false,342.90000000000003,74.60000000000001,-12.700000000000001,-18.7,8.5,4.5,-19.3,-1.1,1.9000000000000001,0.6000000000000001,153.60000000000002,-27.700000000000003
Chrome Mobile,90.0.4430.82,Asus X01AD,Asus,Blink,[object Object],Chrome Mobile 90.0.4430.82 on Asus X01AD (Android 9),2021-05-06T06:00:33.271Z,寝る,あ,false,351.8,75.8,27.3,15.600000000000001,8.9,6.9,16.7,-0.9,4.7,38.2,249.6,4.6
Chrome Mobile,90.0.4430.82,Asus X01AD,Asus,Blink,[object Object],Chrome Mobile 90.0.4430.82 on Asus X01AD (Android 9),2021-05-06T06:00:33.471Z,寝る,あ,false,351.70000000000005,77.80000000000001,29.8,10.600000000000001,6.800000000000001,6.9,11.600000000000001,-2.7,5.1000000000000005,-63.8,-241.20000000000002,-31.7
Chrome Mobile,90.0.4430.82,Asus X01AD,Asus,Blink,[object Object],Chrome Mobile 90.0.4430.82 on Asus X01AD (Android 9),2021-05-06T06:00:33.672Z,寝る,あ,false,348.3,65.5,-14.200000000000001,-19.5,13.4,14.700000000000001,-16.2,4.9,10.4,-36.2,-191.9,-26.5
Chrome Mobile,90.0.4430.82,Asus X01AD,Asus,Blink,[object Object],Chrome Mobile 90.0.4430.82 on Asus X01AD (Android 9),2021-05-06T06:00:33.873Z,寝る,あ,false,328.6,70.3,34.5,-3.2,12.4,9.1,-1.3,2.8000000000000003,6.300000000000001,-34.7,249.6,-24.400000000000002
Chrome Mobile,90.0.4430.82,Asus X01AD,Asus,Blink,[object Object],Chrome Mobile 90.0.4430.82 on Asus X01AD (Android 9),2021-05-06T06:00:34.073Z,寝る,あ,false,345.40000000000003,78.9,51.2,16.3,5.2,3.2,17.8,-4.7,2,20.400000000000002,8.899999999999999,-37.7
Chrome Mobile,90.0.4430.82,Asus X01AD,Asus,Blink,[object Object],Chrome Mobile 90.0.4430.82 on Asus X01AD (Android 9),2021-05-06T06:00:34.274Z,寝る,あ,false,6.300000000000001,72.9,-10.100000000000001,-3.6,10,14.4,-4.2,0.5,11.600000000000001,-94,-250.4,15.700000000000001
Chrome Mobile,90.0.4430.82,Asus X01AD,Asus,Blink,[object Object],Chrome Mobile 90.0.4430.82 on Asus X01AD (Android 9),2021-05-06T06:00:34.475Z,寝る,あ,false,350.5,68.3,-6.800000000000001,-12.3,9.9,7.7,-12.8,0.6000000000000001,4,50.7,201.8,53.7
Chrome Mobile,90.0.4430.82,Asus X01AD,Asus,Blink,[object Object],Chrome Mobile 90.0.4430.82 on Asus X01AD (Android 9),2021-05-06T06:00:34.676Z,寝る,あ,false,21.400000000000002,78,14,15.100000000000001,6,8.6,15.700000000000001,-4,6.5,78.10000000000001,233.39999999999998,48.2
Chrome Mobile,90.0.4430.82,Asus X01AD,Asus,Blink,[object Object],Chrome Mobile 90.0.4430.82 on Asus X01AD (Android 9),2021-05-06T06:00:34.877Z,寝る,あ,false,37.5,81.4,-7,12.600000000000001,5.800000000000001,9.700000000000001,12.4,-3.9000000000000004,8.3,-78.80000000000001,-250.4,-34.800000000000004
Chrome Mobile,90.0.4430.82,Asus X01AD,Asus,Blink,[object Object],Chrome Mobile 90.0.4430.82 on Asus X01AD (Android 9),2021-05-06T06:00:35.079Z,寝る,あ,false,10.200000000000001,66.7,-28.700000000000003,-19.400000000000002,14.3,14.8,-21.3,5,11.3,13.000000000000002,-132.3,-14.700000000000001
Chrome Mobile,90.0.4430.82,Asus X01AD,Asus,Blink,[object Object],Chrome Mobile 90.0.4430.82 on Asus X01AD (Android 9),2021-05-06T06:00:35.281Z,寝る,あ,false,350,74.3,23.900000000000002,3.2,11.3,18.400000000000002,4.3,1.4000000000000001,15.9,6.600000000000001,249.6,-30.5
Chrome Mobile,90.0.4430.82,Asus X01AD,Asus,Blink,[object Object],Chrome Mobile 90.0.4430.82 on Asus X01AD (Android 9),2021-05-06T06:00:35.482Z,寝る,あ,false,8.200000000000001,76.2,40.2,17.7,6.5,2.6,19.3,-3.2,0.8,-44.4,17,-69.60000000000001
Chrome Mobile,90.0.4430.82,Asus X01AD,Asus,Blink,[object Object],Chrome Mobile 90.0.4430.82 on Asus X01AD (Android 9),2021-05-06T06:00:35.683Z,寝る,あ,false,3,70,3.6,-4.2,9.700000000000001,15.600000000000001,-4,0.30000000000000004,12.200000000000001,-13.200000000000003,-250.4,11.900000000000002
Chrome Mobile,90.0.4430.82,Asus X01AD,Asus,Blink,[object Object],Chrome Mobile 90.0.4430.82 on Asus X01AD (Android 9),2021-05-06T06:00:35.895Z,寝る,あ,false,340.6,70.60000000000001,7,-15.8,7.7,6.7,-15.4,-1.8,3.4000000000000004,38.50000000000001,192.70000000000002,21.300000000000004
Chrome Mobile,90.0.4430.82,Asus X01AD,Asus,Blink,[object Object],Chrome Mobile 90.0.4430.82 on Asus X01AD (Android 9),2021-05-06T06:00:36.095Z,寝る,あ,false,354.1,71.7,44.6,14.5,8.5,8.700000000000001,16.7,-1.2000000000000002,6.4,27.700000000000003,190.2,48.50000000000001
Chrome Mobile,90.0.4430.82,Asus X01AD,Asus,Blink,[object Object],Chrome Mobile 90.0.4430.82 on Asus X01AD (Android 9),2021-05-06T06:00:36.296Z,寝る,あ,false,8.8,74.3,21.700000000000003,8.9,8.3,9.5,9.9,-1.2000000000000002,7,10.200000000000001,-250.10000000000002,-18.5
Chrome Mobile,90.0.4430.82,Asus X01AD,Asus,Blink,[object Object],Chrome Mobile 90.0.4430.82 on Asus X01AD (Android 9),2021-05-06T06:00:36.497Z,寝る,あ,false,2.2,65.10000000000001,-14.5,-24.3,11.200000000000001,13.9,-25.3,2.1,9.8,-47.3,-21.900000000000002,-52.400000000000006
Chrome Mobile,90.0.4430.82,Asus X01AD,Asus,Blink,[object Object],Chrome Mobile 90.0.4430.82 on Asus X01AD (Android 9),2021-05-06T06:00:36.699Z,寝る,あ,false,359.3,75.2,14.600000000000001,0.7000000000000001,12.200000000000001,10,1.3,2.4000000000000004,7.4,39.599999999999994,249.6,-60.1
Chrome Mobile,90.0.4430.82,Asus X01AD,Asus,Blink,[object Object],Chrome Mobile 90.0.4430.82 on Asus X01AD (Android 9),2021-05-06T06:00:36.900Z,寝る,あ,false,6.9,77.80000000000001,42.5,19.6,7.2,4.9,21.1,-2.5,3.4000000000000004,-52.60000000000001,60.8,-66.80000000000001
Chrome Mobile,90.0.4430.82,Asus X01AD,Asus,Blink,[object Object],Chrome Mobile 90.0.4430.82 on Asus X01AD (Android 9),2021-05-06T06:00:37.101Z,寝る,あ,false,18.2,73.5,-5,-2.1,10.100000000000001,14.700000000000001,-2.3000000000000003,0.6000000000000001,11.9,-34.300000000000004,-250.4,-2.6
Chrome Mobile,90.0.4430.82,Asus X01AD,Asus,Blink,[object Object],Chrome Mobile 90.0.4430.82 on Asus X01AD (Android 9),2021-05-06T06:00:37.302Z,寝る,あ,false,354.20000000000005,73.60000000000001,-4.4,-20.1,6.800000000000001,4.4,-20.400000000000002,-2.8000000000000003,1.5,41.800000000000004,132.3,0.4
Chrome Mobile,90.0.4430.82,Asus X01AD,Asus,Blink,[object Object],Chrome Mobile 90.0.4430.82 on Asus X01AD (Android 9),2021-05-06T06:00:37.503Z,寝る,あ,false,1.4000000000000001,71.3,33.7,8.700000000000001,10.5,9.700000000000001,10.5,0.8,7,12.299999999999999,249.6,-28
Chrome Mobile,90.0.4430.82,Asus X01AD,Asus,Blink,[object Object],Chrome Mobile 90.0.4430.82 on Asus X01AD (Android 9),2021-05-06T06:00:37.706Z,寝る,あ,false,20.400000000000002,76.3,23.400000000000002,14,7.300000000000001,6.6000000000000005,14.100000000000001,-2.2,4.6000000000000005,5.4,-180.50000000000003,-12
Chrome Mobile,90.0.4430.82,Asus X01AD,Asus,Blink,[object Object],Chrome Mobile 90.0.4430.82 on Asus X01AD (Android 9),2021-05-06T06:00:37.909Z,寝る,あ,false,3,67.5,-8.6,-21.200000000000003,9.4,13.8,-18.2,0.5,10.600000000000001,18.4,-250.4,-45.400000000000006
Chrome Mobile,90.0.4430.82,Asus X01AD,Asus,Blink,[object Object],Chrome Mobile 90.0.4430.82 on Asus X01AD (Android 9),2021-05-06T06:00:38.110Z,寝る,あ,false,358.90000000000003,72.7,17.7,2.4000000000000004,14.3,12.4,3.3000000000000003,4.6000000000000005,9.5,-1,249.6,-16.3
Chrome Mobile,90.0.4430.82,Asus X01AD,Asus,Blink,[object Object],Chrome Mobile 90.0.4430.82 on Asus X01AD (Android 9),2021-05-06T06:00:38.322Z,寝る,あ,false,355.8,82.60000000000001,58.7,22.200000000000003,5,-1.1,23.3,-4.9,-1.8,-2.8,-7.9,-33.800000000000004
Chrome Mobile,90.0.4430.82,Asus X01AD,Asus,Blink,[object Object],Chrome Mobile 90.0.4430.82 on Asus X01AD (Android 9),2021-05-06T06:00:38.530Z,寝る,あ,false,27.6,72.3,-12.700000000000001,-6.2,10.9,20.3,-6.9,1.5,17.3,-77.5,-250.4,-7
Chrome Mobile,90.0.4430.82,Asus X01AD,Asus,Blink,[object Object],Chrome Mobile 90.0.4430.82 on Asus X01AD (Android 9),2021-05-06T06:00:38.737Z,寝る,あ,false,20.5,71.9,-20,-14.100000000000001,7.800000000000001,6.9,-15.200000000000001,-1.7000000000000002,4,52.1,195.5,8.600000000000001
Chrome Mobile,90.0.4430.82,Asus X01AD,Asus,Blink,[object Object],Chrome Mobile 90.0.4430.82 on Asus X01AD (Android 9),2021-05-06T06:00:38.938Z,寝る,あ,false,20.1,74.4,34.2,18.5,9.9,0.9,20,0.1,-1.3,10.4,218.7,-7.6
Chrome Mobile,90.0.4430.82,Asus X01AD,Asus,Blink,[object Object],Chrome Mobile 90.0.4430.82 on Asus X01AD (Android 9),2021-05-06T06:00:39.139Z,寝る,あ,false,31.1,76.10000000000001,12.600000000000001,8.200000000000001,7.7,12.600000000000001,8.700000000000001,-1.9000000000000001,10.3,19.700000000000003,-250.20000000000002,-4.7
Chrome Mobile,90.0.4430.82,Asus X01AD,Asus,Blink,[object Object],Chrome Mobile 90.0.4430.82 on Asus X01AD (Android 9),2021-05-06T06:00:39.340Z,寝る,あ,false,37.6,68.3,-42.300000000000004,-15.100000000000001,15.100000000000001,9.1,-17.6,5.800000000000001,6.4,-38.2,-157.1,19.200000000000003
Chrome Mobile,90.0.4430.82,Asus X01AD,Asus,Blink,[object Object],Chrome Mobile 90.0.4430.82 on Asus X01AD (Android 9),2021-05-06T06:00:39.541Z,寝る,あ,false,7.300000000000001,77.60000000000001,17.400000000000002,-1.4000000000000001,12,13.700000000000001,0.6000000000000001,1.9000000000000001,13.3,31.9,249.6,-27.6
Chrome Mobile,90.0.4430.82,Asus X01AD,Asus,Blink,[object Object],Chrome Mobile 90.0.4430.82 on Asus X01AD (Android 9),2021-05-06T06:00:39.742Z,寝る,あ,false,352.5,83,66.7,23,6.2,-1.6,24.1,-3.7,-2.1,-32.300000000000004,39,-55.5
Chrome Mobile,90.0.4430.82,Asus X01AD,Asus,Blink,[object Object],Chrome Mobile 90.0.4430.82 on Asus X01AD (Android 9),2021-05-06T06:00:39.943Z,寝る,あ,false,46.6,79.80000000000001,-21.900000000000002,0.2,11.100000000000001,8.700000000000001,-0.4,1.4000000000000001,7.1000000000000005,-45.5,-250.4,70.4
Chrome Mobile,90.0.4430.82,Asus X01AD,Asus,Blink,[object Object],Chrome Mobile 90.0.4430.82 on Asus X01AD (Android 9),2021-05-06T06:00:40.145Z,寝る,あ,false,38.7,72.9,-39.400000000000006,-17.400000000000002,9,6.800000000000001,-19.3,-0.5,4.5,26.200000000000003,163.5,-50.60000000000001
Chrome Mobile,90.0.4430.82,Asus X01AD,Asus,Blink,[object Object],Chrome Mobile 90.0.4430.82 on Asus X01AD (Android 9),2021-05-06T06:00:40.345Z,寝る,あ,false,14.8,75.3,30.900000000000002,9.200000000000001,9.200000000000001,6,10.600000000000001,-0.6000000000000001,3.8000000000000003,21.8,249.6,-43.4
Chrome Mobile,90.0.4430.82,Asus X01AD,Asus,Blink,[object Object],Chrome Mobile 90.0.4430.82 on Asus X01AD (Android 9),2021-05-06T06:00:40.552Z,寝る,あ,false,19,75.8,38.300000000000004,13,8.200000000000001,1.1,14.5,-1.3,-0.8,75.5,-158.2,31.6
Chrome Mobile,90.0.4430.82,Asus X01AD,Asus,Blink,[object Object],Chrome Mobile 90.0.4430.82 on Asus X01AD (Android 9),2021-05-06T06:00:40.753Z,寝る,あ,false,29.6,69.4,-18.400000000000002,-14.9,12.600000000000001,14.200000000000001,-16,3.3000000000000003,10.9,-7.400000000000001,-249.90000000000003,38.50000000000001
Chrome Mobile,90.0.4430.82,Asus X01AD,Asus,Blink,[object Object],Chrome Mobile 90.0.4430.82 on Asus X01AD (Android 9),2021-05-06T06:00:40.955Z,寝る,あ,false,20.6,75.4,-1.9000000000000001,-3.2,12.200000000000001,11.3,-3.3000000000000003,2.6,8.8,26.700000000000003,249.6,22.5
Chrome Mobile,90.0.4430.82,Asus X01AD,Asus,Blink,[object Object],Chrome Mobile 90.0.4430.82 on Asus X01AD (Android 9),2021-05-06T06:00:41.155Z,寝る,あ,false,7,77.30000000000001,52.900000000000006,17,5.1000000000000005,5.5,18.8,-4.6000000000000005,4.2,-12.5,61.9,-38.7
Chrome Mobile,90.0.4430.82,Asus X01AD,Asus,Blink,[object Object],Chrome Mobile 90.0.4430.82 on Asus X01AD (Android 9),2021-05-06T06:00:41.356Z,寝る,あ,false,49,77.60000000000001,-19.5,1.5,12,10.600000000000001,0.8,2.4000000000000004,8.6,7.1000000000000005,-250.4,62.7
Chrome Mobile,90.0.4430.82,Asus X01AD,Asus,Blink,[object Object],Chrome Mobile 90.0.4430.82 on Asus X01AD (Android 9),2021-05-06T06:00:41.557Z,寝る,あ,false,16.3,71.5,-19.700000000000003,-22.700000000000003,8.200000000000001,9.200000000000001,-23.700000000000003,-1.2000000000000002,6.2,17.1,121.30000000000001,-29
Chrome Mobile,90.0.4430.82,Asus X01AD,Asus,Blink,[object Object],Chrome Mobile 90.0.4430.82 on Asus X01AD (Android 9),2021-05-06T06:00:41.757Z,寝る,あ,false,12.700000000000001,71.8,29.900000000000002,9.9,9.5,9.8,11.5,-0.1,7.1000000000000005,70.2,249.6,38.900000000000006
Chrome Mobile,90.0.4430.82,Asus X01AD,Asus,Blink,[object Object],Chrome Mobile 90.0.4430.82 on Asus X01AD (Android 9),2021-05-06T06:00:41.963Z,寝る,あ,false,33.4,76,29.1,12.5,6.300000000000001,3.2,13.600000000000001,-3.2,1.1,28.800000000000004,-91.8,4
Chrome Mobile,90.0.4430.82,Asus X01AD,Asus,Blink,[object Object],Chrome Mobile 90.0.4430.82 on Asus X01AD (Android 9),2021-05-06T06:00:42.164Z,寝る,あ,false,55.1,70.10000000000001,-38.7,-5.5,12.3,12,-7.6000000000000005,2.9000000000000004,9.4,-44.2,-250.4,52.5
Chrome Mobile,90.0.4430.82,Asus X01AD,Asus,Blink,[object Object],Chrome Mobile 90.0.4430.82 on Asus X01AD (Android 9),2021-05-06T06:00:42.365Z,寝る,あ,false,46.900000000000006,70,-31,-4.4,11.600000000000001,7.800000000000001,-6.2,2.3000000000000003,4.9,42.1,240.5,-16.1
Chrome Mobile,90.0.4430.82,Asus X01AD,Asus,Blink,[object Object],Chrome Mobile 90.0.4430.82 on Asus X01AD (Android 9),2021-05-06T06:00:42.566Z,寝る,あ,false,41.5,78.5,23.3,20.400000000000002,7.1000000000000005,-0.9,21.200000000000003,-2.7,-2.7,-31.799999999999997,188.9,-76.80000000000001
Chrome Mobile,90.0.4430.82,Asus X01AD,Asus,Blink,[object Object],Chrome Mobile 90.0.4430.82 on Asus X01AD (Android 9),2021-05-06T06:00:42.767Z,寝る,あ,false,46.1,79.60000000000001,7,6.6000000000000005,9.200000000000001,3.9000000000000004,6.9,-0.30000000000000004,2.1,5.9,-250.4,45.099999999999994
Chrome Mobile,90.0.4430.82,Asus X01AD,Asus,Blink,[object Object],Chrome Mobile 90.0.4430.82 on Asus X01AD (Android 9),2021-05-06T06:00:42.973Z,寝る,あ,false,58.5,65,-51.2,-14,14.3,11.4,-17.3,5.2,8.8,-27.3,-181.8,28
Chrome Mobile,90.0.4430.82,Asus X01AD,Asus,Blink,[object Object],Chrome Mobile 90.0.4430.82 on Asus X01AD (Android 9),2021-05-06T06:00:43.179Z,寝る,あ,false,31.3,73.3,9.8,3.8000000000000003,12.3,14.3,4.3,2.6,11.5,10,249.6,-29.800000000000004
Chrome Mobile,90.0.4430.82,Asus X01AD,Asus,Blink,[object Object],Chrome Mobile 90.0.4430.82 on Asus X01AD (Android 9),2021-05-06T06:00:43.380Z,寝る,あ,false,36.4,79.10000000000001,36.300000000000004,14.3,4.4,2.2,15.4,-5.2,0.7000000000000001,-7.8,3,-35.599999999999994
Chrome Mobile,90.0.4430.82,Asus X01AD,Asus,Blink,[object Object],Chrome Mobile 90.0.4430.82 on Asus X01AD (Android 9),2021-05-06T06:00:43.580Z,寝る,あ,false,57.5,68.7,-26.400000000000002,-3.3000000000000003,9.200000000000001,17.7,-4.9,0.1,14.5,-117,-250.4,-13.3
Chrome Mobile,90.0.4430.82,Asus X01AD,Asus,Blink,[object Object],Chrome Mobile 90.0.4430.82 on Asus X01AD (Android 9),2021-05-06T06:00:43.781Z,寝る,あ,false,43.300000000000004,71.2,-26.400000000000002,-16.1,9.600000000000001,9.3,-17.8,0.2,6.4,57.699999999999996,201.60000000000002,-94.4
Chrome Mobile,90.0.4430.82,Asus X01AD,Asus,Blink,[object Object],Chrome Mobile 90.0.4430.82 on Asus X01AD (Android 9),2021-05-06T06:00:43.982Z,寝る,あ,false,21.1,71.60000000000001,42.1,13.700000000000001,10,7.300000000000001,15.8,0.5,4.9,-3.5,227.90000000000003,-1.5
Chrome Mobile,90.0.4430.82,Asus X01AD,Asus,Blink,[object Object],Chrome Mobile 90.0.4430.82 on Asus X01AD (Android 9),2021-05-06T06:00:44.184Z,寝る,あ,false,26.900000000000002,75.60000000000001,32.9,9.5,8.9,5.6000000000000005,10.8,-0.6000000000000001,3.5,39.9,-217.80000000000004,-17.1
Chrome Mobile,90.0.4430.82,Asus X01AD,Asus,Blink,[object Object],Chrome Mobile 90.0.4430.82 on Asus X01AD (Android 9),2021-05-06T06:00:44.384Z,寝る,あ,false,41.6,70,-28.900000000000002,-17.900000000000002,16,17.3,-19.6,6.7,14.3,-11.4,-107.00000000000001,4.2
Chrome Mobile,90.0.4430.82,Asus X01AD,Asus,Blink,[object Object],Chrome Mobile 90.0.4430.82 on Asus X01AD (Android 9),2021-05-06T06:00:44.585Z,寝る,あ,false,24,70,26.200000000000003,5.2,10.9,13.700000000000001,5.9,1.4000000000000001,11.8,-0.6000000000000001,249.6,-18.900000000000002
Chrome Mobile,90.0.4430.82,Asus X01AD,Asus,Blink,[object Object],Chrome Mobile 90.0.4430.82 on Asus X01AD (Android 9),2021-05-06T06:00:44.786Z,寝る,あ,false,22.700000000000003,71.60000000000001,57.7,13.5,8.5,1.6,16.2,-0.9,-0.1,35.5,-26.700000000000003,-0.30000000000000004
Chrome Mobile,90.0.4430.82,Asus X01AD,Asus,Blink,[object Object],Chrome Mobile 90.0.4430.82 on Asus X01AD (Android 9),2021-05-06T06:00:44.987Z,寝る,あ,false,46.900000000000006,74.2,-14.200000000000001,-4.9,7.7,10.700000000000001,-5.6000000000000005,-1.7000000000000002,8.1,-33.7,-250.4,77.60000000000001
Chrome Mobile,90.0.4430.82,Asus X01AD,Asus,Blink,[object Object],Chrome Mobile 90.0.4430.82 on Asus X01AD (Android 9),2021-05-06T06:00:45.188Z,寝る,あ,false,40.2,69.8,-15,-11.4,9.9,11,-12.3,0.6000000000000001,7.6000000000000005,76.4,166.60000000000002,55.400000000000006
Chrome Mobile,90.0.4430.82,Asus X01AD,Asus,Blink,[object Object],Chrome Mobile 90.0.4430.82 on Asus X01AD (Android 9),2021-05-06T06:00:45.397Z,寝る,あ,false,34.800000000000004,74.4,36,15.5,11,6.800000000000001,17.1,1.2000000000000002,4.6000000000000005,73.2,152.2,20.7
Chrome Mobile,90.0.4430.82,Asus X01AD,Asus,Blink,[object Object],Chrome Mobile 90.0.4430.82 on Asus X01AD (Android 9),2021-05-06T06:00:45.598Z,寝る,あ,false,50.400000000000006,81.7,9.700000000000001,10.100000000000001,7.800000000000001,6.6000000000000005,10.3,-1.8,5.2,-15.8,-250.4,11.8
Chrome Mobile,90.0.4430.82,Asus X01AD,Asus,Blink,[object Object],Chrome Mobile 90.0.4430.82 on Asus X01AD (Android 9),2021-05-06T06:00:45.799Z,寝る,あ,false,43.6,70.60000000000001,-29.400000000000002,-17.8,11.8,12.3,-19.400000000000002,2.4000000000000004,9.4,-54.199999999999996,-71.7,-144.9
Chrome Mobile,90.0.4430.82,Asus X01AD,Asus,Blink,[object Object],Chrome Mobile 90.0.4430.82 on Asus X01AD (Android 9),2021-05-06T06:00:46.000Z,寝る,あ,false,25,75.3,16.400000000000002,-1.4000000000000001,13.200000000000001,13.3,-0.7000000000000001,3.5,10.9,-30.4,249.6,-57.400000000000006
Chrome Mobile,90.0.4430.82,Asus X01AD,Asus,Blink,[object Object],Chrome Mobile 90.0.4430.82 on Asus X01AD (Android 9),2021-05-06T06:00:46.201Z,寝る,あ,false,26.5,82.30000000000001,47.400000000000006,15.8,4.5,-2.6,16.7,-5.300000000000001,-3.5,-15.899999999999999,23.2,-44.2
Chrome Mobile,90.0.4430.82,Asus X01AD,Asus,Blink,[object Object],Chrome Mobile 90.0.4430.82 on Asus X01AD (Android 9),2021-05-06T06:00:46.402Z,寝る,あ,false,45.1,72,-8.5,-0.1,7.7,11.200000000000001,-0.6000000000000001,-1.6,8.200000000000001,-49.1,-250.4,-9.8
Chrome Mobile,90.0.4430.82,Asus X01AD,Asus,Blink,[object Object],Chrome Mobile 90.0.4430.82 on Asus X01AD (Android 9),2021-05-06T06:00:46.604Z,寝る,あ,false,16.6,66.3,-0.7000000000000001,-13.600000000000001,7.300000000000001,7.4,-13.700000000000001,-1.8,3.4000000000000004,53.2,137.5,56.300000000000004
Chrome Mobile,90.0.4430.82,Asus X01AD,Asus,Blink,[object Object],Chrome Mobile 90.0.4430.82 on Asus X01AD (Android 9),2021-05-06T06:00:46.805Z,寝る,あ,false,20.200000000000003,60.2,40.6,10.8,8.8,15.3,14.100000000000001,0,11.5,29.900000000000006,187.9,98.50000000000001
Chrome Mobile,90.0.4430.82,Asus X01AD,Asus,Blink,[object Object],Chrome Mobile 90.0.4430.82 on Asus X01AD (Android 9),2021-05-06T06:00:47.005Z,寝る,あ,false,23,71.7,36.9,5.4,7.300000000000001,8.6,7.2,-2,6.2,54.4,-250.4,-2.2
Chrome Mobile,90.0.4430.82,Asus X01AD,Asus,Blink,[object Object],Chrome Mobile 90.0.4430.82 on Asus X01AD (Android 9),2021-05-06T06:00:47.206Z,寝る,あ,false,52.400000000000006,73.8,-39.800000000000004,-16.7,12.5,9.5,-18.5,2.9000000000000004,7.300000000000001,26.799999999999997,-168.70000000000002,28.500000000000004
Chrome Mobile,90.0.4430.82,Asus X01AD,Asus,Blink,[object Object],Chrome Mobile 90.0.4430.82 on Asus X01AD (Android 9),2021-05-06T06:00:47.407Z,寝る,あ,false,28.8,75.3,11.200000000000001,-0.7000000000000001,13,12.100000000000001,-0.2,3.4000000000000004,9.700000000000001,-43.2,249.6,-33.2
Chrome Mobile,90.0.4430.82,Asus X01AD,Asus,Blink,[object Object],Chrome Mobile 90.0.4430.82 on Asus X01AD (Android 9),2021-05-06T06:00:47.608Z,寝る,あ,false,49.2,78.5,27.1,19.900000000000002,7,1,20.8,-2.7,-0.8,-22.000000000000004,12.5,-22.3
Chrome Mobile,90.0.4430.82,Asus X01AD,Asus,Blink,[object Object],Chrome Mobile 90.0.4430.82 on Asus X01AD (Android 9),2021-05-06T06:00:47.808Z,寝る,あ,false,60,72.60000000000001,-21.200000000000003,-0.2,10.9,11.9,-1.3,1.5,9.1,-52.2,-250.4,30.699999999999996
Chrome Mobile,90.0.4430.82,Asus X01AD,Asus,Blink,[object Object],Chrome Mobile 90.0.4430.82 on Asus X01AD (Android 9),2021-05-06T06:00:48.014Z,寝る,あ,false,49.1,69.10000000000001,-33.5,-12.200000000000001,9.4,7.1000000000000005,-14.100000000000001,0.2,4.2,50.400000000000006,108.7,49.800000000000004
Chrome Mobile,90.0.4430.82,Asus X01AD,Asus,Blink,[object Object],Chrome Mobile 90.0.4430.82 on Asus X01AD (Android 9),2021-05-06T06:00:48.219Z,寝る,あ,false,35,69.2,24.8,11.5,7.1000000000000005,10,8.5,-2.9000000000000004,11.4,71.10000000000001,247.4,59.1
Chrome Mobile,90.0.4430.82,Asus X01AD,Asus,Blink,[object Object],Chrome Mobile 90.0.4430.82 on Asus X01AD (Android 9),2021-05-06T06:00:48.427Z,寝る,あ,false,44.6,78.10000000000001,22.5,10.5,7.7,3.7,11.3,-1.9000000000000001,1.8,9,-215.2,4.300000000000001
Chrome Mobile,90.0.4430.82,Asus X01AD,Asus,Blink,[object Object],Chrome Mobile 90.0.4430.82 on Asus X01AD (Android 9),2021-05-06T06:00:48.631Z,寝る,あ,false,57.5,68.60000000000001,-42.2,-6.7,13.200000000000001,8.9,-9.1,4,6.300000000000001,3.4,-250.4,119.49999999999999
Chrome Mobile,90.0.4430.82,Asus X01AD,Asus,Blink,[object Object],Chrome Mobile 90.0.4430.82 on Asus X01AD (Android 9),2021-05-06T06:00:48.832Z,寝る,あ,false,43.400000000000006,72.8,-17.6,-2.7,9.9,9.5,-3.6,0.4,6.6000000000000005,23,249.6,-22.5
Chrome Mobile,90.0.4430.82,Asus X01AD,Asus,Blink,[object Object],Chrome Mobile 90.0.4430.82 on Asus X01AD (Android 9),2021-05-06T06:00:49.040Z,寝る,あ,false,23.1,73.9,47.400000000000006,15.600000000000001,8.9,1.3,17.6,-0.7000000000000001,-0.6000000000000001,35.8,86.3,13.700000000000001
Chrome Mobile,90.0.4430.82,Asus X01AD,Asus,Blink,[object Object],Chrome Mobile 90.0.4430.82 on Asus X01AD (Android 9),2021-05-06T06:00:49.241Z,寝る,あ,false,63.300000000000004,76.10000000000001,-20.200000000000003,3.2,10.5,11.9,2.4000000000000004,0.9,9.700000000000001,-48.50000000000001,-250.4,24.900000000000002
Chrome Mobile,90.0.4430.82,Asus X01AD,Asus,Blink,[object Object],Chrome Mobile 90.0.4430.82 on Asus X01AD (Android 9),2021-05-06T06:00:49.442Z,寝る,あ,false,63.2,71.4,-52.900000000000006,-19.200000000000003,11.5,12.600000000000001,-21.1,1,9.1,27.9,60.5,-24
Chrome Mobile,90.0.4430.82,Asus X01AD,Asus,Blink,[object Object],Chrome Mobile 90.0.4430.82 on Asus X01AD (Android 9),2021-05-06T06:00:49.643Z,寝る,あ,false,34.4,68.3,19.6,4.2,9.700000000000001,18.400000000000002,5.5,0.4,14.9,-27.400000000000002,249.6,-16.3
Chrome Mobile,90.0.4430.82,Asus X01AD,Asus,Blink,[object Object],Chrome Mobile 90.0.4430.82 on Asus X01AD (Android 9),2021-05-06T06:00:49.844Z,寝る,あ,false,44.800000000000004,73.9,25.400000000000002,14.700000000000001,7.9,-0.5,15.8,-1.6,-2.9000000000000004,36.6,-177.6,23.6
Chrome Mobile,90.0.4430.82,Asus X01AD,Asus,Blink,[object Object],Chrome Mobile 90.0.4430.82 on Asus X01AD (Android 9),2021-05-06T06:00:50.045Z,寝る,あ,false,64.4,66.4,-42.6,-9.1,12.200000000000001,12.4,-11.8,3.1,9.5,-30.4,-250.4,62.50000000000001
Chrome Mobile,90.0.4430.82,Asus X01AD,Asus,Blink,[object Object],Chrome Mobile 90.0.4430.82 on Asus X01AD (Android 9),2021-05-06T06:00:50.246Z,寝る,あ,false,46.2,69.60000000000001,-12.100000000000001,-2.2,10.9,13,-3,1.6,9.700000000000001,5,249.6,29.400000000000002
Chrome Mobile,90.0.4430.82,Asus X01AD,Asus,Blink,[object Object],Chrome Mobile 90.0.4430.82 on Asus X01AD (Android 9),2021-05-06T06:00:50.446Z,寝る,あ,false,46.800000000000004,68.7,30.8,15.4,7.6000000000000005,5.2,17.3,-1.8,2,24.900000000000002,62.900000000000006,15.700000000000001
Chrome Mobile,90.0.4430.82,Asus X01AD,Asus,Blink,[object Object],Chrome Mobile 90.0.4430.82 on Asus X01AD (Android 9),2021-05-06T06:00:50.648Z,寝る,あ,false,53,69.8,-5.6000000000000005,3.5,7.7,11.200000000000001,3.1,-1.5,7.800000000000001,-20.7,-250.4,-63.900000000000006
Chrome Mobile,90.0.4430.82,Asus X01AD,Asus,Blink,[object Object],Chrome Mobile 90.0.4430.82 on Asus X01AD (Android 9),2021-05-06T06:00:50.849Z,寝る,あ,false,15.3,67.8,-0.30000000000000004,-23.3,5.300000000000001,8.1,-23.3,-3.9000000000000004,4.3,3.1,95.5,-52.80000000000001
Chrome Mobile,90.0.4430.82,Asus X01AD,Asus,Blink,[object Object],Chrome Mobile 90.0.4430.82 on Asus X01AD (Android 9),2021-05-06T06:00:51.050Z,寝る,あ,false,18.5,61.900000000000006,38,1.8,9.3,12.200000000000001,4.7,0.30000000000000004,8.4,-62.7,249.6,-41.50000000000001
Chrome Mobile,90.0.4430.82,Asus X01AD,Asus,Blink,[object Object],Chrome Mobile 90.0.4430.82 on Asus X01AD (Android 9),2021-05-06T06:00:51.250Z,寝る,あ,false,43.400000000000006,72.3,29.400000000000002,13.200000000000001,8.200000000000001,2,14.700000000000001,-1.2000000000000002,-0.6000000000000001,-31.5,-107.19999999999999,-15.2
Chrome Mobile,90.0.4430.82,Asus X01AD,Asus,Blink,[object Object],Chrome Mobile 90.0.4430.82 on Asus X01AD (Android 9),2021-05-06T06:00:51.451Z,寝る,あ,false,51.6,63.5,-26.5,-6.5,11.8,9.5,-8.3,1.2000000000000002,4.7,-15.899999999999999,-250.4,119.60000000000002
Chrome Mobile,90.0.4430.82,Asus X01AD,Asus,Blink,[object Object],Chrome Mobile 90.0.4430.82 on Asus X01AD (Android 9),2021-05-06T06:00:51.652Z,寝る,あ,false,35.9,65.7,-1,-2.1,11,9.4,-2.2,1.8,5.300000000000001,65,203.4,25.4
Chrome Mobile,90.0.4430.82,Asus X01AD,Asus,Blink,[object Object],Chrome Mobile 90.0.4430.82 on Asus X01AD (Android 9),2021-05-06T06:00:51.853Z,寝る,あ,false,24.6,75.10000000000001,53.6,15.4,7,-6.5,17.5,-2.7,-8,54.199999999999996,170.70000000000002,-5.4
Chrome Mobile,90.0.4430.82,Asus X01AD,Asus,Blink,[object Object],Chrome Mobile 90.0.4430.82 on Asus X01AD (Android 9),2021-05-06T06:00:52.054Z,寝る,あ,false,55.900000000000006,74.8,0.7000000000000001,4.800000000000001,9,7.9,4.9,-0.4,5.300000000000001,-58.7,-250.4,-4.7
Chrome Mobile,90.0.4430.82,Asus X01AD,Asus,Blink,[object Object],Chrome Mobile 90.0.4430.82 on Asus X01AD (Android 9),2021-05-06T06:00:52.255Z,寝る,あ,false,42.7,62.800000000000004,-21.6,-22.6,9.4,13.700000000000001,-24.3,0.6000000000000001,9.4,-4.300000000000001,72.2,-5.9
Chrome Mobile,90.0.4430.82,Asus X01AD,Asus,Blink,[object Object],Chrome Mobile 90.0.4430.82 on Asus X01AD (Android 9),2021-05-06T06:00:52.455Z,寝る,あ,false,35.9,67.9,26.8,6,9.4,13.8,7.7,0,10.4,72.10000000000001,249.6,-4.1
Chrome Mobile,90.0.4430.82,Asus X01AD,Asus,Blink,[object Object],Chrome Mobile 90.0.4430.82 on Asus X01AD (Android 9),2021-05-06T06:00:52.656Z,寝る,あ,false,32.5,76.4,50.5,12.5,7.2,-1.8,14.3,-2.4000000000000004,-3.2,32.400000000000006,-54.1,22.8
Chrome Mobile,90.0.4430.82,Asus X01AD,Asus,Blink,[object Object],Chrome Mobile 90.0.4430.82 on Asus X01AD (Android 9),2021-05-06T06:00:52.857Z,寝る,あ,false,68.10000000000001,71.8,-28.5,-0.1,10.4,12.200000000000001,-1.6,1.1,9.5,-88.10000000000001,-250.4,41.800000000000004
Chrome Mobile,90.0.4430.82,Asus X01AD,Asus,Blink,[object Object],Chrome Mobile 90.0.4430.82 on Asus X01AD (Android 9),2021-05-06T06:00:53.057Z,寝る,あ,false,42.5,69.8,-18.400000000000002,-12.5,9.5,7.2,-13.600000000000001,0.1,3.9000000000000004,50.7,165.10000000000002,-22.700000000000003
Chrome Mobile,90.0.4430.82,Asus X01AD,Asus,Blink,[object Object],Chrome Mobile 90.0.4430.82 on Asus X01AD (Android 9),2021-05-06T06:00:53.259Z,寝る,あ,false,39.900000000000006,75.4,31.1,11.600000000000001,6.6000000000000005,4.2,12.9,-3.2,2.1,112.80000000000001,222.9,51.800000000000004
Chrome Mobile,90.0.4430.82,Asus X01AD,Asus,Blink,[object Object],Chrome Mobile 90.0.4430.82 on Asus X01AD (Android 9),2021-05-06T06:00:53.460Z,寝る,あ,false,58.6,80.30000000000001,17.3,10.600000000000001,7.9,1,11,-1.7000000000000002,-0.6000000000000001,-2,-164.3,29.700000000000006
Chrome Mobile,90.0.4430.82,Asus X01AD,Asus,Blink,[object Object],Chrome Mobile 90.0.4430.82 on Asus X01AD (Android 9),2021-05-06T06:00:53.661Z,寝る,あ,false,69.4,67,-40.1,-11.4,12.100000000000001,12.100000000000001,-13.9,3,9.1,17.6,-250.4,122.79999999999998
Chrome Mobile,90.0.4430.82,Asus X01AD,Asus,Blink,[object Object],Chrome Mobile 90.0.4430.82 on Asus X01AD (Android 9),2021-05-06T06:00:53.862Z,寝る,あ,false,67.2,70.2,-34.4,-1,10.5,6.7,-2.9000000000000004,1.2000000000000002,3.9000000000000004,36.6,174.3,-19.400000000000002
Chrome Mobile,90.0.4430.82,Asus X01AD,Asus,Blink,[object Object],Chrome Mobile 90.0.4430.82 on Asus X01AD (Android 9),2021-05-06T06:00:54.067Z,寝る,あ,false,45.800000000000004,74.60000000000001,31.6,13,7.800000000000001,1.2000000000000002,14.4,-1.9000000000000001,-1.1,49.699999999999996,146.3,-20
Chrome Mobile,90.0.4430.82,Asus X01AD,Asus,Blink,[object Object],Chrome Mobile 90.0.4430.82 on Asus X01AD (Android 9),2021-05-06T06:00:54.275Z,寝る,あ,false,77.5,80.10000000000001,-16.400000000000002,8.3,6.4,5.2,7.9,-3.2,3.6,-78.5,-202.1,-20.2
Chrome Mobile,90.0.4430.82,Asus X01AD,Asus,Blink,[object Object],Chrome Mobile 90.0.4430.82 on Asus X01AD (Android 9),2021-05-06T06:00:54.476Z,寝る,あ,false,77.80000000000001,63.5,-59.900000000000006,-10.600000000000001,13.200000000000001,9.5,-14.4,4.4,7.300000000000001,-32.300000000000004,-51.2,-0.9000000000000001
Chrome Mobile,90.0.4430.82,Asus X01AD,Asus,Blink,[object Object],Chrome Mobile 90.0.4430.82 on Asus X01AD (Android 9),2021-05-06T06:00:54.677Z,寝る,あ,false,44.300000000000004,73.60000000000001,2.3000000000000003,-0.8,11.3,12.8,-0.7000000000000001,1.7000000000000002,9.9,-26.400000000000006,249.6,-113.2
Chrome Mobile,90.0.4430.82,Asus X01AD,Asus,Blink,[object Object],Chrome Mobile 90.0.4430.82 on Asus X01AD (Android 9),2021-05-06T06:00:54.878Z,寝る,あ,false,34.1,79.30000000000001,46.300000000000004,18.900000000000002,7.6000000000000005,-0.6000000000000001,20.200000000000003,-2,-1.9000000000000001,-4.4,-14.200000000000001,-5.500000000000001
Chrome Mobile,90.0.4430.82,Asus X01AD,Asus,Blink,[object Object],Chrome Mobile 90.0.4430.82 on Asus X01AD (Android 9),2021-05-06T06:00:55.079Z,寝る,あ,false,66.5,73.4,-19.1,2.4000000000000004,10.100000000000001,11,1.5,0.8,8.4,-88.3,-250.4,32.300000000000004
Chrome Mobile,90.0.4430.82,Asus X01AD,Asus,Blink,[object Object],Chrome Mobile 90.0.4430.82 on Asus X01AD (Android 9),2021-05-06T06:00:55.280Z,寝る,あ,false,47.6,67.3,-24.6,-14.100000000000001,9.4,6.7,-15.700000000000001,0.30000000000000004,3.3000000000000003,55.2,136.1,10
Chrome Mobile,90.0.4430.82,Asus X01AD,Asus,Blink,[object Object],Chrome Mobile 90.0.4430.82 on Asus X01AD (Android 9),2021-05-06T06:00:55.481Z,寝る,あ,false,34.300000000000004,77.30000000000001,31.900000000000002,11.9,7.1000000000000005,4.5,13.100000000000001,-2.7,2.6,109.2,244.70000000000002,9.600000000000001
Chrome Mobile,90.0.4430.82,Asus X01AD,Asus,Blink,[object Object],Chrome Mobile 90.0.4430.82 on Asus X01AD (Android 9),2021-05-06T06:00:55.682Z,寝る,あ,false,40.400000000000006,80.60000000000001,34.300000000000004,8.5,6.5,0.5,9.4,-3.1,-0.8,-8.3,-175.70000000000002,30.200000000000003
Chrome Mobile,90.0.4430.82,Asus X01AD,Asus,Blink,[object Object],Chrome Mobile 90.0.4430.82 on Asus X01AD (Android 9),2021-05-06T06:00:55.883Z,寝る,あ,false,73.7,65.5,-46.800000000000004,-8.5,13.5,9,-11.5,4.5,6.2,-70,-184.7,34.300000000000004
Chrome Mobile,90.0.4430.82,Asus X01AD,Asus,Blink,[object Object],Chrome Mobile 90.0.4430.82 on Asus X01AD (Android 9),2021-05-06T06:00:56.093Z,寝る,あ,false,56.800000000000004,71.60000000000001,-20.6,-4.2,10.3,6,-5.300000000000001,0.9,3.1,29.300000000000004,224.50000000000003,-38
Chrome Mobile,90.0.4430.82,Asus X01AD,Asus,Blink,[object Object],Chrome Mobile 90.0.4430.82 on Asus X01AD (Android 9),2021-05-06T06:00:56.293Z,寝る,あ,false,38.7,73.60000000000001,39.900000000000006,17.1,8,3.8000000000000003,18.900000000000002,-1.5,1.6,9.2,99.10000000000001,-19.5
Chrome Mobile,90.0.4430.82,Asus X01AD,Asus,Blink,[object Object],Chrome Mobile 90.0.4430.82 on Asus X01AD (Android 9),2021-05-06T06:00:56.494Z,寝る,あ,false,75.3,73.5,-22.5,4.6000000000000005,9.700000000000001,9.1,3.7,0.4,6.7,-64.10000000000001,-250.4,35.5
Chrome Mobile,90.0.4430.82,Asus X01AD,Asus,Blink,[object Object],Chrome Mobile 90.0.4430.82 on Asus X01AD (Android 9),2021-05-06T06:00:56.695Z,寝る,あ,false,66.4,64.4,-47.2,-16.6,13.3,9.9,-19.700000000000003,4.4,7,36.400000000000006,22.3,9
Chrome Mobile,90.0.4430.82,Asus X01AD,Asus,Blink,[object Object],Chrome Mobile 90.0.4430.82 on Asus X01AD (Android 9),2021-05-06T06:00:56.896Z,寝る,あ,false,56.800000000000004,73.8,1.7000000000000002,6.2,9.700000000000001,10,6.300000000000001,0.2,7.2,15.2,249.6,-69.4
Chrome Mobile,90.0.4430.82,Asus X01AD,Asus,Blink,[object Object],Chrome Mobile 90.0.4430.82 on Asus X01AD (Android 9),2021-05-06T06:00:57.097Z,寝る,あ,false,48.2,79.9,28.400000000000002,12.9,7.2,-2.7,13.700000000000001,-2.3000000000000003,-4.2,23.5,-86.00000000000001,18.200000000000003
Chrome Mobile,90.0.4430.82,Asus X01AD,Asus,Blink,[object Object],Chrome Mobile 90.0.4430.82 on Asus X01AD (Android 9),2021-05-06T06:00:57.297Z,寝る,あ,false,70.10000000000001,72.5,-38.2,-4,10.9,9.3,-5.800000000000001,1.5,7,-33.9,-250.4,18.8
Chrome Mobile,90.0.4430.82,Asus X01AD,Asus,Blink,[object Object],Chrome Mobile 90.0.4430.82 on Asus X01AD (Android 9),2021-05-06T06:00:57.498Z,寝る,あ,false,40.800000000000004,73.7,-13,-7.1000000000000005,9.4,7.6000000000000005,-7.7,0,4.9,19.1,198.4,30.699999999999996
Chrome Mobile,90.0.4430.82,Asus X01AD,Asus,Blink,[object Object],Chrome Mobile 90.0.4430.82 on Asus X01AD (Android 9),2021-05-06T06:00:57.699Z,寝る,あ,false,43,73.5,31.6,12.4,9.4,4.6000000000000005,13.9,-0.1,2.2,13.8,167.7,-16.5
Chrome Mobile,90.0.4430.82,Asus X01AD,Asus,Blink,[object Object],Chrome Mobile 90.0.4430.82 on Asus X01AD (Android 9),2021-05-06T06:00:57.900Z,寝る,あ,false,67.10000000000001,76.7,-1.7000000000000002,9.1,7.7,7.300000000000001,9,-1.8,5.1000000000000005,-12.100000000000001,-234.8,17
Chrome Mobile,90.0.4430.82,Asus X01AD,Asus,Blink,[object Object],Chrome Mobile 90.0.4430.82 on Asus X01AD (Android 9),2021-05-06T06:00:58.101Z,寝る,あ,false,65.60000000000001,64.9,-48.400000000000006,-11.8,16.3,17.5,-14.9,7.4,14.700000000000001,-22.9,-176.10000000000002,44.4
Chrome Mobile,90.0.4430.82,Asus X01AD,Asus,Blink,[object Object],Chrome Mobile 90.0.4430.82 on Asus X01AD (Android 9),2021-05-06T06:00:58.302Z,寝る,あ,false,41.6,72.10000000000001,3.8000000000000003,-0.5,9.5,5.7,-0.2,0,2.6,-41.900000000000006,249.6,-45.400000000000006
Chrome Mobile,90.0.4430.82,Asus X01AD,Asus,Blink,[object Object],Chrome Mobile 90.0.4430.82 on Asus X01AD (Android 9),2021-05-06T06:00:58.502Z,寝る,あ,false,47.300000000000004,78,32,16.5,5.4,0.6000000000000001,17.6,-4.2,-1.1,6.8,42.900000000000006,-28.700000000000003
Chrome Mobile,90.0.4430.82,Asus X01AD,Asus,Blink,[object Object],Chrome Mobile 90.0.4430.82 on Asus X01AD (Android 9),2021-05-06T06:00:58.703Z,寝る,あ,false,65.7,73.5,-24.900000000000002,-1.4000000000000001,9.8,17,-2.6,0.4,14.5,-93.7,-250.4,-45.099999999999994
Chrome Mobile,90.0.4430.82,Asus X01AD,Asus,Blink,[object Object],Chrome Mobile 90.0.4430.82 on Asus X01AD (Android 9),2021-05-06T06:00:58.904Z,寝る,あ,false,27.200000000000003,74.5,-0.8,-15.5,7.300000000000001,6.4,-15.600000000000001,-2.2,3.8000000000000003,57.9,135.20000000000002,62
Chrome Mobile,90.0.4430.82,Asus X01AD,Asus,Blink,[object Object],Chrome Mobile 90.0.4430.82 on Asus X01AD (Android 9),2021-05-06T06:00:59.105Z,寝る,あ,false,44.1,79.30000000000001,27.3,12.5,9.5,4.2,13.3,-0.30000000000000004,2.6,65,231.7,-13.8
Chrome Mobile,90.0.4430.82,Asus X01AD,Asus,Blink,[object Object],Chrome Mobile 90.0.4430.82 on Asus X01AD (Android 9),2021-05-06T06:00:59.306Z,寝る,あ,false,46.6,82,27.900000000000002,9.4,7.300000000000001,1.7000000000000002,10.100000000000001,-2.3000000000000003,0.5,6,-195.00000000000003,14.900000000000002
Chrome Mobile,90.0.4430.82,Asus X01AD,Asus,Blink,[object Object],Chrome Mobile 90.0.4430.82 on Asus X01AD (Android 9),2021-05-06T06:00:59.507Z,寝る,あ,false,67.7,70.5,-41.900000000000006,-13.9,12.700000000000001,15.3,-16.1,3.5,12.8,-48,-240.4,2.8
Chrome Mobile,90.0.4430.82,Asus X01AD,Asus,Blink,[object Object],Chrome Mobile 90.0.4430.82 on Asus X01AD (Android 9),2021-05-06T06:00:59.708Z,寝る,あ,false,41.900000000000006,76,7.4,-1.7000000000000002,11.8,15.100000000000001,-1.4000000000000001,2.1,12.700000000000001,16.6,249.6,-54.300000000000004
Chrome Mobile,90.0.4430.82,Asus X01AD,Asus,Blink,[object Object],Chrome Mobile 90.0.4430.82 on Asus X01AD (Android 9),2021-05-06T06:00:59.908Z,寝る,あ,false,44.400000000000006,81.60000000000001,40.800000000000004,20.3,5.9,2.4000000000000004,21.200000000000003,-3.8000000000000003,1.3,-21.400000000000002,59.20000000000001,-59.40000000000001
Chrome Mobile,90.0.4430.82,Asus X01AD,Asus,Blink,[object Object],Chrome Mobile 90.0.4430.82 on Asus X01AD (Android 9),2021-05-06T06:01:00.119Z,寝る,あ,false,72.5,75.10000000000001,-23.6,-1.2000000000000002,10.3,12,-2.2,0.9,9.8,-71.6,-250.4,34.900000000000006
Chrome Mobile,90.0.4430.82,Asus X01AD,Asus,Blink,[object Object],Chrome Mobile 90.0.4430.82 on Asus X01AD (Android 9),2021-05-06T06:01:00.320Z,寝る,あ,false,59.7,73,-28.700000000000003,-8.6,8.8,7.1000000000000005,-12.9,-1,4.5,56.9,173.3,9.899999999999999
Chrome Mobile,90.0.4430.82,Asus X01AD,Asus,Blink,[object Object],Chrome Mobile 90.0.4430.82 on Asus X01AD (Android 9),2021-05-06T06:01:00.522Z,寝る,あ,false,40.900000000000006,73.4,38.2,9.8,8.8,7,11.600000000000001,-0.7000000000000001,4.7,6.300000000000001,248.6,-10.8
Chrome Mobile,90.0.4430.82,Asus X01AD,Asus,Blink,[object Object],Chrome Mobile 90.0.4430.82 on Asus X01AD (Android 9),2021-05-06T06:01:00.722Z,寝る,あ,false,58.5,78.5,21.5,10.3,8.200000000000001,6.300000000000001,11,-1.3,4.5,-19,-218.20000000000002,-2
Chrome Mobile,90.0.4430.82,Asus X01AD,Asus,Blink,[object Object],Chrome Mobile 90.0.4430.82 on Asus X01AD (Android 9),2021-05-06T06:01:00.923Z,寝る,あ,false,75.60000000000001,66.2,-44.6,-12.600000000000001,14.700000000000001,14.600000000000001,-15.4,5.800000000000001,11.8,-54.800000000000004,-250.4,160
Chrome Mobile,90.0.4430.82,Asus X01AD,Asus,Blink,[object Object],Chrome Mobile 90.0.4430.82 on Asus X01AD (Android 9),2021-05-06T06:01:01.124Z,寝る,あ,false,59.7,72.2,-0.1,1.2000000000000002,11.4,9.5,1.2000000000000002,1.8,6.4,26.9,249.6,-44.2
Chrome Mobile,90.0.4430.82,Asus X01AD,Asus,Blink,[object Object],Chrome Mobile 90.0.4430.82 on Asus X01AD (Android 9),2021-05-06T06:01:01.324Z,寝る,あ,false,49.7,77.30000000000001,46.300000000000004,18,5.9,2.6,19.6,-3.7,1.1,6.9,68.60000000000001,-47.400000000000006
Chrome Mobile,90.0.4430.82,Asus X01AD,Asus,Blink,[object Object],Chrome Mobile 90.0.4430.82 on Asus X01AD (Android 9),2021-05-06T06:01:01.527Z,寝る,あ,false,67.8,72.60000000000001,-8,0.6000000000000001,10.8,14.9,0.2,1.5,12,-85.5,-250.4,-15.8
Chrome Mobile,90.0.4430.82,Asus X01AD,Asus,Blink,[object Object],Chrome Mobile 90.0.4430.82 on Asus X01AD (Android 9),2021-05-06T06:01:01.727Z,寝る,あ,false,58.2,67.7,-20,-16.6,9.3,10.100000000000001,-17.900000000000002,0.1,6.5,50.2,163.6,-8.4
Chrome Mobile,90.0.4430.82,Asus X01AD,Asus,Blink,[object Object],Chrome Mobile 90.0.4430.82 on Asus X01AD (Android 9),2021-05-06T06:01:01.929Z,寝る,あ,false,49.900000000000006,70.4,35.300000000000004,12.9,8.6,13.600000000000001,14.8,-1,10.8,133.10000000000002,249.6,73.5
Chrome Mobile,90.0.4430.82,Asus X01AD,Asus,Blink,[object Object],Chrome Mobile 90.0.4430.82 on Asus X01AD (Android 9),2021-05-06T06:01:02.129Z,寝る,あ,false,73.60000000000001,82.5,23.6,14.100000000000001,5.9,1.3,13,-3.8000000000000003,3.7,-103.49999999999999,-153.4,-38.60000000000001
Chrome Mobile,90.0.4430.82,Asus X01AD,Asus,Blink,[object Object],Chrome Mobile 90.0.4430.82 on Asus X01AD (Android 9),2021-05-06T06:01:02.330Z,寝る,あ,false,101.9,62.5,-55.6,-3.6,16.8,13.8,-7.4,8,11.200000000000001,-69.3,-250.4,92.90000000000002
Chrome Mobile,90.0.4430.82,Asus X01AD,Asus,Blink,[object Object],Chrome Mobile 90.0.4430.82 on Asus X01AD (Android 9),2021-05-06T06:01:02.531Z,寝る,あ,false,74.2,68.2,-7.300000000000001,2.5,16.6,15.200000000000001,2.1,7.2,11.4,5.1000000000000005,249.6,-83.10000000000001
Chrome Mobile,90.0.4430.82,Asus X01AD,Asus,Blink,[object Object],Chrome Mobile 90.0.4430.82 on Asus X01AD (Android 9),2021-05-06T06:01:02.738Z,寝る,あ,false,43.800000000000004,75,63.1,16.5,4.6000000000000005,2.7,18.8,-5.1000000000000005,1.5,-30.200000000000003,61.7,-26.799999999999997
Chrome Mobile,90.0.4430.82,Asus X01AD,Asus,Blink,[object Object],Chrome Mobile 90.0.4430.82 on Asus X01AD (Android 9),2021-05-06T06:01:02.941Z,寝る,あ,false,76.9,71.9,-6.9,-0.8,11.3,17.3,-1.1,2,14.3,-80.8,-250.4,7.1000000000000005
Chrome Mobile,90.0.4430.82,Asus X01AD,Asus,Blink,[object Object],Chrome Mobile 90.0.4430.82 on Asus X01AD (Android 9),2021-05-06T06:01:03.141Z,寝る,あ,false,69.60000000000001,71.9,-20.700000000000003,-15.200000000000001,6.5,3.7,-16.3,-3,0.8,43.300000000000004,112.4,30.000000000000004
Chrome Mobile,90.0.4430.82,Asus X01AD,Asus,Blink,[object Object],Chrome Mobile 90.0.4430.82 on Asus X01AD (Android 9),2021-05-06T06:01:03.345Z,寝る,あ,false,69,73.4,25.700000000000003,13.8,8.8,6.2,15.100000000000001,-1,3.6,95.80000000000001,249.6,-0.5
Chrome Mobile,90.0.4430.82,Asus X01AD,Asus,Blink,[object Object],Chrome Mobile 90.0.4430.82 on Asus X01AD (Android 9),2021-05-06T06:01:03.546Z,寝る,あ,false,78.10000000000001,77.4,26.8,12.8,5.9,4.4,13.8,-3.6,2.5,-10.9,-146.9,-17.300000000000004
Chrome Mobile,90.0.4430.82,Asus X01AD,Asus,Blink,[object Object],Chrome Mobile 90.0.4430.82 on Asus X01AD (Android 9),2021-05-06T06:01:03.747Z,寝る,あ,false,89.7,64.4,-33.4,-10.8,15.3,12.3,-13.200000000000001,6.300000000000001,8.700000000000001,-39.50000000000001,-250.4,34.800000000000004
Chrome Mobile,90.0.4430.82,Asus X01AD,Asus,Blink,[object Object],Chrome Mobile 90.0.4430.82 on Asus X01AD (Android 9),2021-05-06T06:01:03.947Z,寝る,あ,false,65.4,72.4,4.5,-3.4000000000000004,11.5,9.700000000000001,-3.2,1.9000000000000001,6.7,28.1,249.6,-42.900000000000006
Chrome Mobile,90.0.4430.82,Asus X01AD,Asus,Blink,[object Object],Chrome Mobile 90.0.4430.82 on Asus X01AD (Android 9),2021-05-06T06:01:04.148Z,寝る,あ,false,55.7,74.7,57.1,16.5,8.8,-2.6,18.7,-0.9,-4,19,144.20000000000002,-16.3
Chrome Mobile,90.0.4430.82,Asus X01AD,Asus,Blink,[object Object],Chrome Mobile 90.0.4430.82 on Asus X01AD (Android 9),2021-05-06T06:01:04.350Z,寝る,あ,false,81.60000000000001,76.10000000000001,8.1,4.9,9.4,9,5.300000000000001,0,6.6000000000000005,-5.7,-250.4,35.699999999999996
Chrome Mobile,90.0.4430.82,Asus X01AD,Asus,Blink,[object Object],Chrome Mobile 90.0.4430.82 on Asus X01AD (Android 9),2021-05-06T06:01:04.551Z,寝る,あ,false,94,66.5,-46.800000000000004,-18.5,13.5,16.400000000000002,-21.400000000000002,4.3,13.600000000000001,13.6,-25.1,-15.5
Chrome Mobile,90.0.4430.82,Asus X01AD,Asus,Blink,[object Object],Chrome Mobile 90.0.4430.82 on Asus X01AD (Android 9),2021-05-06T06:01:04.752Z,寝る,あ,false,72.5,71,10.700000000000001,1.5,8.9,7.4,2.1,-0.5,4.2,-119.39999999999999,249.6,-105
Chrome Mobile,90.0.4430.82,Asus X01AD,Asus,Blink,[object Object],Chrome Mobile 90.0.4430.82 on Asus X01AD (Android 9),2021-05-06T06:01:04.953Z,寝る,あ,false,78.30000000000001,78.4,31.900000000000002,16.1,5.9,-4,17.2,-3.7,-5.7,45.5,-66.7,16.200000000000003
Chrome Mobile,90.0.4430.82,Asus X01AD,Asus,Blink,[object Object],Chrome Mobile 90.0.4430.82 on Asus X01AD (Android 9),2021-05-06T06:01:05.154Z,寝る,あ,false,89.9,68,-22.1,-4.9,11.3,15.3,-6.300000000000001,2.2,11.9,-35.1,-250.4,25.4
Chrome Mobile,90.0.4430.82,Asus X01AD,Asus,Blink,[object Object],Chrome Mobile 90.0.4430.82 on Asus X01AD (Android 9),2021-05-06T06:01:05.354Z,寝る,あ,false,81.30000000000001,69.3,-27.6,-10.200000000000001,8.8,9.200000000000001,-11.8,-0.4,6.1000000000000005,40.7,167.50000000000003,17.7
Chrome Mobile,90.0.4430.82,Asus X01AD,Asus,Blink,[object Object],Chrome Mobile 90.0.4430.82 on Asus X01AD (Android 9),2021-05-06T06:01:05.555Z,寝る,あ,false,74,68.9,24.3,14,8.3,6.1000000000000005,15.5,-1.1,2.8000000000000003,84.3,193.4,39.699999999999996
Chrome Mobile,90.0.4430.82,Asus X01AD,Asus,Blink,[object Object],Chrome Mobile 90.0.4430.82 on Asus X01AD (Android 9),2021-05-06T06:01:05.756Z,寝る,あ,false,87.7,72.4,12.9,11.8,8.1,4.7,12.4,-1.2000000000000002,1.8,10.9,-187.6,14.5
Chrome Mobile,90.0.4430.82,Asus X01AD,Asus,Blink,[object Object],Chrome Mobile 90.0.4430.82 on Asus X01AD (Android 9),2021-05-06T06:01:05.956Z,寝る,あ,false,87.60000000000001,66.10000000000001,-36.4,-10.700000000000001,11.700000000000001,11.100000000000001,-13.100000000000001,2.6,7.800000000000001,10.1,-242.50000000000003,28.1
Chrome Mobile,90.0.4430.82,Asus X01AD,Asus,Blink,[object Object],Chrome Mobile 90.0.4430.82 on Asus X01AD (Android 9),2021-05-06T06:01:06.162Z,寝る,あ,false,84.4,71.9,-20.400000000000002,-2.8000000000000003,9.3,8.700000000000001,-4,-0.1,5.9,21.8,249.4,-23
Chrome Mobile,90.0.4430.82,Asus X01AD,Asus,Blink,[object Object],Chrome Mobile 90.0.4430.82 on Asus X01AD (Android 9),2021-05-06T06:01:06.373Z,寝る,あ,false,74.3,73.8,32.7,18.5,8.6,1.7000000000000002,20.1,-1.1,-0.6000000000000001,-0.4,113.5,-51.1
Chrome Mobile,90.0.4430.82,Asus X01AD,Asus,Blink,[object Object],Chrome Mobile 90.0.4430.82 on Asus X01AD (Android 9),2021-05-06T06:01:06.574Z,寝る,あ,false,102.4,74,-19.8,5.4,9.700000000000001,9.600000000000001,4.5,0.30000000000000004,7.1000000000000005,-60.5,-250.4,56
Chrome Mobile,90.0.4430.82,Asus X01AD,Asus,Blink,[object Object],Chrome Mobile 90.0.4430.82 on Asus X01AD (Android 9),2021-05-06T06:01:06.774Z,寝る,あ,false,89.60000000000001,63.800000000000004,-51,-16.3,13.100000000000001,14.200000000000001,-19.700000000000003,4.2,11.4,9.3,-45.6,17.799999999999997
Chrome Mobile,90.0.4430.82,Asus X01AD,Asus,Blink,[object Object],Chrome Mobile 90.0.4430.82 on Asus X01AD (Android 9),2021-05-06T06:01:06.975Z,寝る,あ,false,62.7,69.2,15.8,2.5,10,13.5,3.5,0.6000000000000001,10,3.4,249.6,-34.50000000000001
Chrome Mobile,90.0.4430.82,Asus X01AD,Asus,Blink,[object Object],Chrome Mobile 90.0.4430.82 on Asus X01AD (Android 9),2021-05-06T06:01:07.176Z,寝る,あ,false,76,72.5,33.2,14.9,7,3,16.6,-2.4000000000000004,0.5,15.5,-25.900000000000002,-0.30000000000000004
Chrome Mobile,90.0.4430.82,Asus X01AD,Asus,Blink,[object Object],Chrome Mobile 90.0.4430.82 on Asus X01AD (Android 9),2021-05-06T06:01:07.377Z,寝る,あ,false,89.10000000000001,67.7,-22.700000000000003,0.1,10.5,13.5,-1.3,1.4000000000000001,10,-57.9,-250.4,8.700000000000001
Chrome Mobile,90.0.4430.82,Asus X01AD,Asus,Blink,[object Object],Chrome Mobile 90.0.4430.82 on Asus X01AD (Android 9),2021-05-06T06:01:07.579Z,寝る,あ,false,58.400000000000006,66.5,-8.6,-15.8,6.9,9.3,-16.400000000000002,-2.2,5.4,30.000000000000004,101.30000000000001,40.5
Chrome Mobile,90.0.4430.82,Asus X01AD,Asus,Blink,[object Object],Chrome Mobile 90.0.4430.82 on Asus X01AD (Android 9),2021-05-06T06:01:07.780Z,寝る,あ,false,59.400000000000006,75.10000000000001,37.6,13.200000000000001,7.300000000000001,3.8000000000000003,14.8,-2.5,1.7000000000000002,84.5,248.20000000000002,-4.6
Chrome Mobile,90.0.4430.82,Asus X01AD,Asus,Blink,[object Object],Chrome Mobile 90.0.4430.82 on Asus X01AD (Android 9),2021-05-06T06:01:07.986Z,寝る,あ,false,85.30000000000001,79.30000000000001,9.600000000000001,10.4,8.8,7.300000000000001,10.700000000000001,-0.7000000000000001,5.5,-38.50000000000001,-250.4,26.400000000000006
Chrome Mobile,90.0.4430.82,Asus X01AD,Asus,Blink,[object Object],Chrome Mobile 90.0.4430.82 on Asus X01AD (Android 9),2021-05-06T06:01:08.186Z,寝る,あ,false,85.2,64.7,-42.2,-13.200000000000001,12.8,14.700000000000001,-16,3.8000000000000003,11.5,-36.9,-185.5,26.400000000000006
Chrome Mobile,90.0.4430.82,Asus X01AD,Asus,Blink,[object Object],Chrome Mobile 90.0.4430.82 on Asus X01AD (Android 9),2021-05-06T06:01:08.387Z,寝る,あ,false,60.400000000000006,65.7,13.5,-3.3000000000000003,11.200000000000001,17.2,-2.4000000000000004,2.1,13.200000000000001,-60.900000000000006,249.6,-48.50000000000001
Chrome Mobile,90.0.4430.82,Asus X01AD,Asus,Blink,[object Object],Chrome Mobile 90.0.4430.82 on Asus X01AD (Android 9),2021-05-06T06:01:08.595Z,寝る,あ,false,74.8,74.9,33.2,16.2,5.800000000000001,1.9000000000000001,17.6,-3.8000000000000003,-0.30000000000000004,-17,38.50000000000001,-43.300000000000004
Chrome Mobile,90.0.4430.82,Asus X01AD,Asus,Blink,[object Object],Chrome Mobile 90.0.4430.82 on Asus X01AD (Android 9),2021-05-06T06:01:08.796Z,寝る,あ,false,101.10000000000001,71,-30.5,3.1,9.4,10.700000000000001,1.4000000000000001,0.1,8,-68.80000000000001,-250.4,50.3
Chrome Mobile,90.0.4430.82,Asus X01AD,Asus,Blink,[object Object],Chrome Mobile 90.0.4430.82 on Asus X01AD (Android 9),2021-05-06T06:01:08.998Z,寝る,あ,false,88,62,-46.6,-16.1,11.700000000000001,7.9,-21.3,3.6,6.2,76.2,93.2,35.599999999999994
Chrome Mobile,90.0.4430.82,Asus X01AD,Asus,Blink,[object Object],Chrome Mobile 90.0.4430.82 on Asus X01AD (Android 9),2021-05-06T06:01:09.200Z,寝る,あ,false,72.2,69.2,9.1,4.2,7.7,15.200000000000001,4.7,-1.8,11.700000000000001,56.50000000000001,235,11.8
Chrome Mobile,90.0.4430.82,Asus X01AD,Asus,Blink,[object Object],Chrome Mobile 90.0.4430.82 on Asus X01AD (Android 9),2021-05-06T06:01:09.401Z,寝る,あ,false,95.80000000000001,79.4,1,12.700000000000001,6,0.4,12.8,-3.7,-1.4000000000000001,-7.699999999999999,-86.2,2.6
Chrome Mobile,90.0.4430.82,Asus X01AD,Asus,Blink,[object Object],Chrome Mobile 90.0.4430.82 on Asus X01AD (Android 9),2021-05-06T06:01:09.601Z,寝る,あ,false,94.80000000000001,67,-46.400000000000006,-10.5,12.200000000000001,13.5,-13.3,3,10.9,-1.6,-250.4,83.70000000000002
Chrome Mobile,90.0.4430.82,Asus X01AD,Asus,Blink,[object Object],Chrome Mobile 90.0.4430.82 on Asus X01AD (Android 9),2021-05-06T06:01:09.814Z,寝る,あ,false,78.60000000000001,71.8,-13.9,-0.2,10.9,12,-1,1.5,9,30.1,249.6,13.399999999999999
Chrome Mobile,90.0.4430.82,Asus X01AD,Asus,Blink,[object Object],Chrome Mobile 90.0.4430.82 on Asus X01AD (Android 9),2021-05-06T06:01:10.015Z,寝る,あ,false,88.60000000000001,76.4,18.8,19.700000000000003,8,-2.2,20.400000000000002,-1.7000000000000002,-4.4,28.600000000000005,100.1,-17.300000000000004
Chrome Mobile,90.0.4430.82,Asus X01AD,Asus,Blink,[object Object],Chrome Mobile 90.0.4430.82 on Asus X01AD (Android 9),2021-05-06T06:01:10.216Z,寝る,あ,false,109,74.5,-23.3,8.6,9,9.1,7.5,-0.5,6.7,-31.2,-250.4,15.700000000000001
Chrome Mobile,90.0.4430.82,Asus X01AD,Asus,Blink,[object Object],Chrome Mobile 90.0.4430.82 on Asus X01AD (Android 9),2021-05-06T06:01:10.417Z,寝る,あ,false,93.10000000000001,65.5,-44.5,-19.5,12.5,11.8,-22.400000000000002,3.4000000000000004,8.9,32.9,39.9,6.500000000000001
Chrome Mobile,90.0.4430.82,Asus X01AD,Asus,Blink,[object Object],Chrome Mobile 90.0.4430.82 on Asus X01AD (Android 9),2021-05-06T06:01:10.618Z,寝る,あ,false,82.7,71.4,7.300000000000001,5.9,9.5,12.5,6.4,-0.1,9.3,45.400000000000006,249.6,-7.8
Chrome Mobile,90.0.4430.82,Asus X01AD,Asus,Blink,[object Object],Chrome Mobile 90.0.4430.82 on Asus X01AD (Android 9),2021-05-06T06:01:10.820Z,寝る,あ,false,91.80000000000001,78.7,18.400000000000002,14.3,6.2,-0.9,14.9,-3.4000000000000004,-2.7,19.400000000000002,-73.2,36.6
Chrome Mobile,90.0.4430.82,Asus X01AD,Asus,Blink,[object Object],Chrome Mobile 90.0.4430.82 on Asus X01AD (Android 9),2021-05-06T06:01:11.021Z,寝る,あ,false,109,65.10000000000001,-43.5,-6.9,11,15.100000000000001,-9.700000000000001,2.1,12.100000000000001,-78.60000000000001,-250.4,62.6
Chrome Mobile,90.0.4430.82,Asus X01AD,Asus,Blink,[object Object],Chrome Mobile 90.0.4430.82 on Asus X01AD (Android 9),2021-05-06T06:01:11.222Z,寝る,あ,false,97,67.5,-34.4,-2.3000000000000003,11.8,9.9,-4.5,2.6,6.7,78.2,244.50000000000003,-67.5
Chrome Mobile,90.0.4430.82,Asus X01AD,Asus,Blink,[object Object],Chrome Mobile 90.0.4430.82 on Asus X01AD (Android 9),2021-05-06T06:01:11.429Z,寝る,あ,false,73.4,81.80000000000001,36.800000000000004,16.6,7.7,0.9,17.400000000000002,-2.3000000000000003,-0.4,78.4,204.9,-52.5
Chrome Mobile,90.0.4430.82,Asus X01AD,Asus,Blink,[object Object],Chrome Mobile 90.0.4430.82 on Asus X01AD (Android 9),2021-05-06T06:01:11.630Z,寝る,あ,false,118,81.2,-19.6,11.9,6.800000000000001,6.5,11.4,-2.6,5.1000000000000005,-64,-250.4,56.400000000000006
Chrome Mobile,90.0.4430.82,Asus X01AD,Asus,Blink,[object Object],Chrome Mobile 90.0.4430.82 on Asus X01AD (Android 9),2021-05-06T06:01:11.834Z,寝る,あ,false,104.2,57.5,-52,-13.4,19.200000000000003,17.1,-17.6,10.8,13.9,1.3,-90.6,34.900000000000006
Chrome Mobile,90.0.4430.82,Asus X01AD,Asus,Blink,[object Object],Chrome Mobile 90.0.4430.82 on Asus X01AD (Android 9),2021-05-06T06:01:12.035Z,寝る,あ,false,82,71,4.9,0.8,10.9,18.8,1,1.3,15.5,75.5,249.6,-14.300000000000002
Chrome Mobile,90.0.4430.82,Asus X01AD,Asus,Blink,[object Object],Chrome Mobile 90.0.4430.82 on Asus X01AD (Android 9),2021-05-06T06:01:12.243Z,寝る,あ,false,60.800000000000004,87.4,61.5,20.400000000000002,4.1000000000000005,-3.6,20.8,-5.7,-3.8000000000000003,-10.700000000000001,-74.2,16.5
Chrome Mobile,90.0.4430.82,Asus X01AD,Asus,Blink,[object Object],Chrome Mobile 90.0.4430.82 on Asus X01AD (Android 9),2021-05-06T06:01:12.449Z,寝る,あ,false,117,71.7,-35.9,-0.7000000000000001,12.9,12.4,-2.5,3.6,10,-62.6,-250.4,60.8
Chrome Mobile,90.0.4430.82,Asus X01AD,Asus,Blink,[object Object],Chrome Mobile 90.0.4430.82 on Asus X01AD (Android 9),2021-05-06T06:01:12.649Z,寝る,あ,false,89.9,67.4,-22.1,-13.5,9.3,10.200000000000001,-15,0.1,6.6000000000000005,5,221.40000000000003,-38.7
Chrome Mobile,90.0.4430.82,Asus X01AD,Asus,Blink,[object Object],Chrome Mobile 90.0.4430.82 on Asus X01AD (Android 9),2021-05-06T06:01:12.852Z,寝る,あ,false,84.10000000000001,68.10000000000001,30.6,13.600000000000001,10.100000000000001,7.9,15.5,0.7000000000000001,4.6000000000000005,30.200000000000003,249.6,-30.599999999999998
Chrome Mobile,90.0.4430.82,Asus X01AD,Asus,Blink,[object Object],Chrome Mobile 90.0.4430.82 on Asus X01AD (Android 9),2021-05-06T06:01:13.053Z,寝る,あ,false,98.5,73.4,10.8,8.8,8,9,9.4,-1.3,6.300000000000001,-31.5,-227.90000000000003,-7.500000000000001
Chrome Mobile,90.0.4430.82,Asus X01AD,Asus,Blink,[object Object],Chrome Mobile 90.0.4430.82 on Asus X01AD (Android 9),2021-05-06T06:01:13.253Z,寝る,あ,false,89.80000000000001,64.2,-27.8,-19.8,11.600000000000001,13.600000000000001,-21.900000000000002,2.5,9.8,10.5,-113.7,-29.300000000000004
Chrome Mobile,90.0.4430.82,Asus X01AD,Asus,Blink,[object Object],Chrome Mobile 90.0.4430.82 on Asus X01AD (Android 9),2021-05-06T06:01:13.454Z,寝る,あ,false,74.9,70,19.1,-3,11.3,9.200000000000001,-1.9000000000000001,1.9000000000000001,6,-20.7,249.6,-62.199999999999996
Chrome Mobile,90.0.4430.82,Asus X01AD,Asus,Blink,[object Object],Chrome Mobile 90.0.4430.82 on Asus X01AD (Android 9),2021-05-06T06:01:13.665Z,寝る,あ,false,77.30000000000001,71.60000000000001,52.1,16.2,7.300000000000001,7.1000000000000005,18.3,-2.5,5,-2,47.900000000000006,-33.2
Chrome Mobile,90.0.4430.82,Asus X01AD,Asus,Blink,[object Object],Chrome Mobile 90.0.4430.82 on Asus X01AD (Android 9),2021-05-06T06:01:13.869Z,寝る,あ,false,96.5,72.8,-1.4000000000000001,1.2000000000000002,10.200000000000001,10.4,1.1,0.8,7.5,-40.6,-250.4,28.1
Chrome Mobile,90.0.4430.82,Asus X01AD,Asus,Blink,[object Object],Chrome Mobile 90.0.4430.82 on Asus X01AD (Android 9),2021-05-06T06:01:14.070Z,寝る,あ,false,81,66.8,-14.100000000000001,-16.900000000000002,8.4,5.6000000000000005,-17.900000000000002,-0.8,1.8,44.6,107.30000000000001,25.300000000000004
Chrome Mobile,90.0.4430.82,Asus X01AD,Asus,Blink,[object Object],Chrome Mobile 90.0.4430.82 on Asus X01AD (Android 9),2021-05-06T06:01:14.271Z,寝る,あ,false,77.4,64.2,35.300000000000004,4.6000000000000005,7.6000000000000005,13.700000000000001,7.1000000000000005,-1.5,10.100000000000001,21.6,219.00000000000003,35.4
Chrome Mobile,90.0.4430.82,Asus X01AD,Asus,Blink,[object Object],Chrome Mobile 90.0.4430.82 on Asus X01AD (Android 9),2021-05-06T06:01:14.472Z,寝る,あ,false,92.9,72.5,29,11.8,8,4.3,13.3,-1.3,1.7000000000000002,-4.300000000000001,-176.3,-0.5
Chrome Mobile,90.0.4430.82,Asus X01AD,Asus,Blink,[object Object],Chrome Mobile 90.0.4430.82 on Asus X01AD (Android 9),2021-05-06T06:01:14.672Z,寝る,あ,false,95.60000000000001,67,-20.8,-8.1,9.4,5.6000000000000005,-9.5,0.30000000000000004,2,-27.5,-250.4,-7.8
Chrome Mobile,90.0.4430.82,Asus X01AD,Asus,Blink,[object Object],Chrome Mobile 90.0.4430.82 on Asus X01AD (Android 9),2021-05-06T06:01:14.874Z,寝る,あ,false,84.10000000000001,73.3,-4.6000000000000005,-4.6000000000000005,7.4,5.9,-4.9,-2.2,3,59.00000000000001,249.6,-23.5
Chrome Mobile,90.0.4430.82,Asus X01AD,Asus,Blink,[object Object],Chrome Mobile 90.0.4430.82 on Asus X01AD (Android 9),2021-05-06T06:01:15.075Z,寝る,あ,false,83.7,75,35.800000000000004,16.400000000000002,9.3,-0.2,17.900000000000002,-0.30000000000000004,-2.3000000000000003,19.1,125.9,-50.2
Chrome Mobile,90.0.4430.82,Asus X01AD,Asus,Blink,[object Object],Chrome Mobile 90.0.4430.82 on Asus X01AD (Android 9),2021-05-06T06:01:15.276Z,寝る,あ,false,108.80000000000001,74.7,-12.200000000000001,5.800000000000001,8.4,7.1000000000000005,5.2,-1,4.6000000000000005,-42.3,-249.90000000000003,8.600000000000001
Chrome Mobile,90.0.4430.82,Asus X01AD,Asus,Blink,[object Object],Chrome Mobile 90.0.4430.82 on Asus X01AD (Android 9),2021-05-06T06:01:15.477Z,寝る,あ,false,88.80000000000001,63.6,-31.400000000000002,-13.5,11.700000000000001,10,-15.8,2.8000000000000003,6.2,-23,-54.1,-10
Chrome Mobile,90.0.4430.82,Asus X01AD,Asus,Blink,[object Object],Chrome Mobile 90.0.4430.82 on Asus X01AD (Android 9),2021-05-06T06:01:15.678Z,寝る,あ,false,73.4,67.2,17.3,-1.8,8.6,10.200000000000001,-0.6000000000000001,-0.7000000000000001,6.5,-16.200000000000003,249.6,-82.8
Chrome Mobile,90.0.4430.82,Asus X01AD,Asus,Blink,[object Object],Chrome Mobile 90.0.4430.82 on Asus X01AD (Android 9),2021-05-06T06:01:15.879Z,寝る,あ,false,86.60000000000001,72.60000000000001,29.1,18.5,8.6,3,19.900000000000002,-0.8,0.4,36.8,-57.400000000000006,4
Chrome Mobile,90.0.4430.82,Asus X01AD,Asus,Blink,[object Object],Chrome Mobile 90.0.4430.82 on Asus X01AD (Android 9),2021-05-06T06:01:16.085Z,寝る,あ,false,92.7,68.7,-20.1,-10.5,10.600000000000001,15.700000000000001,-10.5,1.2000000000000002,12.700000000000001,-29.400000000000002,-250.4,13.100000000000001
Chrome Mobile,90.0.4430.82,Asus X01AD,Asus,Blink,[object Object],Chrome Mobile 90.0.4430.82 on Asus X01AD (Android 9),2021-05-06T06:01:16.289Z,寝る,あ,false,94.7,73,-26.3,-8.700000000000001,9.4,7,-11.8,-0.8,3.9000000000000004,46.9,175.3,36.400000000000006
Chrome Mobile,90.0.4430.82,Asus X01AD,Asus,Blink,[object Object],Chrome Mobile 90.0.4430.82 on Asus X01AD (Android 9),2021-05-06T06:01:16.490Z,寝る,あ,false,81.7,76.80000000000001,26.700000000000003,16.400000000000002,10,0.9,17.400000000000002,0.2,-1.1,27.700000000000003,137.9,-52.60000000000001
Chrome Mobile,90.0.4430.82,Asus X01AD,Asus,Blink,[object Object],Chrome Mobile 90.0.4430.82 on Asus X01AD (Android 9),2021-05-06T06:01:16.691Z,寝る,あ,false,108.4,77.80000000000001,-8,10.9,8.200000000000001,4.800000000000001,10.600000000000001,-1.3,2.7,-8.4,-211.8,56.6
Chrome Mobile,90.0.4430.82,Asus X01AD,Asus,Blink,[object Object],Chrome Mobile 90.0.4430.82 on Asus X01AD (Android 9),2021-05-06T06:01:16.892Z,寝る,あ,false,104.9,64.9,-51.800000000000004,-8.200000000000001,11.9,8.5,-11.600000000000001,2.9000000000000004,5.9,-47,-177.70000000000002,-47.5
Chrome Mobile,90.0.4430.82,Asus X01AD,Asus,Blink,[object Object],Chrome Mobile 90.0.4430.82 on Asus X01AD (Android 9),2021-05-06T06:01:17.099Z,寝る,あ,false,86.80000000000001,72.4,-13.100000000000001,0.1,9.200000000000001,9.8,-0.6000000000000001,-0.2,6.800000000000001,17,249.6,-42.7
Chrome Mobile,90.0.4430.82,Asus X01AD,Asus,Blink,[object Object],Chrome Mobile 90.0.4430.82 on Asus X01AD (Android 9),2021-05-06T06:01:17.300Z,寝る,あ,false,100.4,78.2,9.9,16.900000000000002,6.1000000000000005,-0.30000000000000004,17.3,-3.6,-2.3000000000000003,-9.600000000000001,41.800000000000004,-34.900000000000006
Chrome Mobile,90.0.4430.82,Asus X01AD,Asus,Blink,[object Object],Chrome Mobile 90.0.4430.82 on Asus X01AD (Android 9),2021-05-06T06:01:17.501Z,寝る,あ,false,117.5,71.5,-32.4,6.6000000000000005,9.5,7.800000000000001,4.9,0.30000000000000004,5.2,-78.4,-213.70000000000002,-7.8
Chrome Mobile,90.0.4430.82,Asus X01AD,Asus,Blink,[object Object],Chrome Mobile 90.0.4430.82 on Asus X01AD (Android 9),2021-05-06T06:01:17.702Z,寝る,あ,false,88,69,-41.2,-19.8,8.9,8.6,-22.1,-0.4,5.9,3.4,-17.9,-51
Chrome Mobile,90.0.4430.82,Asus X01AD,Asus,Blink,[object Object],Chrome Mobile 90.0.4430.82 on Asus X01AD (Android 9),2021-05-06T06:01:17.904Z,寝る,あ,false,81.30000000000001,70.8,7.6000000000000005,1.3,10.8,9.9,3.2,1.2000000000000002,6.2,11.4,249.6,-2.7
Chrome Mobile,90.0.4430.82,Asus X01AD,Asus,Blink,[object Object],Chrome Mobile 90.0.4430.82 on Asus X01AD (Android 9),2021-05-06T06:01:18.104Z,寝る,あ,false,102.7,68.9,9.1,9,5.4,5.2,9.5,-3.7,1.8,-55.8,62.7,-24.200000000000003
Chrome Mobile,90.0.4430.82,Asus X01AD,Asus,Blink,[object Object],Chrome Mobile 90.0.4430.82 on Asus X01AD (Android 9),2021-05-06T06:01:18.318Z,寝る,あ,false,91,42.400000000000006,5.300000000000001,-2.6,5.9,9.1,-1.9000000000000001,-0.6000000000000001,2,-193.8,-101.10000000000001,-124.7
Chrome Mobile,90.0.4430.82,Asus X01AD,Asus,Blink,[object Object],Chrome Mobile 90.0.4430.82 on Asus X01AD (Android 9),2021-05-06T06:01:18.521Z,寝る,あ,false,63.6,19.200000000000003,3.2,-4.7,3,9.600000000000001,-4.2,-0.2,0.4,-52.2,-7.400000000000001,-91.90000000000002
Chrome Mobile,90.0.4430.82,Asus X01AD,Asus,Blink,[object Object],Chrome Mobile 90.0.4430.82 on Asus X01AD (Android 9),2021-05-06T06:01:18.723Z,寝る,あ,false,61.800000000000004,18.400000000000002,4.1000000000000005,-0.4,3.1,9.3,0.30000000000000004,-0.1,-0.1,-39.50000000000001,-11.1,51.50000000000001