platform_name,platform_version,platform_product,platform_manufacturer,platform_layout,platform_os,platform_description,date,label,s_movement,do_absolute,do_alpha,do_beta,do_gamma,acc_g_x,acc_g_y,acc_g_z,acc_x,acc_y,acc_z,rot_alpha,rot_beta,rot_gamma
Chrome Mobile,90.0.4430.82,Asus X01AD,Asus,Blink,[object Object],Chrome Mobile 90.0.4430.82 on Asus X01AD (Android 9),2021-05-06T06:08:59.011Z,歩行,あ,false,160.60000000000002,18.1,2.9000000000000004,-0.2,2.7,8.1,0.30000000000000004,-0.30000000000000004,-1.1,4.1,2.5,-5.500000000000001
Chrome Mobile,90.0.4430.82,Asus X01AD,Asus,Blink,[object Object],Chrome Mobile 90.0.4430.82 on Asus X01AD (Android 9),2021-05-06T06:08:59.212Z,歩行,あ,false,129.20000000000002,103.30000000000001,-26.3,-1.4000000000000001,-1,-1,-0.4,-10.8,1.1,97.8,-24.7,-3.3000000000000007
Chrome Mobile,90.0.4430.82,Asus X01AD,Asus,Blink,[object Object],Chrome Mobile 90.0.4430.82 on Asus X01AD (Android 9),2021-05-06T06:08:59.413Z,歩行,あ,false,54.2,94.5,41.300000000000004,4.800000000000001,-0.1,4.2,4.4,-9,4.7,-111.30000000000001,-54.199999999999996,111.70000000000002
Chrome Mobile,90.0.4430.82,Asus X01AD,Asus,Blink,[object Object],Chrome Mobile 90.0.4430.82 on Asus X01AD (Android 9),2021-05-06T06:08:59.613Z,歩行,あ,false,141.70000000000002,70.4,-40.7,10.8,22.200000000000003,-1.7000000000000002,7.1000000000000005,15,-1.4000000000000001,248.79999999999998,-22.6,-124.7
Chrome Mobile,90.0.4430.82,Asus X01AD,Asus,Blink,[object Object],Chrome Mobile 90.0.4430.82 on Asus X01AD (Android 9),2021-05-06T06:08:59.814Z,歩行,あ,false,143.8,107,-34.2,-1.6,-5.5,0.5,0.1,-15.100000000000001,2.9000000000000004,67.7,9.600000000000001,-68.5
Chrome Mobile,90.0.4430.82,Asus X01AD,Asus,Blink,[object Object],Chrome Mobile 90.0.4430.82 on Asus X01AD (Android 9),2021-05-06T06:09:00.014Z,歩行,あ,false,88.60000000000001,97.2,11.4,-0.8,-4.9,-3.3000000000000003,-1,-13.5,-2.2,-163.00000000000003,-93.49999999999999,198.00000000000003
Chrome Mobile,90.0.4430.82,Asus X01AD,Asus,Blink,[object Object],Chrome Mobile 90.0.4430.82 on Asus X01AD (Android 9),2021-05-06T06:09:00.215Z,歩行,あ,false,150,72.2,-45.6,12.600000000000001,20.3,-5.4,10.3,10.3,-7.7,250.00000000000003,-4.300000000000001,-179
Chrome Mobile,90.0.4430.82,Asus X01AD,Asus,Blink,[object Object],Chrome Mobile 90.0.4430.82 on Asus X01AD (Android 9),2021-05-06T06:09:00.416Z,歩行,あ,false,140.3,114.9,-35.300000000000004,-1.1,-8.3,2.7,1.3,-17.2,5.7,62,-25.8,-43.70000000000001
Chrome Mobile,90.0.4430.82,Asus X01AD,Asus,Blink,[object Object],Chrome Mobile 90.0.4430.82 on Asus X01AD (Android 9),2021-05-06T06:09:00.617Z,歩行,あ,false,88.60000000000001,101.10000000000001,8.4,3.2,-2.1,-2.2,3,-10.200000000000001,-0.6000000000000001,-194.7,-33.6,219.3
Chrome Mobile,90.0.4430.82,Asus X01AD,Asus,Blink,[object Object],Chrome Mobile 90.0.4430.82 on Asus X01AD (Android 9),2021-05-06T06:09:00.818Z,歩行,あ,false,172.70000000000002,75.8,-70.2,12.9,16.6,4.5,10.5,6.6000000000000005,3.7,247.9,43.1,-249.90000000000003
Chrome Mobile,90.0.4430.82,Asus X01AD,Asus,Blink,[object Object],Chrome Mobile 90.0.4430.82 on Asus X01AD (Android 9),2021-05-06T06:09:01.020Z,歩行,あ,false,134.70000000000002,120,-29,-0.30000000000000004,-9.8,0.30000000000000004,1.8,-17.5,4.1000000000000005,-1.6,-1.7,65.7
Chrome Mobile,90.0.4430.82,Asus X01AD,Asus,Blink,[object Object],Chrome Mobile 90.0.4430.82 on Asus X01AD (Android 9),2021-05-06T06:09:01.220Z,歩行,あ,false,192.5,72,-89.10000000000001,14.9,27.200000000000003,14,12.4,19.5,14,-250.00000000000003,53.8,217.00000000000003
Chrome Mobile,90.0.4430.82,Asus X01AD,Asus,Blink,[object Object],Chrome Mobile 90.0.4430.82 on Asus X01AD (Android 9),2021-05-06T06:09:01.421Z,歩行,あ,false,123.60000000000001,97.80000000000001,-16,-3,-4.1000000000000005,-6.300000000000001,-2.6,-13.600000000000001,-5.1000000000000005,194.00000000000003,0.5,-219.7
Chrome Mobile,90.0.4430.82,Asus X01AD,Asus,Blink,[object Object],Chrome Mobile 90.0.4430.82 on Asus X01AD (Android 9),2021-05-06T06:09:01.622Z,歩行,あ,false,135.6,105.30000000000001,-34.800000000000004,-2.2,-6.5,2,-1,-14.4,3.8000000000000003,-15.100000000000001,16.3,101.80000000000001
Chrome Mobile,90.0.4430.82,Asus X01AD,Asus,Blink,[object Object],Chrome Mobile 90.0.4430.82 on Asus X01AD (Android 9),2021-05-06T06:09:01.822Z,歩行,あ,false,157,59.400000000000006,-57.7,18,39.1,-3.2,14.4,31.8,-5.4,-250.00000000000003,36.400000000000006,14.800000000000002
Chrome Mobile,90.0.4430.82,Asus X01AD,Asus,Blink,[object Object],Chrome Mobile 90.0.4430.82 on Asus X01AD (Android 9),2021-05-06T06:09:02.023Z,歩行,あ,false,148.9,102.5,-48.2,0.4,-9.9,4.1000000000000005,1.8,-18.8,5.4,172.70000000000002,-14.600000000000001,-141
Chrome Mobile,90.0.4430.82,Asus X01AD,Asus,Blink,[object Object],Chrome Mobile 90.0.4430.82 on Asus X01AD (Android 9),2021-05-06T06:09:02.223Z,歩行,あ,false,143.9,102.60000000000001,-40.1,-3.6,-5.9,1,-2.5,-13.5,2.3000000000000003,-124.39999999999999,48.70000000000001,132.6
Chrome Mobile,90.0.4430.82,Asus X01AD,Asus,Blink,[object Object],Chrome Mobile 90.0.4430.82 on Asus X01AD (Android 9),2021-05-06T06:09:02.424Z,歩行,あ,false,137.70000000000002,62.5,-33,12.9,38.900000000000006,12.700000000000001,10.600000000000001,30.900000000000002,9.200000000000001,250.00000000000003,24.7,-120.50000000000001
Chrome Mobile,90.0.4430.82,Asus X01AD,Asus,Blink,[object Object],Chrome Mobile 90.0.4430.82 on Asus X01AD (Android 9),2021-05-06T06:09:02.625Z,歩行,あ,false,151.5,114,-52.300000000000004,-1.8,-7.2,0.9,3.3000000000000003,-15.600000000000001,2.6,17.799999999999997,35.3,-81.3
Chrome Mobile,90.0.4430.82,Asus X01AD,Asus,Blink,[object Object],Chrome Mobile 90.0.4430.82 on Asus X01AD (Android 9),2021-05-06T06:09:02.825Z,歩行,あ,false,136.4,104.4,-36,-2.1,-5.1000000000000005,-0.2,-1,-12.4,1.3,-80.2,-33.9,181.8
Chrome Mobile,90.0.4430.82,Asus X01AD,Asus,Blink,[object Object],Chrome Mobile 90.0.4430.82 on Asus X01AD (Android 9),2021-05-06T06:09:03.026Z,歩行,あ,false,143.8,73.10000000000001,-38.400000000000006,10.8,21.3,1.1,9.200000000000001,12.600000000000001,-1,248.5,57.00000000000001,-165.9
Chrome Mobile,90.0.4430.82,Asus X01AD,Asus,Blink,[object Object],Chrome Mobile 90.0.4430.82 on Asus X01AD (Android 9),2021-05-06T06:09:03.227Z,歩行,あ,false,148.4,114,-44.6,0,-6.800000000000001,0.5,2.3000000000000003,-14.4,3,36.6,-79.8,22.8
Chrome Mobile,90.0.4430.82,Asus X01AD,Asus,Blink,[object Object],Chrome Mobile 90.0.4430.82 on Asus X01AD (Android 9),2021-05-06T06:09:03.427Z,歩行,あ,false,72.9,95.9,24,1.6,3.8000000000000003,-4.3,1.3,-3.5,-3.6,-250.00000000000003,27.5,250.10000000000002
Chrome Mobile,90.0.4430.82,Asus X01AD,Asus,Blink,[object Object],Chrome Mobile 90.0.4430.82 on Asus X01AD (Android 9),2021-05-06T06:09:03.628Z,歩行,あ,false,178,90.9,-73.8,4.6000000000000005,2.5,2.7,4.7,-6.6000000000000005,2.7,224.40000000000003,-20.7,-249.90000000000003
Chrome Mobile,90.0.4430.82,Asus X01AD,Asus,Blink,[object Object],Chrome Mobile 90.0.4430.82 on Asus X01AD (Android 9),2021-05-06T06:09:03.829Z,歩行,あ,false,160.70000000000002,117.2,-57.300000000000004,1,-7.6000000000000005,2.7,4,-14.600000000000001,4.6000000000000005,-31.099999999999998,2.8,68.9
Chrome Mobile,90.0.4430.82,Asus X01AD,Asus,Blink,[object Object],Chrome Mobile 90.0.4430.82 on Asus X01AD (Android 9),2021-05-06T06:09:04.030Z,歩行,あ,false,162.5,73.7,-64.7,26.3,37.2,8.8,24.5,30.1,7.9,-250.00000000000003,-2.2,250.10000000000002
Chrome Mobile,90.0.4430.82,Asus X01AD,Asus,Blink,[object Object],Chrome Mobile 90.0.4430.82 on Asus X01AD (Android 9),2021-05-06T06:09:04.231Z,歩行,あ,false,156,101,-55.400000000000006,-1.4000000000000001,-3.9000000000000004,6.5,0,-12.5,7.5,197.10000000000002,-48.400000000000006,-247.7
Chrome Mobile,90.0.4430.82,Asus X01AD,Asus,Blink,[object Object],Chrome Mobile 90.0.4430.82 on Asus X01AD (Android 9),2021-05-06T06:09:04.432Z,歩行,あ,false,148.5,117.60000000000001,-48.800000000000004,-0.6000000000000001,-6.5,-1.1,2.2,-13.200000000000001,1.2000000000000002,-12.299999999999999,10.5,84
Chrome Mobile,90.0.4430.82,Asus X01AD,Asus,Blink,[object Object],Chrome Mobile 90.0.4430.82 on Asus X01AD (Android 9),2021-05-06T06:09:04.633Z,歩行,あ,false,153.70000000000002,66.9,-54.7,30.3,39.1,9.600000000000001,27.900000000000002,32.2,7.9,-238.60000000000005,79.00000000000001,189
Chrome Mobile,90.0.4430.82,Asus X01AD,Asus,Blink,[object Object],Chrome Mobile 90.0.4430.82 on Asus X01AD (Android 9),2021-05-06T06:09:04.834Z,歩行,あ,false,169.9,99.5,-63.900000000000006,-1.2000000000000002,-5,9.4,0.30000000000000004,-13.4,10.200000000000001,136.6,-37.300000000000004,-142.3
Chrome Mobile,90.0.4430.82,Asus X01AD,Asus,Blink,[object Object],Chrome Mobile 90.0.4430.82 on Asus X01AD (Android 9),2021-05-06T06:09:05.039Z,歩行,あ,false,148.5,110,-48.400000000000006,-1.7000000000000002,-5.7,-0.2,0.1,-12.600000000000001,1.5,-24.1,10.700000000000001,76.7
Chrome Mobile,90.0.4430.82,Asus X01AD,Asus,Blink,[object Object],Chrome Mobile 90.0.4430.82 on Asus X01AD (Android 9),2021-05-06T06:09:05.242Z,歩行,あ,false,134,60.7,-34.4,7,39.1,37.2,4.800000000000001,32,34,-37,156.8,-23.800000000000004
Chrome Mobile,90.0.4430.82,Asus X01AD,Asus,Blink,[object Object],Chrome Mobile 90.0.4430.82 on Asus X01AD (Android 9),2021-05-06T06:09:05.443Z,歩行,あ,false,153,113.60000000000001,-53,-1.9000000000000001,-7.2,-0.1,0.9,-14.600000000000001,0.9,69.5,18.5,-97.10000000000001
Chrome Mobile,90.0.4430.82,Asus X01AD,Asus,Blink,[object Object],Chrome Mobile 90.0.4430.82 on Asus X01AD (Android 9),2021-05-06T06:09:05.643Z,歩行,あ,false,138.1,110.80000000000001,-36.300000000000004,-1.7000000000000002,-5.6000000000000005,0.5,-0.2,-12.3,2.5,-86.60000000000001,55.1,121.4
Chrome Mobile,90.0.4430.82,Asus X01AD,Asus,Blink,[object Object],Chrome Mobile 90.0.4430.82 on Asus X01AD (Android 9),2021-05-06T06:09:05.844Z,歩行,あ,false,137.9,61.900000000000006,-25.900000000000002,-7.800000000000001,39.1,39,-9.5,32,35.6,-188.5,85,-49.800000000000004
Chrome Mobile,90.0.4430.82,Asus X01AD,Asus,Blink,[object Object],Chrome Mobile 90.0.4430.82 on Asus X01AD (Android 9),2021-05-06T06:09:06.047Z,歩行,あ,false,171.5,106.2,-67.7,-2.6,-5.300000000000001,4.4,-0.5,-13.3,5.2,120.4,-55.1,-128.8
Chrome Mobile,90.0.4430.82,Asus X01AD,Asus,Blink,[object Object],Chrome Mobile 90.0.4430.82 on Asus X01AD (Android 9),2021-05-06T06:09:06.248Z,歩行,あ,false,156.9,110.4,-60.400000000000006,-3.8000000000000003,-5.6000000000000005,1.3,-1.5,-12.600000000000001,2.6,-24.1,-9.8,90
Chrome Mobile,90.0.4430.82,Asus X01AD,Asus,Blink,[object Object],Chrome Mobile 90.0.4430.82 on Asus X01AD (Android 9),2021-05-06T06:09:06.449Z,歩行,あ,false,125.10000000000001,64.10000000000001,-25.400000000000002,0.9,39.1,26.700000000000003,-0.6000000000000001,31.8,23.5,-63.500000000000014,125.30000000000001,-78.60000000000001
Chrome Mobile,90.0.4430.82,Asus X01AD,Asus,Blink,[object Object],Chrome Mobile 90.0.4430.82 on Asus X01AD (Android 9),2021-05-06T06:09:06.650Z,歩行,あ,false,155.70000000000002,108.7,-56.400000000000006,-0.4,-4.2,0.1,1.8,-12.100000000000001,1.6,122.69999999999999,-34.400000000000006,-56.10000000000001
Chrome Mobile,90.0.4430.82,Asus X01AD,Asus,Blink,[object Object],Chrome Mobile 90.0.4430.82 on Asus X01AD (Android 9),2021-05-06T06:09:06.850Z,歩行,あ,false,143.70000000000002,108.80000000000001,-44.300000000000004,-4,-5,-0.7000000000000001,-2.4000000000000004,-11.9,1,-115.20000000000002,57.3,85.20000000000002
Chrome Mobile,90.0.4430.82,Asus X01AD,Asus,Blink,[object Object],Chrome Mobile 90.0.4430.82 on Asus X01AD (Android 9),2021-05-06T06:09:07.051Z,歩行,あ,false,132.20000000000002,58.2,-29.200000000000003,9.1,39.1,34.4,7,32,30.6,97.10000000000001,105.5,-19.1
Chrome Mobile,90.0.4430.82,Asus X01AD,Asus,Blink,[object Object],Chrome Mobile 90.0.4430.82 on Asus X01AD (Android 9),2021-05-06T06:09:07.252Z,歩行,あ,false,155.20000000000002,112.9,-61.1,-2.3000000000000003,-4.2,0,0.5,-11.9,1.6,133.50000000000003,-55,-58.900000000000006
Chrome Mobile,90.0.4430.82,Asus X01AD,Asus,Blink,[object Object],Chrome Mobile 90.0.4430.82 on Asus X01AD (Android 9),2021-05-06T06:09:07.453Z,歩行,あ,false,149.5,107.30000000000001,-55.1,-4,-5.6000000000000005,-0.5,-2.2,-12.5,0.8,-116.2,61,136.7
Chrome Mobile,90.0.4430.82,Asus X01AD,Asus,Blink,[object Object],Chrome Mobile 90.0.4430.82 on Asus X01AD (Android 9),2021-05-06T06:09:07.653Z,歩行,あ,false,129.20000000000002,59.7,-28.900000000000002,8.4,39.1,29.200000000000003,6.300000000000001,31.8,25.5,156.20000000000002,67.7,-27.5
Chrome Mobile,90.0.4430.82,Asus X01AD,Asus,Blink,[object Object],Chrome Mobile 90.0.4430.82 on Asus X01AD (Android 9),2021-05-06T06:09:07.854Z,歩行,あ,false,163.4,112.5,-65.7,-0.9,-4.5,1.5,2,-12.3,2.8000000000000003,90.6,-9,-68.5
Chrome Mobile,90.0.4430.82,Asus X01AD,Asus,Blink,[object Object],Chrome Mobile 90.0.4430.82 on Asus X01AD (Android 9),2021-05-06T06:09:08.055Z,歩行,あ,false,156.8,107.7,-55.2,-2.1,-4.6000000000000005,-0.4,-0.30000000000000004,-11.600000000000001,0.9,-62.50000000000001,-1,126.89999999999999
Chrome Mobile,90.0.4430.82,Asus X01AD,Asus,Blink,[object Object],Chrome Mobile 90.0.4430.82 on Asus X01AD (Android 9),2021-05-06T06:09:08.255Z,歩行,あ,false,124.5,58.900000000000006,-22.1,5.4,39.1,27.900000000000002,3.7,31.900000000000002,23.8,-78.4,100.9,-49.6
Chrome Mobile,90.0.4430.82,Asus X01AD,Asus,Blink,[object Object],Chrome Mobile 90.0.4430.82 on Asus X01AD (Android 9),2021-05-06T06:09:08.456Z,歩行,あ,false,178.4,112.30000000000001,-78.2,-2.1,-5.5,1.9000000000000001,1,-13.3,2.5,154.2,-8.8,-64
Chrome Mobile,90.0.4430.82,Asus X01AD,Asus,Blink,[object Object],Chrome Mobile 90.0.4430.82 on Asus X01AD (Android 9),2021-05-06T06:09:08.657Z,歩行,あ,false,148.70000000000002,112,-50.900000000000006,-2.9000000000000004,-5.300000000000001,-0.9,-0.7000000000000001,-12.200000000000001,0.9,-26.5,-52.300000000000004,98
Chrome Mobile,90.0.4430.82,Asus X01AD,Asus,Blink,[object Object],Chrome Mobile 90.0.4430.82 on Asus X01AD (Android 9),2021-05-06T06:09:08.858Z,歩行,あ,false,131.5,61.7,-35.9,12.700000000000001,39.1,22.1,10.4,31.700000000000003,18.900000000000002,7.699999999999999,97.00000000000001,-7.200000000000001
Chrome Mobile,90.0.4430.82,Asus X01AD,Asus,Blink,[object Object],Chrome Mobile 90.0.4430.82 on Asus X01AD (Android 9),2021-05-06T06:09:09.059Z,歩行,あ,false,173,110.7,-80.60000000000001,-3.4000000000000004,-4.4,3.3000000000000003,-0.1,-12.5,3.4000000000000004,98.39999999999999,-26.000000000000004,-119.7
Chrome Mobile,90.0.4430.82,Asus X01AD,Asus,Blink,[object Object],Chrome Mobile 90.0.4430.82 on Asus X01AD (Android 9),2021-05-06T06:09:09.259Z,歩行,あ,false,161.10000000000002,108.2,-69.3,-2.3000000000000003,-5.2,-0.9,-0.1,-12.4,-0.1,-29.200000000000003,21,126.10000000000001
Chrome Mobile,90.0.4430.82,Asus X01AD,Asus,Blink,[object Object],Chrome Mobile 90.0.4430.82 on Asus X01AD (Android 9),2021-05-06T06:09:09.460Z,歩行,あ,false,138.8,62.1,-38.6,17,39.1,16,14.5,31.5,12.9,133.70000000000002,0,0.1
Chrome Mobile,90.0.4430.82,Asus X01AD,Asus,Blink,[object Object],Chrome Mobile 90.0.4430.82 on Asus X01AD (Android 9),2021-05-06T06:09:09.661Z,歩行,あ,false,161.5,110.5,-66.2,-2.4000000000000004,-4.5,0.1,0.4,-12.600000000000001,1.3,82.3,20.3,-94.80000000000001
Chrome Mobile,90.0.4430.82,Asus X01AD,Asus,Blink,[object Object],Chrome Mobile 90.0.4430.82 on Asus X01AD (Android 9),2021-05-06T06:09:09.862Z,歩行,あ,false,161.8,110,-66,-2,-4.800000000000001,-1,0.4,-12,0.1,-95.5,31.3,122.39999999999999
Chrome Mobile,90.0.4430.82,Asus X01AD,Asus,Blink,[object Object],Chrome Mobile 90.0.4430.82 on Asus X01AD (Android 9),2021-05-06T06:09:10.062Z,歩行,あ,false,126.5,63.400000000000006,-19.6,5,39.1,25.900000000000002,3.7,31.400000000000002,22.3,84.4,0.6000000000000001,58.5
Chrome Mobile,90.0.4430.82,Asus X01AD,Asus,Blink,[object Object],Chrome Mobile 90.0.4430.82 on Asus X01AD (Android 9),2021-05-06T06:09:10.263Z,歩行,あ,false,155.8,110.4,-54.5,-0.6000000000000001,-4.5,2.5,1.9000000000000001,-12.8,4.3,97.2,-15.000000000000002,-119.60000000000002
Chrome Mobile,90.0.4430.82,Asus X01AD,Asus,Blink,[object Object],Chrome Mobile 90.0.4430.82 on Asus X01AD (Android 9),2021-05-06T06:09:10.464Z,歩行,あ,false,152.1,116.10000000000001,-53.6,-3.2,-6.2,-1.6,-0.5,-13.200000000000001,0.5,-89.4,-5.300000000000001,100.4
Chrome Mobile,90.0.4430.82,Asus X01AD,Asus,Blink,[object Object],Chrome Mobile 90.0.4430.82 on Asus X01AD (Android 9),2021-05-06T06:09:10.665Z,歩行,あ,false,125.80000000000001,62.6,-31.400000000000002,10.700000000000001,39.1,22.1,8.700000000000001,31.6,18.7,37.300000000000004,115.3,75.7
Chrome Mobile,90.0.4430.82,Asus X01AD,Asus,Blink,[object Object],Chrome Mobile 90.0.4430.82 on Asus X01AD (Android 9),2021-05-06T06:09:10.866Z,歩行,あ,false,144.1,112.4,-50.6,1.6,-5.300000000000001,-1.6,4.1000000000000005,-13.4,0.5,137.3,-2,-124.90000000000002
Chrome Mobile,90.0.4430.82,Asus X01AD,Asus,Blink,[object Object],Chrome Mobile 90.0.4430.82 on Asus X01AD (Android 9),2021-05-06T06:09:11.073Z,歩行,あ,false,155.9,109.9,-55,-1.7000000000000002,-5.2,0.7000000000000001,0.6000000000000001,-12.5,2.2,-106.1,16.6,127.3
Chrome Mobile,90.0.4430.82,Asus X01AD,Asus,Blink,[object Object],Chrome Mobile 90.0.4430.82 on Asus X01AD (Android 9),2021-05-06T06:09:11.273Z,歩行,あ,false,132.4,54,-30.900000000000002,16.6,39.1,30.400000000000002,14,32,26,164.4,1,89.4
Chrome Mobile,90.0.4430.82,Asus X01AD,Asus,Blink,[object Object],Chrome Mobile 90.0.4430.82 on Asus X01AD (Android 9),2021-05-06T06:09:11.475Z,歩行,あ,false,161.5,107,-63,-2.6,-4.6000000000000005,0.6000000000000001,-0.30000000000000004,-13.100000000000001,1.7000000000000002,119.20000000000002,-1.9,-112.30000000000001
Chrome Mobile,90.0.4430.82,Asus X01AD,Asus,Blink,[object Object],Chrome Mobile 90.0.4430.82 on Asus X01AD (Android 9),2021-05-06T06:09:11.675Z,歩行,あ,false,143.6,109.2,-43.800000000000004,-2,-4.4,-1.8,-0.2,-11.8,0.1,-50.1,32.8,111.70000000000002
Chrome Mobile,90.0.4430.82,Asus X01AD,Asus,Blink,[object Object],Chrome Mobile 90.0.4430.82 on Asus X01AD (Android 9),2021-05-06T06:09:11.876Z,歩行,あ,false,139.5,59.5,-37.6,11.3,39.1,25.900000000000002,8.6,31.6,22.400000000000002,41.800000000000004,32.2,55.1
Chrome Mobile,90.0.4430.82,Asus X01AD,Asus,Blink,[object Object],Chrome Mobile 90.0.4430.82 on Asus X01AD (Android 9),2021-05-06T06:09:12.076Z,歩行,あ,false,153.9,106.5,-52.1,-0.4,-4.9,0.1,1.6,-13.600000000000001,1.7000000000000002,145.8,11.2,-108.2
Chrome Mobile,90.0.4430.82,Asus X01AD,Asus,Blink,[object Object],Chrome Mobile 90.0.4430.82 on Asus X01AD (Android 9),2021-05-06T06:09:12.277Z,歩行,あ,false,147.20000000000002,111.30000000000001,-43.7,-2.5,-5.1000000000000005,-0.8,-0.5,-12.5,1.3,-54.300000000000004,17.9,111.50000000000001
Chrome Mobile,90.0.4430.82,Asus X01AD,Asus,Blink,[object Object],Chrome Mobile 90.0.4430.82 on Asus X01AD (Android 9),2021-05-06T06:09:12.478Z,歩行,あ,false,137.70000000000002,58.800000000000004,-37,7.2,39.1,39,4.6000000000000005,31.900000000000002,35.5,-238.29999999999998,60.2,53.300000000000004
Chrome Mobile,90.0.4430.82,Asus X01AD,Asus,Blink,[object Object],Chrome Mobile 90.0.4430.82 on Asus X01AD (Android 9),2021-05-06T06:09:12.678Z,歩行,あ,false,142.20000000000002,107.30000000000001,-38.800000000000004,-1.5,-4.4,-0.9,0.2,-13,1.2000000000000002,136,25.300000000000004,-121.4
Chrome Mobile,90.0.4430.82,Asus X01AD,Asus,Blink,[object Object],Chrome Mobile 90.0.4430.82 on Asus X01AD (Android 9),2021-05-06T06:09:12.879Z,歩行,あ,false,133.5,116.60000000000001,-30.400000000000002,-1.8,-4.7,-1,0,-11.9,2.2,-26.000000000000004,20.900000000000002,59.9
Chrome Mobile,90.0.4430.82,Asus X01AD,Asus,Blink,[object Object],Chrome Mobile 90.0.4430.82 on Asus X01AD (Android 9),2021-05-06T06:09:13.080Z,歩行,あ,false,150.8,68.4,-54.1,14.5,39.1,17.2,12.100000000000001,31.6,15.5,-250.00000000000003,55.400000000000006,114.3
Chrome Mobile,90.0.4430.82,Asus X01AD,Asus,Blink,[object Object],Chrome Mobile 90.0.4430.82 on Asus X01AD (Android 9),2021-05-06T06:09:13.280Z,歩行,あ,false,139.3,107.4,-41,-0.7000000000000001,-1,0.7000000000000001,1.2000000000000002,-9.8,2.7,191.9,-17.7,-166.00000000000003
Chrome Mobile,90.0.4430.82,Asus X01AD,Asus,Blink,[object Object],Chrome Mobile 90.0.4430.82 on Asus X01AD (Android 9),2021-05-06T06:09:13.481Z,歩行,あ,false,141.20000000000002,124.10000000000001,-40.800000000000004,-1.4000000000000001,-5.5,-1.2000000000000002,1.2000000000000002,-12.3,2.6,-42.900000000000006,58,20.8
Chrome Mobile,90.0.4430.82,Asus X01AD,Asus,Blink,[object Object],Chrome Mobile 90.0.4430.82 on Asus X01AD (Android 9),2021-05-06T06:09:13.681Z,歩行,あ,false,165.3,79.60000000000001,-68.10000000000001,22.400000000000002,29.3,11.3,21.1,21.8,10.8,-250.00000000000003,16.6,243
Chrome Mobile,90.0.4430.82,Asus X01AD,Asus,Blink,[object Object],Chrome Mobile 90.0.4430.82 on Asus X01AD (Android 9),2021-05-06T06:09:13.882Z,歩行,あ,false,113.7,98.60000000000001,-14,4.6000000000000005,1.3,4.9,4.9,-8,6.300000000000001,183.7,-19.799999999999997,-235.60000000000002
Chrome Mobile,90.0.4430.82,Asus X01AD,Asus,Blink,[object Object],Chrome Mobile 90.0.4430.82 on Asus X01AD (Android 9),2021-05-06T06:09:14.083Z,歩行,あ,false,142.1,127.5,-42.6,-2.8000000000000003,-6.9,-1.1,0.5,-13.4,2.6,-3.7000000000000006,2.9,39.50000000000001
Chrome Mobile,90.0.4430.82,Asus X01AD,Asus,Blink,[object Object],Chrome Mobile 90.0.4430.82 on Asus X01AD (Android 9),2021-05-06T06:09:14.283Z,歩行,あ,false,6.2,99.60000000000001,87.2,23.8,25.5,8.8,22.5,17.900000000000002,8.8,-249.3,16.3,250.10000000000002
Chrome Mobile,90.0.4430.82,Asus X01AD,Asus,Blink,[object Object],Chrome Mobile 90.0.4430.82 on Asus X01AD (Android 9),2021-05-06T06:09:14.484Z,歩行,あ,false,87.10000000000001,94.60000000000001,10.600000000000001,5.4,6.300000000000001,5.2,5.2,-3.2,6,117.60000000000001,-24.5,-249.80000000000004
Chrome Mobile,90.0.4430.82,Asus X01AD,Asus,Blink,[object Object],Chrome Mobile 90.0.4430.82 on Asus X01AD (Android 9),2021-05-06T06:09:14.685Z,歩行,あ,false,145,126,-50.2,-1.9000000000000001,-6,-0.7000000000000001,2,-12.9,2.5,46.1,16.8,-8.100000000000001
Chrome Mobile,90.0.4430.82,Asus X01AD,Asus,Blink,[object Object],Chrome Mobile 90.0.4430.82 on Asus X01AD (Android 9),2021-05-06T06:09:14.886Z,歩行,あ,false,131.9,85,-38.900000000000006,12.3,12,5.9,12.3,4.4,5.7,-234.9,-39.9,250.10000000000002
Chrome Mobile,90.0.4430.82,Asus X01AD,Asus,Blink,[object Object],Chrome Mobile 90.0.4430.82 on Asus X01AD (Android 9),2021-05-06T06:09:15.087Z,歩行,あ,false,77.7,87.60000000000001,18.7,4.1000000000000005,8.5,10.3,4.2,-1.1,10,135,3.8,-249.80000000000004
Chrome Mobile,90.0.4430.82,Asus X01AD,Asus,Blink,[object Object],Chrome Mobile 90.0.4430.82 on Asus X01AD (Android 9),2021-05-06T06:09:15.287Z,歩行,あ,false,145.5,124.2,-48.7,-0.2,-4.3,-1.7000000000000002,3.5,-11.5,1.5,79.00000000000001,-13.6,-2.6
Chrome Mobile,90.0.4430.82,Asus X01AD,Asus,Blink,[object Object],Chrome Mobile 90.0.4430.82 on Asus X01AD (Android 9),2021-05-06T06:09:15.488Z,歩行,あ,false,148.6,105.5,-47.1,-2.3000000000000003,0,1,-0.8,-7.5,2.4000000000000004,-171.70000000000002,-18.4,180
Chrome Mobile,90.0.4430.82,Asus X01AD,Asus,Blink,[object Object],Chrome Mobile 90.0.4430.82 on Asus X01AD (Android 9),2021-05-06T06:09:15.689Z,歩行,あ,false,172,83.2,-70.60000000000001,10.4,23.400000000000002,-1.4000000000000001,9.3,13.8,-1.7000000000000002,153.20000000000002,30.000000000000004,-187.9
Chrome Mobile,90.0.4430.82,Asus X01AD,Asus,Blink,[object Object],Chrome Mobile 90.0.4430.82 on Asus X01AD (Android 9),2021-05-06T06:09:15.890Z,歩行,あ,false,148.5,121.2,-47.2,-1.8,-4.6000000000000005,2.7,1.6,-12.3,5.9,43.300000000000004,18.200000000000003,-46.9
Chrome Mobile,90.0.4430.82,Asus X01AD,Asus,Blink,[object Object],Chrome Mobile 90.0.4430.82 on Asus X01AD (Android 9),2021-05-06T06:09:16.091Z,歩行,あ,false,138.5,117.60000000000001,-38.300000000000004,-3,-5.4,-0.8,-0.6000000000000001,-12.600000000000001,2.2,-114.3,11.8,137.70000000000002
Chrome Mobile,90.0.4430.82,Asus X01AD,Asus,Blink,[object Object],Chrome Mobile 90.0.4430.82 on Asus X01AD (Android 9),2021-05-06T06:09:16.292Z,歩行,あ,false,139,68.7,-39.2,12.4,39.1,14.5,10.3,30.5,11.9,62.1,8.700000000000001,-85.4
Chrome Mobile,90.0.4430.82,Asus X01AD,Asus,Blink,[object Object],Chrome Mobile 90.0.4430.82 on Asus X01AD (Android 9),2021-05-06T06:09:16.493Z,歩行,あ,false,157.10000000000002,114.9,-58.800000000000004,-0.1,-4.800000000000001,3.2,3,-13.5,4.3,127.6,46.199999999999996,-133
Chrome Mobile,90.0.4430.82,Asus X01AD,Asus,Blink,[object Object],Chrome Mobile 90.0.4430.82 on Asus X01AD (Android 9),2021-05-06T06:09:16.693Z,歩行,あ,false,151.5,127.9,-49.400000000000006,-4.4,-6,-2.1,-0.6000000000000001,-12.600000000000001,1.3,-50.5,19.6,83.4
Chrome Mobile,90.0.4430.82,Asus X01AD,Asus,Blink,[object Object],Chrome Mobile 90.0.4430.82 on Asus X01AD (Android 9),2021-05-06T06:09:16.894Z,歩行,あ,false,137.4,72.2,-33.1,12.200000000000001,39.1,7.800000000000001,10.8,31.1,5.6000000000000005,-250.00000000000003,48.2,70.7
Chrome Mobile,90.0.4430.82,Asus X01AD,Asus,Blink,[object Object],Chrome Mobile 90.0.4430.82 on Asus X01AD (Android 9),2021-05-06T06:09:17.105Z,歩行,あ,false,174.5,105.80000000000001,-74.7,-2.4000000000000004,-0.9,8,0.1,-10.100000000000001,8.700000000000001,210.6,-90.80000000000001,-192
Chrome Mobile,90.0.4430.82,Asus X01AD,Asus,Blink,[object Object],Chrome Mobile 90.0.4430.82 on Asus X01AD (Android 9),2021-05-06T06:09:17.306Z,歩行,あ,false,158.4,126.10000000000001,-59,-3.3000000000000003,-6.4,-1.3,1,-13.3,1.3,9.100000000000001,17.1,18.200000000000003
Chrome Mobile,90.0.4430.82,Asus X01AD,Asus,Blink,[object Object],Chrome Mobile 90.0.4430.82 on Asus X01AD (Android 9),2021-05-06T06:09:17.507Z,歩行,あ,false,108.9,87.30000000000001,-19.900000000000002,13,33.6,1,12.8,25.5,0.6000000000000001,-249.7,-7.9,245.39999999999998
Chrome Mobile,90.0.4430.82,Asus X01AD,Asus,Blink,[object Object],Chrome Mobile 90.0.4430.82 on Asus X01AD (Android 9),2021-05-06T06:09:17.707Z,歩行,あ,false,172.4,103.5,-77.7,0.2,0.6000000000000001,11.700000000000001,2.4000000000000004,-8.8,12.200000000000001,152.1,10.8,-248
Chrome Mobile,90.0.4430.82,Asus X01AD,Asus,Blink,[object Object],Chrome Mobile 90.0.4430.82 on Asus X01AD (Android 9),2021-05-06T06:09:17.908Z,歩行,あ,false,143.70000000000002,131.5,-45.400000000000006,0,-5.300000000000001,0.7000000000000001,4.1000000000000005,-11.700000000000001,4.7,-65.5,75.1,17.7
Chrome Mobile,90.0.4430.82,Asus X01AD,Asus,Blink,[object Object],Chrome Mobile 90.0.4430.82 on Asus X01AD (Android 9),2021-05-06T06:09:18.108Z,歩行,あ,false,120.80000000000001,100.9,-14.9,5.800000000000001,5.4,2.3000000000000003,6.2,-2.3000000000000003,3.7,-249.90000000000003,-55.8,250.00000000000003
Chrome Mobile,90.0.4430.82,Asus X01AD,Asus,Blink,[object Object],Chrome Mobile 90.0.4430.82 on Asus X01AD (Android 9),2021-05-06T06:09:18.313Z,歩行,あ,false,182,80.80000000000001,-79.80000000000001,7.800000000000001,19.700000000000003,2.9000000000000004,6.2,10.100000000000001,2.6,137.8,-8.5,-186.20000000000002
Chrome Mobile,90.0.4430.82,Asus X01AD,Asus,Blink,[object Object],Chrome Mobile 90.0.4430.82 on Asus X01AD (Android 9),2021-05-06T06:09:18.514Z,歩行,あ,false,147,122.30000000000001,-47.7,-1.9000000000000001,-5.2,1.9000000000000001,1.7000000000000002,-12.9,5.2,18.1,-2.5,-86.1
Chrome Mobile,90.0.4430.82,Asus X01AD,Asus,Blink,[object Object],Chrome Mobile 90.0.4430.82 on Asus X01AD (Android 9),2021-05-06T06:09:18.715Z,歩行,あ,false,139.4,118.4,-45.400000000000006,-2.7,-6.4,-3.5,0.1,-13.600000000000001,-0.8,-105,-43.00000000000001,189.2
Chrome Mobile,90.0.4430.82,Asus X01AD,Asus,Blink,[object Object],Chrome Mobile 90.0.4430.82 on Asus X01AD (Android 9),2021-05-06T06:09:18.915Z,歩行,あ,false,151.9,76,-54.800000000000004,17.3,36.4,-3.1,15.5,27.200000000000003,-4.4,241.5,25.900000000000002,-129.20000000000002
Chrome Mobile,90.0.4430.82,Asus X01AD,Asus,Blink,[object Object],Chrome Mobile 90.0.4430.82 on Asus X01AD (Android 9),2021-05-06T06:09:19.116Z,歩行,あ,false,157.5,120.80000000000001,-54.7,-2.3000000000000003,-4.7,6.800000000000001,1.5,-12.5,9.4,17.799999999999997,38.300000000000004,-87.89999999999999
Chrome Mobile,90.0.4430.82,Asus X01AD,Asus,Blink,[object Object],Chrome Mobile 90.0.4430.82 on Asus X01AD (Android 9),2021-05-06T06:09:19.317Z,歩行,あ,false,147.70000000000002,117.80000000000001,-46.6,-1.3,-5,-1.1,1.4000000000000001,-12.200000000000001,1.5,-81.50000000000001,-33.400000000000006,131.79999999999998
Chrome Mobile,90.0.4430.82,Asus X01AD,Asus,Blink,[object Object],Chrome Mobile 90.0.4430.82 on Asus X01AD (Android 9),2021-05-06T06:09:19.517Z,歩行,あ,false,125,62.2,-25.900000000000002,6.2,39.1,39,4.4,31.200000000000003,35.2,1,65.89999999999999,89.6
Chrome Mobile,90.0.4430.82,Asus X01AD,Asus,Blink,[object Object],Chrome Mobile 90.0.4430.82 on Asus X01AD (Android 9),2021-05-06T06:09:19.719Z,歩行,あ,false,157.5,119.4,-52,-3.5,-4.5,4.800000000000001,0,-12.5,7.5,101.50000000000001,-2.5,-113.5
Chrome Mobile,90.0.4430.82,Asus X01AD,Asus,Blink,[object Object],Chrome Mobile 90.0.4430.82 on Asus X01AD (Android 9),2021-05-06T06:09:19.919Z,歩行,あ,false,146.6,123.7,-44.5,-2.7,-4.3,-0.7000000000000001,0.5,-11.200000000000001,2.6,-37.7,7.300000000000001,88.60000000000001
Chrome Mobile,90.0.4430.82,Asus X01AD,Asus,Blink,[object Object],Chrome Mobile 90.0.4430.82 on Asus X01AD (Android 9),2021-05-06T06:09:20.120Z,歩行,あ,false,139.8,68.7,-46.2,9.9,39.1,18,7.7,31.400000000000002,16,-250.00000000000003,34.50000000000001,92.2
Chrome Mobile,90.0.4430.82,Asus X01AD,Asus,Blink,[object Object],Chrome Mobile 90.0.4430.82 on Asus X01AD (Android 9),2021-05-06T06:09:20.320Z,歩行,あ,false,155.10000000000002,102.9,-58.2,1,-4.7,3,2.8000000000000003,-14,4.1000000000000005,250.00000000000003,-30.200000000000003,-247.4
Chrome Mobile,90.0.4430.82,Asus X01AD,Asus,Blink,[object Object],Chrome Mobile 90.0.4430.82 on Asus X01AD (Android 9),2021-05-06T06:09:20.521Z,歩行,あ,false,144.6,129,-43.1,-1.6,-5.1000000000000005,-2.4000000000000004,2.4000000000000004,-11.700000000000001,1.4000000000000001,7.6,29.400000000000002,38.300000000000004
Chrome Mobile,90.0.4430.82,Asus X01AD,Asus,Blink,[object Object],Chrome Mobile 90.0.4430.82 on Asus X01AD (Android 9),2021-05-06T06:09:20.722Z,歩行,あ,false,41.1,94.7,56.900000000000006,9.1,-3,4.800000000000001,8.6,-10.4,5.1000000000000005,-250.00000000000003,-81.2,250.10000000000002
Chrome Mobile,90.0.4430.82,Asus X01AD,Asus,Blink,[object Object],Chrome Mobile 90.0.4430.82 on Asus X01AD (Android 9),2021-05-06T06:09:20.922Z,歩行,あ,false,160.10000000000002,82.7,-60.1,7,3,6.800000000000001,6,-6.6000000000000005,6.2,229.29999999999998,97.2,-249.90000000000003
Chrome Mobile,90.0.4430.82,Asus X01AD,Asus,Blink,[object Object],Chrome Mobile 90.0.4430.82 on Asus X01AD (Android 9),2021-05-06T06:09:21.123Z,歩行,あ,false,143.9,123.30000000000001,-39.6,-1.2000000000000002,-3.9000000000000004,1.3,1.8,-11.100000000000001,4.9,74.2,-8.600000000000001,-0.8
Chrome Mobile,90.0.4430.82,Asus X01AD,Asus,Blink,[object Object],Chrome Mobile 90.0.4430.82 on Asus X01AD (Android 9),2021-05-06T06:09:21.325Z,歩行,あ,false,127.30000000000001,110.9,-23.200000000000003,-4.800000000000001,-2.9000000000000004,-0.2,-3.5,-10,2.6,-148.1,16.5,148.4
Chrome Mobile,90.0.4430.82,Asus X01AD,Asus,Blink,[object Object],Chrome Mobile 90.0.4430.82 on Asus X01AD (Android 9),2021-05-06T06:09:21.525Z,歩行,あ,false,151.9,74.8,-53.5,9.3,30.900000000000002,7.7,7.4,22,6.300000000000001,250.00000000000003,-91.6,-109.8
Chrome Mobile,90.0.4430.82,Asus X01AD,Asus,Blink,[object Object],Chrome Mobile 90.0.4430.82 on Asus X01AD (Android 9),2021-05-06T06:09:21.726Z,歩行,あ,false,146.3,118.80000000000001,-47,-2.3000000000000003,-4.7,-0.2,0.8,-12.4,2.7,90.9,-31.2,-52.7
Chrome Mobile,90.0.4430.82,Asus X01AD,Asus,Blink,[object Object],Chrome Mobile 90.0.4430.82 on Asus X01AD (Android 9),2021-05-06T06:09:21.927Z,歩行,あ,false,134.3,116.30000000000001,-37.2,-3.5,-4.2,-1.6,-1.4000000000000001,-11.3,1.2000000000000002,-58.5,30.9,127.80000000000001
Chrome Mobile,90.0.4430.82,Asus X01AD,Asus,Blink,[object Object],Chrome Mobile 90.0.4430.82 on Asus X01AD (Android 9),2021-05-06T06:09:22.128Z,歩行,あ,false,160.5,70,-55.900000000000006,17.400000000000002,38.6,3.9000000000000004,14.8,30.1,2.2,250.00000000000003,-2.6,-41.800000000000004
Chrome Mobile,90.0.4430.82,Asus X01AD,Asus,Blink,[object Object],Chrome Mobile 90.0.4430.82 on Asus X01AD (Android 9),2021-05-06T06:09:22.329Z,歩行,あ,false,145.9,117.9,-42.300000000000004,-1.8,-2.3000000000000003,1.7000000000000002,1.1,-10.3,4.800000000000001,47.7,99.00000000000001,-90.9
Chrome Mobile,90.0.4430.82,Asus X01AD,Asus,Blink,[object Object],Chrome Mobile 90.0.4430.82 on Asus X01AD (Android 9),2021-05-06T06:09:22.536Z,歩行,あ,false,139.70000000000002,125.4,-39.2,-1.3,-4.2,1,1.6,-10.8,4.6000000000000005,-42.60000000000001,-2.6,52.5
Chrome Mobile,90.0.4430.82,Asus X01AD,Asus,Blink,[object Object],Chrome Mobile 90.0.4430.82 on Asus X01AD (Android 9),2021-05-06T06:09:22.737Z,歩行,あ,false,164.9,73.10000000000001,-63.2,12.5,35.6,12.200000000000001,10.600000000000001,28,11.600000000000001,-250.00000000000003,47.60000000000001,169.9
Chrome Mobile,90.0.4430.82,Asus X01AD,Asus,Blink,[object Object],Chrome Mobile 90.0.4430.82 on Asus X01AD (Android 9),2021-05-06T06:09:22.938Z,歩行,あ,false,146.3,102.5,-44.900000000000006,-2.2,-5.4,5.5,-0.8,-14.4,6.9,249.6,-23.2,-249.90000000000003
Chrome Mobile,90.0.4430.82,Asus X01AD,Asus,Blink,[object Object],Chrome Mobile 90.0.4430.82 on Asus X01AD (Android 9),2021-05-06T06:09:23.150Z,歩行,あ,false,142.8,124.9,-38,0,-3.9000000000000004,0.6000000000000001,2.9000000000000004,-10.600000000000001,4.3,-0.1,0.1,42.3
Chrome Mobile,90.0.4430.82,Asus X01AD,Asus,Blink,[object Object],Chrome Mobile 90.0.4430.82 on Asus X01AD (Android 9),2021-05-06T06:09:23.355Z,歩行,あ,false,74.2,109.10000000000001,23.5,1.9000000000000001,5.300000000000001,-0.1,1,-1.6,2.1,-245.70000000000005,90.1,250.10000000000002
Chrome Mobile,90.0.4430.82,Asus X01AD,Asus,Blink,[object Object],Chrome Mobile 90.0.4430.82 on Asus X01AD (Android 9),2021-05-06T06:09:23.555Z,歩行,あ,false,39.2,98.9,64.2,4.3,6.800000000000001,17.2,3,-2.6,17.8,215.4,-6.2,-249.90000000000003
Chrome Mobile,90.0.4430.82,Asus X01AD,Asus,Blink,[object Object],Chrome Mobile 90.0.4430.82 on Asus X01AD (Android 9),2021-05-06T06:09:23.756Z,歩行,あ,false,131.5,126.2,-27.6,-0.9,-4.2,-2.3000000000000003,1.4000000000000001,-11.100000000000001,2.1,98.39999999999999,-81.50000000000001,9.2
Chrome Mobile,90.0.4430.82,Asus X01AD,Asus,Blink,[object Object],Chrome Mobile 90.0.4430.82 on Asus X01AD (Android 9),2021-05-06T06:09:23.960Z,歩行,あ,false,123.10000000000001,121.30000000000001,-24.6,-4.1000000000000005,-5.4,-0.7000000000000001,-2.4000000000000004,-11.9,2.9000000000000004,-110.4,-7.1000000000000005,136.8
Chrome Mobile,90.0.4430.82,Asus X01AD,Asus,Blink,[object Object],Chrome Mobile 90.0.4430.82 on Asus X01AD (Android 9),2021-05-06T06:09:24.161Z,歩行,あ,false,147.3,68.3,-52.1,10.600000000000001,39.1,22,8,30.8,20,178.60000000000002,-5.300000000000001,-15.000000000000002
Chrome Mobile,90.0.4430.82,Asus X01AD,Asus,Blink,[object Object],Chrome Mobile 90.0.4430.82 on Asus X01AD (Android 9),2021-05-06T06:09:24.362Z,歩行,あ,false,139.9,118.30000000000001,-38.400000000000006,-2.2,-3.7,3.7,0.4,-11.5,7,7.9,48.10000000000001,-130
Chrome Mobile,90.0.4430.82,Asus X01AD,Asus,Blink,[object Object],Chrome Mobile 90.0.4430.82 on Asus X01AD (Android 9),2021-05-06T06:09:24.562Z,歩行,あ,false,132.70000000000002,125.9,-38.400000000000006,-3.8000000000000003,-6,2,-0.9,-12.4,5.6000000000000005,53.599999999999994,-60.400000000000006,114.9
Chrome Mobile,90.0.4430.82,Asus X01AD,Asus,Blink,[object Object],Chrome Mobile 90.0.4430.82 on Asus X01AD (Android 9),2021-05-06T06:09:24.763Z,歩行,あ,false,149.70000000000002,76.2,-58.6,-1.3,39.1,17.400000000000002,-3,30.900000000000002,16.3,-119.1,84.1,27.099999999999998
Chrome Mobile,90.0.4430.82,Asus X01AD,Asus,Blink,[object Object],Chrome Mobile 90.0.4430.82 on Asus X01AD (Android 9),2021-05-06T06:09:24.964Z,歩行,あ,false,122.80000000000001,117.2,-28.200000000000003,0.8,-1,-1.5,2.8000000000000003,-9.200000000000001,2.2,111.50000000000001,20.599999999999998,-153.10000000000002
Chrome Mobile,90.0.4430.82,Asus X01AD,Asus,Blink,[object Object],Chrome Mobile 90.0.4430.82 on Asus X01AD (Android 9),2021-05-06T06:09:25.164Z,歩行,あ,false,130.1,129.9,-36.300000000000004,-2.5,-5.2,0.5,0.6000000000000001,-11.5,4.800000000000001,-38.50000000000001,23.3,45.400000000000006
Chrome Mobile,90.0.4430.82,Asus X01AD,Asus,Blink,[object Object],Chrome Mobile 90.0.4430.82 on Asus X01AD (Android 9),2021-05-06T06:09:25.365Z,歩行,あ,false,15.600000000000001,99.10000000000001,73.3,22.3,36.4,9.9,21.1,28.8,10.200000000000001,-243.60000000000002,-72.7,235.70000000000002
Chrome Mobile,90.0.4430.82,Asus X01AD,Asus,Blink,[object Object],Chrome Mobile 90.0.4430.82 on Asus X01AD (Android 9),2021-05-06T06:09:25.566Z,歩行,あ,false,143.9,101.2,-53.900000000000006,1.7000000000000002,2.4000000000000004,10,2.8000000000000003,-6.800000000000001,10.9,116.2,30.5,-249.90000000000003
Chrome Mobile,90.0.4430.82,Asus X01AD,Asus,Blink,[object Object],Chrome Mobile 90.0.4430.82 on Asus X01AD (Android 9),2021-05-06T06:09:25.766Z,歩行,あ,false,138.6,127.9,-44.1,-1.9000000000000001,-3.3000000000000003,0.2,1.7000000000000002,-10,4,-24.1,6.4,14.900000000000002
Chrome Mobile,90.0.4430.82,Asus X01AD,Asus,Blink,[object Object],Chrome Mobile 90.0.4430.82 on Asus X01AD (Android 9),2021-05-06T06:09:25.967Z,歩行,あ,false,116.2,115.7,-26.1,-1.6,-1.9000000000000001,-4.2,-0.2,-8.8,-1.2000000000000002,-148.60000000000002,45.2,219.7
Chrome Mobile,90.0.4430.82,Asus X01AD,Asus,Blink,[object Object],Chrome Mobile 90.0.4430.82 on Asus X01AD (Android 9),2021-05-06T06:09:26.169Z,歩行,あ,false,8.5,96.30000000000001,82.5,11.8,20.400000000000002,1.8,10.8,11,1.9000000000000001,194.20000000000002,-44.00000000000001,-243.1
Chrome Mobile,90.0.4430.82,Asus X01AD,Asus,Blink,[object Object],Chrome Mobile 90.0.4430.82 on Asus X01AD (Android 9),2021-05-06T06:09:26.370Z,歩行,あ,false,140,126.5,-43.400000000000006,-2.3000000000000003,-5.2,0.9,1.2000000000000002,-12.200000000000001,4.6000000000000005,83.5,-2.2,-13.8
Chrome Mobile,90.0.4430.82,Asus X01AD,Asus,Blink,[object Object],Chrome Mobile 90.0.4430.82 on Asus X01AD (Android 9),2021-05-06T06:09:26.571Z,歩行,あ,false,124.60000000000001,116.5,-31.200000000000003,0,-5,1,1.8,-11.8,3.9000000000000004,-92.60000000000001,-67.5,155.60000000000002
Chrome Mobile,90.0.4430.82,Asus X01AD,Asus,Blink,[object Object],Chrome Mobile 90.0.4430.82 on Asus X01AD (Android 9),2021-05-06T06:09:26.771Z,歩行,あ,false,129.5,73.3,-45.7,15.5,36.5,10.5,13.600000000000001,27.700000000000003,8.6,250.00000000000003,-11.6,-68.5
Chrome Mobile,90.0.4430.82,Asus X01AD,Asus,Blink,[object Object],Chrome Mobile 90.0.4430.82 on Asus X01AD (Android 9),2021-05-06T06:09:26.972Z,歩行,あ,false,133.8,123.5,-41.6,-1.6,-3.7,-2.3000000000000003,1.7000000000000002,-11.100000000000001,1.4000000000000001,66,55.900000000000006,-84.9
Chrome Mobile,90.0.4430.82,Asus X01AD,Asus,Blink,[object Object],Chrome Mobile 90.0.4430.82 on Asus X01AD (Android 9),2021-05-06T06:09:27.173Z,歩行,あ,false,115.7,129.1,-31.8,-1.5,-4.6000000000000005,-0.6000000000000001,1.1,-10.700000000000001,3.6,-15.700000000000001,10.600000000000001,102.60000000000001
Chrome Mobile,90.0.4430.82,Asus X01AD,Asus,Blink,[object Object],Chrome Mobile 90.0.4430.82 on Asus X01AD (Android 9),2021-05-06T06:09:27.374Z,歩行,あ,false,156.60000000000002,70.10000000000001,-72.7,14,39.1,12.4,11.3,31.3,11.600000000000001,-153.79999999999998,72.9,105.5
Chrome Mobile,90.0.4430.82,Asus X01AD,Asus,Blink,[object Object],Chrome Mobile 90.0.4430.82 on Asus X01AD (Android 9),2021-05-06T06:09:27.575Z,歩行,あ,false,125.30000000000001,112.80000000000001,-38.5,0,-4.3,5.2,2.2,-12.600000000000001,7.9,146,19.1,-205.90000000000003
Chrome Mobile,90.0.4430.82,Asus X01AD,Asus,Blink,[object Object],Chrome Mobile 90.0.4430.82 on Asus X01AD (Android 9),2021-05-06T06:09:27.776Z,歩行,あ,false,138,130.5,-42.400000000000006,-3.6,-7.300000000000001,-2.7,0,-13.4,1.1,-31,27,41
Chrome Mobile,90.0.4430.82,Asus X01AD,Asus,Blink,[object Object],Chrome Mobile 90.0.4430.82 on Asus X01AD (Android 9),2021-05-06T06:09:27.982Z,歩行,あ,false,138.3,79.7,-56.300000000000004,17.8,33.1,6.5,16.6,25.6,5.7,-229.00000000000003,-96.7,212.70000000000002
Chrome Mobile,90.0.4430.82,Asus X01AD,Asus,Blink,[object Object],Chrome Mobile 90.0.4430.82 on Asus X01AD (Android 9),2021-05-06T06:09:28.185Z,歩行,あ,false,137.6,99.4,-57.300000000000004,0.9,1.3,11.5,2.2,-7.9,12.3,220.9,-23.3,-230.40000000000003
Chrome Mobile,90.0.4430.82,Asus X01AD,Asus,Blink,[object Object],Chrome Mobile 90.0.4430.82 on Asus X01AD (Android 9),2021-05-06T06:09:28.386Z,歩行,あ,false,126.10000000000001,125,-42.7,-0.5,-4,-0.6000000000000001,2.8000000000000003,-10.8,2.9000000000000004,24.3,18.3,22.000000000000004
Chrome Mobile,90.0.4430.82,Asus X01AD,Asus,Blink,[object Object],Chrome Mobile 90.0.4430.82 on Asus X01AD (Android 9),2021-05-06T06:09:28.591Z,歩行,あ,false,70.4,96.80000000000001,13.3,11.600000000000001,4.1000000000000005,4,11.4,-3.2,4.9,-249.20000000000002,112.60000000000001,249.80000000000004
Chrome Mobile,90.0.4430.82,Asus X01AD,Asus,Blink,[object Object],Chrome Mobile 90.0.4430.82 on Asus X01AD (Android 9),2021-05-06T06:09:28.791Z,歩行,あ,false,356.1,93.80000000000001,89,6.300000000000001,8.6,9,5.7,-0.9,9.1,151.9,24.400000000000002,-249.90000000000003
Chrome Mobile,90.0.4430.82,Asus X01AD,Asus,Blink,[object Object],Chrome Mobile 90.0.4430.82 on Asus X01AD (Android 9),2021-05-06T06:09:28.992Z,歩行,あ,false,125.2,126.60000000000001,-42.7,-1.1,-5.300000000000001,1.2000000000000002,2.6,-12.100000000000001,4.4,68.5,-10.5,-16.200000000000003
Chrome Mobile,90.0.4430.82,Asus X01AD,Asus,Blink,[object Object],Chrome Mobile 90.0.4430.82 on Asus X01AD (Android 9),2021-05-06T06:09:29.199Z,歩行,あ,false,104.10000000000001,118.10000000000001,-21.900000000000002,3.5,-4,2.7,4.9,-10.600000000000001,6,-90.80000000000001,8.899999999999999,157.70000000000002
Chrome Mobile,90.0.4430.82,Asus X01AD,Asus,Blink,[object Object],Chrome Mobile 90.0.4430.82 on Asus X01AD (Android 9),2021-05-06T06:09:29.402Z,歩行,あ,false,154.5,70,-67.60000000000001,18.5,37.5,2,15.600000000000001,28.900000000000002,0.8,250.00000000000003,-30.3,-59.1
Chrome Mobile,90.0.4430.82,Asus X01AD,Asus,Blink,[object Object],Chrome Mobile 90.0.4430.82 on Asus X01AD (Android 9),2021-05-06T06:09:29.608Z,歩行,あ,false,121.9,122.10000000000001,-37.7,-1.5,-4.1000000000000005,3.1,1.3,-11.600000000000001,6.800000000000001,10.8,33.9,-85.80000000000001
Chrome Mobile,90.0.4430.82,Asus X01AD,Asus,Blink,[object Object],Chrome Mobile 90.0.4430.82 on Asus X01AD (Android 9),2021-05-06T06:09:29.809Z,歩行,あ,false,108.9,120.7,-24.900000000000002,-2.3000000000000003,-5.800000000000001,-0.6000000000000001,-0.6000000000000001,-12.5,3,-57.1,16.900000000000002,148.1
Chrome Mobile,90.0.4430.82,Asus X01AD,Asus,Blink,[object Object],Chrome Mobile 90.0.4430.82 on Asus X01AD (Android 9),2021-05-06T06:09:30.009Z,歩行,あ,false,140.70000000000002,61.900000000000006,-58.5,12.5,39.1,22.8,9,31.5,20.700000000000003,-94.6,68.60000000000001,-1.8000000000000003
Chrome Mobile,90.0.4430.82,Asus X01AD,Asus,Blink,[object Object],Chrome Mobile 90.0.4430.82 on Asus X01AD (Android 9),2021-05-06T06:09:30.210Z,歩行,あ,false,121.60000000000001,115.4,-33.800000000000004,-1.2000000000000002,-4,0.2,1,-12.3,3.5,147.7,18,-149.20000000000002
Chrome Mobile,90.0.4430.82,Asus X01AD,Asus,Blink,[object Object],Chrome Mobile 90.0.4430.82 on Asus X01AD (Android 9),2021-05-06T06:09:30.411Z,歩行,あ,false,124.9,127.30000000000001,-35.6,-2.8000000000000003,-5.1000000000000005,0.6000000000000001,0.1,-11.600000000000001,4.6000000000000005,-33.9,27.3,49.699999999999996
Chrome Mobile,90.0.4430.82,Asus X01AD,Asus,Blink,[object Object],Chrome Mobile 90.0.4430.82 on Asus X01AD (Android 9),2021-05-06T06:09:30.612Z,歩行,あ,false,0.8,101.10000000000001,76.7,21.1,34.5,8.8,19.6,27,9.200000000000001,-250.00000000000003,-19.6,249.80000000000004
Chrome Mobile,90.0.4430.82,Asus X01AD,Asus,Blink,[object Object],Chrome Mobile 90.0.4430.82 on Asus X01AD (Android 9),2021-05-06T06:09:30.812Z,歩行,あ,false,127.7,98.30000000000001,-45.2,2.6,0.5,12.9,3.5,-8.8,13.8,244.40000000000003,-12,-249.90000000000003
Chrome Mobile,90.0.4430.82,Asus X01AD,Asus,Blink,[object Object],Chrome Mobile 90.0.4430.82 on Asus X01AD (Android 9),2021-05-06T06:09:31.013Z,歩行,あ,false,130.1,127.5,-42.1,0.5,-5.300000000000001,-1.7000000000000002,3.3000000000000003,-12,2.3000000000000003,19.5,-6.9,29.1
Chrome Mobile,90.0.4430.82,Asus X01AD,Asus,Blink,[object Object],Chrome Mobile 90.0.4430.82 on Asus X01AD (Android 9),2021-05-06T06:09:31.214Z,歩行,あ,false,95.60000000000001,107.4,-12.600000000000001,3.3000000000000003,-1.6,-2.3000000000000003,3.8000000000000003,-8.700000000000001,-0.1,-219.7,-10.8,249.90000000000003
Chrome Mobile,90.0.4430.82,Asus X01AD,Asus,Blink,[object Object],Chrome Mobile 90.0.4430.82 on Asus X01AD (Android 9),2021-05-06T06:09:31.415Z,歩行,あ,false,156,80,-69.4,12.8,21.200000000000003,-1,11.200000000000001,11.9,-1.6,228.3,-17.1,-234.60000000000002
Chrome Mobile,90.0.4430.82,Asus X01AD,Asus,Blink,[object Object],Chrome Mobile 90.0.4430.82 on Asus X01AD (Android 9),2021-05-06T06:09:31.616Z,歩行,あ,false,131.5,125.30000000000001,-45.6,-1.3,-4.6000000000000005,-0.1,2.3000000000000003,-11.700000000000001,3.5,84.69999999999999,-26.6,-14.700000000000001
Chrome Mobile,90.0.4430.82,Asus X01AD,Asus,Blink,[object Object],Chrome Mobile 90.0.4430.82 on Asus X01AD (Android 9),2021-05-06T06:09:31.816Z,歩行,あ,false,113.60000000000001,120.80000000000001,-32.6,-1,-5.1000000000000005,2.3000000000000003,1.1,-11.700000000000001,5.7,-39.8,-13.000000000000002,146.5
Chrome Mobile,90.0.4430.82,Asus X01AD,Asus,Blink,[object Object],Chrome Mobile 90.0.4430.82 on Asus X01AD (Android 9),2021-05-06T06:09:32.017Z,歩行,あ,false,135.8,66.7,-56.5,8.9,39.1,17.400000000000002,6.1000000000000005,31.200000000000003,15.600000000000001,-249.5,115.10000000000002,-82.10000000000001
Chrome Mobile,90.0.4430.82,Asus X01AD,Asus,Blink,[object Object],Chrome Mobile 90.0.4430.82 on Asus X01AD (Android 9),2021-05-06T06:09:32.219Z,歩行,あ,false,134.6,118.7,-51.2,-2.9000000000000004,-4.4,-1.3,0.5,-12.3,1.4000000000000001,84,39.699999999999996,-130.9
Chrome Mobile,90.0.4430.82,Asus X01AD,Asus,Blink,[object Object],Chrome Mobile 90.0.4430.82 on Asus X01AD (Android 9),2021-05-06T06:09:32.419Z,歩行,あ,false,125.60000000000001,124.2,-44.800000000000004,-2.3000000000000003,-4.7,0.6000000000000001,0.9,-11.4,3.8000000000000003,-15.5,9.5,71.39999999999999
Chrome Mobile,90.0.4430.82,Asus X01AD,Asus,Blink,[object Object],Chrome Mobile 90.0.4430.82 on Asus X01AD (Android 9),2021-05-06T06:09:32.620Z,歩行,あ,false,146.9,72.7,-64.8,16.6,39.1,12.5,14.4,31.400000000000002,11.5,-249.10000000000002,-3,111.80000000000001
Chrome Mobile,90.0.4430.82,Asus X01AD,Asus,Blink,[object Object],Chrome Mobile 90.0.4430.82 on Asus X01AD (Android 9),2021-05-06T06:09:32.821Z,歩行,あ,false,134.20000000000002,105.30000000000001,-50.800000000000004,-1.8,-1.8,6,0.1,-10.700000000000001,7.5,152.4,29.200000000000003,-244.60000000000002
Chrome Mobile,90.0.4430.82,Asus X01AD,Asus,Blink,[object Object],Chrome Mobile 90.0.4430.82 on Asus X01AD (Android 9),2021-05-06T06:09:33.028Z,歩行,あ,false,130.4,125.5,-45.400000000000006,-1.4000000000000001,-4.1000000000000005,-0.30000000000000004,2.1,-10.9,3.1,-1.2000000000000002,8.899999999999999,27.6
Chrome Mobile,90.0.4430.82,Asus X01AD,Asus,Blink,[object Object],Chrome Mobile 90.0.4430.82 on Asus X01AD (Android 9),2021-05-06T06:09:33.231Z,歩行,あ,false,99,99.7,-17.8,5,5.300000000000001,0.4,5.4,-2.1,1.6,-250.00000000000003,35.1,222.1
Chrome Mobile,90.0.4430.82,Asus X01AD,Asus,Blink,[object Object],Chrome Mobile 90.0.4430.82 on Asus X01AD (Android 9),2021-05-06T06:09:33.438Z,歩行,あ,false,143.8,82,-59,5.300000000000001,18.1,7.1000000000000005,4.2,8.6,6.4,91.6,45.8,-249.90000000000003
Chrome Mobile,90.0.4430.82,Asus X01AD,Asus,Blink,[object Object],Chrome Mobile 90.0.4430.82 on Asus X01AD (Android 9),2021-05-06T06:09:33.638Z,歩行,あ,false,129.5,120.80000000000001,-45.2,0.2,-4,-0.2,3.3000000000000003,-11.5,2.5,53.300000000000004,-14.300000000000002,-14.5
Chrome Mobile,90.0.4430.82,Asus X01AD,Asus,Blink,[object Object],Chrome Mobile 90.0.4430.82 on Asus X01AD (Android 9),2021-05-06T06:09:33.839Z,歩行,あ,false,120.9,110.10000000000001,-32.2,-3.9000000000000004,-5.7,-2.1,-2.5,-13.100000000000001,0.2,-160.70000000000002,25.7,175.4
Chrome Mobile,90.0.4430.82,Asus X01AD,Asus,Blink,[object Object],Chrome Mobile 90.0.4430.82 on Asus X01AD (Android 9),2021-05-06T06:09:34.040Z,歩行,あ,false,141.1,57.800000000000004,-52.300000000000004,22,39.1,6.6000000000000005,18.2,31.3,3.6,250.00000000000003,9,48.70000000000001
Chrome Mobile,90.0.4430.82,Asus X01AD,Asus,Blink,[object Object],Chrome Mobile 90.0.4430.82 on Asus X01AD (Android 9),2021-05-06T06:09:34.241Z,歩行,あ,false,124.4,108.10000000000001,-35.2,-0.5,-3.2,0.1,1.2000000000000002,-12,2.5,40.4,44.00000000000001,-129.4
Chrome Mobile,90.0.4430.82,Asus X01AD,Asus,Blink,[object Object],Chrome Mobile 90.0.4430.82 on Asus X01AD (Android 9),2021-05-06T06:09:34.442Z,歩行,あ,false,123.9,113.60000000000001,-34.2,-1.7000000000000002,-4.6000000000000005,-0.6000000000000001,0.30000000000000004,-12.100000000000001,2.2,-35.3,-11.000000000000002,68.3
Chrome Mobile,90.0.4430.82,Asus X01AD,Asus,Blink,[object Object],Chrome Mobile 90.0.4430.82 on Asus X01AD (Android 9),2021-05-06T06:09:34.642Z,歩行,あ,false,139.6,67.8,-57.1,3.8000000000000003,37.7,6,1.3,30.200000000000003,4.3,-250.00000000000003,5.4,86.1
Chrome Mobile,90.0.4430.82,Asus X01AD,Asus,Blink,[object Object],Chrome Mobile 90.0.4430.82 on Asus X01AD (Android 9),2021-05-06T06:09:34.849Z,歩行,あ,false,120.7,96.5,-35.9,-3.7,-1.9000000000000001,2.3000000000000003,-3.1,-11.3,3.2,249.3,-66.80000000000001,-173.79999999999998
Chrome Mobile,90.0.4430.82,Asus X01AD,Asus,Blink,[object Object],Chrome Mobile 90.0.4430.82 on Asus X01AD (Android 9),2021-05-06T06:09:35.050Z,歩行,あ,false,121.30000000000001,115.10000000000001,-33.800000000000004,-0.30000000000000004,-4.1000000000000005,-1.9000000000000001,1.7000000000000002,-11.8,1.1,38.300000000000004,-5.9,37.400000000000006
Chrome Mobile,90.0.4430.82,Asus X01AD,Asus,Blink,[object Object],Chrome Mobile 90.0.4430.82 on Asus X01AD (Android 9),2021-05-06T06:09:35.256Z,歩行,あ,false,14.8,105.5,64.9,11.9,15.4,12.8,10.100000000000001,8,13.700000000000001,-250.00000000000003,16.1,250.10000000000002
Chrome Mobile,90.0.4430.82,Asus X01AD,Asus,Blink,[object Object],Chrome Mobile 90.0.4430.82 on Asus X01AD (Android 9),2021-05-06T06:09:35.458Z,歩行,あ,false,29.5,96.4,54.2,0.30000000000000004,2.1,14.4,-0.5,-7.5,15,220.3,-0.8,-249.90000000000003
Chrome Mobile,90.0.4430.82,Asus X01AD,Asus,Blink,[object Object],Chrome Mobile 90.0.4430.82 on Asus X01AD (Android 9),2021-05-06T06:09:35.658Z,歩行,あ,false,123.2,118.80000000000001,-33.9,-1.2000000000000002,-4.800000000000001,-0.1,1.1,-12.3,3.3000000000000003,28.3,-21.900000000000002,17.200000000000003
Chrome Mobile,90.0.4430.82,Asus X01AD,Asus,Blink,[object Object],Chrome Mobile 90.0.4430.82 on Asus X01AD (Android 9),2021-05-06T06:09:35.859Z,歩行,あ,false,50.300000000000004,103.60000000000001,34.5,4.3,-1.9000000000000001,-1.6,3.6,-9.3,0.1,-135.3,-67.4,229.00000000000003
Chrome Mobile,90.0.4430.82,Asus X01AD,Asus,Blink,[object Object],Chrome Mobile 90.0.4430.82 on Asus X01AD (Android 9),2021-05-06T06:09:36.061Z,歩行,あ,false,162.20000000000002,67.4,-87.5,13.200000000000001,22.900000000000002,-3.9000000000000004,9.5,14,-4.1000000000000005,162.3,-13.000000000000002,-228.5
Chrome Mobile,90.0.4430.82,Asus X01AD,Asus,Blink,[object Object],Chrome Mobile 90.0.4430.82 on Asus X01AD (Android 9),2021-05-06T06:09:36.261Z,歩行,あ,false,122.30000000000001,113.80000000000001,-34.6,-2.9000000000000004,-4.1000000000000005,0.1,-0.9,-12.4,3.1,-15.899999999999999,113.89999999999999,-97.40000000000002
Chrome Mobile,90.0.4430.82,Asus X01AD,Asus,Blink,[object Object],Chrome Mobile 90.0.4430.82 on Asus X01AD (Android 9),2021-05-06T06:09:36.462Z,歩行,あ,false,109.80000000000001,112.7,-22.400000000000002,-2.1,-4.3,-1.8,-0.9,-11.700000000000001,1,-50.2,-27.5,144.10000000000002
Chrome Mobile,90.0.4430.82,Asus X01AD,Asus,Blink,[object Object],Chrome Mobile 90.0.4430.82 on Asus X01AD (Android 9),2021-05-06T06:09:36.663Z,歩行,あ,false,127.30000000000001,60.400000000000006,-54.400000000000006,5.9,39.1,27.5,2.4000000000000004,31.400000000000002,24.900000000000002,43.4,0.4,27.800000000000004
Chrome Mobile,90.0.4430.82,Asus X01AD,Asus,Blink,[object Object],Chrome Mobile 90.0.4430.82 on Asus X01AD (Android 9),2021-05-06T06:09:36.864Z,歩行,あ,false,111.30000000000001,114,-30.8,-2.3000000000000003,-2.7,-0.7000000000000001,-0.30000000000000004,-11.200000000000001,2.5,66.60000000000001,96,-172.8
Chrome Mobile,90.0.4430.82,Asus X01AD,Asus,Blink,[object Object],Chrome Mobile 90.0.4430.82 on Asus X01AD (Android 9),2021-05-06T06:09:37.065Z,歩行,あ,false,114.4,123.60000000000001,-31.8,-2,-3.9000000000000004,-0.6000000000000001,0.5,-10.9,3.3000000000000003,-29.900000000000006,38.50000000000001,47.2
Chrome Mobile,90.0.4430.82,Asus X01AD,Asus,Blink,[object Object],Chrome Mobile 90.0.4430.82 on Asus X01AD (Android 9),2021-05-06T06:09:37.265Z,歩行,あ,false,349.8,107.7,87,18.6,22.700000000000003,3.7,16.2,15.3,3.9000000000000004,-250.00000000000003,-26.799999999999997,250.10000000000002
Chrome Mobile,90.0.4430.82,Asus X01AD,Asus,Blink,[object Object],Chrome Mobile 90.0.4430.82 on Asus X01AD (Android 9),2021-05-06T06:09:37.466Z,歩行,あ,false,49.5,94.4,33.7,3.6,0.30000000000000004,7.7,3.2,-9.3,8.3,150.2,31.6,-249.90000000000003
Chrome Mobile,90.0.4430.82,Asus X01AD,Asus,Blink,[object Object],Chrome Mobile 90.0.4430.82 on Asus X01AD (Android 9),2021-05-06T06:09:37.666Z,歩行,あ,false,134.5,117.60000000000001,-43.900000000000006,-1.4000000000000001,-4.5,1.9000000000000001,1.4000000000000001,-12.200000000000001,4.800000000000001,20.2,16.4,23.5
Chrome Mobile,90.0.4430.82,Asus X01AD,Asus,Blink,[object Object],Chrome Mobile 90.0.4430.82 on Asus X01AD (Android 9),2021-05-06T06:09:37.868Z,歩行,あ,false,80.5,107.5,-0.5,0.30000000000000004,-0.4,-0.2,0.4,-7.800000000000001,2.1,-122.79999999999998,-70.8,233.2
Chrome Mobile,90.0.4430.82,Asus X01AD,Asus,Blink,[object Object],Chrome Mobile 90.0.4430.82 on Asus X01AD (Android 9),2021-05-06T06:09:38.069Z,歩行,あ,false,6.7,103.7,75.5,8.700000000000001,16.5,-6.5,6.5,7.1000000000000005,-5.9,158.39999999999998,-40.7,-249.90000000000003
Chrome Mobile,90.0.4430.82,Asus X01AD,Asus,Blink,[object Object],Chrome Mobile 90.0.4430.82 on Asus X01AD (Android 9),2021-05-06T06:09:38.276Z,歩行,あ,false,120.30000000000001,110.2,-38.6,2.3000000000000003,-2.5,2.5,4.3,-10.8,4.9,10.1,16.5,-25.7
Chrome Mobile,90.0.4430.82,Asus X01AD,Asus,Blink,[object Object],Chrome Mobile 90.0.4430.82 on Asus X01AD (Android 9),2021-05-06T06:09:38.476Z,歩行,あ,false,103.4,105.30000000000001,-21.400000000000002,-2.7,-4,-0.2,-2,-11.600000000000001,1.7000000000000002,-42.900000000000006,19.400000000000002,118.10000000000001
Chrome Mobile,90.0.4430.82,Asus X01AD,Asus,Blink,[object Object],Chrome Mobile 90.0.4430.82 on Asus X01AD (Android 9),2021-05-06T06:09:38.677Z,歩行,あ,false,130.8,53.6,-48.7,18.8,39.1,35.9,14.8,31.8,32.4,22.2,61.300000000000004,-29
Chrome Mobile,90.0.4430.82,Asus X01AD,Asus,Blink,[object Object],Chrome Mobile 90.0.4430.82 on Asus X01AD (Android 9),2021-05-06T06:09:38.879Z,歩行,あ,false,124.30000000000001,108.7,-38,-1,-3.4000000000000004,-3.5,0.8,-12.100000000000001,-1.2000000000000002,77.80000000000001,63.70000000000001,-91.6
Chrome Mobile,90.0.4430.82,Asus X01AD,Asus,Blink,[object Object],Chrome Mobile 90.0.4430.82 on Asus X01AD (Android 9),2021-05-06T06:09:39.080Z,歩行,あ,false,117.10000000000001,112.5,-28.200000000000003,-1.7000000000000002,-4.1000000000000005,-1.6,-0.30000000000000004,-11.700000000000001,1.1,-52.80000000000001,37.50000000000001,66
Chrome Mobile,90.0.4430.82,Asus X01AD,Asus,Blink,[object Object],Chrome Mobile 90.0.4430.82 on Asus X01AD (Android 9),2021-05-06T06:09:39.280Z,歩行,あ,false,151.8,58.7,-68.4,20.8,37,9.9,16.900000000000002,30.1,8.3,-179,-1.4,167.40000000000003
Chrome Mobile,90.0.4430.82,Asus X01AD,Asus,Blink,[object Object],Chrome Mobile 90.0.4430.82 on Asus X01AD (Android 9),2021-05-06T06:09:39.481Z,歩行,あ,false,12,95.5,81.7,1.2000000000000002,2.1,7.800000000000001,0.30000000000000004,-7.5,8,196.3,-13.5,-249.90000000000003
Chrome Mobile,90.0.4430.82,Asus X01AD,Asus,Blink,[object Object],Chrome Mobile 90.0.4430.82 on Asus X01AD (Android 9),2021-05-06T06:09:39.682Z,歩行,あ,false,131.6,115.7,-34.6,-0.30000000000000004,-3.7,0.5,1.9000000000000001,-11.600000000000001,3.6,-4.300000000000001,-8.600000000000001,-16
Chrome Mobile,90.0.4430.82,Asus X01AD,Asus,Blink,[object Object],Chrome Mobile 90.0.4430.82 on Asus X01AD (Android 9),2021-05-06T06:09:39.883Z,歩行,あ,false,93.2,105,1.1,-0.30000000000000004,-2.2,-1.6,-0.30000000000000004,-9.700000000000001,0.5,-145.9,-17.6,200.5
Chrome Mobile,90.0.4430.82,Asus X01AD,Asus,Blink,[object Object],Chrome Mobile 90.0.4430.82 on Asus X01AD (Android 9),2021-05-06T06:09:40.083Z,歩行,あ,false,146.5,70.4,-59.1,10.8,25.400000000000002,-0.4,8,16.400000000000002,-2.1,248.3,-41.199999999999996,-132
Chrome Mobile,90.0.4430.82,Asus X01AD,Asus,Blink,[object Object],Chrome Mobile 90.0.4430.82 on Asus X01AD (Android 9),2021-05-06T06:09:40.284Z,歩行,あ,false,123.10000000000001,112,-32.4,-0.2,-3.7,2.1,1.6,-12.100000000000001,4.9,-48.50000000000001,75.9,-21.900000000000002
Chrome Mobile,90.0.4430.82,Asus X01AD,Asus,Blink,[object Object],Chrome Mobile 90.0.4430.82 on Asus X01AD (Android 9),2021-05-06T06:09:40.485Z,歩行,あ,false,116.60000000000001,106.9,-25.6,-2.5,-3.8000000000000003,0.6000000000000001,-1.5,-11.4,2.7,-67.60000000000001,39.699999999999996,109.39999999999999
Chrome Mobile,90.0.4430.82,Asus X01AD,Asus,Blink,[object Object],Chrome Mobile 90.0.4430.82 on Asus X01AD (Android 9),2021-05-06T06:09:40.685Z,歩行,あ,false,130.8,58.6,-34.5,10.100000000000001,39.1,31.3,6.2,31.6,24.200000000000003,-12.100000000000001,63.900000000000006,6.1000000000000005
Chrome Mobile,90.0.4430.82,Asus X01AD,Asus,Blink,[object Object],Chrome Mobile 90.0.4430.82 on Asus X01AD (Android 9),2021-05-06T06:09:40.887Z,歩行,あ,false,135.4,104.7,-39.1,-1.9000000000000001,-2.9000000000000004,6.5,-0.4,-11.9,8.3,108,43.4,-120.4
Chrome Mobile,90.0.4430.82,Asus X01AD,Asus,Blink,[object Object],Chrome Mobile 90.0.4430.82 on Asus X01AD (Android 9),2021-05-06T06:09:41.087Z,歩行,あ,false,122.2,116.2,-30.8,-0.5,-4.4,-0.4,1.3,-11.8,2.7,-14.800000000000002,24,38.800000000000004
Chrome Mobile,90.0.4430.82,Asus X01AD,Asus,Blink,[object Object],Chrome Mobile 90.0.4430.82 on Asus X01AD (Android 9),2021-05-06T06:09:41.294Z,歩行,あ,false,164.70000000000002,71.10000000000001,-76,18.8,24.900000000000002,7.800000000000001,16.3,17.5,7.2,-192.50000000000003,-170.1,250.10000000000002
Chrome Mobile,90.0.4430.82,Asus X01AD,Asus,Blink,[object Object],Chrome Mobile 90.0.4430.82 on Asus X01AD (Android 9),2021-05-06T06:09:41.499Z,歩行,あ,false,39.400000000000006,94.80000000000001,49,2.7,2.9000000000000004,6.2,3.2,-5.1000000000000005,6.6000000000000005,164.5,-51.4,-249.90000000000003
Chrome Mobile,90.0.4430.82,Asus X01AD,Asus,Blink,[object Object],Chrome Mobile 90.0.4430.82 on Asus X01AD (Android 9),2021-05-06T06:09:41.700Z,歩行,あ,false,138.9,119.4,-48.400000000000006,-1.2000000000000002,-3.3000000000000003,-2.5,2.1,-11,0.4,50.2,-10.600000000000001,-12.8
Chrome Mobile,90.0.4430.82,Asus X01AD,Asus,Blink,[object Object],Chrome Mobile 90.0.4430.82 on Asus X01AD (Android 9),2021-05-06T06:09:41.901Z,歩行,あ,false,104.4,101.9,-11.5,0.6000000000000001,0,-2,1,-7.6000000000000005,-0.4,-166.3,-6.699999999999999,206.89999999999998
Chrome Mobile,90.0.4430.82,Asus X01AD,Asus,Blink,[object Object],Chrome Mobile 90.0.4430.82 on Asus X01AD (Android 9),2021-05-06T06:09:42.102Z,歩行,あ,false,144.6,68.10000000000001,-52,15.600000000000001,31.3,-1.1,12.8,22.3,-3.3000000000000003,248.5,-37.400000000000006,-78.7
Chrome Mobile,90.0.4430.82,Asus X01AD,Asus,Blink,[object Object],Chrome Mobile 90.0.4430.82 on Asus X01AD (Android 9),2021-05-06T06:09:42.304Z,歩行,あ,false,129.9,110.30000000000001,-39.800000000000004,0.30000000000000004,-2.8000000000000003,-0.9,2.4000000000000004,-11.5,1.6,91.90000000000002,-56.10000000000001,-103.89999999999999
Chrome Mobile,90.0.4430.82,Asus X01AD,Asus,Blink,[object Object],Chrome Mobile 90.0.4430.82 on Asus X01AD (Android 9),2021-05-06T06:09:42.505Z,歩行,あ,false,122,114.4,-34.1,-1.2000000000000002,-5.1000000000000005,-1.6,0.7000000000000001,-12.600000000000001,1.2000000000000002,-35.4,1.4,101.10000000000001
Chrome Mobile,90.0.4430.82,Asus X01AD,Asus,Blink,[object Object],Chrome Mobile 90.0.4430.82 on Asus X01AD (Android 9),2021-05-06T06:09:42.705Z,歩行,あ,false,133.6,61.2,-45.800000000000004,6.1000000000000005,39.1,23.400000000000002,3.1,31.400000000000002,20.5,-246.8,73.4,21.900000000000002
Chrome Mobile,90.0.4430.82,Asus X01AD,Asus,Blink,[object Object],Chrome Mobile 90.0.4430.82 on Asus X01AD (Android 9),2021-05-06T06:09:42.906Z,歩行,あ,false,126.30000000000001,104,-32.7,-0.1,-1.3,-1.5,1.2000000000000002,-10.700000000000001,0.5,75.1,61.8,-187.50000000000003
Chrome Mobile,90.0.4430.82,Asus X01AD,Asus,Blink,[object Object],Chrome Mobile 90.0.4430.82 on Asus X01AD (Android 9),2021-05-06T06:09:43.106Z,歩行,あ,false,130.70000000000002,121.7,-37.6,-1.6,-5.9,-0.7000000000000001,1.1,-13.200000000000001,2.9000000000000004,48.9,-37.7,25.8
Chrome Mobile,90.0.4430.82,Asus X01AD,Asus,Blink,[object Object],Chrome Mobile 90.0.4430.82 on Asus X01AD (Android 9),2021-05-06T06:09:43.307Z,歩行,あ,false,52.300000000000004,97.30000000000001,38.6,9.1,9.4,4.3,8.5,1.7000000000000002,5.1000000000000005,-250.00000000000003,3.4,180.9
Chrome Mobile,90.0.4430.82,Asus X01AD,Asus,Blink,[object Object],Chrome Mobile 90.0.4430.82 on Asus X01AD (Android 9),2021-05-06T06:09:43.508Z,歩行,あ,false,143.5,79.60000000000001,-51.5,7.5,16.1,5.7,6.1000000000000005,6.300000000000001,4.6000000000000005,135.5,52.2,-249.90000000000003
Chrome Mobile,90.0.4430.82,Asus X01AD,Asus,Blink,[object Object],Chrome Mobile 90.0.4430.82 on Asus X01AD (Android 9),2021-05-06T06:09:43.709Z,歩行,あ,false,138.5,118.9,-42.2,-1.6,-3.9000000000000004,1.1,1.4000000000000001,-11.9,4.3,96,-31.2,-17.200000000000003
Chrome Mobile,90.0.4430.82,Asus X01AD,Asus,Blink,[object Object],Chrome Mobile 90.0.4430.82 on Asus X01AD (Android 9),2021-05-06T06:09:43.910Z,歩行,あ,false,117.9,117.80000000000001,-27.700000000000003,-1.8,-4.4,-0.2,-0.1,-11.600000000000001,3.4000000000000004,-64,15.000000000000002,131.2
Chrome Mobile,90.0.4430.82,Asus X01AD,Asus,Blink,[object Object],Chrome Mobile 90.0.4430.82 on Asus X01AD (Android 9),2021-05-06T06:09:44.110Z,歩行,あ,false,138.6,62.300000000000004,-51.1,4.5,39.1,26.200000000000003,1.3,31.200000000000003,23.6,-247.7,88.4,12.200000000000001
Chrome Mobile,90.0.4430.82,Asus X01AD,Asus,Blink,[object Object],Chrome Mobile 90.0.4430.82 on Asus X01AD (Android 9),2021-05-06T06:09:44.311Z,歩行,あ,false,128.70000000000002,107.60000000000001,-37.6,-0.7000000000000001,0,-4.3,1.1,-9.3,-2,178.50000000000003,30.699999999999996,-163.80000000000004
Chrome Mobile,90.0.4430.82,Asus X01AD,Asus,Blink,[object Object],Chrome Mobile 90.0.4430.82 on Asus X01AD (Android 9),2021-05-06T06:09:44.512Z,歩行,あ,false,131.9,124.9,-44.900000000000006,2.3000000000000003,-3.7,1.7000000000000002,5.800000000000001,-10.8,5.2,-12,-31.099999999999998,3.6000000000000005
Chrome Mobile,90.0.4430.82,Asus X01AD,Asus,Blink,[object Object],Chrome Mobile 90.0.4430.82 on Asus X01AD (Android 9),2021-05-06T06:09:44.713Z,歩行,あ,false,86.2,96.2,0.30000000000000004,4.1000000000000005,7,2.1,4.1000000000000005,-0.8,2.9000000000000004,-228.10000000000002,-46.6,250.10000000000002
Chrome Mobile,90.0.4430.82,Asus X01AD,Asus,Blink,[object Object],Chrome Mobile 90.0.4430.82 on Asus X01AD (Android 9),2021-05-06T06:09:44.914Z,歩行,あ,false,150,80.30000000000001,-62.1,4.2,13,11,2.7,3.2,10.200000000000001,8.4,71.19999999999999,-249.5
Chrome Mobile,90.0.4430.82,Asus X01AD,Asus,Blink,[object Object],Chrome Mobile 90.0.4430.82 on Asus X01AD (Android 9),2021-05-06T06:09:45.114Z,歩行,あ,false,143.3,116.5,-46.800000000000004,-1.6,-4.2,0.8,2.2,-12.100000000000001,2.9000000000000004,109.00000000000001,-33.1,-35
Chrome Mobile,90.0.4430.82,Asus X01AD,Asus,Blink,[object Object],Chrome Mobile 90.0.4430.82 on Asus X01AD (Android 9),2021-05-06T06:09:45.315Z,歩行,あ,false,122.60000000000001,114.2,-29.400000000000002,-1.6,-5.300000000000001,-1.8,0,-12.8,1.1,-58.900000000000006,-22.6,132.70000000000002
Chrome Mobile,90.0.4430.82,Asus X01AD,Asus,Blink,[object Object],Chrome Mobile 90.0.4430.82 on Asus X01AD (Android 9),2021-05-06T06:09:45.516Z,歩行,あ,false,130.6,59,-44,6.7,39.1,30.8,3.5,31.400000000000002,27.5,-136.2,87.2,69.3
Chrome Mobile,90.0.4430.82,Asus X01AD,Asus,Blink,[object Object],Chrome Mobile 90.0.4430.82 on Asus X01AD (Android 9),2021-05-06T06:09:45.716Z,歩行,あ,false,138.20000000000002,108,-45.900000000000006,-2,-0.4,-4.6000000000000005,0.1,-9.5,-2.5,127.19999999999999,18.1,-115.7
Chrome Mobile,90.0.4430.82,Asus X01AD,Asus,Blink,[object Object],Chrome Mobile 90.0.4430.82 on Asus X01AD (Android 9),2021-05-06T06:09:45.918Z,歩行,あ,false,129.1,119,-39.1,-1.1,-4.6000000000000005,-0.1,1.5,-12.100000000000001,3.1,-1.3,40.2,35.2
Chrome Mobile,90.0.4430.82,Asus X01AD,Asus,Blink,[object Object],Chrome Mobile 90.0.4430.82 on Asus X01AD (Android 9),2021-05-06T06:09:46.119Z,歩行,あ,false,4,105.80000000000001,86.2,17.3,14.8,11.600000000000001,15.200000000000001,7.300000000000001,11.700000000000001,-249.90000000000003,-10,250.10000000000002
Chrome Mobile,90.0.4430.82,Asus X01AD,Asus,Blink,[object Object],Chrome Mobile 90.0.4430.82 on Asus X01AD (Android 9),2021-05-06T06:09:46.320Z,歩行,あ,false,147.1,76.7,-34.6,0.9,4.4,15.100000000000001,-0.4,-5.300000000000001,13.200000000000001,205,75.3,-249.6
Chrome Mobile,90.0.4430.82,Asus X01AD,Asus,Blink,[object Object],Chrome Mobile 90.0.4430.82 on Asus X01AD (Android 9),2021-05-06T06:09:46.520Z,歩行,あ,false,160.70000000000002,113.9,-41.1,-1.4000000000000001,-2.7,-0.2,1,-11.100000000000001,2.5,83.70000000000002,-8.4,-12.4
Chrome Mobile,90.0.4430.82,Asus X01AD,Asus,Blink,[object Object],Chrome Mobile 90.0.4430.82 on Asus X01AD (Android 9),2021-05-06T06:09:46.721Z,歩行,あ,false,144.1,106.30000000000001,-28.5,-0.9,-4.4,0.1,0.2,-12.200000000000001,2.1,-93.00000000000001,-13.700000000000001,143.2
Chrome Mobile,90.0.4430.82,Asus X01AD,Asus,Blink,[object Object],Chrome Mobile 90.0.4430.82 on Asus X01AD (Android 9),2021-05-06T06:09:46.922Z,歩行,あ,false,142,55,-28.5,-8.8,39.1,39,-11.3,31.700000000000003,34.4,-219.5,83.89999999999999,-23.800000000000004
Chrome Mobile,90.0.4430.82,Asus X01AD,Asus,Blink,[object Object],Chrome Mobile 90.0.4430.82 on Asus X01AD (Android 9),2021-05-06T06:09:47.124Z,歩行,あ,false,143.20000000000002,102.7,-25.5,2.9000000000000004,-1.2000000000000002,-3.6,3.8000000000000003,-10.700000000000001,-1.6,166.5,47.7,-105.10000000000001
Chrome Mobile,90.0.4430.82,Asus X01AD,Asus,Blink,[object Object],Chrome Mobile 90.0.4430.82 on Asus X01AD (Android 9),2021-05-06T06:09:47.335Z,歩行,あ,false,148.70000000000002,117.30000000000001,-31.8,-1.8,-4.2,-1.2000000000000002,0.30000000000000004,-12,2.3000000000000003,6.1000000000000005,-9.600000000000001,28.200000000000003
Chrome Mobile,90.0.4430.82,Asus X01AD,Asus,Blink,[object Object],Chrome Mobile 90.0.4430.82 on Asus X01AD (Android 9),2021-05-06T06:09:47.536Z,歩行,あ,false,174.20000000000002,72.2,-61.800000000000004,15.600000000000001,14,9.3,13.5,6.4,8.200000000000001,-250.00000000000003,-178.50000000000003,250.00000000000003
Chrome Mobile,90.0.4430.82,Asus X01AD,Asus,Blink,[object Object],Chrome Mobile 90.0.4430.82 on Asus X01AD (Android 9),2021-05-06T06:09:47.736Z,歩行,あ,false,148.1,80.80000000000001,-35,-2.5,0.5,15.9,-3.4000000000000004,-9.4,14.600000000000001,222,48.9,-249.90000000000003
Chrome Mobile,90.0.4430.82,Asus X01AD,Asus,Blink,[object Object],Chrome Mobile 90.0.4430.82 on Asus X01AD (Android 9),2021-05-06T06:09:47.937Z,歩行,あ,false,144,112.4,-31,1.3,-2.7,0.5,3.1,-11.100000000000001,3.5,56.10000000000001,-21.6,32.300000000000004
Chrome Mobile,90.0.4430.82,Asus X01AD,Asus,Blink,[object Object],Chrome Mobile 90.0.4430.82 on Asus X01AD (Android 9),2021-05-06T06:09:48.138Z,歩行,あ,false,116.60000000000001,104,-5.6000000000000005,-1.3,-2.5,-0.30000000000000004,-1.1,-10.4,1.7000000000000002,-106.4,-56.9,103.3
Chrome Mobile,90.0.4430.82,Asus X01AD,Asus,Blink,[object Object],Chrome Mobile 90.0.4430.82 on Asus X01AD (Android 9),2021-05-06T06:09:48.338Z,歩行,あ,false,149.1,64.3,-41.800000000000004,21.1,36.800000000000004,8.9,18.3,28,5.7,250.00000000000003,-13.6,-0.30000000000000004
Chrome Mobile,90.0.4430.82,Asus X01AD,Asus,Blink,[object Object],Chrome Mobile 90.0.4430.82 on Asus X01AD (Android 9),2021-05-06T06:09:48.539Z,歩行,あ,false,153.8,111.2,-45.7,-1,-2.7,3.9000000000000004,1.4000000000000001,-11.5,6.300000000000001,29.400000000000002,55,-61.10000000000001
Chrome Mobile,90.0.4430.82,Asus X01AD,Asus,Blink,[object Object],Chrome Mobile 90.0.4430.82 on Asus X01AD (Android 9),2021-05-06T06:09:48.740Z,歩行,あ,false,134.70000000000002,115,-26,-1.8,-4.2,-2.6,-0.30000000000000004,-11.9,0.6000000000000001,-42.800000000000004,16.4,81.8
Chrome Mobile,90.0.4430.82,Asus X01AD,Asus,Blink,[object Object],Chrome Mobile 90.0.4430.82 on Asus X01AD (Android 9),2021-05-06T06:09:48.941Z,歩行,あ,false,165.60000000000002,63.1,-57.300000000000004,10.4,39.1,13.3,7.2,31.6,11.200000000000001,-250.00000000000003,-1.1,31.7
Chrome Mobile,90.0.4430.82,Asus X01AD,Asus,Blink,[object Object],Chrome Mobile 90.0.4430.82 on Asus X01AD (Android 9),2021-05-06T06:09:49.141Z,歩行,あ,false,147.9,99.5,-38.1,0.8,-3.1,2,1.7000000000000002,-12.8,3.2,250.00000000000003,-54.6,-206.10000000000002
Chrome Mobile,90.0.4430.82,Asus X01AD,Asus,Blink,[object Object],Chrome Mobile 90.0.4430.82 on Asus X01AD (Android 9),2021-05-06T06:09:49.343Z,歩行,あ,false,147.1,123.4,-37.1,-1.5,-4.800000000000001,-0.30000000000000004,1.6,-12,3.4000000000000004,0,30.799999999999997,31.2
Chrome Mobile,90.0.4430.82,Asus X01AD,Asus,Blink,[object Object],Chrome Mobile 90.0.4430.82 on Asus X01AD (Android 9),2021-05-06T06:09:49.546Z,歩行,あ,false,75.10000000000001,101.2,31,3.5,0.7000000000000001,-2.4000000000000004,2.7,-6.9,-1.1,-250.00000000000003,19.300000000000004,249.90000000000003
Chrome Mobile,90.0.4430.82,Asus X01AD,Asus,Blink,[object Object],Chrome Mobile 90.0.4430.82 on Asus X01AD (Android 9),2021-05-06T06:09:49.747Z,歩行,あ,false,177.60000000000002,72.9,-63.6,15.100000000000001,17.1,4.5,12.5,7.5,3.2,156.10000000000002,23.700000000000003,-249.90000000000003
Chrome Mobile,90.0.4430.82,Asus X01AD,Asus,Blink,[object Object],Chrome Mobile 90.0.4430.82 on Asus X01AD (Android 9),2021-05-06T06:09:49.948Z,歩行,あ,false,158.3,121.30000000000001,-41.5,-3.5,-5.1000000000000005,1,-0.4,-12.9,4.5,43.70000000000001,32.5,-50
Chrome Mobile,90.0.4430.82,Asus X01AD,Asus,Blink,[object Object],Chrome Mobile 90.0.4430.82 on Asus X01AD (Android 9),2021-05-06T06:09:50.148Z,歩行,あ,false,137.6,115.4,-24.5,-1.9000000000000001,-6.9,1.7000000000000002,-0.4,-14.200000000000001,4.9,-34.60000000000001,-65.3,206.3
Chrome Mobile,90.0.4430.82,Asus X01AD,Asus,Blink,[object Object],Chrome Mobile 90.0.4430.82 on Asus X01AD (Android 9),2021-05-06T06:09:50.349Z,歩行,あ,false,160.10000000000002,61.6,-52,9,39.1,29.5,5.6000000000000005,31.1,26.8,-65.7,71,40.5
Chrome Mobile,90.0.4430.82,Asus X01AD,Asus,Blink,[object Object],Chrome Mobile 90.0.4430.82 on Asus X01AD (Android 9),2021-05-06T06:09:50.549Z,歩行,あ,false,152.5,112.4,-36.9,-1.3,-2.4000000000000004,-0.9,0.9,-11.200000000000001,2,115.39999999999999,59.699999999999996,-115.39999999999999
Chrome Mobile,90.0.4430.82,Asus X01AD,Asus,Blink,[object Object],Chrome Mobile 90.0.4430.82 on Asus X01AD (Android 9),2021-05-06T06:09:50.751Z,歩行,あ,false,141.5,120.4,-23.8,-2.5,-4.9,-1.7000000000000002,-0.7000000000000001,-12.100000000000001,2.2,-55.8,52.300000000000004,88.3
Chrome Mobile,90.0.4430.82,Asus X01AD,Asus,Blink,[object Object],Chrome Mobile 90.0.4430.82 on Asus X01AD (Android 9),2021-05-06T06:09:50.953Z,歩行,あ,false,181.8,65.3,-70.3,15.700000000000001,39.1,8.3,12.4,31.6,7.1000000000000005,-250.00000000000003,97.8,78.80000000000001
Chrome Mobile,90.0.4430.82,Asus X01AD,Asus,Blink,[object Object],Chrome Mobile 90.0.4430.82 on Asus X01AD (Android 9),2021-05-06T06:09:51.154Z,歩行,あ,false,114.80000000000001,100.10000000000001,4.800000000000001,-0.7000000000000001,-0.9,3.7,-0.9,-10.3,5.300000000000001,133.50000000000003,23.5,-163.10000000000002
Chrome Mobile,90.0.4430.82,Asus X01AD,Asus,Blink,[object Object],Chrome Mobile 90.0.4430.82 on Asus X01AD (Android 9),2021-05-06T06:09:51.355Z,歩行,あ,false,141.5,116.80000000000001,-25.700000000000003,-1.1,-3.9000000000000004,-0.5,0.6000000000000001,-11.600000000000001,3,18.900000000000002,6.4,16.8
Chrome Mobile,90.0.4430.82,Asus X01AD,Asus,Blink,[object Object],Chrome Mobile 90.0.4430.82 on Asus X01AD (Android 9),2021-05-06T06:09:51.555Z,歩行,あ,false,57.800000000000004,104.2,54.1,5.7,9.3,1.2000000000000002,4.2,1.8,2.3000000000000003,-171.10000000000002,-45,250.10000000000002
Chrome Mobile,90.0.4430.82,Asus X01AD,Asus,Blink,[object Object],Chrome Mobile 90.0.4430.82 on Asus X01AD (Android 9),2021-05-06T06:09:51.756Z,歩行,あ,false,203.9,79,-87.5,5.800000000000001,11.8,7.6000000000000005,3.9000000000000004,2.1,7.5,161.70000000000002,1.5,-249.4
Chrome Mobile,90.0.4430.82,Asus X01AD,Asus,Blink,[object Object],Chrome Mobile 90.0.4430.82 on Asus X01AD (Android 9),2021-05-06T06:09:51.958Z,歩行,あ,false,149.9,117.5,-31.8,0.30000000000000004,-4.4,-1.7000000000000002,2.5,-12.3,1.8,88.9,-32.2,-3.4
Chrome Mobile,90.0.4430.82,Asus X01AD,Asus,Blink,[object Object],Chrome Mobile 90.0.4430.82 on Asus X01AD (Android 9),2021-05-06T06:09:52.159Z,歩行,あ,false,118.4,110.9,-1.2000000000000002,0.5,-5,3.2,0.6000000000000001,-12.3,6,-86.00000000000001,-31.799999999999997,150.00000000000003
Chrome Mobile,90.0.4430.82,Asus X01AD,Asus,Blink,[object Object],Chrome Mobile 90.0.4430.82 on Asus X01AD (Android 9),2021-05-06T06:09:52.360Z,歩行,あ,false,185.5,65,-69.4,18.6,39.1,10.8,15,30.8,9.5,246.70000000000002,53.8,2.5
Chrome Mobile,90.0.4430.82,Asus X01AD,Asus,Blink,[object Object],Chrome Mobile 90.0.4430.82 on Asus X01AD (Android 9),2021-05-06T06:09:52.561Z,歩行,あ,false,152.20000000000002,115.2,-27.400000000000002,-2.3000000000000003,-3.5,2,-0.5,-11.8,5.4,5.500000000000001,109.00000000000001,-82.7
Chrome Mobile,90.0.4430.82,Asus X01AD,Asus,Blink,[object Object],Chrome Mobile 90.0.4430.82 on Asus X01AD (Android 9),2021-05-06T06:09:52.761Z,歩行,あ,false,138,119.80000000000001,-10.3,-2.6,-4.2,-0.9,-1.9000000000000001,-11.3,3.1,-56.6,29,80.9
Chrome Mobile,90.0.4430.82,Asus X01AD,Asus,Blink,[object Object],Chrome Mobile 90.0.4430.82 on Asus X01AD (Android 9),2021-05-06T06:09:52.963Z,歩行,あ,false,28.400000000000002,118.30000000000001,84,21.200000000000003,39.1,1.9000000000000001,17.3,31.8,2.3000000000000003,-250.00000000000003,149.79999999999998,89.30000000000001
Chrome Mobile,90.0.4430.82,Asus X01AD,Asus,Blink,[object Object],Chrome Mobile 90.0.4430.82 on Asus X01AD (Android 9),2021-05-06T06:09:53.164Z,歩行,あ,false,125.60000000000001,105.4,-6.6000000000000005,1.5,-0.8,4.7,1.8,-10,7.2,137.20000000000002,-36.1,-249.90000000000003
Chrome Mobile,90.0.4430.82,Asus X01AD,Asus,Blink,[object Object],Chrome Mobile 90.0.4430.82 on Asus X01AD (Android 9),2021-05-06T06:09:53.370Z,歩行,あ,false,153,125.30000000000001,-30.1,-1.3,-4.3,-1.4000000000000001,1.1,-11.200000000000001,2.9000000000000004,42.5,0.6000000000000001,26.799999999999997
Chrome Mobile,90.0.4430.82,Asus X01AD,Asus,Blink,[object Object],Chrome Mobile 90.0.4430.82 on Asus X01AD (Android 9),2021-05-06T06:09:53.571Z,歩行,あ,false,91.4,111.7,16.400000000000002,11.3,16.3,-5,10.5,9.200000000000001,-2.3000000000000003,-107.10000000000001,-14.800000000000002,249.7
Chrome Mobile,90.0.4430.82,Asus X01AD,Asus,Blink,[object Object],Chrome Mobile 90.0.4430.82 on Asus X01AD (Android 9),2021-05-06T06:09:53.772Z,歩行,あ,false,62.900000000000006,99.30000000000001,50.300000000000004,7.7,16.3,0.6000000000000001,6.5,6.800000000000001,1.6,107.5,35,-249.90000000000003
Chrome Mobile,90.0.4430.82,Asus X01AD,Asus,Blink,[object Object],Chrome Mobile 90.0.4430.82 on Asus X01AD (Android 9),2021-05-06T06:09:53.973Z,歩行,あ,false,163.4,125.4,-43.1,-1.4000000000000001,-4.6000000000000005,3.7,2.1,-11.8,7.4,61,-17,-66.7
Chrome Mobile,90.0.4430.82,Asus X01AD,Asus,Blink,[object Object],Chrome Mobile 90.0.4430.82 on Asus X01AD (Android 9),2021-05-06T06:09:54.174Z,歩行,あ,false,145.3,126.60000000000001,-28.200000000000003,-0.1,-2.6,0.1,2.1,-8.9,4.3,-100.2,-8.4,160.20000000000002
Chrome Mobile,90.0.4430.82,Asus X01AD,Asus,Blink,[object Object],Chrome Mobile 90.0.4430.82 on Asus X01AD (Android 9),2021-05-06T06:09:54.375Z,歩行,あ,false,176.9,76.10000000000001,-65.3,3.2,39.1,18.7,1.3,30.3,17.8,25.6,88.9,-16.700000000000003
Chrome Mobile,90.0.4430.82,Asus X01AD,Asus,Blink,[object Object],Chrome Mobile 90.0.4430.82 on Asus X01AD (Android 9),2021-05-06T06:09:54.582Z,歩行,あ,false,169.10000000000002,123.5,-43.800000000000004,-0.9,-3.4000000000000004,-1.8,2.6,-11.100000000000001,1.9000000000000001,39.699999999999996,66.80000000000001,-126.30000000000001
Chrome Mobile,90.0.4430.82,Asus X01AD,Asus,Blink,[object Object],Chrome Mobile 90.0.4430.82 on Asus X01AD (Android 9),2021-05-06T06:09:54.784Z,歩行,あ,false,163.5,131.4,-37.5,-3.7,-5.6000000000000005,-2.2,-0.30000000000000004,-11.9,2.1,-29,-4,107.5
Chrome Mobile,90.0.4430.82,Asus X01AD,Asus,Blink,[object Object],Chrome Mobile 90.0.4430.82 on Asus X01AD (Android 9),2021-05-06T06:09:54.985Z,歩行,あ,false,189.10000000000002,72.2,-81.80000000000001,12.9,39,6.9,10.4,31.1,6.5,-250.00000000000003,-21.7,189.8
Chrome Mobile,90.0.4430.82,Asus X01AD,Asus,Blink,[object Object],Chrome Mobile 90.0.4430.82 on Asus X01AD (Android 9),2021-05-06T06:09:55.186Z,歩行,あ,false,153.60000000000002,103,-39,4.800000000000001,2.2,5.6000000000000005,6.2,-7.300000000000001,7.300000000000001,201.70000000000002,19.6,-249.90000000000003
Chrome Mobile,90.0.4430.82,Asus X01AD,Asus,Blink,[object Object],Chrome Mobile 90.0.4430.82 on Asus X01AD (Android 9),2021-05-06T06:09:55.386Z,歩行,あ,false,167.60000000000002,132.9,-46,-2.6,-4.800000000000001,1,1.7000000000000002,-11.200000000000001,5.1000000000000005,4.7,25.6,14.900000000000002
Chrome Mobile,90.0.4430.82,Asus X01AD,Asus,Blink,[object Object],Chrome Mobile 90.0.4430.82 on Asus X01AD (Android 9),2021-05-06T06:09:55.587Z,歩行,あ,false,144.70000000000002,108,-28.6,1.3,5.1000000000000005,-0.1,2.5,-2.4000000000000004,2,-201.29999999999998,-40.300000000000004,248.7
Chrome Mobile,90.0.4430.82,Asus X01AD,Asus,Blink,[object Object],Chrome Mobile 90.0.4430.82 on Asus X01AD (Android 9),2021-05-06T06:09:55.788Z,歩行,あ,false,202.20000000000002,81.10000000000001,-83.30000000000001,10.8,25,-1.6,9.3,15.200000000000001,-1.8,183.10000000000002,26.400000000000006,-147.4
Chrome Mobile,90.0.4430.82,Asus X01AD,Asus,Blink,[object Object],Chrome Mobile 90.0.4430.82 on Asus X01AD (Android 9),2021-05-06T06:09:55.989Z,歩行,あ,false,164,123.2,-43.7,-2.2,-5.2,2.7,1.1,-13.100000000000001,6.2,107.5,-38,-94.80000000000001
Chrome Mobile,90.0.4430.82,Asus X01AD,Asus,Blink,[object Object],Chrome Mobile 90.0.4430.82 on Asus X01AD (Android 9),2021-05-06T06:09:56.190Z,歩行,あ,false,154.3,122.9,-34.1,-3.4000000000000004,-6.300000000000001,-2.5,-0.9,-13.200000000000001,1.3,-82.50000000000001,11.6,160
Chrome Mobile,90.0.4430.82,Asus X01AD,Asus,Blink,[object Object],Chrome Mobile 90.0.4430.82 on Asus X01AD (Android 9),2021-05-06T06:09:56.391Z,歩行,あ,false,158.70000000000002,68,-49.2,5.800000000000001,39.1,25.900000000000002,3.2,30.700000000000003,23.700000000000003,-92.3,67.00000000000001,21.900000000000002
Chrome Mobile,90.0.4430.82,Asus X01AD,Asus,Blink,[object Object],Chrome Mobile 90.0.4430.82 on Asus X01AD (Android 9),2021-05-06T06:09:56.591Z,歩行,あ,false,162.20000000000002,116.2,-46.800000000000004,-1.2000000000000002,-2.8000000000000003,-1.5,1.9000000000000001,-11.4,1.5,154.8,32.2,-157.20000000000002
Chrome Mobile,90.0.4430.82,Asus X01AD,Asus,Blink,[object Object],Chrome Mobile 90.0.4430.82 on Asus X01AD (Android 9),2021-05-06T06:09:56.792Z,歩行,あ,false,160.20000000000002,129.20000000000002,-41,-1.8,-3.8000000000000003,-1.1,1.8,-10.5,3.1,-21.500000000000004,38.300000000000004,23.400000000000002
Chrome Mobile,90.0.4430.82,Asus X01AD,Asus,Blink,[object Object],Chrome Mobile 90.0.4430.82 on Asus X01AD (Android 9),2021-05-06T06:09:56.993Z,歩行,あ,false,142.5,98.60000000000001,-29.700000000000003,12.9,15.3,9,13.5,7.300000000000001,10,-248.1,-50.8,249.10000000000002
Chrome Mobile,90.0.4430.82,Asus X01AD,Asus,Blink,[object Object],Chrome Mobile 90.0.4430.82 on Asus X01AD (Android 9),2021-05-06T06:09:57.194Z,歩行,あ,false,124.5,93.10000000000001,-8.9,6.800000000000001,12.600000000000001,4.1000000000000005,7.800000000000001,6.7,2.5,154.8,0.9000000000000001,-249.90000000000003
Chrome Mobile,90.0.4430.82,Asus X01AD,Asus,Blink,[object Object],Chrome Mobile 90.0.4430.82 on Asus X01AD (Android 9),2021-05-06T06:09:57.394Z,歩行,あ,false,176.60000000000002,129.3,-54.6,-2.5,-5.300000000000001,0.1,2.3000000000000003,-12.3,3.4000000000000004,65,30.9,-52.5
Chrome Mobile,90.0.4430.82,Asus X01AD,Asus,Blink,[object Object],Chrome Mobile 90.0.4430.82 on Asus X01AD (Android 9),2021-05-06T06:09:57.595Z,歩行,あ,false,168.5,113.9,-36.300000000000004,0.8,-3,-0.9,2.8000000000000003,-10.5,1.8,-134.3,-7.699999999999999,179
Chrome Mobile,90.0.4430.82,Asus X01AD,Asus,Blink,[object Object],Chrome Mobile 90.0.4430.82 on Asus X01AD (Android 9),2021-05-06T06:09:57.796Z,歩行,あ,false,168.70000000000002,67.5,-40.300000000000004,9.9,39.1,17.6,7.6000000000000005,30.3,14.9,172.70000000000002,25.1,-22.2
Chrome Mobile,90.0.4430.82,Asus X01AD,Asus,Blink,[object Object],Chrome Mobile 90.0.4430.82 on Asus X01AD (Android 9),2021-05-06T06:09:57.997Z,歩行,あ,false,176.70000000000002,116.10000000000001,-47.800000000000004,-0.8,-1.8,0.2,2.3000000000000003,-10.4,3,23,93.8,-104.50000000000001
Chrome Mobile,90.0.4430.82,Asus X01AD,Asus,Blink,[object Object],Chrome Mobile 90.0.4430.82 on Asus X01AD (Android 9),2021-05-06T06:09:58.197Z,歩行,あ,false,166.60000000000002,123.4,-38.5,-2.4000000000000004,-4.7,0.6000000000000001,0.6000000000000001,-11.9,4.4,12.100000000000001,-7.300000000000001,80.9
Chrome Mobile,90.0.4430.82,Asus X01AD,Asus,Blink,[object Object],Chrome Mobile 90.0.4430.82 on Asus X01AD (Android 9),2021-05-06T06:09:58.398Z,歩行,あ,false,33.7,103.9,81.9,13.9,35.2,0.7000000000000001,11.9,26.900000000000002,1,-249.7,-19.1,181.70000000000002
Chrome Mobile,90.0.4430.82,Asus X01AD,Asus,Blink,[object Object],Chrome Mobile 90.0.4430.82 on Asus X01AD (Android 9),2021-05-06T06:09:58.599Z,歩行,あ,false,164.20000000000002,102.7,-46.400000000000006,2.2,1.3,5.6000000000000005,3.8000000000000003,-8.3,7.1000000000000005,160.3,1.6,-249.10000000000002
Chrome Mobile,90.0.4430.82,Asus X01AD,Asus,Blink,[object Object],Chrome Mobile 90.0.4430.82 on Asus X01AD (Android 9),2021-05-06T06:09:58.801Z,歩行,あ,false,166.60000000000002,128.20000000000002,-44.7,-0.6000000000000001,-3.2,0,3.3000000000000003,-10.200000000000001,4,-1.4,22.1,41
Chrome Mobile,90.0.4430.82,Asus X01AD,Asus,Blink,[object Object],Chrome Mobile 90.0.4430.82 on Asus X01AD (Android 9),2021-05-06T06:09:59.001Z,歩行,あ,false,118.60000000000001,100,2.3000000000000003,2.7,0.8,2.9000000000000004,2.6,-7.2,4.3,-250.00000000000003,38.800000000000004,249.7
Chrome Mobile,90.0.4430.82,Asus X01AD,Asus,Blink,[object Object],Chrome Mobile 90.0.4430.82 on Asus X01AD (Android 9),2021-05-06T06:09:59.202Z,歩行,あ,false,166.60000000000002,34.1,-25.3,5.7,8.200000000000001,24,2.6,2.8000000000000003,17.3,-184.6,48.2,192.8
Chrome Mobile,90.0.4430.82,Asus X01AD,Asus,Blink,[object Object],Chrome Mobile 90.0.4430.82 on Asus X01AD (Android 9),2021-05-06T06:09:59.407Z,歩行,あ,false,180.3,37.300000000000004,-17.3,2.5,1.9000000000000001,7.300000000000001,0.2,-3.8000000000000003,0.2,64.9,47.900000000000006,19.799999999999997
Chrome Mobile,90.0.4430.82,Asus X01AD,Asus,Blink,[object Object],Chrome Mobile 90.0.4430.82 on Asus X01AD (Android 9),2021-05-06T06:09:59.609Z,歩行,あ,false,186.3,41.6,-12.8,0.5,4.2,6.4,-2.8000000000000003,-1.8,-1.3,-11.900000000000002,24.7,51.1