platform_name,platform_version,platform_product,platform_manufacturer,platform_layout,platform_os,platform_description,date,label,s_movement,do_absolute,do_alpha,do_beta,do_gamma,acc_g_x,acc_g_y,acc_g_z,acc_x,acc_y,acc_z,rot_alpha,rot_beta,rot_gamma
Chrome Mobile,90.0.4430.82,Asus X01AD,Asus,Blink,[object Object],Chrome Mobile 90.0.4430.82 on Asus X01AD (Android 9),2021-05-06T05:54:35.014Z,寝る,あ,false,34.5,22.1,5.800000000000001,-0.2,3.4000000000000004,8.9,0.8,-0.4,-0.2,-3.4,-8.4,-4.5
Chrome Mobile,90.0.4430.82,Asus X01AD,Asus,Blink,[object Object],Chrome Mobile 90.0.4430.82 on Asus X01AD (Android 9),2021-05-06T05:54:35.215Z,寝る,あ,false,26.8,65.10000000000001,17.8,1.5,6.6000000000000005,1.6,2.8000000000000003,-2.5,-2.4000000000000004,22.700000000000003,249.6,-37.800000000000004
Chrome Mobile,90.0.4430.82,Asus X01AD,Asus,Blink,[object Object],Chrome Mobile 90.0.4430.82 on Asus X01AD (Android 9),2021-05-06T05:54:35.415Z,寝る,あ,false,28.8,69.8,19.700000000000003,8.5,8.8,7.2,9.700000000000001,-0.4,4,62.4,-200.5,-12.5
Chrome Mobile,90.0.4430.82,Asus X01AD,Asus,Blink,[object Object],Chrome Mobile 90.0.4430.82 on Asus X01AD (Android 9),2021-05-06T05:54:35.616Z,寝る,あ,false,60.1,70.9,-57.800000000000004,-9.8,10.8,5.9,-12.600000000000001,1.5,4.2,6.600000000000001,-249.80000000000004,138.40000000000003
Chrome Mobile,90.0.4430.82,Asus X01AD,Asus,Blink,[object Object],Chrome Mobile 90.0.4430.82 on Asus X01AD (Android 9),2021-05-06T05:54:35.818Z,寝る,あ,false,40.800000000000004,72.60000000000001,-16.2,2.9000000000000004,12.8,9.8,2,3.4000000000000004,6.9,4.1,249.6,-91.8
Chrome Mobile,90.0.4430.82,Asus X01AD,Asus,Blink,[object Object],Chrome Mobile 90.0.4430.82 on Asus X01AD (Android 9),2021-05-06T05:54:36.020Z,寝る,あ,false,22.700000000000003,69.3,34,12.200000000000001,7.5,1.8,14.200000000000001,-1.8,-1.1,97.60000000000001,-20.900000000000002,21.500000000000004
Chrome Mobile,90.0.4430.82,Asus X01AD,Asus,Blink,[object Object],Chrome Mobile 90.0.4430.82 on Asus X01AD (Android 9),2021-05-06T05:54:36.220Z,寝る,あ,false,39.2,72,-27.400000000000002,-6.9,10.200000000000001,12.600000000000001,-8.3,0.7000000000000001,9.8,-2.7,-250.4,59.40000000000001
Chrome Mobile,90.0.4430.82,Asus X01AD,Asus,Blink,[object Object],Chrome Mobile 90.0.4430.82 on Asus X01AD (Android 9),2021-05-06T05:54:36.421Z,寝る,あ,false,42.400000000000006,70.2,-43.800000000000004,-6.9,13.4,11.4,-9.200000000000001,4.2,9,61.8,163.90000000000003,17
Chrome Mobile,90.0.4430.82,Asus X01AD,Asus,Blink,[object Object],Chrome Mobile 90.0.4430.82 on Asus X01AD (Android 9),2021-05-06T05:54:36.623Z,寝る,あ,false,2.4000000000000004,76.10000000000001,42.400000000000006,17.5,10.200000000000001,3.5,19.1,0.5,1.7000000000000002,77.20000000000002,107.4,24.900000000000002
Chrome Mobile,90.0.4430.82,Asus X01AD,Asus,Blink,[object Object],Chrome Mobile 90.0.4430.82 on Asus X01AD (Android 9),2021-05-06T05:54:36.828Z,寝る,あ,false,58.400000000000006,78,-24.700000000000003,4.800000000000001,8.6,8.4,3.9000000000000004,-1,6.6000000000000005,-36.2,-250.4,35.5
Chrome Mobile,90.0.4430.82,Asus X01AD,Asus,Blink,[object Object],Chrome Mobile 90.0.4430.82 on Asus X01AD (Android 9),2021-05-06T05:54:37.030Z,寝る,あ,false,42.900000000000006,65.5,-48.300000000000004,-19.400000000000002,10.4,6.1000000000000005,-22.5,1.4000000000000001,3.4000000000000004,9.5,-14.400000000000002,24.900000000000002
Chrome Mobile,90.0.4430.82,Asus X01AD,Asus,Blink,[object Object],Chrome Mobile 90.0.4430.82 on Asus X01AD (Android 9),2021-05-06T05:54:37.233Z,寝る,あ,false,15.600000000000001,69.9,18.400000000000002,4.3,9.9,8.3,5.4,0.5,5.1000000000000005,46.4,249.6,-93.49999999999999
Chrome Mobile,90.0.4430.82,Asus X01AD,Asus,Blink,[object Object],Chrome Mobile 90.0.4430.82 on Asus X01AD (Android 9),2021-05-06T05:54:37.433Z,寝る,あ,false,34.5,75.4,-2.6,9,9.4,8.1,10.100000000000001,-0.7000000000000001,3.4000000000000004,-3.3000000000000007,-250.4,31
Chrome Mobile,90.0.4430.82,Asus X01AD,Asus,Blink,[object Object],Chrome Mobile 90.0.4430.82 on Asus X01AD (Android 9),2021-05-06T05:54:37.635Z,寝る,あ,false,57.6,64.9,-71.9,-9.3,12.5,4.7,-13.3,3.5,3.4000000000000004,4.2,-238.40000000000003,104.3
Chrome Mobile,90.0.4430.82,Asus X01AD,Asus,Blink,[object Object],Chrome Mobile 90.0.4430.82 on Asus X01AD (Android 9),2021-05-06T05:54:37.836Z,寝る,あ,false,24.3,75.9,-12,1.5,13.600000000000001,10.8,1,4,8.4,-7.6,249.6,-137.9
Chrome Mobile,90.0.4430.82,Asus X01AD,Asus,Blink,[object Object],Chrome Mobile 90.0.4430.82 on Asus X01AD (Android 9),2021-05-06T05:54:38.037Z,寝る,あ,false,11.9,78.7,30.6,18.2,8.6,7.4,19.1,-1.1,5.7,-21.1,5.500000000000001,1.5
Chrome Mobile,90.0.4430.82,Asus X01AD,Asus,Blink,[object Object],Chrome Mobile 90.0.4430.82 on Asus X01AD (Android 9),2021-05-06T05:54:38.238Z,寝る,あ,false,56.7,74.7,-50.300000000000004,-0.2,10.5,8.200000000000001,-2.2,1,6.6000000000000005,-57.20000000000001,-250.4,87.40000000000002
Chrome Mobile,90.0.4430.82,Asus X01AD,Asus,Blink,[object Object],Chrome Mobile 90.0.4430.82 on Asus X01AD (Android 9),2021-05-06T05:54:38.439Z,寝る,あ,false,41.6,63,-59.2,-8.200000000000001,10.200000000000001,7.9,-12,1.5,5.6000000000000005,56.6,168.9,-12.4
Chrome Mobile,90.0.4430.82,Asus X01AD,Asus,Blink,[object Object],Chrome Mobile 90.0.4430.82 on Asus X01AD (Android 9),2021-05-06T05:54:38.640Z,寝る,あ,false,6,72.2,20,9.5,11,3.9000000000000004,10.5,1.5,1.1,11.1,212.50000000000003,-59.60000000000001
Chrome Mobile,90.0.4430.82,Asus X01AD,Asus,Blink,[object Object],Chrome Mobile 90.0.4430.82 on Asus X01AD (Android 9),2021-05-06T05:54:38.840Z,寝る,あ,false,25.1,74.9,2.1,8.6,9.3,7.4,8.700000000000001,-0.1,4.800000000000001,74.4,-217.6,46.199999999999996
Chrome Mobile,90.0.4430.82,Asus X01AD,Asus,Blink,[object Object],Chrome Mobile 90.0.4430.82 on Asus X01AD (Android 9),2021-05-06T05:54:39.041Z,寝る,あ,false,33.5,66,-52.7,-15.100000000000001,12.5,9.200000000000001,-18.3,3.5,6.800000000000001,-93.2,-144.8,26.200000000000003
Chrome Mobile,90.0.4430.82,Asus X01AD,Asus,Blink,[object Object],Chrome Mobile 90.0.4430.82 on Asus X01AD (Android 9),2021-05-06T05:54:39.242Z,寝る,あ,false,1.8,66,2.7,-2.2,8.5,13,-2,-0.5,9,-15.899999999999999,249.6,-31
Chrome Mobile,90.0.4430.82,Asus X01AD,Asus,Blink,[object Object],Chrome Mobile 90.0.4430.82 on Asus X01AD (Android 9),2021-05-06T05:54:39.443Z,寝る,あ,false,11,67.60000000000001,26.3,15.700000000000001,8.1,8.5,17.3,-1,5.1000000000000005,0.1,33.9,10.8
Chrome Mobile,90.0.4430.82,Asus X01AD,Asus,Blink,[object Object],Chrome Mobile 90.0.4430.82 on Asus X01AD (Android 9),2021-05-06T05:54:39.644Z,寝る,あ,false,31.8,67.5,-34.7,-2.8000000000000003,10,8.4,-4.9,1,5.300000000000001,-14,-250.4,91.30000000000001
Chrome Mobile,90.0.4430.82,Asus X01AD,Asus,Blink,[object Object],Chrome Mobile 90.0.4430.82 on Asus X01AD (Android 9),2021-05-06T05:54:39.845Z,寝る,あ,false,12.4,62.800000000000004,-28.400000000000002,-5.6000000000000005,8.200000000000001,5.800000000000001,-9.4,-0.5,2.2,2.1,128.5,-22.000000000000004
Chrome Mobile,90.0.4430.82,Asus X01AD,Asus,Blink,[object Object],Chrome Mobile 90.0.4430.82 on Asus X01AD (Android 9),2021-05-06T05:54:40.046Z,寝る,あ,false,6.9,55.6,19.1,8.4,8.9,14.4,10.200000000000001,0.7000000000000001,9.1,-10.4,173.7,45
Chrome Mobile,90.0.4430.82,Asus X01AD,Asus,Blink,[object Object],Chrome Mobile 90.0.4430.82 on Asus X01AD (Android 9),2021-05-06T05:54:40.247Z,寝る,あ,false,23.3,66.2,2.2,7.300000000000001,7.6000000000000005,3.5,7.4,-1.4000000000000001,-0.4,-40.9,-155.1,-0.6000000000000001
Chrome Mobile,90.0.4430.82,Asus X01AD,Asus,Blink,[object Object],Chrome Mobile 90.0.4430.82 on Asus X01AD (Android 9),2021-05-06T05:54:40.447Z,寝る,あ,false,11.600000000000001,56.1,-30.1,-12.100000000000001,10.700000000000001,9.5,-14.9,2.6,4.800000000000001,-92.8,-137,-23
Chrome Mobile,90.0.4430.82,Asus X01AD,Asus,Blink,[object Object],Chrome Mobile 90.0.4430.82 on Asus X01AD (Android 9),2021-05-06T05:54:40.648Z,寝る,あ,false,357.5,57.300000000000004,6.4,-5.2,6.800000000000001,9.3,-5.2,-1.4000000000000001,3.9000000000000004,-13.399999999999999,249.5,-18.700000000000003
Chrome Mobile,90.0.4430.82,Asus X01AD,Asus,Blink,[object Object],Chrome Mobile 90.0.4430.82 on Asus X01AD (Android 9),2021-05-06T05:54:40.849Z,寝る,あ,false,11,53.800000000000004,26.700000000000003,10.600000000000001,8,11.700000000000001,13.200000000000001,0,6.5,-36.7,45.3,14.5
Chrome Mobile,90.0.4430.82,Asus X01AD,Asus,Blink,[object Object],Chrome Mobile 90.0.4430.82 on Asus X01AD (Android 9),2021-05-06T05:54:41.055Z,寝る,あ,false,22.900000000000002,60.5,-9,0.9,7.2,4.7,0.1,-1.3,-0.1,-7,-220.20000000000002,-4.7
Chrome Mobile,90.0.4430.82,Asus X01AD,Asus,Blink,[object Object],Chrome Mobile 90.0.4430.82 on Asus X01AD (Android 9),2021-05-06T05:54:41.255Z,寝る,あ,false,7.4,53.900000000000006,-19.6,-7.800000000000001,9.1,7.4,-9.700000000000001,1.1,1.9000000000000001,35,60.8,-1.7
Chrome Mobile,90.0.4430.82,Asus X01AD,Asus,Blink,[object Object],Chrome Mobile 90.0.4430.82 on Asus X01AD (Android 9),2021-05-06T05:54:41.458Z,寝る,あ,false,10.9,55.1,10.8,3.2,7.300000000000001,7.4,4.3,-0.8,1.9000000000000001,-21.1,191.49999999999997,29.900000000000006
Chrome Mobile,90.0.4430.82,Asus X01AD,Asus,Blink,[object Object],Chrome Mobile 90.0.4430.82 on Asus X01AD (Android 9),2021-05-06T05:54:41.658Z,寝る,あ,false,25.200000000000003,56.5,5.4,10.100000000000001,8.4,2.5,10.700000000000001,0.2,-2.9000000000000004,17.6,-82.9,16.3
Chrome Mobile,90.0.4430.82,Asus X01AD,Asus,Blink,[object Object],Chrome Mobile 90.0.4430.82 on Asus X01AD (Android 9),2021-05-06T05:54:41.859Z,寝る,あ,false,22.5,55.2,-25.5,-4.3,9.4,7.4,-6.7,1.3,2.4000000000000004,-23.3,-197.3,7.200000000000001
Chrome Mobile,90.0.4430.82,Asus X01AD,Asus,Blink,[object Object],Chrome Mobile 90.0.4430.82 on Asus X01AD (Android 9),2021-05-06T05:54:42.061Z,寝る,あ,false,13.600000000000001,60.2,-17.8,-4.9,7.6000000000000005,6.5,-6.4,-1,1.8,110.4,143.1,11.2
Chrome Mobile,90.0.4430.82,Asus X01AD,Asus,Blink,[object Object],Chrome Mobile 90.0.4430.82 on Asus X01AD (Android 9),2021-05-06T05:54:42.262Z,寝る,あ,false,19.200000000000003,53.800000000000004,15.100000000000001,11.200000000000001,5.2,13.600000000000001,12.700000000000001,-2.7,8,-137,87.80000000000001,-26.000000000000004
Chrome Mobile,90.0.4430.82,Asus X01AD,Asus,Blink,[object Object],Chrome Mobile 90.0.4430.82 on Asus X01AD (Android 9),2021-05-06T05:54:42.463Z,寝る,あ,false,17.5,53.800000000000004,-10.5,1.9000000000000001,6.9,10.8,0.8,-1,5.2,40.4,-233.2,-45
Chrome Mobile,90.0.4430.82,Asus X01AD,Asus,Blink,[object Object],Chrome Mobile 90.0.4430.82 on Asus X01AD (Android 9),2021-05-06T05:54:42.664Z,寝る,あ,false,12.8,59.6,-35.300000000000004,-16,10,14.200000000000001,-18.900000000000002,1.5,10.100000000000001,-6.9,27.6,12.200000000000001
Chrome Mobile,90.0.4430.82,Asus X01AD,Asus,Blink,[object Object],Chrome Mobile 90.0.4430.82 on Asus X01AD (Android 9),2021-05-06T05:54:42.865Z,寝る,あ,false,18.6,61.7,-0.4,6.6000000000000005,8,7.2,6.6000000000000005,-0.6000000000000001,2.5,22.9,179.40000000000003,10.600000000000001
Chrome Mobile,90.0.4430.82,Asus X01AD,Asus,Blink,[object Object],Chrome Mobile 90.0.4430.82 on Asus X01AD (Android 9),2021-05-06T05:54:43.065Z,寝る,あ,false,29.8,69.60000000000001,-5.300000000000001,9.600000000000001,8,2.4000000000000004,9.3,-1.2000000000000002,-1,67.9,-132.5,-6
Chrome Mobile,90.0.4430.82,Asus X01AD,Asus,Blink,[object Object],Chrome Mobile 90.0.4430.82 on Asus X01AD (Android 9),2021-05-06T05:54:43.266Z,寝る,あ,false,35.6,68.7,-57.1,-13.9,11.8,8.9,-16.900000000000002,2.7,7,-30.3,-165.5,17.7
Chrome Mobile,90.0.4430.82,Asus X01AD,Asus,Blink,[object Object],Chrome Mobile 90.0.4430.82 on Asus X01AD (Android 9),2021-05-06T05:54:43.467Z,寝る,あ,false,21.1,74.5,-19.8,1.3,11.100000000000001,6.2,0.4,1.6,3.7,-8.4,249.5,-65.89999999999999
Chrome Mobile,90.0.4430.82,Asus X01AD,Asus,Blink,[object Object],Chrome Mobile 90.0.4430.82 on Asus X01AD (Android 9),2021-05-06T05:54:43.669Z,寝る,あ,false,14.100000000000001,73.2,20,17.6,8.200000000000001,4.3,18.5,-1.2000000000000002,1.6,-35.599999999999994,-25.1,-23.5
Chrome Mobile,90.0.4430.82,Asus X01AD,Asus,Blink,[object Object],Chrome Mobile 90.0.4430.82 on Asus X01AD (Android 9),2021-05-06T05:54:43.869Z,寝る,あ,false,37.6,73.4,-37.5,-0.4,9.700000000000001,8.1,-2.1,0.30000000000000004,5.9,-64.7,-233.29999999999998,43.300000000000004
Chrome Mobile,90.0.4430.82,Asus X01AD,Asus,Blink,[object Object],Chrome Mobile 90.0.4430.82 on Asus X01AD (Android 9),2021-05-06T05:54:44.070Z,寝る,あ,false,20.6,71.9,-41,-13.3,8.9,8,-15.3,-0.4,5.7,41.800000000000004,149.3,-10.700000000000001
Chrome Mobile,90.0.4430.82,Asus X01AD,Asus,Blink,[object Object],Chrome Mobile 90.0.4430.82 on Asus X01AD (Android 9),2021-05-06T05:54:44.271Z,寝る,あ,false,358.5,74.9,24.700000000000003,6.5,9.1,4.6000000000000005,7.6000000000000005,-0.4,2.2,38.400000000000006,181.70000000000002,-36.2
Chrome Mobile,90.0.4430.82,Asus X01AD,Asus,Blink,[object Object],Chrome Mobile 90.0.4430.82 on Asus X01AD (Android 9),2021-05-06T05:54:44.472Z,寝る,あ,false,23.8,81.2,-2.5,8,8.9,1,7.9,-0.7000000000000001,-0.5,13.200000000000003,-167.7,34.400000000000006
Chrome Mobile,90.0.4430.82,Asus X01AD,Asus,Blink,[object Object],Chrome Mobile 90.0.4430.82 on Asus X01AD (Android 9),2021-05-06T05:54:44.672Z,寝る,あ,false,29.5,70.9,-52.1,-7.1000000000000005,10.3,6.800000000000001,-9.600000000000001,1,4.800000000000001,7.400000000000001,-216.10000000000002,74.89999999999999
Chrome Mobile,90.0.4430.82,Asus X01AD,Asus,Blink,[object Object],Chrome Mobile 90.0.4430.82 on Asus X01AD (Android 9),2021-05-06T05:54:44.873Z,寝る,あ,false,23.8,75.2,-35.6,-3.3000000000000003,10.3,7.2,-4.7,0.9,5.2,36.400000000000006,249.6,-49.300000000000004
Chrome Mobile,90.0.4430.82,Asus X01AD,Asus,Blink,[object Object],Chrome Mobile 90.0.4430.82 on Asus X01AD (Android 9),2021-05-06T05:54:45.074Z,寝る,あ,false,1.1,76.80000000000001,26.700000000000003,17.3,11.5,4.7,18.3,1.9000000000000001,2.7,-34.300000000000004,65.2,-23.5
Chrome Mobile,90.0.4430.82,Asus X01AD,Asus,Blink,[object Object],Chrome Mobile 90.0.4430.82 on Asus X01AD (Android 9),2021-05-06T05:54:45.275Z,寝る,あ,false,38.2,79.30000000000001,-34.2,-0.1,7.7,8.1,-1.2000000000000002,-1.9000000000000001,6.6000000000000005,-30.000000000000004,-250.4,39.300000000000004
Chrome Mobile,90.0.4430.82,Asus X01AD,Asus,Blink,[object Object],Chrome Mobile 90.0.4430.82 on Asus X01AD (Android 9),2021-05-06T05:54:45.475Z,寝る,あ,false,41.800000000000004,63.2,-74.4,-11.600000000000001,15.8,11.700000000000001,-15.9,7.1000000000000005,10.5,-41.199999999999996,102.8,-74.89999999999999
Chrome Mobile,90.0.4430.82,Asus X01AD,Asus,Blink,[object Object],Chrome Mobile 90.0.4430.82 on Asus X01AD (Android 9),2021-05-06T05:54:45.677Z,寝る,あ,false,345.5,69.8,25.3,-0.8,7.7,7.7,0.4,-1.6,4.7,-81.4,249.6,-106.4
Chrome Mobile,90.0.4430.82,Asus X01AD,Asus,Blink,[object Object],Chrome Mobile 90.0.4430.82 on Asus X01AD (Android 9),2021-05-06T05:54:45.878Z,寝る,あ,false,4,83.7,11.200000000000001,11.5,8.3,-3.3000000000000003,11.700000000000001,-1.5,-4.4,97.3,-126.70000000000002,58.2
Chrome Mobile,90.0.4430.82,Asus X01AD,Asus,Blink,[object Object],Chrome Mobile 90.0.4430.82 on Asus X01AD (Android 9),2021-05-06T05:54:46.079Z,寝る,あ,false,39.7,72.10000000000001,-68,-6.300000000000001,10.9,5.4,-9,1.6,4.2,-47.900000000000006,-205.90000000000003,108.2
Chrome Mobile,90.0.4430.82,Asus X01AD,Asus,Blink,[object Object],Chrome Mobile 90.0.4430.82 on Asus X01AD (Android 9),2021-05-06T05:54:46.281Z,寝る,あ,false,19.1,73.3,-32.800000000000004,-1.8,11.100000000000001,8.700000000000001,-3.3000000000000003,1.8,6.4,19,237.00000000000003,-23.6
Chrome Mobile,90.0.4430.82,Asus X01AD,Asus,Blink,[object Object],Chrome Mobile 90.0.4430.82 on Asus X01AD (Android 9),2021-05-06T05:54:46.488Z,寝る,あ,false,2.5,73.5,17.2,17.400000000000002,11.600000000000001,1.7000000000000002,18.3,2.2,-1,-26.9,70.5,-29.800000000000004
Chrome Mobile,90.0.4430.82,Asus X01AD,Asus,Blink,[object Object],Chrome Mobile 90.0.4430.82 on Asus X01AD (Android 9),2021-05-06T05:54:46.689Z,寝る,あ,false,35.9,76.2,-40.300000000000004,0.8,7.4,6.6000000000000005,-0.7000000000000001,-2.1,4.800000000000001,-20.5,-248.9,56.9
Chrome Mobile,90.0.4430.82,Asus X01AD,Asus,Blink,[object Object],Chrome Mobile 90.0.4430.82 on Asus X01AD (Android 9),2021-05-06T05:54:46.889Z,寝る,あ,false,30.200000000000003,62.800000000000004,-65.9,-9.1,13.8,7.4,-13.100000000000001,5.1000000000000005,5.5,17.7,106.20000000000002,-36.1
Chrome Mobile,90.0.4430.82,Asus X01AD,Asus,Blink,[object Object],Chrome Mobile 90.0.4430.82 on Asus X01AD (Android 9),2021-05-06T05:54:47.098Z,寝る,あ,false,8.5,79.2,-7.300000000000001,5.5,7.9,2.2,5.300000000000001,-1.7000000000000002,0.4,47,249.6,-100.9
Chrome Mobile,90.0.4430.82,Asus X01AD,Asus,Blink,[object Object],Chrome Mobile 90.0.4430.82 on Asus X01AD (Android 9),2021-05-06T05:54:47.299Z,寝る,あ,false,10.200000000000001,78.60000000000001,8,11.600000000000001,8.200000000000001,0.6000000000000001,11.9,-1.3,-1.3,-43.50000000000001,-77.60000000000001,-19.799999999999997
Chrome Mobile,90.0.4430.82,Asus X01AD,Asus,Blink,[object Object],Chrome Mobile 90.0.4430.82 on Asus X01AD (Android 9),2021-05-06T05:54:47.505Z,寝る,あ,false,30.700000000000003,70.7,-57.300000000000004,-9.1,10.8,7.1000000000000005,-11.8,1.6,5.4,26.799999999999997,-250.10000000000002,115.7
Chrome Mobile,90.0.4430.82,Asus X01AD,Asus,Blink,[object Object],Chrome Mobile 90.0.4430.82 on Asus X01AD (Android 9),2021-05-06T05:54:47.709Z,寝る,あ,false,23.200000000000003,75.2,-45.300000000000004,-3.5,10.5,3.6,-5.2,1.2000000000000002,1.8,30.3,219.7,-72.2
Chrome Mobile,90.0.4430.82,Asus X01AD,Asus,Blink,[object Object],Chrome Mobile 90.0.4430.82 on Asus X01AD (Android 9),2021-05-06T05:54:47.910Z,寝る,あ,false,342.20000000000005,74.3,35.1,18.6,10.600000000000001,5.800000000000001,20.1,1.2000000000000002,3.7,-42.7,91.6,-77.9
Chrome Mobile,90.0.4430.82,Asus X01AD,Asus,Blink,[object Object],Chrome Mobile 90.0.4430.82 on Asus X01AD (Android 9),2021-05-06T05:54:48.110Z,寝る,あ,false,20.6,78,-23.400000000000002,-0.7000000000000001,9.4,8.5,-1.5,-0.1,6.6000000000000005,-4.5,-247.8,82.9
Chrome Mobile,90.0.4430.82,Asus X01AD,Asus,Blink,[object Object],Chrome Mobile 90.0.4430.82 on Asus X01AD (Android 9),2021-05-06T05:54:48.311Z,寝る,あ,false,22.400000000000002,70,-56.6,-15,8.4,5.300000000000001,-17.8,-0.7000000000000001,3.5,-6.500000000000001,36,-49.199999999999996
Chrome Mobile,90.0.4430.82,Asus X01AD,Asus,Blink,[object Object],Chrome Mobile 90.0.4430.82 on Asus X01AD (Android 9),2021-05-06T05:54:48.512Z,寝る,あ,false,345.8,74.8,17.6,2.3000000000000003,11.5,5.1000000000000005,3.1,2,2.7,6,249.6,-92.3
Chrome Mobile,90.0.4430.82,Asus X01AD,Asus,Blink,[object Object],Chrome Mobile 90.0.4430.82 on Asus X01AD (Android 9),2021-05-06T05:54:48.713Z,寝る,あ,false,359.1,79.30000000000001,16.8,12.200000000000001,9.200000000000001,-1,12.700000000000001,-0.30000000000000004,-2.8000000000000003,32.8,-158.29999999999998,46.1
Chrome Mobile,90.0.4430.82,Asus X01AD,Asus,Blink,[object Object],Chrome Mobile 90.0.4430.82 on Asus X01AD (Android 9),2021-05-06T05:54:48.913Z,寝る,あ,false,33.4,70.10000000000001,-60.800000000000004,-7.5,11.700000000000001,6.7,-10.5,2.5,5.1000000000000005,9.5,-236.6,112.30000000000001
Chrome Mobile,90.0.4430.82,Asus X01AD,Asus,Blink,[object Object],Chrome Mobile 90.0.4430.82 on Asus X01AD (Android 9),2021-05-06T05:54:49.114Z,寝る,あ,false,13.700000000000001,75.10000000000001,-31.1,-6.800000000000001,11.5,8.3,-8.1,2.1,6.2,10.700000000000001,218.50000000000003,-54.800000000000004
Chrome Mobile,90.0.4430.82,Asus X01AD,Asus,Blink,[object Object],Chrome Mobile 90.0.4430.82 on Asus X01AD (Android 9),2021-05-06T05:54:49.315Z,寝る,あ,false,341.90000000000003,80.5,39.300000000000004,20.1,10.5,-5,21.1,0.8,-6.300000000000001,35.9,72.7,-10.5
Chrome Mobile,90.0.4430.82,Asus X01AD,Asus,Blink,[object Object],Chrome Mobile 90.0.4430.82 on Asus X01AD (Android 9),2021-05-06T05:54:49.517Z,寝る,あ,false,46.300000000000004,79.9,-45.6,2.7,9.1,6.6000000000000005,1.5,-0.4,5.4,-20,-250.4,92.2
Chrome Mobile,90.0.4430.82,Asus X01AD,Asus,Blink,[object Object],Chrome Mobile 90.0.4430.82 on Asus X01AD (Android 9),2021-05-06T05:54:49.718Z,寝る,あ,false,40.6,65.5,-69.7,-10.9,9.700000000000001,5.2,-14.700000000000001,0.8,3.8000000000000003,55.3,89.5,-71.9
Chrome Mobile,90.0.4430.82,Asus X01AD,Asus,Blink,[object Object],Chrome Mobile 90.0.4430.82 on Asus X01AD (Android 9),2021-05-06T05:54:49.919Z,寝る,あ,false,344.20000000000005,78,27.900000000000002,4.6000000000000005,11.4,4.1000000000000005,5.6000000000000005,1.7000000000000002,2.3000000000000003,8.700000000000001,249.6,-108.7
Chrome Mobile,90.0.4430.82,Asus X01AD,Asus,Blink,[object Object],Chrome Mobile 90.0.4430.82 on Asus X01AD (Android 9),2021-05-06T05:54:50.120Z,寝る,あ,false,337.3,80.10000000000001,46.2,5.9,7.5,5.1000000000000005,8.4,-2.7,0.5,24.8,-155.70000000000002,98.60000000000001
Chrome Mobile,90.0.4430.82,Asus X01AD,Asus,Blink,[object Object],Chrome Mobile 90.0.4430.82 on Asus X01AD (Android 9),2021-05-06T05:54:50.320Z,寝る,あ,false,36.6,64.7,-56.900000000000006,-5.800000000000001,13.8,8.3,-9.200000000000001,5,6.1000000000000005,-76,-250.4,142.50000000000003
Chrome Mobile,90.0.4430.82,Asus X01AD,Asus,Blink,[object Object],Chrome Mobile 90.0.4430.82 on Asus X01AD (Android 9),2021-05-06T05:54:50.521Z,寝る,あ,false,15.5,71.60000000000001,-26.5,-2.7,13.200000000000001,5.5,-4.1000000000000005,4,2.7,45.5,212,-69.20000000000002
Chrome Mobile,90.0.4430.82,Asus X01AD,Asus,Blink,[object Object],Chrome Mobile 90.0.4430.82 on Asus X01AD (Android 9),2021-05-06T05:54:50.722Z,寝る,あ,false,325.5,79.5,55,14.600000000000001,7,2.9000000000000004,16,-2.7,1.9000000000000001,-6.4,22.700000000000003,-69.10000000000001
Chrome Mobile,90.0.4430.82,Asus X01AD,Asus,Blink,[object Object],Chrome Mobile 90.0.4430.82 on Asus X01AD (Android 9),2021-05-06T05:54:50.922Z,寝る,あ,false,31.900000000000002,77.2,-41.5,2.5,11.5,9.700000000000001,1.1,2,8,-72.7,-250.20000000000002,68.60000000000001
Chrome Mobile,90.0.4430.82,Asus X01AD,Asus,Blink,[object Object],Chrome Mobile 90.0.4430.82 on Asus X01AD (Android 9),2021-05-06T05:54:51.123Z,寝る,あ,false,20,68.3,-60.7,-11.9,10.5,8.200000000000001,-15.100000000000001,1.5,6.4,6.1000000000000005,61.199999999999996,-16
Chrome Mobile,90.0.4430.82,Asus X01AD,Asus,Blink,[object Object],Chrome Mobile 90.0.4430.82 on Asus X01AD (Android 9),2021-05-06T05:54:51.324Z,寝る,あ,false,334.90000000000003,79.7,23.200000000000003,5.9,12.4,7.800000000000001,6.6000000000000005,2.7,6.2,82.9,249.6,-99.2
Chrome Mobile,90.0.4430.82,Asus X01AD,Asus,Blink,[object Object],Chrome Mobile 90.0.4430.82 on Asus X01AD (Android 9),2021-05-06T05:54:51.525Z,寝る,あ,false,302.40000000000003,85.2,77.30000000000001,15.700000000000001,8.8,-2.4000000000000004,16.5,-0.8,-2.6,-5.6,-87.60000000000001,37
Chrome Mobile,90.0.4430.82,Asus X01AD,Asus,Blink,[object Object],Chrome Mobile 90.0.4430.82 on Asus X01AD (Android 9),2021-05-06T05:54:51.726Z,寝る,あ,false,21.6,73.3,-43.1,-4.6000000000000005,11.4,10,-6.7,2.1,8,-19.200000000000003,-250.4,119.89999999999999
Chrome Mobile,90.0.4430.82,Asus X01AD,Asus,Blink,[object Object],Chrome Mobile 90.0.4430.82 on Asus X01AD (Android 9),2021-05-06T05:54:51.927Z,寝る,あ,false,10.100000000000001,71.10000000000001,-36.2,-7.9,10.9,7,-9.700000000000001,1.7000000000000002,4.5,44.4,184.79999999999998,-25.200000000000003
Chrome Mobile,90.0.4430.82,Asus X01AD,Asus,Blink,[object Object],Chrome Mobile 90.0.4430.82 on Asus X01AD (Android 9),2021-05-06T05:54:52.138Z,寝る,あ,false,320.5,78.10000000000001,55.900000000000006,17.6,10.3,0.30000000000000004,19.3,0.6000000000000001,-0.9,105.10000000000001,68.3,2.6
Chrome Mobile,90.0.4430.82,Asus X01AD,Asus,Blink,[object Object],Chrome Mobile 90.0.4430.82 on Asus X01AD (Android 9),2021-05-06T05:54:52.339Z,寝る,あ,false,15.100000000000001,82.80000000000001,-18.900000000000002,5.2,10.8,6.4,4.9,1.2000000000000002,5.2,-45.9,-250.3,53.300000000000004
Chrome Mobile,90.0.4430.82,Asus X01AD,Asus,Blink,[object Object],Chrome Mobile 90.0.4430.82 on Asus X01AD (Android 9),2021-05-06T05:54:52.540Z,寝る,あ,false,14.600000000000001,73.8,-51.1,-18,7.5,7,-20.200000000000003,-1.9000000000000001,5.300000000000001,9.600000000000001,102.89999999999999,-29.600000000000005
Chrome Mobile,90.0.4430.82,Asus X01AD,Asus,Blink,[object Object],Chrome Mobile 90.0.4430.82 on Asus X01AD (Android 9),2021-05-06T05:54:52.740Z,寝る,あ,false,335.6,81.10000000000001,29.6,5.7,12.600000000000001,-3,6.4,2.9000000000000004,-4.3,-20.400000000000002,249.4,-128
Chrome Mobile,90.0.4430.82,Asus X01AD,Asus,Blink,[object Object],Chrome Mobile 90.0.4430.82 on Asus X01AD (Android 9),2021-05-06T05:54:52.941Z,寝る,あ,false,346.5,81.4,30.3,11.600000000000001,7.800000000000001,3.5,12.3,-1.8,2.3000000000000003,-41.800000000000004,-145.00000000000003,-25.6
Chrome Mobile,90.0.4430.82,Asus X01AD,Asus,Blink,[object Object],Chrome Mobile 90.0.4430.82 on Asus X01AD (Android 9),2021-05-06T05:54:53.147Z,寝る,あ,false,359.40000000000003,70.60000000000001,-25,-12.600000000000001,11.4,10.3,-14,2.1,7.4,-36.7,-154.8,2.2
Chrome Mobile,90.0.4430.82,Asus X01AD,Asus,Blink,[object Object],Chrome Mobile 90.0.4430.82 on Asus X01AD (Android 9),2021-05-06T05:54:53.354Z,寝る,あ,false,0.2,75.7,-15.3,-7.9,11.200000000000001,8.8,-8.5,1.9000000000000001,6.5,13.200000000000003,183.6,21.6
Chrome Mobile,90.0.4430.82,Asus X01AD,Asus,Blink,[object Object],Chrome Mobile 90.0.4430.82 on Asus X01AD (Android 9),2021-05-06T05:54:53.555Z,寝る,あ,false,340.70000000000005,83.4,43.400000000000006,18.3,6.5,4.1000000000000005,19.1,-3.2,3.3000000000000003,-6.9,66.5,-26.799999999999997
Chrome Mobile,90.0.4430.82,Asus X01AD,Asus,Blink,[object Object],Chrome Mobile 90.0.4430.82 on Asus X01AD (Android 9),2021-05-06T05:54:53.756Z,寝る,あ,false,22.5,76.4,-26.5,1.4000000000000001,10.700000000000001,11.4,0.4,1.3,9.4,-73.5,-250.4,21.8
Chrome Mobile,90.0.4430.82,Asus X01AD,Asus,Blink,[object Object],Chrome Mobile 90.0.4430.82 on Asus X01AD (Android 9),2021-05-06T05:54:53.957Z,寝る,あ,false,27,70.2,-60.5,-15.700000000000001,9,4.3,-18.6,-0.2,2.7,66.60000000000001,37.400000000000006,6.8
Chrome Mobile,90.0.4430.82,Asus X01AD,Asus,Blink,[object Object],Chrome Mobile 90.0.4430.82 on Asus X01AD (Android 9),2021-05-06T05:54:54.157Z,寝る,あ,false,341.90000000000003,80.4,20.8,6.1000000000000005,11.600000000000001,-0.2,6.7,1.9000000000000001,-1.7000000000000002,-26.1,249.6,-163.80000000000004
Chrome Mobile,90.0.4430.82,Asus X01AD,Asus,Blink,[object Object],Chrome Mobile 90.0.4430.82 on Asus X01AD (Android 9),2021-05-06T05:54:54.359Z,寝る,あ,false,341.90000000000003,79.30000000000001,38.1,11.3,6.9,-2.5,12.5,-2.6,-3.9000000000000004,21.7,-68.3,11.4
Chrome Mobile,90.0.4430.82,Asus X01AD,Asus,Blink,[object Object],Chrome Mobile 90.0.4430.82 on Asus X01AD (Android 9),2021-05-06T05:54:54.560Z,寝る,あ,false,14.100000000000001,71.8,-39,-6.7,11.600000000000001,10.200000000000001,-8.6,2.3000000000000003,7.800000000000001,-15.399999999999999,-250.4,90.19999999999999
Chrome Mobile,90.0.4430.82,Asus X01AD,Asus,Blink,[object Object],Chrome Mobile 90.0.4430.82 on Asus X01AD (Android 9),2021-05-06T05:54:54.761Z,寝る,あ,false,13.200000000000001,72.4,-33,-3.6,11.9,6,-5.2,2.6,3.6,34.1,215.4,-43.1
Chrome Mobile,90.0.4430.82,Asus X01AD,Asus,Blink,[object Object],Chrome Mobile 90.0.4430.82 on Asus X01AD (Android 9),2021-05-06T05:54:54.962Z,寝る,あ,false,336.6,72.9,48.5,14.4,11,6.4,16.6,1.5,4.5,10.600000000000001,108.39999999999999,-7.9
Chrome Mobile,90.0.4430.82,Asus X01AD,Asus,Blink,[object Object],Chrome Mobile 90.0.4430.82 on Asus X01AD (Android 9),2021-05-06T05:54:55.163Z,寝る,あ,false,358.40000000000003,82.10000000000001,9.4,5.4,9.4,7.4,7.2,-0.4,6.1000000000000005,4.800000000000001,-250.4,37.800000000000004
Chrome Mobile,90.0.4430.82,Asus X01AD,Asus,Blink,[object Object],Chrome Mobile 90.0.4430.82 on Asus X01AD (Android 9),2021-05-06T05:54:55.364Z,寝る,あ,false,35.7,70.8,-68.5,-17.6,11.200000000000001,12.5,-20.5,1.9000000000000001,11.3,16.700000000000003,-67.9,43.800000000000004
Chrome Mobile,90.0.4430.82,Asus X01AD,Asus,Blink,[object Object],Chrome Mobile 90.0.4430.82 on Asus X01AD (Android 9),2021-05-06T05:54:55.565Z,寝る,あ,false,3.6,77.30000000000001,0,2.5,13.4,11,2.5,3.8000000000000003,8.8,-15.299999999999999,249.6,-106.70000000000002
Chrome Mobile,90.0.4430.82,Asus X01AD,Asus,Blink,[object Object],Chrome Mobile 90.0.4430.82 on Asus X01AD (Android 9),2021-05-06T05:54:55.766Z,寝る,あ,false,333.90000000000003,83,59.900000000000006,16.7,5.6000000000000005,1.2000000000000002,20.700000000000003,-3.2,-1.6,-99.7,64.30000000000001,-86.5
Chrome Mobile,90.0.4430.82,Asus X01AD,Asus,Blink,[object Object],Chrome Mobile 90.0.4430.82 on Asus X01AD (Android 9),2021-05-06T05:54:55.968Z,寝る,あ,false,29,73.4,-34.4,-1.4000000000000001,12.100000000000001,10.5,-2.9000000000000004,2.7,8.200000000000001,-117.1,-210.1,31.400000000000002
Chrome Mobile,90.0.4430.82,Asus X01AD,Asus,Blink,[object Object],Chrome Mobile 90.0.4430.82 on Asus X01AD (Android 9),2021-05-06T05:54:56.169Z,寝る,あ,false,14.8,69.2,-34.6,-10.4,8.5,6.6000000000000005,-12.3,-0.5,3.8000000000000003,18,141.2,2.3
Chrome Mobile,90.0.4430.82,Asus X01AD,Asus,Blink,[object Object],Chrome Mobile 90.0.4430.82 on Asus X01AD (Android 9),2021-05-06T05:54:56.370Z,寝る,あ,false,342.20000000000005,72.10000000000001,39.1,11.5,11.100000000000001,5.300000000000001,13.4,1.6,2.9000000000000004,81.3,186.3,-26.799999999999997
Chrome Mobile,90.0.4430.82,Asus X01AD,Asus,Blink,[object Object],Chrome Mobile 90.0.4430.82 on Asus X01AD (Android 9),2021-05-06T05:54:56.571Z,寝る,あ,false,349.8,78.60000000000001,15.4,5.800000000000001,10.100000000000001,13,6.300000000000001,0.6000000000000001,11.100000000000001,15.100000000000001,-250.20000000000002,12.7
Chrome Mobile,90.0.4430.82,Asus X01AD,Asus,Blink,[object Object],Chrome Mobile 90.0.4430.82 on Asus X01AD (Android 9),2021-05-06T05:54:56.772Z,寝る,あ,false,31.200000000000003,69.7,-65.8,-13.600000000000001,8.9,7.7,-16.7,-0.2,6.300000000000001,-12.7,-151.5,96.30000000000001
Chrome Mobile,90.0.4430.82,Asus X01AD,Asus,Blink,[object Object],Chrome Mobile 90.0.4430.82 on Asus X01AD (Android 9),2021-05-06T05:54:56.980Z,寝る,あ,false,22.8,78.5,-28.6,2.3000000000000003,14.100000000000001,8.4,1.4000000000000001,4.5,6.7,68,249.6,-95.69999999999999
Chrome Mobile,90.0.4430.82,Asus X01AD,Asus,Blink,[object Object],Chrome Mobile 90.0.4430.82 on Asus X01AD (Android 9),2021-05-06T05:54:57.181Z,寝る,あ,false,303.90000000000003,85.5,77.7,25.400000000000002,8.5,-0.2,26.1,-1.2000000000000002,-0.4,-13.6,-19,1.7
Chrome Mobile,90.0.4430.82,Asus X01AD,Asus,Blink,[object Object],Chrome Mobile 90.0.4430.82 on Asus X01AD (Android 9),2021-05-06T05:54:57.383Z,寝る,あ,false,20.3,78.5,-36.300000000000004,-1.3,12.4,11.200000000000001,-2.5,2.8000000000000003,9.700000000000001,-32,-240.10000000000002,73.10000000000001
Chrome Mobile,90.0.4430.82,Asus X01AD,Asus,Blink,[object Object],Chrome Mobile 90.0.4430.82 on Asus X01AD (Android 9),2021-05-06T05:54:57.584Z,寝る,あ,false,28.700000000000003,68.4,-61.300000000000004,-11.4,8,4.5,-14.5,-0.9,2.8000000000000003,22.2,141.4,32
Chrome Mobile,90.0.4430.82,Asus X01AD,Asus,Blink,[object Object],Chrome Mobile 90.0.4430.82 on Asus X01AD (Android 9),2021-05-06T05:54:57.785Z,寝る,あ,false,346.1,75.3,28.200000000000003,7.7,10.5,5.300000000000001,8.9,0.9,3.1,23.700000000000003,249.6,-82.9
Chrome Mobile,90.0.4430.82,Asus X01AD,Asus,Blink,[object Object],Chrome Mobile 90.0.4430.82 on Asus X01AD (Android 9),2021-05-06T05:54:57.986Z,寝る,あ,false,342.40000000000003,83.80000000000001,33.6,9.1,8.6,6.7,9.700000000000001,-1,5.800000000000001,13.200000000000003,-229.29999999999998,30.200000000000003
Chrome Mobile,90.0.4430.82,Asus X01AD,Asus,Blink,[object Object],Chrome Mobile 90.0.4430.82 on Asus X01AD (Android 9),2021-05-06T05:54:58.186Z,寝る,あ,false,25.200000000000003,71.8,-57.2,-14,11.200000000000001,9,-16.6,1.9000000000000001,7.4,-2.6,-181.8,87.2
Chrome Mobile,90.0.4430.82,Asus X01AD,Asus,Blink,[object Object],Chrome Mobile 90.0.4430.82 on Asus X01AD (Android 9),2021-05-06T05:54:58.387Z,寝る,あ,false,22.1,74.8,-37.800000000000004,0,14.3,11.100000000000001,-1.6,4.9,9.1,37.2,182.5,-35.2
Chrome Mobile,90.0.4430.82,Asus X01AD,Asus,Blink,[object Object],Chrome Mobile 90.0.4430.82 on Asus X01AD (Android 9),2021-05-06T05:54:58.588Z,寝る,あ,false,317.5,80.60000000000001,52,15.100000000000001,6.5,7.7,16.400000000000002,-3.1,6.7,-13.6,23.2,-42.5
Chrome Mobile,90.0.4430.82,Asus X01AD,Asus,Blink,[object Object],Chrome Mobile 90.0.4430.82 on Asus X01AD (Android 9),2021-05-06T05:54:58.789Z,寝る,あ,false,336.1,78.80000000000001,-0.9,-4.2,10.3,16.6,-4.2,0.8,14.700000000000001,-99.5,-211.29999999999998,-40.4
Chrome Mobile,90.0.4430.82,Asus X01AD,Asus,Blink,[object Object],Chrome Mobile 90.0.4430.82 on Asus X01AD (Android 9),2021-05-06T05:54:58.991Z,寝る,あ,false,343.40000000000003,82.5,-17.6,-10.9,5.4,2.8000000000000003,-11.3,-4.1000000000000005,1.6,66.1,147.4,51.70000000000001
Chrome Mobile,90.0.4430.82,Asus X01AD,Asus,Blink,[object Object],Chrome Mobile 90.0.4430.82 on Asus X01AD (Android 9),2021-05-06T05:54:59.199Z,寝る,あ,false,317.1,76.80000000000001,56.7,11.5,11.4,5.300000000000001,13.4,1.9000000000000001,4,40.2,181.70000000000002,10.700000000000001
Chrome Mobile,90.0.4430.82,Asus X01AD,Asus,Blink,[object Object],Chrome Mobile 90.0.4430.82 on Asus X01AD (Android 9),2021-05-06T05:54:59.400Z,寝る,あ,false,340,81,23.700000000000003,7,9.600000000000001,5.2,7.6000000000000005,0.1,3.8000000000000003,-17,-228.3,-3.8
Chrome Mobile,90.0.4430.82,Asus X01AD,Asus,Blink,[object Object],Chrome Mobile 90.0.4430.82 on Asus X01AD (Android 9),2021-05-06T05:54:59.601Z,寝る,あ,false,14.4,71.3,-53.400000000000006,-19.900000000000002,9.700000000000001,7.2,-22.5,0.4,5.300000000000001,21.900000000000002,7.9,60.2
Chrome Mobile,90.0.4430.82,Asus X01AD,Asus,Blink,[object Object],Chrome Mobile 90.0.4430.82 on Asus X01AD (Android 9),2021-05-06T05:54:59.802Z,寝る,あ,false,13.600000000000001,76.9,-13.600000000000001,10.4,15.5,8.8,9.700000000000001,6,6.6000000000000005,105.60000000000002,249.6,-51
Chrome Mobile,90.0.4430.82,Asus X01AD,Asus,Blink,[object Object],Chrome Mobile 90.0.4430.82 on Asus X01AD (Android 9),2021-05-06T05:55:00.009Z,寝る,あ,false,327.8,81,51.6,11.5,7.2,-4.2,12.700000000000001,-2.4000000000000004,-5.2,62.6,-88.00000000000001,32.7
Chrome Mobile,90.0.4430.82,Asus X01AD,Asus,Blink,[object Object],Chrome Mobile 90.0.4430.82 on Asus X01AD (Android 9),2021-05-06T05:55:00.210Z,寝る,あ,false,15,75.10000000000001,-39.800000000000004,-6.1000000000000005,10.8,11.600000000000001,-7.7,1.4000000000000001,9.700000000000001,-39.599999999999994,-247.29999999999998,72.80000000000001
Chrome Mobile,90.0.4430.82,Asus X01AD,Asus,Blink,[object Object],Chrome Mobile 90.0.4430.82 on Asus X01AD (Android 9),2021-05-06T05:55:00.411Z,寝る,あ,false,12.4,72.3,-39.5,-8,8.9,4.6000000000000005,-9.8,-0.30000000000000004,2.4000000000000004,47.1,214.00000000000003,-26.000000000000004
Chrome Mobile,90.0.4430.82,Asus X01AD,Asus,Blink,[object Object],Chrome Mobile 90.0.4430.82 on Asus X01AD (Android 9),2021-05-06T05:55:00.612Z,寝る,あ,false,342.6,77.10000000000001,36.4,13.4,12.3,8.3,14.8,2.7,6.5,46.9,140.20000000000002,-49.1
Chrome Mobile,90.0.4430.82,Asus X01AD,Asus,Blink,[object Object],Chrome Mobile 90.0.4430.82 on Asus X01AD (Android 9),2021-05-06T05:55:00.813Z,寝る,あ,false,15.600000000000001,82.60000000000001,-15.600000000000001,6,9.5,6.2,5.7,-0.1,5,-9.600000000000001,-250.4,57.800000000000004
Chrome Mobile,90.0.4430.82,Asus X01AD,Asus,Blink,[object Object],Chrome Mobile 90.0.4430.82 on Asus X01AD (Android 9),2021-05-06T05:55:01.014Z,寝る,あ,false,18.1,68.5,-57.6,-15.9,11.3,7.1000000000000005,-19,2.2,5.2,-45.8,-58.3,-21
Chrome Mobile,90.0.4430.82,Asus X01AD,Asus,Blink,[object Object],Chrome Mobile 90.0.4430.82 on Asus X01AD (Android 9),2021-05-06T05:55:01.215Z,寝る,あ,false,5.1000000000000005,76.4,-15.200000000000001,2.5,12.9,12.100000000000001,1.9000000000000001,3.5,9.9,56.50000000000001,242.1,-15.6
Chrome Mobile,90.0.4430.82,Asus X01AD,Asus,Blink,[object Object],Chrome Mobile 90.0.4430.82 on Asus X01AD (Android 9),2021-05-06T05:55:01.416Z,寝る,あ,false,331.8,81,39.7,13.8,7.5,-2.7,15.8,-2.3000000000000003,-0.4,98.2,-57.699999999999996,8.899999999999999
Chrome Mobile,90.0.4430.82,Asus X01AD,Asus,Blink,[object Object],Chrome Mobile 90.0.4430.82 on Asus X01AD (Android 9),2021-05-06T05:55:01.616Z,寝る,あ,false,17.7,79.7,-44.1,-3.2,11.5,12.600000000000001,-4.4,1.9000000000000001,11.4,-22.000000000000004,-206.89999999999998,68.80000000000001
Chrome Mobile,90.0.4430.82,Asus X01AD,Asus,Blink,[object Object],Chrome Mobile 90.0.4430.82 on Asus X01AD (Android 9),2021-05-06T05:55:01.818Z,寝る,あ,false,22.1,77.60000000000001,-56.1,-11.200000000000001,7.2,3.3000000000000003,-10.8,-1.6,1.4000000000000001,29.1,199.30000000000004,-14.900000000000002
Chrome Mobile,90.0.4430.82,Asus X01AD,Asus,Blink,[object Object],Chrome Mobile 90.0.4430.82 on Asus X01AD (Android 9),2021-05-06T05:55:02.024Z,寝る,あ,false,325.20000000000005,81.9,44.7,16.6,12.8,0.7000000000000001,17.6,3,-0.30000000000000004,95.60000000000002,111.50000000000001,-22.8
Chrome Mobile,90.0.4430.82,Asus X01AD,Asus,Blink,[object Object],Chrome Mobile 90.0.4430.82 on Asus X01AD (Android 9),2021-05-06T05:55:02.226Z,寝る,あ,false,346.1,82.10000000000001,7.1000000000000005,7.300000000000001,10,6.7,7.5,0.4,5.4,-5,-250.4,33.50000000000001
Chrome Mobile,90.0.4430.82,Asus X01AD,Asus,Blink,[object Object],Chrome Mobile 90.0.4430.82 on Asus X01AD (Android 9),2021-05-06T05:55:02.427Z,寝る,あ,false,9.600000000000001,73.10000000000001,-57,-14.700000000000001,9.600000000000001,8.5,-17.1,0.30000000000000004,7,10.8,-42.2,44.300000000000004
Chrome Mobile,90.0.4430.82,Asus X01AD,Asus,Blink,[object Object],Chrome Mobile 90.0.4430.82 on Asus X01AD (Android 9),2021-05-06T05:55:02.627Z,寝る,あ,false,348.90000000000003,75.10000000000001,-0.8,-0.6000000000000001,12.9,14,1.2000000000000002,3.4000000000000004,11.3,0.5,226.9,-21
Chrome Mobile,90.0.4430.82,Asus X01AD,Asus,Blink,[object Object],Chrome Mobile 90.0.4430.82 on Asus X01AD (Android 9),2021-05-06T05:55:02.829Z,寝る,あ,false,320.8,78.9,45.900000000000006,10.700000000000001,8,-2.6,12.100000000000001,-1.6,-3.9000000000000004,143.4,-148.70000000000002,20.3
Chrome Mobile,90.0.4430.82,Asus X01AD,Asus,Blink,[object Object],Chrome Mobile 90.0.4430.82 on Asus X01AD (Android 9),2021-05-06T05:55:03.030Z,寝る,あ,false,21.8,78.9,-59.5,-7.6000000000000005,11,8.1,-9.200000000000001,1.4000000000000001,7.2,12.4,-182.20000000000002,110.2
Chrome Mobile,90.0.4430.82,Asus X01AD,Asus,Blink,[object Object],Chrome Mobile 90.0.4430.82 on Asus X01AD (Android 9),2021-05-06T05:55:03.231Z,寝る,あ,false,35.7,76.5,-70.9,-8.4,9.3,2.8000000000000003,-10.5,0,2.1,10.299999999999999,182.1,-41.900000000000006
Chrome Mobile,90.0.4430.82,Asus X01AD,Asus,Blink,[object Object],Chrome Mobile 90.0.4430.82 on Asus X01AD (Android 9),2021-05-06T05:55:03.432Z,寝る,あ,false,329.3,74.4,41.7,10.700000000000001,11.5,4.9,12.5,2.1,3,-43.2,192.70000000000002,-67.3
Chrome Mobile,90.0.4430.82,Asus X01AD,Asus,Blink,[object Object],Chrome Mobile 90.0.4430.82 on Asus X01AD (Android 9),2021-05-06T05:55:03.633Z,寝る,あ,false,352.20000000000005,77.10000000000001,12.700000000000001,6.1000000000000005,9.3,6.1000000000000005,6.5,-0.1,4,32.1,-225.70000000000002,15.100000000000001
Chrome Mobile,90.0.4430.82,Asus X01AD,Asus,Blink,[object Object],Chrome Mobile 90.0.4430.82 on Asus X01AD (Android 9),2021-05-06T05:55:03.834Z,寝る,あ,false,30,70.9,-71.7,-11.8,10.200000000000001,6.4,-14.9,1,5.4,-27.6,-39.9,3.4
Chrome Mobile,90.0.4430.82,Asus X01AD,Asus,Blink,[object Object],Chrome Mobile 90.0.4430.82 on Asus X01AD (Android 9),2021-05-06T05:55:04.035Z,寝る,あ,false,17.400000000000002,78.60000000000001,-33.1,-0.6000000000000001,14,8.5,-1.6,4.5,6.9,19.9,249.6,-61.8
Chrome Mobile,90.0.4430.82,Asus X01AD,Asus,Blink,[object Object],Chrome Mobile 90.0.4430.82 on Asus X01AD (Android 9),2021-05-06T05:55:04.236Z,寝る,あ,false,322.20000000000005,80.2,57.300000000000004,17.1,7.300000000000001,2.2,18.5,-2.3000000000000003,1.3,33.300000000000004,11.700000000000001,-6.9
Chrome Mobile,90.0.4430.82,Asus X01AD,Asus,Blink,[object Object],Chrome Mobile 90.0.4430.82 on Asus X01AD (Android 9),2021-05-06T05:55:04.436Z,寝る,あ,false,51.300000000000004,78.4,-63.800000000000004,4.1000000000000005,12.100000000000001,7.2,2.3000000000000003,2.7,6.4,-29.200000000000003,-250.4,106.80000000000001
Chrome Mobile,90.0.4430.82,Asus X01AD,Asus,Blink,[object Object],Chrome Mobile 90.0.4430.82 on Asus X01AD (Android 9),2021-05-06T05:55:04.638Z,寝る,あ,false,40.1,70.10000000000001,-79.60000000000001,-13.3,8.8,8,-16.5,-0.30000000000000004,7.4,38.400000000000006,144.20000000000002,-33.800000000000004
Chrome Mobile,90.0.4430.82,Asus X01AD,Asus,Blink,[object Object],Chrome Mobile 90.0.4430.82 on Asus X01AD (Android 9),2021-05-06T05:55:04.838Z,寝る,あ,false,326.20000000000005,81.4,38.5,9.3,13.9,3.7,10.3,4.1000000000000005,2.5,86.1,249.5,-117.4
Chrome Mobile,90.0.4430.82,Asus X01AD,Asus,Blink,[object Object],Chrome Mobile 90.0.4430.82 on Asus X01AD (Android 9),2021-05-06T05:55:05.043Z,寝る,あ,false,36,92.30000000000001,-24.700000000000003,12,6.9,0.4,12.200000000000001,-2.7,0.7000000000000001,-46.800000000000004,-124.2,47.400000000000006
Chrome Mobile,90.0.4430.82,Asus X01AD,Asus,Blink,[object Object],Chrome Mobile 90.0.4430.82 on Asus X01AD (Android 9),2021-05-06T05:55:05.255Z,寝る,あ,false,45.900000000000006,67.7,-79.7,-0.2,15.600000000000001,8.5,-3.8000000000000003,6.6000000000000005,7.9,-32.9,-250.4,142.60000000000002
Chrome Mobile,90.0.4430.82,Asus X01AD,Asus,Blink,[object Object],Chrome Mobile 90.0.4430.82 on Asus X01AD (Android 9),2021-05-06T05:55:05.456Z,寝る,あ,false,38,77,-72.7,-2.1,10.8,4.4,-4.1000000000000005,1.4000000000000001,3.8000000000000003,16.700000000000003,240.20000000000002,-82.60000000000001
Chrome Mobile,90.0.4430.82,Asus X01AD,Asus,Blink,[object Object],Chrome Mobile 90.0.4430.82 on Asus X01AD (Android 9),2021-05-06T05:55:05.657Z,寝る,あ,false,308.5,76.2,60.900000000000006,15.4,9.9,-2.5,17.5,0.4,-3.6,-48.6,143.4,-102.3
Chrome Mobile,90.0.4430.82,Asus X01AD,Asus,Blink,[object Object],Chrome Mobile 90.0.4430.82 on Asus X01AD (Android 9),2021-05-06T05:55:05.859Z,寝る,あ,false,344.70000000000005,81.60000000000001,3.4000000000000004,1.1,9.9,8.4,1.2000000000000002,0.30000000000000004,7,12.9,-250.4,55.900000000000006
Chrome Mobile,90.0.4430.82,Asus X01AD,Asus,Blink,[object Object],Chrome Mobile 90.0.4430.82 on Asus X01AD (Android 9),2021-05-06T05:55:06.060Z,寝る,あ,false,19.3,69.10000000000001,-58.6,-13.4,11.8,7.4,-16.400000000000002,2.7,5.6000000000000005,14.600000000000001,106.1,21.6
Chrome Mobile,90.0.4430.82,Asus X01AD,Asus,Blink,[object Object],Chrome Mobile 90.0.4430.82 on Asus X01AD (Android 9),2021-05-06T05:55:06.262Z,寝る,あ,false,333.90000000000003,77.60000000000001,30.200000000000003,8.200000000000001,10.3,4.800000000000001,9.200000000000001,0.6000000000000001,3,92.50000000000001,249.3,-70.5
Chrome Mobile,90.0.4430.82,Asus X01AD,Asus,Blink,[object Object],Chrome Mobile 90.0.4430.82 on Asus X01AD (Android 9),2021-05-06T05:55:06.463Z,寝る,あ,false,317.20000000000005,82.4,50.1,12.5,8.200000000000001,-1.9000000000000001,13.100000000000001,-1.6,-3.3000000000000003,40.2,-189.4,56.300000000000004
Chrome Mobile,90.0.4430.82,Asus X01AD,Asus,Blink,[object Object],Chrome Mobile 90.0.4430.82 on Asus X01AD (Android 9),2021-05-06T05:55:06.669Z,寝る,あ,false,20.1,71.60000000000001,-60.7,-14.600000000000001,15,11.100000000000001,-17.3,5.7,9.600000000000001,-11.8,-196.3,84.4
Chrome Mobile,90.0.4430.82,Asus X01AD,Asus,Blink,[object Object],Chrome Mobile 90.0.4430.82 on Asus X01AD (Android 9),2021-05-06T05:55:06.873Z,寝る,あ,false,353.8,76.2,-0.5,3.6,14.600000000000001,14.8,3.6,5,12.4,31,249.4,-58.7
Chrome Mobile,90.0.4430.82,Asus X01AD,Asus,Blink,[object Object],Chrome Mobile 90.0.4430.82 on Asus X01AD (Android 9),2021-05-06T05:55:07.073Z,寝る,あ,false,314.3,84.5,72.10000000000001,15,6.5,-1.3,15.9,-3.2,-1.6,32.300000000000004,46,-0.4
Chrome Mobile,90.0.4430.82,Asus X01AD,Asus,Blink,[object Object],Chrome Mobile 90.0.4430.82 on Asus X01AD (Android 9),2021-05-06T05:55:07.274Z,寝る,あ,false,10.100000000000001,74.3,-23.400000000000002,-5.1000000000000005,10.9,14.600000000000001,-6.2,1.6,12.200000000000001,-101.20000000000002,-250.4,8.700000000000001
Chrome Mobile,90.0.4430.82,Asus X01AD,Asus,Blink,[object Object],Chrome Mobile 90.0.4430.82 on Asus X01AD (Android 9),2021-05-06T05:55:07.475Z,寝る,あ,false,355.3,74.7,-15.700000000000001,-9.1,7.4,2.1,-9.8,-2,-0.4,76.1,203.50000000000003,-28.600000000000005
Chrome Mobile,90.0.4430.82,Asus X01AD,Asus,Blink,[object Object],Chrome Mobile 90.0.4430.82 on Asus X01AD (Android 9),2021-05-06T05:55:07.675Z,寝る,あ,false,319.90000000000003,77.30000000000001,64.10000000000001,19.1,11.100000000000001,2.2,21,1.5,1.2000000000000002,100.30000000000001,166.00000000000003,-13.8
Chrome Mobile,90.0.4430.82,Asus X01AD,Asus,Blink,[object Object],Chrome Mobile 90.0.4430.82 on Asus X01AD (Android 9),2021-05-06T05:55:07.876Z,寝る,あ,false,32,83.60000000000001,-25.900000000000002,6.5,10.4,6.1000000000000005,6,0.9,5.1000000000000005,-18.1,-250.4,83.00000000000001
Chrome Mobile,90.0.4430.82,Asus X01AD,Asus,Blink,[object Object],Chrome Mobile 90.0.4430.82 on Asus X01AD (Android 9),2021-05-06T05:55:08.077Z,寝る,あ,false,27.400000000000002,65.60000000000001,-64.10000000000001,-19,9.8,13.4,-22.6,0.9,11.600000000000001,-4.1,-87.60000000000001,44.6
Chrome Mobile,90.0.4430.82,Asus X01AD,Asus,Blink,[object Object],Chrome Mobile 90.0.4430.82 on Asus X01AD (Android 9),2021-05-06T05:55:08.279Z,寝る,あ,false,2.6,70.60000000000001,-6.2,3.3000000000000003,15,16.6,2.9000000000000004,5.6000000000000005,13.4,1.2000000000000002,249.6,-109.10000000000001
Chrome Mobile,90.0.4430.82,Asus X01AD,Asus,Blink,[object Object],Chrome Mobile 90.0.4430.82 on Asus X01AD (Android 9),2021-05-06T05:55:08.482Z,寝る,あ,false,323.1,80.9,62.400000000000006,16.3,7.800000000000001,-6,17.7,-1.7000000000000002,-6.7,67.8,-54.50000000000001,42.5
Chrome Mobile,90.0.4430.82,Asus X01AD,Asus,Blink,[object Object],Chrome Mobile 90.0.4430.82 on Asus X01AD (Android 9),2021-05-06T05:55:08.691Z,寝る,あ,false,31.3,69.10000000000001,-52.7,-4.6000000000000005,11.700000000000001,9.8,-7.1000000000000005,2.5,7.6000000000000005,-36.7,-250.4,135.8
Chrome Mobile,90.0.4430.82,Asus X01AD,Asus,Blink,[object Object],Chrome Mobile 90.0.4430.82 on Asus X01AD (Android 9),2021-05-06T05:55:08.892Z,寝る,あ,false,20,71.8,-42.900000000000006,-5.7,12.3,6.9,-7.800000000000001,3.1,4.7,59.80000000000001,204.20000000000002,-52.00000000000001
Chrome Mobile,90.0.4430.82,Asus X01AD,Asus,Blink,[object Object],Chrome Mobile 90.0.4430.82 on Asus X01AD (Android 9),2021-05-06T05:55:09.095Z,寝る,あ,false,318.70000000000005,78.7,63.300000000000004,12.4,9.200000000000001,2.9000000000000004,12.4,-0.6000000000000001,2.7,83.5,179.2,-27.9
Chrome Mobile,90.0.4430.82,Asus X01AD,Asus,Blink,[object Object],Chrome Mobile 90.0.4430.82 on Asus X01AD (Android 9),2021-05-06T05:55:09.296Z,寝る,あ,false,4.2,84.60000000000001,7.300000000000001,9.200000000000001,9.3,6.300000000000001,9.3,-0.2,5.4,-46.300000000000004,-250.4,55.3
Chrome Mobile,90.0.4430.82,Asus X01AD,Asus,Blink,[object Object],Chrome Mobile 90.0.4430.82 on Asus X01AD (Android 9),2021-05-06T05:55:09.497Z,寝る,あ,false,28.8,68.4,-62.5,-12.4,12.5,8.6,-15.600000000000001,3.3000000000000003,6.9,7.200000000000001,-97.89999999999999,64.2
Chrome Mobile,90.0.4430.82,Asus X01AD,Asus,Blink,[object Object],Chrome Mobile 90.0.4430.82 on Asus X01AD (Android 9),2021-05-06T05:55:09.698Z,寝る,あ,false,3.5,76.2,-10.200000000000001,-1.9000000000000001,13.9,10.200000000000001,-2.3000000000000003,4.4,7.9,-5.6,249.5,-60.2
Chrome Mobile,90.0.4430.82,Asus X01AD,Asus,Blink,[object Object],Chrome Mobile 90.0.4430.82 on Asus X01AD (Android 9),2021-05-06T05:55:09.899Z,寝る,あ,false,325.6,79,58.800000000000004,15.3,5.1000000000000005,2.5,16.8,-4.5,1.5,16.6,13.000000000000002,-7.400000000000001
Chrome Mobile,90.0.4430.82,Asus X01AD,Asus,Blink,[object Object],Chrome Mobile 90.0.4430.82 on Asus X01AD (Android 9),2021-05-06T05:55:10.100Z,寝る,あ,false,29.700000000000003,74.3,-43.300000000000004,-0.5,13.9,10.9,-2.3000000000000003,4.6000000000000005,9,-61.199999999999996,-250.4,75.4
Chrome Mobile,90.0.4430.82,Asus X01AD,Asus,Blink,[object Object],Chrome Mobile 90.0.4430.82 on Asus X01AD (Android 9),2021-05-06T05:55:10.301Z,寝る,あ,false,32.9,71.4,-62.900000000000006,-11.100000000000001,8.6,4.9,-13.8,-0.6000000000000001,3.4000000000000004,68.5,143.8,-7.9
Chrome Mobile,90.0.4430.82,Asus X01AD,Asus,Blink,[object Object],Chrome Mobile 90.0.4430.82 on Asus X01AD (Android 9),2021-05-06T05:55:10.501Z,寝る,あ,false,356.20000000000005,78.80000000000001,20.5,8.1,11.700000000000001,6.6000000000000005,8.8,2,4.800000000000001,9.2,219.4,-65.8
Chrome Mobile,90.0.4430.82,Asus X01AD,Asus,Blink,[object Object],Chrome Mobile 90.0.4430.82 on Asus X01AD (Android 9),2021-05-06T05:55:10.702Z,寝る,あ,false,23.6,88.5,-6.4,8.5,6.800000000000001,-1.5,8.5,-2.9000000000000004,-1.7000000000000002,-19.200000000000003,-195.1,56.800000000000004
Chrome Mobile,90.0.4430.82,Asus X01AD,Asus,Blink,[object Object],Chrome Mobile 90.0.4430.82 on Asus X01AD (Android 9),2021-05-06T05:55:10.903Z,寝る,あ,false,33.7,69,-64.2,-9.200000000000001,11.8,12.9,-12.4,2.7,11.4,-23.800000000000004,-250.4,70.8
Chrome Mobile,90.0.4430.82,Asus X01AD,Asus,Blink,[object Object],Chrome Mobile 90.0.4430.82 on Asus X01AD (Android 9),2021-05-06T05:55:11.104Z,寝る,あ,false,26.3,72.2,-48.300000000000004,-3,12.8,7.5,-5.2,3.7,5.5,-2.9,209.8,-48.6
Chrome Mobile,90.0.4430.82,Asus X01AD,Asus,Blink,[object Object],Chrome Mobile 90.0.4430.82 on Asus X01AD (Android 9),2021-05-06T05:55:11.310Z,寝る,あ,false,334,80.80000000000001,48.800000000000004,16.8,7.1000000000000005,-6.2,18,-2.7,-7.2,55.400000000000006,163.29999999999998,-71
Chrome Mobile,90.0.4430.82,Asus X01AD,Asus,Blink,[object Object],Chrome Mobile 90.0.4430.82 on Asus X01AD (Android 9),2021-05-06T05:55:11.510Z,寝る,あ,false,39.2,80,-37.5,5.2,11.4,6.2,4.2,2,4.9,-57.00000000000001,-250.4,60.1
Chrome Mobile,90.0.4430.82,Asus X01AD,Asus,Blink,[object Object],Chrome Mobile 90.0.4430.82 on Asus X01AD (Android 9),2021-05-06T05:55:11.712Z,寝る,あ,false,32.9,66.4,-68.7,-14.200000000000001,12,10.100000000000001,-17.8,3,8.700000000000001,-9.600000000000001,11.5,-4.300000000000001
Chrome Mobile,90.0.4430.82,Asus X01AD,Asus,Blink,[object Object],Chrome Mobile 90.0.4430.82 on Asus X01AD (Android 9),2021-05-06T05:55:11.913Z,寝る,あ,false,354.3,76.9,7.7,3.7,13.8,11.4,4.1000000000000005,4.1000000000000005,9.1,66.1,249.6,-87.50000000000001
Chrome Mobile,90.0.4430.82,Asus X01AD,Asus,Blink,[object Object],Chrome Mobile 90.0.4430.82 on Asus X01AD (Android 9),2021-05-06T05:55:12.117Z,寝る,あ,false,315.6,80.30000000000001,82,15.700000000000001,6.2,0.9,17.3,-3.4000000000000004,0.6000000000000001,-6.300000000000001,81.50000000000001,-12.100000000000001
Chrome Mobile,90.0.4430.82,Asus X01AD,Asus,Blink,[object Object],Chrome Mobile 90.0.4430.82 on Asus X01AD (Android 9),2021-05-06T05:55:12.319Z,寝る,あ,false,43.400000000000006,74.10000000000001,-45.400000000000006,0.30000000000000004,13.200000000000001,11.200000000000001,-1.6,3.9000000000000004,9.3,-108.8,-250.4,55.1
Chrome Mobile,90.0.4430.82,Asus X01AD,Asus,Blink,[object Object],Chrome Mobile 90.0.4430.82 on Asus X01AD (Android 9),2021-05-06T05:55:12.522Z,寝る,あ,false,25.6,75.8,-47.800000000000004,-10.100000000000001,9.8,5.800000000000001,-11.9,0.4,4.2,32.8,160.70000000000002,-75.4
Chrome Mobile,90.0.4430.82,Asus X01AD,Asus,Blink,[object Object],Chrome Mobile 90.0.4430.82 on Asus X01AD (Android 9),2021-05-06T05:55:12.722Z,寝る,あ,false,320.90000000000003,75.7,63.6,7.5,8.8,0.7000000000000001,9.700000000000001,-0.8,-0.4,17.7,249.6,-55.400000000000006
Chrome Mobile,90.0.4430.82,Asus X01AD,Asus,Blink,[object Object],Chrome Mobile 90.0.4430.82 on Asus X01AD (Android 9),2021-05-06T05:55:12.923Z,寝る,あ,false,354.1,80.60000000000001,31.200000000000003,8.5,8.4,5.6000000000000005,9.3,-1,4.3,-23.099999999999998,-213.70000000000002,55.60000000000001
Chrome Mobile,90.0.4430.82,Asus X01AD,Asus,Blink,[object Object],Chrome Mobile 90.0.4430.82 on Asus X01AD (Android 9),2021-05-06T05:55:13.124Z,寝る,あ,false,42.6,63.1,-62.800000000000004,-7.4,16.6,7.5,-12.200000000000001,7.2,6.9,9.4,-193.1,137.8
Chrome Mobile,90.0.4430.82,Asus X01AD,Asus,Blink,[object Object],Chrome Mobile 90.0.4430.82 on Asus X01AD (Android 9),2021-05-06T05:55:13.325Z,寝る,あ,false,13,74.2,-16.6,0.1,12,6.2,-0.6000000000000001,2.6,3.7,-5.7,201.1,-88.10000000000001
Chrome Mobile,90.0.4430.82,Asus X01AD,Asus,Blink,[object Object],Chrome Mobile 90.0.4430.82 on Asus X01AD (Android 9),2021-05-06T05:55:13.525Z,寝る,あ,false,337.5,74.3,54.900000000000006,15.200000000000001,7.2,2.5,17.400000000000002,-2.3000000000000003,1,89.9,56,42.900000000000006
Chrome Mobile,90.0.4430.82,Asus X01AD,Asus,Blink,[object Object],Chrome Mobile 90.0.4430.82 on Asus X01AD (Android 9),2021-05-06T05:55:13.726Z,寝る,あ,false,49.300000000000004,78,-45.300000000000004,4.9,10.200000000000001,7.9,3.5,0.7000000000000001,6.5,-66.7,-250.3,62.900000000000006
Chrome Mobile,90.0.4430.82,Asus X01AD,Asus,Blink,[object Object],Chrome Mobile 90.0.4430.82 on Asus X01AD (Android 9),2021-05-06T05:55:13.927Z,寝る,あ,false,40.800000000000004,60.800000000000004,-74.60000000000001,-10.8,14.100000000000001,10,-15.4,5.5,8.700000000000001,-16.200000000000003,10,-11.4
Chrome Mobile,90.0.4430.82,Asus X01AD,Asus,Blink,[object Object],Chrome Mobile 90.0.4430.82 on Asus X01AD (Android 9),2021-05-06T05:55:14.128Z,寝る,あ,false,358.1,74.2,5.6000000000000005,2.3000000000000003,12.700000000000001,10.3,2.6,3.1,7.6000000000000005,-4,249.6,-109.2
Chrome Mobile,90.0.4430.82,Asus X01AD,Asus,Blink,[object Object],Chrome Mobile 90.0.4430.82 on Asus X01AD (Android 9),2021-05-06T05:55:14.328Z,寝る,あ,false,337.6,78.30000000000001,51.6,12.200000000000001,6.300000000000001,1.7000000000000002,13.8,-3.2,0.4,0.4,-14.100000000000001,-12.100000000000001
Chrome Mobile,90.0.4430.82,Asus X01AD,Asus,Blink,[object Object],Chrome Mobile 90.0.4430.82 on Asus X01AD (Android 9),2021-05-06T05:55:14.530Z,寝る,あ,false,28.400000000000002,74.3,-38.1,-2.8000000000000003,10.3,9.200000000000001,-4.6000000000000005,1,7.1000000000000005,-42,-245.39999999999998,75.60000000000001
Chrome Mobile,90.0.4430.82,Asus X01AD,Asus,Blink,[object Object],Chrome Mobile 90.0.4430.82 on Asus X01AD (Android 9),2021-05-06T05:55:14.735Z,寝る,あ,false,18.6,69.9,-47.300000000000004,-9.600000000000001,9.700000000000001,5.6000000000000005,-12.100000000000001,0.6000000000000001,3.4000000000000004,-2.7,110,-69.7
Chrome Mobile,90.0.4430.82,Asus X01AD,Asus,Blink,[object Object],Chrome Mobile 90.0.4430.82 on Asus X01AD (Android 9),2021-05-06T05:55:14.940Z,寝る,あ,false,329.70000000000005,76.10000000000001,49.400000000000006,11.5,8.9,4.4,13.3,-0.7000000000000001,2.9000000000000004,58,217.6,-4.300000000000001
Chrome Mobile,90.0.4430.82,Asus X01AD,Asus,Blink,[object Object],Chrome Mobile 90.0.4430.82 on Asus X01AD (Android 9),2021-05-06T05:55:15.141Z,寝る,あ,false,33.9,83.60000000000001,-19.5,8.9,7.1000000000000005,5.4,8.700000000000001,-2.4000000000000004,4.4,-52.00000000000001,-198.79999999999998,37.9
Chrome Mobile,90.0.4430.82,Asus X01AD,Asus,Blink,[object Object],Chrome Mobile 90.0.4430.82 on Asus X01AD (Android 9),2021-05-06T05:55:15.342Z,寝る,あ,false,30.8,65.60000000000001,-60.800000000000004,-7.7,12.8,8.8,-11.200000000000001,3.9000000000000004,6.800000000000001,-36.300000000000004,-222.20000000000005,80
Chrome Mobile,90.0.4430.82,Asus X01AD,Asus,Blink,[object Object],Chrome Mobile 90.0.4430.82 on Asus X01AD (Android 9),2021-05-06T05:55:15.542Z,寝る,あ,false,17.400000000000002,72.9,-36,-0.2,13.9,8.6,-1.9000000000000001,4.5,6.300000000000001,55.1,223.9,-56
Chrome Mobile,90.0.4430.82,Asus X01AD,Asus,Blink,[object Object],Chrome Mobile 90.0.4430.82 on Asus X01AD (Android 9),2021-05-06T05:55:15.743Z,寝る,あ,false,322.40000000000003,79.7,59.2,17.2,8.200000000000001,-1.8,18.7,-1.4000000000000001,-2.7,37.9,15.8,31.400000000000002
Chrome Mobile,90.0.4430.82,Asus X01AD,Asus,Blink,[object Object],Chrome Mobile 90.0.4430.82 on Asus X01AD (Android 9),2021-05-06T05:55:15.943Z,寝る,あ,false,14.4,79.60000000000001,-17,5.800000000000001,9.8,6.9,5.300000000000001,0.30000000000000004,5.2,-57.1,-250.3,34
Chrome Mobile,90.0.4430.82,Asus X01AD,Asus,Blink,[object Object],Chrome Mobile 90.0.4430.82 on Asus X01AD (Android 9),2021-05-06T05:55:16.144Z,寝る,あ,false,16.5,67.8,-54.900000000000006,-13.700000000000001,11.100000000000001,10.4,-16.7,2.1,8.3,24.200000000000003,-25.200000000000003,22.9
Chrome Mobile,90.0.4430.82,Asus X01AD,Asus,Blink,[object Object],Chrome Mobile 90.0.4430.82 on Asus X01AD (Android 9),2021-05-06T05:55:16.347Z,寝る,あ,false,353.1,77.60000000000001,4.6000000000000005,2.4000000000000004,11.8,8.3,2.6,2.1,6.2,27.800000000000004,249.6,-67.3
Chrome Mobile,90.0.4430.82,Asus X01AD,Asus,Blink,[object Object],Chrome Mobile 90.0.4430.82 on Asus X01AD (Android 9),2021-05-06T05:55:16.548Z,寝る,あ,false,347.20000000000005,83.4,36.6,14,7.6000000000000005,-0.5,16.2,-1.8,-0.30000000000000004,4.300000000000001,-27.700000000000003,-15.000000000000002
Chrome Mobile,90.0.4430.82,Asus X01AD,Asus,Blink,[object Object],Chrome Mobile 90.0.4430.82 on Asus X01AD (Android 9),2021-05-06T05:55:16.749Z,寝る,あ,false,20.1,77,-33.300000000000004,-1.8,12.700000000000001,8.9,-3,3.2,7,-20,-246.70000000000002,57.800000000000004
Chrome Mobile,90.0.4430.82,Asus X01AD,Asus,Blink,[object Object],Chrome Mobile 90.0.4430.82 on Asus X01AD (Android 9),2021-05-06T05:55:16.950Z,寝る,あ,false,26.8,75.3,-58.7,-10.200000000000001,8.700000000000001,3,-12.200000000000001,-0.6000000000000001,1.8,21.500000000000004,126.70000000000002,2.2
Chrome Mobile,90.0.4430.82,Asus X01AD,Asus,Blink,[object Object],Chrome Mobile 90.0.4430.82 on Asus X01AD (Android 9),2021-05-06T05:55:17.151Z,寝る,あ,false,337.8,81.10000000000001,30.400000000000002,6.9,10.100000000000001,2.7,7.7,0.4,1.4000000000000001,22.9,249.6,-90.70000000000002
Chrome Mobile,90.0.4430.82,Asus X01AD,Asus,Blink,[object Object],Chrome Mobile 90.0.4430.82 on Asus X01AD (Android 9),2021-05-06T05:55:17.357Z,寝る,あ,false,357.6,82.7,16.1,10,8.3,5.800000000000001,10.3,-1.2000000000000002,4.6000000000000005,-51.70000000000001,-201.1,38.400000000000006
Chrome Mobile,90.0.4430.82,Asus X01AD,Asus,Blink,[object Object],Chrome Mobile 90.0.4430.82 on Asus X01AD (Android 9),2021-05-06T05:55:17.568Z,寝る,あ,false,26,66.5,-60.7,-8.4,13.200000000000001,7.1000000000000005,-11.8,4.2,5.2,-21.300000000000004,-226.4,107.10000000000001
Chrome Mobile,90.0.4430.82,Asus X01AD,Asus,Blink,[object Object],Chrome Mobile 90.0.4430.82 on Asus X01AD (Android 9),2021-05-06T05:55:17.769Z,寝る,あ,false,5.300000000000001,75,-19.700000000000003,-2.4000000000000004,13.5,12.8,-3.2,4.1000000000000005,10.4,18,249.6,-87.3
Chrome Mobile,90.0.4430.82,Asus X01AD,Asus,Blink,[object Object],Chrome Mobile 90.0.4430.82 on Asus X01AD (Android 9),2021-05-06T05:55:17.969Z,寝る,あ,false,342,80.2,37.800000000000004,19.6,8.700000000000001,1.9000000000000001,20.6,-0.9,0.6000000000000001,-2.1,29.700000000000006,0.5
Chrome Mobile,90.0.4430.82,Asus X01AD,Asus,Blink,[object Object],Chrome Mobile 90.0.4430.82 on Asus X01AD (Android 9),2021-05-06T05:55:18.170Z,寝る,あ,false,18.8,77.30000000000001,-31.3,-1.1,10.200000000000001,8.700000000000001,-2.2,0.8,6.800000000000001,-55.60000000000001,-250.4,79.1
Chrome Mobile,90.0.4430.82,Asus X01AD,Asus,Blink,[object Object],Chrome Mobile 90.0.4430.82 on Asus X01AD (Android 9),2021-05-06T05:55:18.371Z,寝る,あ,false,29.8,69.60000000000001,-64.9,-10.100000000000001,10.100000000000001,5.2,-13.100000000000001,0.9,3.7,62,126.20000000000002,-61.599999999999994
Chrome Mobile,90.0.4430.82,Asus X01AD,Asus,Blink,[object Object],Chrome Mobile 90.0.4430.82 on Asus X01AD (Android 9),2021-05-06T05:55:18.572Z,寝る,あ,false,332.3,91.4,34.2,13.4,11.5,-5.9,13.3,1.7000000000000002,-5.7,106.1,188.20000000000002,-72.10000000000001
Chrome Mobile,90.0.4430.82,Asus X01AD,Asus,Blink,[object Object],Chrome Mobile 90.0.4430.82 on Asus X01AD (Android 9),2021-05-06T05:55:18.773Z,寝る,あ,false,311.6,95.30000000000001,59.400000000000006,10.5,7.4,0.5,9.700000000000001,-2.2,1,-81.8,-153.79999999999998,52.400000000000006
Chrome Mobile,90.0.4430.82,Asus X01AD,Asus,Blink,[object Object],Chrome Mobile 90.0.4430.82 on Asus X01AD (Android 9),2021-05-06T05:55:18.974Z,寝る,あ,false,29.1,63.900000000000006,-58,-12.600000000000001,16,8.8,-16.2,7.300000000000001,6.6000000000000005,-79.1,-179.9,94
Chrome Mobile,90.0.4430.82,Asus X01AD,Asus,Blink,[object Object],Chrome Mobile 90.0.4430.82 on Asus X01AD (Android 9),2021-05-06T05:55:19.175Z,寝る,あ,false,12.4,77.4,-20,0.1,12.3,6.7,-0.6000000000000001,2.8000000000000003,4.7,81.7,181.9,-76.80000000000001
Chrome Mobile,90.0.4430.82,Asus X01AD,Asus,Blink,[object Object],Chrome Mobile 90.0.4430.82 on Asus X01AD (Android 9),2021-05-06T05:55:19.376Z,寝る,あ,false,318.20000000000005,77.10000000000001,67.10000000000001,12.8,7.7,4,14.8,-1.8,3.2,27,55.7,15.299999999999999
Chrome Mobile,90.0.4430.82,Asus X01AD,Asus,Blink,[object Object],Chrome Mobile 90.0.4430.82 on Asus X01AD (Android 9),2021-05-06T05:55:19.577Z,寝る,あ,false,26.700000000000003,83.7,-26.700000000000003,1.3,10.600000000000001,6.7,0.8,1.1,5.7,-29.500000000000004,-250.3,75.5
Chrome Mobile,90.0.4430.82,Asus X01AD,Asus,Blink,[object Object],Chrome Mobile 90.0.4430.82 on Asus X01AD (Android 9),2021-05-06T05:55:19.778Z,寝る,あ,false,33.5,69.10000000000001,-68,-16.5,13,9.1,-19.8,3.9000000000000004,7.800000000000001,3.9,82.39999999999999,-54.800000000000004
Chrome Mobile,90.0.4430.82,Asus X01AD,Asus,Blink,[object Object],Chrome Mobile 90.0.4430.82 on Asus X01AD (Android 9),2021-05-06T05:55:19.980Z,寝る,あ,false,334.40000000000003,79.7,34.7,6,11,5.6000000000000005,7,1.3,4.1000000000000005,28.800000000000004,249.6,-112.4
Chrome Mobile,90.0.4430.82,Asus X01AD,Asus,Blink,[object Object],Chrome Mobile 90.0.4430.82 on Asus X01AD (Android 9),2021-05-06T05:55:20.181Z,寝る,あ,false,329.70000000000005,84.5,51.5,10,8.200000000000001,-0.1,10.700000000000001,-1.4000000000000001,-0.6000000000000001,8.8,-104.00000000000001,42.5
Chrome Mobile,90.0.4430.82,Asus X01AD,Asus,Blink,[object Object],Chrome Mobile 90.0.4430.82 on Asus X01AD (Android 9),2021-05-06T05:55:20.385Z,寝る,あ,false,48.900000000000006,71.5,-71.60000000000001,-3.5,11.9,6.2,-6.5,2.6,5.2,-80.2,-246.9,107.10000000000001
Chrome Mobile,90.0.4430.82,Asus X01AD,Asus,Blink,[object Object],Chrome Mobile 90.0.4430.82 on Asus X01AD (Android 9),2021-05-06T05:55:20.594Z,寝る,あ,false,30,75.2,-57.1,-2.6,12.8,5.2,-4.6000000000000005,3.5,3.9000000000000004,33.7,194.5,-69.10000000000001
Chrome Mobile,90.0.4430.82,Asus X01AD,Asus,Blink,[object Object],Chrome Mobile 90.0.4430.82 on Asus X01AD (Android 9),2021-05-06T05:55:20.797Z,寝る,あ,false,317.70000000000005,76.80000000000001,59.300000000000004,14.5,9.600000000000001,-0.4,16.5,0,-1.6,-15.899999999999999,169.1,-48.70000000000001
Chrome Mobile,90.0.4430.82,Asus X01AD,Asus,Blink,[object Object],Chrome Mobile 90.0.4430.82 on Asus X01AD (Android 9),2021-05-06T05:55:20.999Z,寝る,あ,false,350.5,79.10000000000001,8.6,3.5,9,7.800000000000001,3.7,-1,6.300000000000001,-17.400000000000002,-250.20000000000002,49.800000000000004
Chrome Mobile,90.0.4430.82,Asus X01AD,Asus,Blink,[object Object],Chrome Mobile 90.0.4430.82 on Asus X01AD (Android 9),2021-05-06T05:55:21.200Z,寝る,あ,false,17.400000000000002,64.3,-60.900000000000006,-11.3,12.700000000000001,10.4,-15,3.9000000000000004,8.3,8.2,28.600000000000005,-2.9
Chrome Mobile,90.0.4430.82,Asus X01AD,Asus,Blink,[object Object],Chrome Mobile 90.0.4430.82 on Asus X01AD (Android 9),2021-05-06T05:55:21.406Z,寝る,あ,false,357.1,82.10000000000001,-5.2,5.1000000000000005,12,8.200000000000001,5,2.2,6.9,26.5,244.70000000000002,-126.8
Chrome Mobile,90.0.4430.82,Asus X01AD,Asus,Blink,[object Object],Chrome Mobile 90.0.4430.82 on Asus X01AD (Android 9),2021-05-06T05:55:21.609Z,寝る,あ,false,333.5,83.60000000000001,42.1,12.8,8.9,3.7,15.9,-0.2,4.2,-3.5,-32.9,-43.2
Chrome Mobile,90.0.4430.82,Asus X01AD,Asus,Blink,[object Object],Chrome Mobile 90.0.4430.82 on Asus X01AD (Android 9),2021-05-06T05:55:21.813Z,寝る,あ,false,8.9,75.7,-33.9,-6.1000000000000005,11.9,10.3,-7.4,2.5,8.3,-45.2,-249.7,74.30000000000001
Chrome Mobile,90.0.4430.82,Asus X01AD,Asus,Blink,[object Object],Chrome Mobile 90.0.4430.82 on Asus X01AD (Android 9),2021-05-06T05:55:22.014Z,寝る,あ,false,7.2,76.2,-41.5,-8,9.4,4.800000000000001,-9.600000000000001,0,3.1,78,184.20000000000002,-2.2
Chrome Mobile,90.0.4430.82,Asus X01AD,Asus,Blink,[object Object],Chrome Mobile 90.0.4430.82 on Asus X01AD (Android 9),2021-05-06T05:55:22.216Z,寝る,あ,false,311.70000000000005,80.5,58.300000000000004,13.200000000000001,11.600000000000001,-6,14.600000000000001,2,-6.9,53.50000000000001,95.80000000000001,-42.3
Chrome Mobile,90.0.4430.82,Asus X01AD,Asus,Blink,[object Object],Chrome Mobile 90.0.4430.82 on Asus X01AD (Android 9),2021-05-06T05:55:22.422Z,寝る,あ,false,355.5,83.10000000000001,-1.8,0.1,11.600000000000001,6.4,0.1,2,5.2,20.400000000000002,-220.70000000000002,69.20000000000002
Chrome Mobile,90.0.4430.82,Asus X01AD,Asus,Blink,[object Object],Chrome Mobile 90.0.4430.82 on Asus X01AD (Android 9),2021-05-06T05:55:22.629Z,寝る,あ,false,30.1,76.2,-71,-13.9,11,4.9,-16.1,1.5,4.2,46.9,-6.9,21.500000000000004
Chrome Mobile,90.0.4430.82,Asus X01AD,Asus,Blink,[object Object],Chrome Mobile 90.0.4430.82 on Asus X01AD (Android 9),2021-05-06T05:55:22.830Z,寝る,あ,false,321.8,80.9,33.7,3.5,12.100000000000001,10.3,4.3,2.5,9,-18,245.70000000000005,-94.2
Chrome Mobile,90.0.4430.82,Asus X01AD,Asus,Blink,[object Object],Chrome Mobile 90.0.4430.82 on Asus X01AD (Android 9),2021-05-06T05:55:23.031Z,寝る,あ,false,330.5,84.5,35.9,11.8,9.200000000000001,1.5,12.3,-0.4,0.8,1.6,-114.00000000000001,33.2
Chrome Mobile,90.0.4430.82,Asus X01AD,Asus,Blink,[object Object],Chrome Mobile 90.0.4430.82 on Asus X01AD (Android 9),2021-05-06T05:55:23.232Z,寝る,あ,false,26.200000000000003,75.3,-60.7,-12.8,8.5,5.9,-15,-0.9,4.7,-56.10000000000001,-181.2,70.6
Chrome Mobile,90.0.4430.82,Asus X01AD,Asus,Blink,[object Object],Chrome Mobile 90.0.4430.82 on Asus X01AD (Android 9),2021-05-06T05:55:23.438Z,寝る,あ,false,358.6,77,-21.8,1.9000000000000001,14.9,8,1.1,5.4,5.9,71.9,233.29999999999998,-44.10000000000001
Chrome Mobile,90.0.4430.82,Asus X01AD,Asus,Blink,[object Object],Chrome Mobile 90.0.4430.82 on Asus X01AD (Android 9),2021-05-06T05:55:23.639Z,寝る,あ,false,311.1,81.9,60.300000000000004,21.3,7.9,1.9000000000000001,22.5,-1.7000000000000002,1.3,-25.200000000000003,-15.700000000000001,-8.4
Chrome Mobile,90.0.4430.82,Asus X01AD,Asus,Blink,[object Object],Chrome Mobile 90.0.4430.82 on Asus X01AD (Android 9),2021-05-06T05:55:23.840Z,寝る,あ,false,353.40000000000003,77.80000000000001,-20.700000000000003,-0.9,12,10.700000000000001,-1.7000000000000002,2.6,8.8,-44.9,-250.4,62.50000000000001
Chrome Mobile,90.0.4430.82,Asus X01AD,Asus,Blink,[object Object],Chrome Mobile 90.0.4430.82 on Asus X01AD (Android 9),2021-05-06T05:55:24.046Z,寝る,あ,false,346.70000000000005,75.3,-27.900000000000002,-13.600000000000001,6.4,10,-14.8,-3,7.800000000000001,58.3,203.60000000000002,-9.2
Chrome Mobile,90.0.4430.82,Asus X01AD,Asus,Blink,[object Object],Chrome Mobile 90.0.4430.82 on Asus X01AD (Android 9),2021-05-06T05:55:24.247Z,寝る,あ,false,307.8,74.4,58.300000000000004,17.2,12.3,-5.6000000000000005,19.5,2.7,-7,48,203.60000000000002,-65.10000000000001
Chrome Mobile,90.0.4430.82,Asus X01AD,Asus,Blink,[object Object],Chrome Mobile 90.0.4430.82 on Asus X01AD (Android 9),2021-05-06T05:55:24.449Z,寝る,あ,false,320.3,79.7,30.5,0,8.6,7.5,-0.30000000000000004,-0.4,5.6000000000000005,29.700000000000006,-250.4,36.1
Chrome Mobile,90.0.4430.82,Asus X01AD,Asus,Blink,[object Object],Chrome Mobile 90.0.4430.82 on Asus X01AD (Android 9),2021-05-06T05:55:24.651Z,寝る,あ,false,356.8,76,-46.1,-14.700000000000001,8.8,6.4,-16.400000000000002,-0.7000000000000001,4.7,1.5,19.5,-11.8
Chrome Mobile,90.0.4430.82,Asus X01AD,Asus,Blink,[object Object],Chrome Mobile 90.0.4430.82 on Asus X01AD (Android 9),2021-05-06T05:55:24.851Z,寝る,あ,false,336.3,76,19,5.5,11.700000000000001,13.4,6.300000000000001,2.2,11.200000000000001,29.1,249.6,15.100000000000001
Chrome Mobile,90.0.4430.82,Asus X01AD,Asus,Blink,[object Object],Chrome Mobile 90.0.4430.82 on Asus X01AD (Android 9),2021-05-06T05:55:25.052Z,寝る,あ,false,12.100000000000001,85.7,-5.800000000000001,16.1,9.1,-3.2,16.1,-0.5,-4,55,-147,50.2
Chrome Mobile,90.0.4430.82,Asus X01AD,Asus,Blink,[object Object],Chrome Mobile 90.0.4430.82 on Asus X01AD (Android 9),2021-05-06T05:55:25.253Z,寝る,あ,false,31.5,71.2,-68.10000000000001,-7.4,12.5,8.4,-10.3,3.3000000000000003,7.2,-14.400000000000002,-250.4,166.8
Chrome Mobile,90.0.4430.82,Asus X01AD,Asus,Blink,[object Object],Chrome Mobile 90.0.4430.82 on Asus X01AD (Android 9),2021-05-06T05:55:25.454Z,寝る,あ,false,17.3,79.7,-43.900000000000006,-3.7,11.5,2.6,-4.9,2,1.4000000000000001,10.5,249.6,-89.30000000000001
Chrome Mobile,90.0.4430.82,Asus X01AD,Asus,Blink,[object Object],Chrome Mobile 90.0.4430.82 on Asus X01AD (Android 9),2021-05-06T05:55:25.654Z,寝る,あ,false,311.5,75.9,57.7,14,8.5,6.4,16,-1,5.1000000000000005,-26.799999999999997,64.10000000000001,-38.60000000000001
Chrome Mobile,90.0.4430.82,Asus X01AD,Asus,Blink,[object Object],Chrome Mobile 90.0.4430.82 on Asus X01AD (Android 9),2021-05-06T05:55:25.857Z,寝る,あ,false,4.9,80.7,-25.900000000000002,-0.5,10.8,8,-1.1,1.3,6.6000000000000005,-46.800000000000004,-250.4,79.9
Chrome Mobile,90.0.4430.82,Asus X01AD,Asus,Blink,[object Object],Chrome Mobile 90.0.4430.82 on Asus X01AD (Android 9),2021-05-06T05:55:26.058Z,寝る,あ,false,11.200000000000001,68.3,-60.400000000000006,-16.900000000000002,10.5,8.700000000000001,-20.1,1.5,7,1.8000000000000003,89.2,-22.700000000000003
Chrome Mobile,90.0.4430.82,Asus X01AD,Asus,Blink,[object Object],Chrome Mobile 90.0.4430.82 on Asus X01AD (Android 9),2021-05-06T05:55:26.259Z,寝る,あ,false,337.3,79.30000000000001,16.7,6.300000000000001,11.200000000000001,5,6.800000000000001,1.5,3.2,70,248.7,-61.199999999999996
Chrome Mobile,90.0.4430.82,Asus X01AD,Asus,Blink,[object Object],Chrome Mobile 90.0.4430.82 on Asus X01AD (Android 9),2021-05-06T05:55:26.460Z,寝る,あ,false,337.40000000000003,87.9,22.700000000000003,10.4,7.6000000000000005,-2.5,10.5,-2.1,-2.8000000000000003,-16,-141.3,19.700000000000003
Chrome Mobile,90.0.4430.82,Asus X01AD,Asus,Blink,[object Object],Chrome Mobile 90.0.4430.82 on Asus X01AD (Android 9),2021-05-06T05:55:26.662Z,寝る,あ,false,40.7,63.300000000000004,-88.10000000000001,-9.5,14.700000000000001,8.1,-13.8,6,8,75.4,-250.3,250.10000000000002
Chrome Mobile,90.0.4430.82,Asus X01AD,Asus,Blink,[object Object],Chrome Mobile 90.0.4430.82 on Asus X01AD (Android 9),2021-05-06T05:55:26.865Z,寝る,あ,false,45.6,74.5,-77.5,-2.9000000000000004,10.5,-0.6000000000000001,-5.4,1.3,-1.1,-24.400000000000002,249.6,-139.8
Chrome Mobile,90.0.4430.82,Asus X01AD,Asus,Blink,[object Object],Chrome Mobile 90.0.4430.82 on Asus X01AD (Android 9),2021-05-06T05:55:27.073Z,寝る,あ,false,310.40000000000003,76.80000000000001,57.800000000000004,11.700000000000001,7,4.7,13.600000000000001,-2.5,3.5,2.7,2.1,0.7
Chrome Mobile,90.0.4430.82,Asus X01AD,Asus,Blink,[object Object],Chrome Mobile 90.0.4430.82 on Asus X01AD (Android 9),2021-05-06T05:55:27.273Z,寝る,あ,false,39.2,77.5,-64.2,5.6000000000000005,12.5,3.4000000000000004,3.7,3.1,2.5,-18.200000000000003,-250.4,116.5
Chrome Mobile,90.0.4430.82,Asus X01AD,Asus,Blink,[object Object],Chrome Mobile 90.0.4430.82 on Asus X01AD (Android 9),2021-05-06T05:55:27.474Z,寝る,あ,false,15.100000000000001,72.3,-66.10000000000001,-16.900000000000002,8.8,8.9,-19.6,-0.4,7.7,-19,131.10000000000002,-48
Chrome Mobile,90.0.4430.82,Asus X01AD,Asus,Blink,[object Object],Chrome Mobile 90.0.4430.82 on Asus X01AD (Android 9),2021-05-06T05:55:27.675Z,寝る,あ,false,333.5,79.80000000000001,19.200000000000003,9.600000000000001,12.700000000000001,1.4000000000000001,10.200000000000001,3,-0.2,84.80000000000001,249.6,-63.2
Chrome Mobile,90.0.4430.82,Asus X01AD,Asus,Blink,[object Object],Chrome Mobile 90.0.4430.82 on Asus X01AD (Android 9),2021-05-06T05:55:27.876Z,寝る,あ,false,344.3,87.5,15.200000000000001,9.3,6.5,-0.5,9.4,-3.2,-0.9,-22.8,-155.60000000000002,41.300000000000004
Chrome Mobile,90.0.4430.82,Asus X01AD,Asus,Blink,[object Object],Chrome Mobile 90.0.4430.82 on Asus X01AD (Android 9),2021-05-06T05:55:28.077Z,寝る,あ,false,9.1,71.4,-56.800000000000004,-8.200000000000001,14,8.4,-10.8,4.7,6.7,-40.300000000000004,-164.5,21.200000000000003
Chrome Mobile,90.0.4430.82,Asus X01AD,Asus,Blink,[object Object],Chrome Mobile 90.0.4430.82 on Asus X01AD (Android 9),2021-05-06T05:55:28.278Z,寝る,あ,false,352.1,79.30000000000001,-27.3,-5.2,11.3,3.5,-6,1.9000000000000001,1.9000000000000001,-8.899999999999999,239.3,-55.900000000000006
Chrome Mobile,90.0.4430.82,Asus X01AD,Asus,Blink,[object Object],Chrome Mobile 90.0.4430.82 on Asus X01AD (Android 9),2021-05-06T05:55:28.478Z,寝る,あ,false,303.1,76.7,64.10000000000001,15.3,10.600000000000001,4.3,17.3,1.1,3.3000000000000003,-7.9,50.5,-25.300000000000004
Chrome Mobile,90.0.4430.82,Asus X01AD,Asus,Blink,[object Object],Chrome Mobile 90.0.4430.82 on Asus X01AD (Android 9),2021-05-06T05:55:28.679Z,寝る,あ,false,342.40000000000003,81.7,-3.7,-1.1,10.9,8.9,-1.1,1.4000000000000001,7.5,-15.8,-250.4,67.00000000000001
Chrome Mobile,90.0.4430.82,Asus X01AD,Asus,Blink,[object Object],Chrome Mobile 90.0.4430.82 on Asus X01AD (Android 9),2021-05-06T05:55:28.880Z,寝る,あ,false,8.700000000000001,70.3,-66.4,-13.4,8.8,6.1000000000000005,-16.400000000000002,-0.4,4.800000000000001,-21.300000000000004,8,13.000000000000002
Chrome Mobile,90.0.4430.82,Asus X01AD,Asus,Blink,[object Object],Chrome Mobile 90.0.4430.82 on Asus X01AD (Android 9),2021-05-06T05:55:29.081Z,寝る,あ,false,335.90000000000003,73.3,0.6000000000000001,0.1,12.4,12.4,0.1,3.1,9.600000000000001,21,243.1,-52.7
Chrome Mobile,90.0.4430.82,Asus X01AD,Asus,Blink,[object Object],Chrome Mobile 90.0.4430.82 on Asus X01AD (Android 9),2021-05-06T05:55:29.282Z,寝る,あ,false,315.90000000000003,81.80000000000001,36.800000000000004,12.700000000000001,7.800000000000001,-4.9,13.5,-1.8,-6,71.8,-105.4,54.50000000000001
Chrome Mobile,90.0.4430.82,Asus X01AD,Asus,Blink,[object Object],Chrome Mobile 90.0.4430.82 on Asus X01AD (Android 9),2021-05-06T05:55:29.488Z,寝る,あ,false,1.1,72.60000000000001,-52.6,-4.800000000000001,12.5,11.4,-7.1000000000000005,3.1,9.600000000000001,-36.9,-211.70000000000002,38.300000000000004
Chrome Mobile,90.0.4430.82,Asus X01AD,Asus,Blink,[object Object],Chrome Mobile 90.0.4430.82 on Asus X01AD (Android 9),2021-05-06T05:55:29.696Z,寝る,あ,false,345.3,76.9,-36.5,-7.800000000000001,8.8,5.4,-9.1,-0.5,3.7,-20.8,191,-21.300000000000004
Chrome Mobile,90.0.4430.82,Asus X01AD,Asus,Blink,[object Object],Chrome Mobile 90.0.4430.82 on Asus X01AD (Android 9),2021-05-06T05:55:29.897Z,寝る,あ,false,307.40000000000003,70.4,46.300000000000004,13.5,10.600000000000001,9.8,15.9,1.3,7.5,24.200000000000003,162.10000000000002,6.500000000000001
Chrome Mobile,90.0.4430.82,Asus X01AD,Asus,Blink,[object Object],Chrome Mobile 90.0.4430.82 on Asus X01AD (Android 9),2021-05-06T05:55:30.097Z,寝る,あ,false,322.1,77.80000000000001,16.6,1.9000000000000001,8.6,7.9,2.4000000000000004,-0.8,5.9,-33.7,-237.10000000000002,-6.699999999999999
Chrome Mobile,90.0.4430.82,Asus X01AD,Asus,Blink,[object Object],Chrome Mobile 90.0.4430.82 on Asus X01AD (Android 9),2021-05-06T05:55:30.298Z,寝る,あ,false,351.6,67.2,-50.1,-13.5,13.100000000000001,9.8,-16.400000000000002,4.1000000000000005,7.4,16.3,-39,16.6
Chrome Mobile,90.0.4430.82,Asus X01AD,Asus,Blink,[object Object],Chrome Mobile 90.0.4430.82 on Asus X01AD (Android 9),2021-05-06T05:55:30.499Z,寝る,あ,false,320.1,75.10000000000001,15.700000000000001,2.1,11.9,12.600000000000001,2.8000000000000003,2.4000000000000004,10.200000000000001,-8.5,249.5,-94.10000000000001
Chrome Mobile,90.0.4430.82,Asus X01AD,Asus,Blink,[object Object],Chrome Mobile 90.0.4430.82 on Asus X01AD (Android 9),2021-05-06T05:55:30.700Z,寝る,あ,false,324.5,80.7,28.900000000000002,12.200000000000001,8.3,0,13,-1.3,-1.4000000000000001,-14,-120.10000000000001,-2.9
Chrome Mobile,90.0.4430.82,Asus X01AD,Asus,Blink,[object Object],Chrome Mobile 90.0.4430.82 on Asus X01AD (Android 9),2021-05-06T05:55:30.900Z,寝る,あ,false,353.70000000000005,74.60000000000001,-47.1,-9.700000000000001,9.3,7.5,-11.600000000000001,-0.1,5.800000000000001,31.400000000000002,-250.4,112.4
Chrome Mobile,90.0.4430.82,Asus X01AD,Asus,Blink,[object Object],Chrome Mobile 90.0.4430.82 on Asus X01AD (Android 9),2021-05-06T05:55:31.101Z,寝る,あ,false,3.4000000000000004,72,-55.1,-3.3000000000000003,11.4,6.5,-5.5,2.1,4.7,33.9,210,-62.300000000000004
Chrome Mobile,90.0.4430.82,Asus X01AD,Asus,Blink,[object Object],Chrome Mobile 90.0.4430.82 on Asus X01AD (Android 9),2021-05-06T05:55:31.302Z,寝る,あ,false,310.8,76.80000000000001,43.400000000000006,14.600000000000001,10.5,4.1000000000000005,18.400000000000002,1,0.30000000000000004,41.900000000000006,129.20000000000002,2.9
Chrome Mobile,90.0.4430.82,Asus X01AD,Asus,Blink,[object Object],Chrome Mobile 90.0.4430.82 on Asus X01AD (Android 9),2021-05-06T05:55:31.503Z,寝る,あ,false,345,79.80000000000001,-7.800000000000001,3.4000000000000004,10,8.5,3.2,0.5,6.800000000000001,21,-250.20000000000002,45
Chrome Mobile,90.0.4430.82,Asus X01AD,Asus,Blink,[object Object],Chrome Mobile 90.0.4430.82 on Asus X01AD (Android 9),2021-05-06T05:55:31.705Z,寝る,あ,false,2.8000000000000003,73.10000000000001,-65.5,-16.1,9,7.7,-18.7,-0.4,6.5,5.4,-26.9,-30.9
Chrome Mobile,90.0.4430.82,Asus X01AD,Asus,Blink,[object Object],Chrome Mobile 90.0.4430.82 on Asus X01AD (Android 9),2021-05-06T05:55:31.910Z,寝る,あ,false,302.2,75.10000000000001,34.4,1,11.5,8.4,2.5,1.9000000000000001,6.300000000000001,-1.3,249.6,-78.4
Chrome Mobile,90.0.4430.82,Asus X01AD,Asus,Blink,[object Object],Chrome Mobile 90.0.4430.82 on Asus X01AD (Android 9),2021-05-06T05:55:32.116Z,寝る,あ,false,304,79.60000000000001,54.300000000000004,13.700000000000001,6.300000000000001,-0.5,16.3,-3.1,-0.2,27.6,-17.1,24
Chrome Mobile,90.0.4430.82,Asus X01AD,Asus,Blink,[object Object],Chrome Mobile 90.0.4430.82 on Asus X01AD (Android 9),2021-05-06T05:55:32.319Z,寝る,あ,false,16.2,69.5,-63.2,-4.2,14,9.9,-7.2,4.800000000000001,8.4,-36.9,-250.4,116.9
Chrome Mobile,90.0.4430.82,Asus X01AD,Asus,Blink,[object Object],Chrome Mobile 90.0.4430.82 on Asus X01AD (Android 9),2021-05-06T05:55:32.521Z,寝る,あ,false,357.5,78.2,-40.900000000000006,-3.6,12.3,6.2,-4.9,2.8000000000000003,4.7,29.900000000000006,229.70000000000002,-85.4
Chrome Mobile,90.0.4430.82,Asus X01AD,Asus,Blink,[object Object],Chrome Mobile 90.0.4430.82 on Asus X01AD (Android 9),2021-05-06T05:55:32.723Z,寝る,あ,false,291.1,77,69.9,14.700000000000001,8,2.7,16.7,-1.6,1.9000000000000001,16.4,98,12
Chrome Mobile,90.0.4430.82,Asus X01AD,Asus,Blink,[object Object],Chrome Mobile 90.0.4430.82 on Asus X01AD (Android 9),2021-05-06T05:55:32.923Z,寝る,あ,false,46.6,82.9,-69.10000000000001,6.300000000000001,12.200000000000001,3,5.2,2.5,2.6,71.6,-250.4,128.3
Chrome Mobile,90.0.4430.82,Asus X01AD,Asus,Blink,[object Object],Chrome Mobile 90.0.4430.82 on Asus X01AD (Android 9),2021-05-06T05:55:33.124Z,寝る,あ,false,12.8,69.10000000000001,-72.5,-14.5,13.3,8.8,-17.8,4.2,7.7,7.8,-16.5,29.900000000000006
Chrome Mobile,90.0.4430.82,Asus X01AD,Asus,Blink,[object Object],Chrome Mobile 90.0.4430.82 on Asus X01AD (Android 9),2021-05-06T05:55:33.325Z,寝る,あ,false,321.70000000000005,75.3,16.3,9.200000000000001,13.700000000000001,18.2,9.9,4.1000000000000005,15.700000000000001,5.2,249.6,-28.3
Chrome Mobile,90.0.4430.82,Asus X01AD,Asus,Blink,[object Object],Chrome Mobile 90.0.4430.82 on Asus X01AD (Android 9),2021-05-06T05:55:33.526Z,寝る,あ,false,307.70000000000005,75.3,52.800000000000004,8.6,7.5,5.5,10.5,-1.8,4,2.6,-100.2,-25.8
Chrome Mobile,90.0.4430.82,Asus X01AD,Asus,Blink,[object Object],Chrome Mobile 90.0.4430.82 on Asus X01AD (Android 9),2021-05-06T05:55:33.726Z,寝る,あ,false,353.40000000000003,73,-37.7,-3.2,13.200000000000001,10,-5,3.9000000000000004,7.800000000000001,0.30000000000000004,-250.4,133.3
Chrome Mobile,90.0.4430.82,Asus X01AD,Asus,Blink,[object Object],Chrome Mobile 90.0.4430.82 on Asus X01AD (Android 9),2021-05-06T05:55:33.927Z,寝る,あ,false,354.40000000000003,76.3,-46.300000000000004,-10.4,8.5,3.4000000000000004,-12,-0.9,1.8,51.300000000000004,194.20000000000002,-41.1
Chrome Mobile,90.0.4430.82,Asus X01AD,Asus,Blink,[object Object],Chrome Mobile 90.0.4430.82 on Asus X01AD (Android 9),2021-05-06T05:55:34.128Z,寝る,あ,false,305.7,73.8,48.2,10.9,11.100000000000001,9,12.9,1.6,7.1000000000000005,21.400000000000002,195.1,-32.8
Chrome Mobile,90.0.4430.82,Asus X01AD,Asus,Blink,[object Object],Chrome Mobile 90.0.4430.82 on Asus X01AD (Android 9),2021-05-06T05:55:34.329Z,寝る,あ,false,327.90000000000003,81.9,24.200000000000003,9,8.3,5.800000000000001,9.5,-1.3,4.6000000000000005,11.3,-235.70000000000002,26.200000000000003
Chrome Mobile,90.0.4430.82,Asus X01AD,Asus,Blink,[object Object],Chrome Mobile 90.0.4430.82 on Asus X01AD (Android 9),2021-05-06T05:55:34.530Z,寝る,あ,false,8.1,71.5,-65.3,-10.4,14.3,11.200000000000001,-13.200000000000001,5,9.9,10.700000000000001,-232.5,70.7
Chrome Mobile,90.0.4430.82,Asus X01AD,Asus,Blink,[object Object],Chrome Mobile 90.0.4430.82 on Asus X01AD (Android 9),2021-05-06T05:55:34.731Z,寝る,あ,false,320.6,82.2,0.9,-3.8000000000000003,11.8,8.700000000000001,-3.7,2.2,7.300000000000001,-37.9,249.5,-37.1
Chrome Mobile,90.0.4430.82,Asus X01AD,Asus,Blink,[object Object],Chrome Mobile 90.0.4430.82 on Asus X01AD (Android 9),2021-05-06T05:55:34.933Z,寝る,あ,false,313.20000000000005,77.4,51,17,9.1,0.8,18.7,-0.5,-0.6000000000000001,44.4,27,-9.2
Chrome Mobile,90.0.4430.82,Asus X01AD,Asus,Blink,[object Object],Chrome Mobile 90.0.4430.82 on Asus X01AD (Android 9),2021-05-06T05:55:35.134Z,寝る,あ,false,341.20000000000005,81.80000000000001,-8.4,2.4000000000000004,9.600000000000001,6.9,2.2,0,5.5,-23.900000000000006,-250.4,49.800000000000004
Chrome Mobile,90.0.4430.82,Asus X01AD,Asus,Blink,[object Object],Chrome Mobile 90.0.4430.82 on Asus X01AD (Android 9),2021-05-06T05:55:35.334Z,寝る,あ,false,347.70000000000005,68.4,-47.6,-15.4,10.100000000000001,11.700000000000001,-18,1.1,9.3,23.6,78.4,15.100000000000001
Chrome Mobile,90.0.4430.82,Asus X01AD,Asus,Blink,[object Object],Chrome Mobile 90.0.4430.82 on Asus X01AD (Android 9),2021-05-06T05:55:35.547Z,寝る,あ,false,334.20000000000005,60.7,8.6,10.3,10.100000000000001,8.3,11,1.5,3.6,-88.7,249.6,-31.7
Chrome Mobile,90.0.4430.82,Asus X01AD,Asus,Blink,[object Object],Chrome Mobile 90.0.4430.82 on Asus X01AD (Android 9),2021-05-06T05:55:35.748Z,寝る,あ,false,342.8,35.9,18.6,1.8,5.7,9.8,4.3,0,2.3000000000000003,0.30000000000000004,-87.40000000000002,24
Chrome Mobile,90.0.4430.82,Asus X01AD,Asus,Blink,[object Object],Chrome Mobile 90.0.4430.82 on Asus X01AD (Android 9),2021-05-06T05:55:35.948Z,寝る,あ,false,337.8,34.5,13,-2.2,6,7.1000000000000005,-0.4,0.5,-0.7000000000000001,-48.50000000000001,8.8,7.300000000000001