platform_name,platform_version,platform_product,platform_manufacturer,platform_layout,platform_os,platform_description,date,label,s_movement,do_absolute,do_alpha,do_beta,do_gamma,acc_g_x,acc_g_y,acc_g_z,acc_x,acc_y,acc_z,rot_alpha,rot_beta,rot_gamma
Chrome Mobile,90.0.4430.82,Asus X01AD,Asus,Blink,[object Object],Chrome Mobile 90.0.4430.82 on Asus X01AD (Android 9),2021-05-06T05:55:52.664Z,寝る,あ,false,339.5,20.6,1.2000000000000002,-0.6000000000000001,3.3000000000000003,9.700000000000001,-0.4,-0.30000000000000004,0.4,-6.600000000000001,-2,-0.9000000000000001
Chrome Mobile,90.0.4430.82,Asus X01AD,Asus,Blink,[object Object],Chrome Mobile 90.0.4430.82 on Asus X01AD (Android 9),2021-05-06T05:55:52.867Z,寝る,あ,false,306.8,68.60000000000001,43.800000000000004,12.4,8.6,3,14.9,-0.7000000000000001,0.4,-25.8,177.4,28.400000000000002
Chrome Mobile,90.0.4430.82,Asus X01AD,Asus,Blink,[object Object],Chrome Mobile 90.0.4430.82 on Asus X01AD (Android 9),2021-05-06T05:55:53.070Z,寝る,あ,false,349.90000000000003,79.4,-23.6,3.8000000000000003,12.700000000000001,0.5,3,2.9000000000000004,-1.2000000000000002,44.10000000000001,-250.4,42.7
Chrome Mobile,90.0.4430.82,Asus X01AD,Asus,Blink,[object Object],Chrome Mobile 90.0.4430.82 on Asus X01AD (Android 9),2021-05-06T05:55:53.270Z,寝る,あ,false,355.3,73,-46.6,-12.600000000000001,8.6,6.9,-14.700000000000001,-0.9,4.9,-27.6,222.1,-69.00000000000001
Chrome Mobile,90.0.4430.82,Asus X01AD,Asus,Blink,[object Object],Chrome Mobile 90.0.4430.82 on Asus X01AD (Android 9),2021-05-06T05:55:53.472Z,寝る,あ,false,320.1,65,34.300000000000004,11.4,9.5,1.7000000000000002,13.8,0.5,-1.7000000000000002,-39.1,223.8,-39.400000000000006
Chrome Mobile,90.0.4430.82,Asus X01AD,Asus,Blink,[object Object],Chrome Mobile 90.0.4430.82 on Asus X01AD (Android 9),2021-05-06T05:55:53.673Z,寝る,あ,false,336.1,69.5,-0.4,3.9000000000000004,11.100000000000001,11.8,3.9000000000000004,1.7000000000000002,8.3,55.400000000000006,-250.3,-0.1
Chrome Mobile,90.0.4430.82,Asus X01AD,Asus,Blink,[object Object],Chrome Mobile 90.0.4430.82 on Asus X01AD (Android 9),2021-05-06T05:55:53.874Z,寝る,あ,false,352.8,67.4,-54.300000000000004,-15.100000000000001,10.5,8.4,-18.2,1.4000000000000001,6.2,23.3,-32.8,71.9
Chrome Mobile,90.0.4430.82,Asus X01AD,Asus,Blink,[object Object],Chrome Mobile 90.0.4430.82 on Asus X01AD (Android 9),2021-05-06T05:55:54.074Z,寝る,あ,false,322.40000000000003,72.10000000000001,14,4,12.200000000000001,8.3,4.7,2.6,5.300000000000001,36.7,249.6,-74.2
Chrome Mobile,90.0.4430.82,Asus X01AD,Asus,Blink,[object Object],Chrome Mobile 90.0.4430.82 on Asus X01AD (Android 9),2021-05-06T05:55:54.279Z,寝る,あ,false,325.90000000000003,70.8,33.2,17.5,11.4,2.8000000000000003,19.200000000000003,2.1,0.1,62.300000000000004,-56.6,29.700000000000006
Chrome Mobile,90.0.4430.82,Asus X01AD,Asus,Blink,[object Object],Chrome Mobile 90.0.4430.82 on Asus X01AD (Android 9),2021-05-06T05:55:54.481Z,寝る,あ,false,344.8,70.4,-31.1,-6,10.5,12.200000000000001,-7.7,1.1,9.4,6.4,-250.4,77.3
Chrome Mobile,90.0.4430.82,Asus X01AD,Asus,Blink,[object Object],Chrome Mobile 90.0.4430.82 on Asus X01AD (Android 9),2021-05-06T05:55:54.684Z,寝る,あ,false,331.5,67.7,-21.1,-6.800000000000001,10.200000000000001,8.4,-8.200000000000001,1.1,4.9,-25.8,249.6,-69.60000000000001
Chrome Mobile,90.0.4430.82,Asus X01AD,Asus,Blink,[object Object],Chrome Mobile 90.0.4430.82 on Asus X01AD (Android 9),2021-05-06T05:55:54.892Z,寝る,あ,false,322.20000000000005,67.9,35.6,19.200000000000003,7.5,-1.7000000000000002,21.400000000000002,-1.7000000000000002,-4.800000000000001,40.1,152,0.2
Chrome Mobile,90.0.4430.82,Asus X01AD,Asus,Blink,[object Object],Chrome Mobile 90.0.4430.82 on Asus X01AD (Android 9),2021-05-06T05:55:55.093Z,寝る,あ,false,333.40000000000003,66.7,2.3000000000000003,3.9000000000000004,8,14.3,4.1000000000000005,-1.1,10.3,-13.900000000000002,-250.4,-52.400000000000006
Chrome Mobile,90.0.4430.82,Asus X01AD,Asus,Blink,[object Object],Chrome Mobile 90.0.4430.82 on Asus X01AD (Android 9),2021-05-06T05:55:55.294Z,寝る,あ,false,341.90000000000003,60,-42.900000000000006,-20.400000000000002,10.9,15.4,-23.8,2.2,11.700000000000001,-7.699999999999999,2.8,59.20000000000001
Chrome Mobile,90.0.4430.82,Asus X01AD,Asus,Blink,[object Object],Chrome Mobile 90.0.4430.82 on Asus X01AD (Android 9),2021-05-06T05:55:55.495Z,寝る,あ,false,333.1,65.2,8.200000000000001,5.5,10.700000000000001,17.1,6.1000000000000005,1.4000000000000001,12.9,41.7,249.6,-58.400000000000006
Chrome Mobile,90.0.4430.82,Asus X01AD,Asus,Blink,[object Object],Chrome Mobile 90.0.4430.82 on Asus X01AD (Android 9),2021-05-06T05:55:55.695Z,寝る,あ,false,327,70.9,34.9,17,10.200000000000001,0.1,18.900000000000002,0.7000000000000001,-2.6,78.7,-64.4,12.9
Chrome Mobile,90.0.4430.82,Asus X01AD,Asus,Blink,[object Object],Chrome Mobile 90.0.4430.82 on Asus X01AD (Android 9),2021-05-06T05:55:55.896Z,寝る,あ,false,346.1,71.3,-27.1,-2.5,10.5,13.700000000000001,-4,0.9,10.8,-6.699999999999999,-250.4,85.80000000000001
Chrome Mobile,90.0.4430.82,Asus X01AD,Asus,Blink,[object Object],Chrome Mobile 90.0.4430.82 on Asus X01AD (Android 9),2021-05-06T05:55:56.097Z,寝る,あ,false,352.1,68.7,-51.2,-14.4,8.700000000000001,7.7,-17.2,-0.5,5.4,28,168.9,-12.299999999999999
Chrome Mobile,90.0.4430.82,Asus X01AD,Asus,Blink,[object Object],Chrome Mobile 90.0.4430.82 on Asus X01AD (Android 9),2021-05-06T05:55:56.299Z,寝る,あ,false,309.8,67.10000000000001,42.2,8,7.300000000000001,3.5,10.600000000000001,-2,0.6000000000000001,-50.5,249.6,-47.2
Chrome Mobile,90.0.4430.82,Asus X01AD,Asus,Blink,[object Object],Chrome Mobile 90.0.4430.82 on Asus X01AD (Android 9),2021-05-06T05:55:56.499Z,寝る,あ,false,331.3,70.8,15.9,7.2,8.3,7.7,8.1,-1.1,4.6000000000000005,71.30000000000001,-250.00000000000003,11.5
Chrome Mobile,90.0.4430.82,Asus X01AD,Asus,Blink,[object Object],Chrome Mobile 90.0.4430.82 on Asus X01AD (Android 9),2021-05-06T05:55:56.700Z,寝る,あ,false,5.6000000000000005,63,-66.4,-9.9,12.4,6.7,-14.100000000000001,3.4000000000000004,4.9,4.6,-250.4,144.5
Chrome Mobile,90.0.4430.82,Asus X01AD,Asus,Blink,[object Object],Chrome Mobile 90.0.4430.82 on Asus X01AD (Android 9),2021-05-06T05:55:56.901Z,寝る,あ,false,343.90000000000003,71.3,-24.8,2.1,16,14.200000000000001,0.8,6.4,11.200000000000001,18.4,249.6,-107.10000000000001
Chrome Mobile,90.0.4430.82,Asus X01AD,Asus,Blink,[object Object],Chrome Mobile 90.0.4430.82 on Asus X01AD (Android 9),2021-05-06T05:55:57.102Z,寝る,あ,false,311.6,75.3,43.6,19.6,6.1000000000000005,5.6000000000000005,21.3,-3.6,3.8000000000000003,42.2,-47.3,71.8
Chrome Mobile,90.0.4430.82,Asus X01AD,Asus,Blink,[object Object],Chrome Mobile 90.0.4430.82 on Asus X01AD (Android 9),2021-05-06T05:55:57.302Z,寝る,あ,false,348.40000000000003,71.10000000000001,-29,-2.8000000000000003,13,14.5,-4.3,3.5,11.700000000000001,-62.199999999999996,-250.4,81.50000000000001
Chrome Mobile,90.0.4430.82,Asus X01AD,Asus,Blink,[object Object],Chrome Mobile 90.0.4430.82 on Asus X01AD (Android 9),2021-05-06T05:55:57.503Z,寝る,あ,false,356.70000000000005,69.5,-57.5,-13.600000000000001,7.300000000000001,4.800000000000001,-16.6,-2.1,3,53.400000000000006,224.70000000000002,-58.800000000000004
Chrome Mobile,90.0.4430.82,Asus X01AD,Asus,Blink,[object Object],Chrome Mobile 90.0.4430.82 on Asus X01AD (Android 9),2021-05-06T05:55:57.705Z,寝る,あ,false,318.3,71.60000000000001,29.5,14.600000000000001,9.4,4,16.1,-0.1,1.2000000000000002,-33.50000000000001,207.79999999999998,-37.300000000000004
Chrome Mobile,90.0.4430.82,Asus X01AD,Asus,Blink,[object Object],Chrome Mobile 90.0.4430.82 on Asus X01AD (Android 9),2021-05-06T05:55:57.906Z,寝る,あ,false,329.1,73.10000000000001,4.2,4.6000000000000005,8.3,6.6000000000000005,4.800000000000001,-1.2000000000000002,3.7,27.3,-250.4,8.3
Chrome Mobile,90.0.4430.82,Asus X01AD,Asus,Blink,[object Object],Chrome Mobile 90.0.4430.82 on Asus X01AD (Android 9),2021-05-06T05:55:58.107Z,寝る,あ,false,3.7,62.2,-74.2,-12.3,14.8,13.5,-16.8,5.9,12.3,-33.800000000000004,-149.60000000000002,74.5
Chrome Mobile,90.0.4430.82,Asus X01AD,Asus,Blink,[object Object],Chrome Mobile 90.0.4430.82 on Asus X01AD (Android 9),2021-05-06T05:55:58.308Z,寝る,あ,false,337.20000000000005,77.2,-15.200000000000001,0.8,13.100000000000001,6.2,0.30000000000000004,3.3000000000000003,4.1000000000000005,-32.1,249.6,-162.7
Chrome Mobile,90.0.4430.82,Asus X01AD,Asus,Blink,[object Object],Chrome Mobile 90.0.4430.82 on Asus X01AD (Android 9),2021-05-06T05:55:58.509Z,寝る,あ,false,326.6,74.2,28.8,20.8,10.5,2.4000000000000004,22.200000000000003,0.9,0,-3.8,-22.9,22.5
Chrome Mobile,90.0.4430.82,Asus X01AD,Asus,Blink,[object Object],Chrome Mobile 90.0.4430.82 on Asus X01AD (Android 9),2021-05-06T05:55:58.725Z,寝る,あ,false,355,72.7,-37.2,-1.6,10.4,13.3,-3.4000000000000004,0.9,10.9,-63.2,-250.4,25.8
Chrome Mobile,90.0.4430.82,Asus X01AD,Asus,Blink,[object Object],Chrome Mobile 90.0.4430.82 on Asus X01AD (Android 9),2021-05-06T05:55:58.926Z,寝る,あ,false,354.5,66.8,-60.5,-12.600000000000001,9.4,6.2,-16,0.30000000000000004,4.2,43.2,183.4,-23.400000000000002
Chrome Mobile,90.0.4430.82,Asus X01AD,Asus,Blink,[object Object],Chrome Mobile 90.0.4430.82 on Asus X01AD (Android 9),2021-05-06T05:55:59.133Z,寝る,あ,false,328.70000000000005,77.80000000000001,11.8,6,14.600000000000001,7.800000000000001,6.5,4.7,5.7,4.1,228.20000000000002,-145.00000000000003
Chrome Mobile,90.0.4430.82,Asus X01AD,Asus,Blink,[object Object],Chrome Mobile 90.0.4430.82 on Asus X01AD (Android 9),2021-05-06T05:55:59.339Z,寝る,あ,false,304.8,83.9,53.900000000000006,13.3,9.3,-0.7000000000000001,14.200000000000001,-0.5,-1.3,18.900000000000002,-127.9,48.50000000000001
Chrome Mobile,90.0.4430.82,Asus X01AD,Asus,Blink,[object Object],Chrome Mobile 90.0.4430.82 on Asus X01AD (Android 9),2021-05-06T05:55:59.539Z,寝る,あ,false,358,70.10000000000001,-42.2,-4.9,10.3,11,-7.1000000000000005,1,8.5,-111.80000000000001,-239.6,81.3
Chrome Mobile,90.0.4430.82,Asus X01AD,Asus,Blink,[object Object],Chrome Mobile 90.0.4430.82 on Asus X01AD (Android 9),2021-05-06T05:55:59.740Z,寝る,あ,false,337.6,70.7,-32,-10.600000000000001,8.1,8.4,-12.4,-1.3,5.6000000000000005,59.1,202.1,-59.00000000000001
Chrome Mobile,90.0.4430.82,Asus X01AD,Asus,Blink,[object Object],Chrome Mobile 90.0.4430.82 on Asus X01AD (Android 9),2021-05-06T05:55:59.941Z,寝る,あ,false,300.40000000000003,73,50,10.5,10.100000000000001,4.9,12.8,0.4,3,-30.599999999999998,249.6,-90.6
Chrome Mobile,90.0.4430.82,Asus X01AD,Asus,Blink,[object Object],Chrome Mobile 90.0.4430.82 on Asus X01AD (Android 9),2021-05-06T05:56:00.142Z,寝る,あ,false,317.5,80.60000000000001,25.400000000000002,10.9,9.700000000000001,4,11.600000000000001,0.2,2.6,5.6,-250.10000000000002,45.5
Chrome Mobile,90.0.4430.82,Asus X01AD,Asus,Blink,[object Object],Chrome Mobile 90.0.4430.82 on Asus X01AD (Android 9),2021-05-06T05:56:00.345Z,寝る,あ,false,340.20000000000005,65.9,-43.1,-10.9,12.8,13.700000000000001,-15.8,4.3,12.8,-57.400000000000006,-211.5,74.89999999999999
Chrome Mobile,90.0.4430.82,Asus X01AD,Asus,Blink,[object Object],Chrome Mobile 90.0.4430.82 on Asus X01AD (Android 9),2021-05-06T05:56:00.547Z,寝る,あ,false,331.1,71.5,-11,-0.2,11.200000000000001,7.5,-0.8,1.8,4.4,25.5,249.6,-65.8
Chrome Mobile,90.0.4430.82,Asus X01AD,Asus,Blink,[object Object],Chrome Mobile 90.0.4430.82 on Asus X01AD (Android 9),2021-05-06T05:56:00.753Z,寝る,あ,false,300.6,79.60000000000001,54.400000000000006,18.2,6.300000000000001,-8.4,19.6,-3.5,-9.5,79.00000000000001,-124.7,29.800000000000004
Chrome Mobile,90.0.4430.82,Asus X01AD,Asus,Blink,[object Object],Chrome Mobile 90.0.4430.82 on Asus X01AD (Android 9),2021-05-06T05:56:00.954Z,寝る,あ,false,323.5,73.10000000000001,-7.7,-1.2000000000000002,12.200000000000001,13.4,-1.6,2.8000000000000003,10.600000000000001,-4.300000000000001,-216.5,30.699999999999996
Chrome Mobile,90.0.4430.82,Asus X01AD,Asus,Blink,[object Object],Chrome Mobile 90.0.4430.82 on Asus X01AD (Android 9),2021-05-06T05:56:01.155Z,寝る,あ,false,342.1,68.9,-49.900000000000006,-16,9.200000000000001,8.6,-18.7,0.1,6.300000000000001,22.3,143.1,-3
Chrome Mobile,90.0.4430.82,Asus X01AD,Asus,Blink,[object Object],Chrome Mobile 90.0.4430.82 on Asus X01AD (Android 9),2021-05-06T05:56:01.359Z,寝る,あ,false,308.6,75.2,27.8,7.4,10.100000000000001,2.5,8.6,0.5,0.2,18.900000000000002,249.6,-79.9
Chrome Mobile,90.0.4430.82,Asus X01AD,Asus,Blink,[object Object],Chrome Mobile 90.0.4430.82 on Asus X01AD (Android 9),2021-05-06T05:56:01.560Z,寝る,あ,false,312.8,71.9,36.300000000000004,8.5,9.3,7.7,10.3,0,5.300000000000001,25.300000000000004,-119.1,13.399999999999999
Chrome Mobile,90.0.4430.82,Asus X01AD,Asus,Blink,[object Object],Chrome Mobile 90.0.4430.82 on Asus X01AD (Android 9),2021-05-06T05:56:01.760Z,寝る,あ,false,351.1,71.2,-50,-10.8,11.600000000000001,6,-13.200000000000001,2.3000000000000003,4,-45.5,-250.3,93.89999999999999
Chrome Mobile,90.0.4430.82,Asus X01AD,Asus,Blink,[object Object],Chrome Mobile 90.0.4430.82 on Asus X01AD (Android 9),2021-05-06T05:56:01.961Z,寝る,あ,false,336.5,79.4,-24.5,-4.4,12.5,8,-5.1000000000000005,2.8000000000000003,6.300000000000001,55.60000000000001,249.5,-75.7
Chrome Mobile,90.0.4430.82,Asus X01AD,Asus,Blink,[object Object],Chrome Mobile 90.0.4430.82 on Asus X01AD (Android 9),2021-05-06T05:56:02.162Z,寝る,あ,false,309.70000000000005,79.10000000000001,43.800000000000004,24.3,10.8,0.30000000000000004,25.6,1.1,-1.1,-18.1,46.4,-41.199999999999996
Chrome Mobile,90.0.4430.82,Asus X01AD,Asus,Blink,[object Object],Chrome Mobile 90.0.4430.82 on Asus X01AD (Android 9),2021-05-06T05:56:02.363Z,寝る,あ,false,317.6,76.2,4.1000000000000005,-3.2,9.3,13.600000000000001,-3.1,-0.2,11.3,-7.500000000000001,-250.4,17.5
Chrome Mobile,90.0.4430.82,Asus X01AD,Asus,Blink,[object Object],Chrome Mobile 90.0.4430.82 on Asus X01AD (Android 9),2021-05-06T05:56:02.564Z,寝る,あ,false,344.8,77.9,-48.1,-15.5,3.5,-1.3,-16.8,-5.6000000000000005,-1.7000000000000002,34.60000000000001,184.3,-54.800000000000004
Chrome Mobile,90.0.4430.82,Asus X01AD,Asus,Blink,[object Object],Chrome Mobile 90.0.4430.82 on Asus X01AD (Android 9),2021-05-06T05:56:02.765Z,寝る,あ,false,302.1,71.5,40.2,7.800000000000001,11.9,9,9.8,2.4000000000000004,6.5,-8,243.60000000000002,-32.9
Chrome Mobile,90.0.4430.82,Asus X01AD,Asus,Blink,[object Object],Chrome Mobile 90.0.4430.82 on Asus X01AD (Android 9),2021-05-06T05:56:02.966Z,寝る,あ,false,300.40000000000003,80.10000000000001,36.300000000000004,9.700000000000001,7,2.5,10.8,-2.5,1.3,-55.1,-202.30000000000004,-11.1
Chrome Mobile,90.0.4430.82,Asus X01AD,Asus,Blink,[object Object],Chrome Mobile 90.0.4430.82 on Asus X01AD (Android 9),2021-05-06T05:56:03.168Z,寝る,あ,false,321.6,74,-25.8,-21,6.300000000000001,8.5,-22.200000000000003,-3.2,6.1000000000000005,-28.600000000000005,-15.2,17.1
Chrome Mobile,90.0.4430.82,Asus X01AD,Asus,Blink,[object Object],Chrome Mobile 90.0.4430.82 on Asus X01AD (Android 9),2021-05-06T05:56:03.368Z,寝る,あ,false,325,78,1.8,0.7000000000000001,13.5,8.700000000000001,0.8,3.8000000000000003,6.7,35.4,249.6,-74.30000000000001
Chrome Mobile,90.0.4430.82,Asus X01AD,Asus,Blink,[object Object],Chrome Mobile 90.0.4430.82 on Asus X01AD (Android 9),2021-05-06T05:56:03.569Z,寝る,あ,false,280,83.7,77.60000000000001,20.200000000000003,7.9,1.6,21.200000000000003,-1.8,1.4000000000000001,-2.6,-38.2,-18.700000000000003
Chrome Mobile,90.0.4430.82,Asus X01AD,Asus,Blink,[object Object],Chrome Mobile 90.0.4430.82 on Asus X01AD (Android 9),2021-05-06T05:56:03.770Z,寝る,あ,false,334.3,80.10000000000001,-12.700000000000001,-2.9000000000000004,11.600000000000001,13.200000000000001,-3.3000000000000003,1.9000000000000001,11.5,-56.800000000000004,-250.4,27.9
Chrome Mobile,90.0.4430.82,Asus X01AD,Asus,Blink,[object Object],Chrome Mobile 90.0.4430.82 on Asus X01AD (Android 9),2021-05-06T05:56:03.971Z,寝る,あ,false,358.70000000000005,74.60000000000001,-59.1,-10.700000000000001,9.8,8.6,-13,0.4,7.300000000000001,103.60000000000001,44.5,11.6
Chrome Mobile,90.0.4430.82,Asus X01AD,Asus,Blink,[object Object],Chrome Mobile 90.0.4430.82 on Asus X01AD (Android 9),2021-05-06T05:56:04.172Z,寝る,あ,false,294.5,73.9,46.900000000000006,4.4,10.3,6,6.4,0.7000000000000001,4.1000000000000005,-51.4,249.6,-94.4
Chrome Mobile,90.0.4430.82,Asus X01AD,Asus,Blink,[object Object],Chrome Mobile 90.0.4430.82 on Asus X01AD (Android 9),2021-05-06T05:56:04.373Z,寝る,あ,false,308.1,77.80000000000001,37.6,11,9.3,6.800000000000001,12.3,-0.2,5.2,6,-250.10000000000002,-42
Chrome Mobile,90.0.4430.82,Asus X01AD,Asus,Blink,[object Object],Chrome Mobile 90.0.4430.82 on Asus X01AD (Android 9),2021-05-06T05:56:04.574Z,寝る,あ,false,348.1,73.3,-51.400000000000006,-14.3,11.3,10.9,-16.5,1.9000000000000001,9.200000000000001,-66,-184,59.80000000000001
Chrome Mobile,90.0.4430.82,Asus X01AD,Asus,Blink,[object Object],Chrome Mobile 90.0.4430.82 on Asus X01AD (Android 9),2021-05-06T05:56:04.780Z,寝る,あ,false,327.1,80.2,-0.9,-0.1,14.4,11.600000000000001,-0.1,4.6000000000000005,9.9,52.300000000000004,249.6,-57.20000000000001
Chrome Mobile,90.0.4430.82,Asus X01AD,Asus,Blink,[object Object],Chrome Mobile 90.0.4430.82 on Asus X01AD (Android 9),2021-05-06T05:56:04.984Z,寝る,あ,false,290,84.60000000000001,69.5,21.900000000000002,8.200000000000001,3.4000000000000004,22.8,-1.6,3.1,18,-27.099999999999998,0.7
Chrome Mobile,90.0.4430.82,Asus X01AD,Asus,Blink,[object Object],Chrome Mobile 90.0.4430.82 on Asus X01AD (Android 9),2021-05-06T05:56:05.184Z,寝る,あ,false,1.7000000000000002,79.4,-35.5,-2.1,11.5,11.8,-3.2,1.9000000000000001,10.3,-66.4,-250.4,63.500000000000014
Chrome Mobile,90.0.4430.82,Asus X01AD,Asus,Blink,[object Object],Chrome Mobile 90.0.4430.82 on Asus X01AD (Android 9),2021-05-06T05:56:05.386Z,寝る,あ,false,354.40000000000003,72.10000000000001,-51.300000000000004,-12.8,10.4,6.7,-15.100000000000001,1.1,4.800000000000001,50.8,179.30000000000004,-43.00000000000001
Chrome Mobile,90.0.4430.82,Asus X01AD,Asus,Blink,[object Object],Chrome Mobile 90.0.4430.82 on Asus X01AD (Android 9),2021-05-06T05:56:05.587Z,寝る,あ,false,288,77.80000000000001,62.2,8.1,8.700000000000001,-2.1,9.8,-1,-3.2,5.8,249.6,-111.30000000000001
Chrome Mobile,90.0.4430.82,Asus X01AD,Asus,Blink,[object Object],Chrome Mobile 90.0.4430.82 on Asus X01AD (Android 9),2021-05-06T05:56:05.787Z,寝る,あ,false,314.3,77.80000000000001,36.6,9.8,9.3,4.9,11,-0.2,3.3000000000000003,19.9,-184.6,3.3000000000000007
Chrome Mobile,90.0.4430.82,Asus X01AD,Asus,Blink,[object Object],Chrome Mobile 90.0.4430.82 on Asus X01AD (Android 9),2021-05-06T05:56:05.988Z,寝る,あ,false,341.1,69.10000000000001,-38.7,-17.2,13.5,12.700000000000001,-19.400000000000002,4.4,10,31.9,-250.4,164.6
Chrome Mobile,90.0.4430.82,Asus X01AD,Asus,Blink,[object Object],Chrome Mobile 90.0.4430.82 on Asus X01AD (Android 9),2021-05-06T05:56:06.189Z,寝る,あ,false,342.20000000000005,77.7,-21.900000000000002,-2.7,14.3,6.5,-3.5,4.7,4.5,3.9,245.70000000000005,-63.70000000000001
Chrome Mobile,90.0.4430.82,Asus X01AD,Asus,Blink,[object Object],Chrome Mobile 90.0.4430.82 on Asus X01AD (Android 9),2021-05-06T05:56:06.391Z,寝る,あ,false,299.7,80.4,62.5,17.5,7.300000000000001,-1.2000000000000002,19,-2.4000000000000004,-2,27.3,60.300000000000004,-34.300000000000004
Chrome Mobile,90.0.4430.82,Asus X01AD,Asus,Blink,[object Object],Chrome Mobile 90.0.4430.82 on Asus X01AD (Android 9),2021-05-06T05:56:06.592Z,寝る,あ,false,345.40000000000003,80.80000000000001,-9.700000000000001,4.6000000000000005,10.8,7.6000000000000005,4.4,1.2000000000000002,6.1000000000000005,-30.9,-250.4,33.400000000000006
Chrome Mobile,90.0.4430.82,Asus X01AD,Asus,Blink,[object Object],Chrome Mobile 90.0.4430.82 on Asus X01AD (Android 9),2021-05-06T05:56:06.794Z,寝る,あ,false,354.90000000000003,67,-56.5,-18.2,12.3,9.1,-21.3,3.3000000000000003,7,40.1,24.7,56.6
Chrome Mobile,90.0.4430.82,Asus X01AD,Asus,Blink,[object Object],Chrome Mobile 90.0.4430.82 on Asus X01AD (Android 9),2021-05-06T05:56:06.995Z,寝る,あ,false,333.1,78.4,2,5,11.8,10.8,5.1000000000000005,2.1,8.8,19.1,226.5,-111.50000000000001
Chrome Mobile,90.0.4430.82,Asus X01AD,Asus,Blink,[object Object],Chrome Mobile 90.0.4430.82 on Asus X01AD (Android 9),2021-05-06T05:56:07.196Z,寝る,あ,false,306.7,83.4,56,15.700000000000001,6.7,-1.6,16.6,-3,-2.2,19,-40.300000000000004,18.8
Chrome Mobile,90.0.4430.82,Asus X01AD,Asus,Blink,[object Object],Chrome Mobile 90.0.4430.82 on Asus X01AD (Android 9),2021-05-06T05:56:07.399Z,寝る,あ,false,14,76.80000000000001,-50.900000000000006,-2.1,13.5,10.4,-3.8000000000000003,4,9,-33.300000000000004,-250.4,87.89999999999999
Chrome Mobile,90.0.4430.82,Asus X01AD,Asus,Blink,[object Object],Chrome Mobile 90.0.4430.82 on Asus X01AD (Android 9),2021-05-06T05:56:07.606Z,寝る,あ,false,17.5,74.9,-77.30000000000001,-6.5,8.4,7.6000000000000005,-9.1,-0.9,7,58.1,101.30000000000001,-44.8
Chrome Mobile,90.0.4430.82,Asus X01AD,Asus,Blink,[object Object],Chrome Mobile 90.0.4430.82 on Asus X01AD (Android 9),2021-05-06T05:56:07.808Z,寝る,あ,false,299.3,77.60000000000001,47.300000000000004,9.200000000000001,11,1.3,10.8,1.3,-0.1,-40.5,235.4,-144.8
Chrome Mobile,90.0.4430.82,Asus X01AD,Asus,Blink,[object Object],Chrome Mobile 90.0.4430.82 on Asus X01AD (Android 9),2021-05-06T05:56:08.008Z,寝る,あ,false,315,80.5,38.2,9.3,7.9,4,10.3,-1.5,2.8000000000000003,8.600000000000001,-171.90000000000003,43.900000000000006
Chrome Mobile,90.0.4430.82,Asus X01AD,Asus,Blink,[object Object],Chrome Mobile 90.0.4430.82 on Asus X01AD (Android 9),2021-05-06T05:56:08.209Z,寝る,あ,false,1.2000000000000002,69.7,-55.900000000000006,-7,12.600000000000001,7.800000000000001,-9.8,3.4000000000000004,5.9,-31.3,-244.60000000000002,92.2
Chrome Mobile,90.0.4430.82,Asus X01AD,Asus,Blink,[object Object],Chrome Mobile 90.0.4430.82 on Asus X01AD (Android 9),2021-05-06T05:56:08.410Z,寝る,あ,false,352.6,75.10000000000001,-38.400000000000006,-5,12.3,9,-6.6000000000000005,2.8000000000000003,7,82.9,249.10000000000002,-57.1
Chrome Mobile,90.0.4430.82,Asus X01AD,Asus,Blink,[object Object],Chrome Mobile 90.0.4430.82 on Asus X01AD (Android 9),2021-05-06T05:56:08.611Z,寝る,あ,false,293.40000000000003,81,61.5,18.7,9.4,2,20,-0.30000000000000004,1.3,8.8,14.700000000000001,-26.000000000000004
Chrome Mobile,90.0.4430.82,Asus X01AD,Asus,Blink,[object Object],Chrome Mobile 90.0.4430.82 on Asus X01AD (Android 9),2021-05-06T05:56:08.812Z,寝る,あ,false,5.4,82.2,-31.400000000000002,4.7,10,7.5,4,0.4,6.4,-40.800000000000004,-250.4,58.7
Chrome Mobile,90.0.4430.82,Asus X01AD,Asus,Blink,[object Object],Chrome Mobile 90.0.4430.82 on Asus X01AD (Android 9),2021-05-06T05:56:09.013Z,寝る,あ,false,2.3000000000000003,65.7,-66.5,-15.8,14.8,8.3,-19.5,5.9,6.7,16.4,-37.9,43.00000000000001
Chrome Mobile,90.0.4430.82,Asus X01AD,Asus,Blink,[object Object],Chrome Mobile 90.0.4430.82 on Asus X01AD (Android 9),2021-05-06T05:56:09.214Z,寝る,あ,false,337.70000000000005,80.4,-7,0.2,12.700000000000001,11.100000000000001,0,3,9.5,23.6,245.00000000000003,-70.10000000000001
Chrome Mobile,90.0.4430.82,Asus X01AD,Asus,Blink,[object Object],Chrome Mobile 90.0.4430.82 on Asus X01AD (Android 9),2021-05-06T05:56:09.416Z,寝る,あ,false,333.40000000000003,80.60000000000001,28.1,17.6,7.2,9.4,19.5,-1.9000000000000001,8,-15.299999999999999,-33.2,-16.900000000000002
Chrome Mobile,90.0.4430.82,Asus X01AD,Asus,Blink,[object Object],Chrome Mobile 90.0.4430.82 on Asus X01AD (Android 9),2021-05-06T05:56:09.617Z,寝る,あ,false,1.7000000000000002,78,-35.2,-2.1,10.100000000000001,11.200000000000001,-3.2,0.6000000000000001,9.600000000000001,-53.50000000000001,-250.4,50.60000000000001
Chrome Mobile,90.0.4430.82,Asus X01AD,Asus,Blink,[object Object],Chrome Mobile 90.0.4430.82 on Asus X01AD (Android 9),2021-05-06T05:56:09.818Z,寝る,あ,false,355,72,-54.2,-11.9,10.3,4,-14.4,1,2.3000000000000003,57.9,77.80000000000001,-44.4
Chrome Mobile,90.0.4430.82,Asus X01AD,Asus,Blink,[object Object],Chrome Mobile 90.0.4430.82 on Asus X01AD (Android 9),2021-05-06T05:56:10.018Z,寝る,あ,false,304,81.2,41,2.3000000000000003,9.4,5.300000000000001,3.3000000000000003,-0.30000000000000004,4.2,-11.8,249.6,-93.3
Chrome Mobile,90.0.4430.82,Asus X01AD,Asus,Blink,[object Object],Chrome Mobile 90.0.4430.82 on Asus X01AD (Android 9),2021-05-06T05:56:10.219Z,寝る,あ,false,334.3,82.4,29.400000000000002,11.100000000000001,7.2,5.300000000000001,11.700000000000001,-2.4000000000000004,4.1000000000000005,8,-88.60000000000001,39.400000000000006
Chrome Mobile,90.0.4430.82,Asus X01AD,Asus,Blink,[object Object],Chrome Mobile 90.0.4430.82 on Asus X01AD (Android 9),2021-05-06T05:56:10.420Z,寝る,あ,false,359.6,71.10000000000001,-38.5,-3,12.8,13.700000000000001,-5,3.6,11.200000000000001,-79.7,-250.4,56.2
Chrome Mobile,90.0.4430.82,Asus X01AD,Asus,Blink,[object Object],Chrome Mobile 90.0.4430.82 on Asus X01AD (Android 9),2021-05-06T05:56:10.620Z,寝る,あ,false,354.40000000000003,68.2,-46.7,-10.100000000000001,10.9,5.300000000000001,-12.700000000000001,1.9000000000000001,2.8000000000000003,73.10000000000001,115.60000000000001,4.2
Chrome Mobile,90.0.4430.82,Asus X01AD,Asus,Blink,[object Object],Chrome Mobile 90.0.4430.82 on Asus X01AD (Android 9),2021-05-06T05:56:10.830Z,寝る,あ,false,315.5,81.10000000000001,36.300000000000004,6.300000000000001,6.800000000000001,3.2,7.2,-3,1.9000000000000001,51.6,249.6,-65.10000000000001
Chrome Mobile,90.0.4430.82,Asus X01AD,Asus,Blink,[object Object],Chrome Mobile 90.0.4430.82 on Asus X01AD (Android 9),2021-05-06T05:56:11.033Z,寝る,あ,false,341.90000000000003,81.2,19.1,9.3,8.4,4.800000000000001,9.8,-1.1,3.4000000000000004,-13.3,-137.4,24.5
Chrome Mobile,90.0.4430.82,Asus X01AD,Asus,Blink,[object Object],Chrome Mobile 90.0.4430.82 on Asus X01AD (Android 9),2021-05-06T05:56:11.234Z,寝る,あ,false,8.6,68.3,-51.800000000000004,-3.9000000000000004,12.200000000000001,9,-6.800000000000001,3.2,6.800000000000001,-79.8,-203.8,47.7
Chrome Mobile,90.0.4430.82,Asus X01AD,Asus,Blink,[object Object],Chrome Mobile 90.0.4430.82 on Asus X01AD (Android 9),2021-05-06T05:56:11.434Z,寝る,あ,false,14.200000000000001,69.7,-61.5,-0.9,11.200000000000001,4.7,-3.8000000000000003,2.1,3,81.3,214.70000000000002,-78
Chrome Mobile,90.0.4430.82,Asus X01AD,Asus,Blink,[object Object],Chrome Mobile 90.0.4430.82 on Asus X01AD (Android 9),2021-05-06T05:56:11.635Z,寝る,あ,false,309.8,81,49.5,12.700000000000001,9.8,0.30000000000000004,13.9,0.1,-0.7000000000000001,7,176.6,-64.10000000000001
Chrome Mobile,90.0.4430.82,Asus X01AD,Asus,Blink,[object Object],Chrome Mobile 90.0.4430.82 on Asus X01AD (Android 9),2021-05-06T05:56:11.836Z,寝る,あ,false,341,83.10000000000001,15.5,9.5,7.7,4.3,9.8,-1.8,3.2,-16.1,-199.4,34.800000000000004
Chrome Mobile,90.0.4430.82,Asus X01AD,Asus,Blink,[object Object],Chrome Mobile 90.0.4430.82 on Asus X01AD (Android 9),2021-05-06T05:56:12.037Z,寝る,あ,false,358.40000000000003,66.8,-49.800000000000004,-10.600000000000001,14.3,8.3,-13.600000000000001,5.300000000000001,5.800000000000001,-15.899999999999999,-217.10000000000002,61.199999999999996
Chrome Mobile,90.0.4430.82,Asus X01AD,Asus,Blink,[object Object],Chrome Mobile 90.0.4430.82 on Asus X01AD (Android 9),2021-05-06T05:56:12.238Z,寝る,あ,false,346.90000000000003,76.4,-24.6,-1.8,12.9,5.800000000000001,-2.7,3.4000000000000004,3.7,67.3,211.9,-26.1
Chrome Mobile,90.0.4430.82,Asus X01AD,Asus,Blink,[object Object],Chrome Mobile 90.0.4430.82 on Asus X01AD (Android 9),2021-05-06T05:56:12.439Z,寝る,あ,false,317.20000000000005,78,46.2,16,8.9,6.9,16.5,-0.4,4.4,-18.8,92.7,5.9
Chrome Mobile,90.0.4430.82,Asus X01AD,Asus,Blink,[object Object],Chrome Mobile 90.0.4430.82 on Asus X01AD (Android 9),2021-05-06T05:56:12.640Z,寝る,あ,false,2.3000000000000003,81.2,-21.200000000000003,6.800000000000001,8.200000000000001,4.5,6.300000000000001,-1.2000000000000002,3.1,-62.6,-240.3,21.900000000000002
Chrome Mobile,90.0.4430.82,Asus X01AD,Asus,Blink,[object Object],Chrome Mobile 90.0.4430.82 on Asus X01AD (Android 9),2021-05-06T05:56:12.841Z,寝る,あ,false,354.1,60.7,-58.6,-11.5,16,14.100000000000001,-15.600000000000001,7.6000000000000005,11.600000000000001,-87.7,-90.9,50.3
Chrome Mobile,90.0.4430.82,Asus X01AD,Asus,Blink,[object Object],Chrome Mobile 90.0.4430.82 on Asus X01AD (Android 9),2021-05-06T05:56:13.042Z,寝る,あ,false,328.8,75,-0.7000000000000001,4.1000000000000005,10.200000000000001,6,4,0.6000000000000001,3.4000000000000004,11.5,249.6,-120.9
Chrome Mobile,90.0.4430.82,Asus X01AD,Asus,Blink,[object Object],Chrome Mobile 90.0.4430.82 on Asus X01AD (Android 9),2021-05-06T05:56:13.243Z,寝る,あ,false,320.20000000000005,82.4,37,14.8,9.600000000000001,9.200000000000001,15.600000000000001,-0.1,8.200000000000001,-0.7,-66.9,17.400000000000002
Chrome Mobile,90.0.4430.82,Asus X01AD,Asus,Blink,[object Object],Chrome Mobile 90.0.4430.82 on Asus X01AD (Android 9),2021-05-06T05:56:13.444Z,寝る,あ,false,359.5,77,-38.300000000000004,-4.800000000000001,11.700000000000001,8.8,-6.1000000000000005,2.2,7.1000000000000005,-46,-250.4,86.3
Chrome Mobile,90.0.4430.82,Asus X01AD,Asus,Blink,[object Object],Chrome Mobile 90.0.4430.82 on Asus X01AD (Android 9),2021-05-06T05:56:13.646Z,寝る,あ,false,6.6000000000000005,73.60000000000001,-58.900000000000006,-8.700000000000001,9.700000000000001,3.5,-11,0.30000000000000004,2.1,49.800000000000004,150.9,-59.60000000000001
Chrome Mobile,90.0.4430.82,Asus X01AD,Asus,Blink,[object Object],Chrome Mobile 90.0.4430.82 on Asus X01AD (Android 9),2021-05-06T05:56:13.846Z,寝る,あ,false,285.8,78.9,66.2,9.3,9.700000000000001,2.3000000000000003,11,0,1.5,41.800000000000004,196.79999999999998,-109.50000000000001
Chrome Mobile,90.0.4430.82,Asus X01AD,Asus,Blink,[object Object],Chrome Mobile 90.0.4430.82 on Asus X01AD (Android 9),2021-05-06T05:56:14.049Z,寝る,あ,false,326.8,84.2,33.300000000000004,7.800000000000001,7.5,4.4,8.4,-2.1,3.6,-15.299999999999999,-145.9,-4.7
Chrome Mobile,90.0.4430.82,Asus X01AD,Asus,Blink,[object Object],Chrome Mobile 90.0.4430.82 on Asus X01AD (Android 9),2021-05-06T05:56:14.255Z,寝る,あ,false,0.9,70,-45.2,-12,13.200000000000001,8.1,-14.4,4,5.800000000000001,-62,-154.40000000000003,54.199999999999996
Chrome Mobile,90.0.4430.82,Asus X01AD,Asus,Blink,[object Object],Chrome Mobile 90.0.4430.82 on Asus X01AD (Android 9),2021-05-06T05:56:14.456Z,寝る,あ,false,359.3,75.2,-38.900000000000006,-7.800000000000001,9.4,7.300000000000001,-8.200000000000001,0.5,5.7,42.5,201.9,-60.900000000000006
Chrome Mobile,90.0.4430.82,Asus X01AD,Asus,Blink,[object Object],Chrome Mobile 90.0.4430.82 on Asus X01AD (Android 9),2021-05-06T05:56:14.657Z,寝る,あ,false,313,80.30000000000001,51.7,9.4,7.300000000000001,4.6000000000000005,10.700000000000001,-2.4000000000000004,3.6,-35.4,213.9,-22.000000000000004
Chrome Mobile,90.0.4430.82,Asus X01AD,Asus,Blink,[object Object],Chrome Mobile 90.0.4430.82 on Asus X01AD (Android 9),2021-05-06T05:56:14.858Z,寝る,あ,false,4.1000000000000005,81.60000000000001,-4.6000000000000005,10.4,9.700000000000001,5.5,10.3,0.1,4.1000000000000005,19.9,-222.5,4.300000000000001
Chrome Mobile,90.0.4430.82,Asus X01AD,Asus,Blink,[object Object],Chrome Mobile 90.0.4430.82 on Asus X01AD (Android 9),2021-05-06T05:56:15.059Z,寝る,あ,false,351.1,73.3,-38.5,-13.700000000000001,10.9,6.4,-15.5,1.6,4.2,-43.6,-134.4,50.1
Chrome Mobile,90.0.4430.82,Asus X01AD,Asus,Blink,[object Object],Chrome Mobile 90.0.4430.82 on Asus X01AD (Android 9),2021-05-06T05:56:15.259Z,寝る,あ,false,359.20000000000005,77.2,-31.3,-3.5,10.9,4.7,-4.6000000000000005,1.5,2.9000000000000004,44.00000000000001,209.20000000000002,-51.70000000000001
Chrome Mobile,90.0.4430.82,Asus X01AD,Asus,Blink,[object Object],Chrome Mobile 90.0.4430.82 on Asus X01AD (Android 9),2021-05-06T05:56:15.460Z,寝る,あ,false,307.70000000000005,79.10000000000001,57.400000000000006,13.3,8.8,2.3000000000000003,14.8,-0.9,1.2000000000000002,-35.1,119.8,-74.60000000000001
Chrome Mobile,90.0.4430.82,Asus X01AD,Asus,Blink,[object Object],Chrome Mobile 90.0.4430.82 on Asus X01AD (Android 9),2021-05-06T05:56:15.662Z,寝る,あ,false,51.7,83.80000000000001,-61.7,8.6,7.800000000000001,3.6,7.7,-1.7000000000000002,3.1,-28.200000000000003,-236.70000000000005,47.5
Chrome Mobile,90.0.4430.82,Asus X01AD,Asus,Blink,[object Object],Chrome Mobile 90.0.4430.82 on Asus X01AD (Android 9),2021-05-06T05:56:15.863Z,寝る,あ,false,12.200000000000001,62.900000000000006,-68.2,-11.8,16.1,11.4,-15.9,7.5,9.700000000000001,-63.8,-96.80000000000001,17.300000000000004
Chrome Mobile,90.0.4430.82,Asus X01AD,Asus,Blink,[object Object],Chrome Mobile 90.0.4430.82 on Asus X01AD (Android 9),2021-05-06T05:56:16.063Z,寝る,あ,false,352.40000000000003,77.7,-18.3,2.1,12.600000000000001,9.200000000000001,1.4000000000000001,3,7.2,39.2,215.3,-60.6
Chrome Mobile,90.0.4430.82,Asus X01AD,Asus,Blink,[object Object],Chrome Mobile 90.0.4430.82 on Asus X01AD (Android 9),2021-05-06T05:56:16.265Z,寝る,あ,false,347.40000000000003,74.9,21.6,18.8,9.200000000000001,14.100000000000001,19.700000000000003,-0.2,11.700000000000001,-69.5,-19.1,-24.3
Chrome Mobile,90.0.4430.82,Asus X01AD,Asus,Blink,[object Object],Chrome Mobile 90.0.4430.82 on Asus X01AD (Android 9),2021-05-06T05:56:16.465Z,寝る,あ,false,0.9,75.9,-26,-0.5,9.8,8.8,-1.6,0.4,6.7,-54.800000000000004,-247.6,20.7
Chrome Mobile,90.0.4430.82,Asus X01AD,Asus,Blink,[object Object],Chrome Mobile 90.0.4430.82 on Asus X01AD (Android 9),2021-05-06T05:56:16.666Z,寝る,あ,false,337.5,71.5,-25.700000000000003,-16.900000000000002,7.300000000000001,4.7,-18.3,-1.9000000000000001,1.9000000000000001,10.8,95.9,-12.600000000000001
Chrome Mobile,90.0.4430.82,Asus X01AD,Asus,Blink,[object Object],Chrome Mobile 90.0.4430.82 on Asus X01AD (Android 9),2021-05-06T05:56:16.872Z,寝る,あ,false,323.8,74.4,28.1,3,11.4,9.8,4.2,1.8,7.4,68.1,249.6,-17.200000000000003
Chrome Mobile,90.0.4430.82,Asus X01AD,Asus,Blink,[object Object],Chrome Mobile 90.0.4430.82 on Asus X01AD (Android 9),2021-05-06T05:56:17.078Z,寝る,あ,false,336.70000000000005,82.4,37.6,16.7,6.5,4.4,15.5,-2.6,4.1000000000000005,-75.5,24.200000000000003,-30.1
Chrome Mobile,90.0.4430.82,Asus X01AD,Asus,Blink,[object Object],Chrome Mobile 90.0.4430.82 on Asus X01AD (Android 9),2021-05-06T05:56:17.279Z,寝る,あ,false,24.3,74.3,-53.2,-2.1,12.4,11.5,-4.2,3,10,-53.10000000000001,-250.4,97.60000000000001
Chrome Mobile,90.0.4430.82,Asus X01AD,Asus,Blink,[object Object],Chrome Mobile 90.0.4430.82 on Asus X01AD (Android 9),2021-05-06T05:56:17.481Z,寝る,あ,false,19.3,67,-67.7,-10.100000000000001,11.8,5.2,-13.600000000000001,2.8000000000000003,3.8000000000000003,63.2,137,-43.900000000000006
Chrome Mobile,90.0.4430.82,Asus X01AD,Asus,Blink,[object Object],Chrome Mobile 90.0.4430.82 on Asus X01AD (Android 9),2021-05-06T05:56:17.684Z,寝る,あ,false,334.8,77.60000000000001,27.5,8.6,9.5,3.8000000000000003,9.5,-0.1,2,-47.900000000000006,249.6,-61
Chrome Mobile,90.0.4430.82,Asus X01AD,Asus,Blink,[object Object],Chrome Mobile 90.0.4430.82 on Asus X01AD (Android 9),2021-05-06T05:56:17.884Z,寝る,あ,false,340.3,70.60000000000001,26.1,7.300000000000001,9.5,9.1,8.700000000000001,0.30000000000000004,6.2,126,-208.5,42.400000000000006
Chrome Mobile,90.0.4430.82,Asus X01AD,Asus,Blink,[object Object],Chrome Mobile 90.0.4430.82 on Asus X01AD (Android 9),2021-05-06T05:56:18.085Z,寝る,あ,false,35.300000000000004,70.2,-76.9,-7.2,13.5,7.300000000000001,-10.5,4.3,6.6000000000000005,-3,-240.9,156.20000000000002
Chrome Mobile,90.0.4430.82,Asus X01AD,Asus,Blink,[object Object],Chrome Mobile 90.0.4430.82 on Asus X01AD (Android 9),2021-05-06T05:56:18.285Z,寝る,あ,false,27.400000000000002,78.9,-62.6,-6,10.9,6.1000000000000005,-7.7,1.4000000000000001,5.300000000000001,21.500000000000004,243.70000000000002,-120.00000000000001
Chrome Mobile,90.0.4430.82,Asus X01AD,Asus,Blink,[object Object],Chrome Mobile 90.0.4430.82 on Asus X01AD (Android 9),2021-05-06T05:56:18.487Z,寝る,あ,false,315.5,73.8,53.7,15.3,12.600000000000001,3.3000000000000003,17.5,3.1,1.6,32.2,111,-10.9
Chrome Mobile,90.0.4430.82,Asus X01AD,Asus,Blink,[object Object],Chrome Mobile 90.0.4430.82 on Asus X01AD (Android 9),2021-05-06T05:56:18.688Z,寝る,あ,false,333.40000000000003,83.30000000000001,27.200000000000003,5,8.8,4.9,5.5,-0.8,3.9000000000000004,19.9,-226.2,82.3
Chrome Mobile,90.0.4430.82,Asus X01AD,Asus,Blink,[object Object],Chrome Mobile 90.0.4430.82 on Asus X01AD (Android 9),2021-05-06T05:56:18.888Z,寝る,あ,false,22.5,66.9,-64.3,-9.200000000000001,13.200000000000001,6.7,-12.600000000000001,4.2,5.1000000000000005,-41.199999999999996,-153.89999999999998,65.7
Chrome Mobile,90.0.4430.82,Asus X01AD,Asus,Blink,[object Object],Chrome Mobile 90.0.4430.82 on Asus X01AD (Android 9),2021-05-06T05:56:19.089Z,寝る,あ,false,3.7,76.7,-28,-3.9000000000000004,14.4,7.1000000000000005,-5,4.9,5.1000000000000005,35,212.1,-75.4
Chrome Mobile,90.0.4430.82,Asus X01AD,Asus,Blink,[object Object],Chrome Mobile 90.0.4430.82 on Asus X01AD (Android 9),2021-05-06T05:56:19.290Z,寝る,あ,false,316.8,74,56.7,17.8,10.4,6,20.1,1,4.5,53.50000000000001,49.199999999999996,54.199999999999996
Chrome Mobile,90.0.4430.82,Asus X01AD,Asus,Blink,[object Object],Chrome Mobile 90.0.4430.82 on Asus X01AD (Android 9),2021-05-06T05:56:19.491Z,寝る,あ,false,2.4000000000000004,81,-11.100000000000001,4.1000000000000005,10.4,8.3,4.7,0.4,6.4,-25.8,-250.4,52.80000000000001
Chrome Mobile,90.0.4430.82,Asus X01AD,Asus,Blink,[object Object],Chrome Mobile 90.0.4430.82 on Asus X01AD (Android 9),2021-05-06T05:56:19.693Z,寝る,あ,false,20.700000000000003,63.400000000000006,-71.4,-15.5,14.9,11.200000000000001,-19.700000000000003,6.1000000000000005,9.8,11.5,-60.8,63.30000000000001
Chrome Mobile,90.0.4430.82,Asus X01AD,Asus,Blink,[object Object],Chrome Mobile 90.0.4430.82 on Asus X01AD (Android 9),2021-05-06T05:56:19.894Z,寝る,あ,false,344.20000000000005,80.10000000000001,-3.3000000000000003,0.9,12,8.700000000000001,0.8,2.3000000000000003,7,-20.400000000000002,249.6,-131.9
Chrome Mobile,90.0.4430.82,Asus X01AD,Asus,Blink,[object Object],Chrome Mobile 90.0.4430.82 on Asus X01AD (Android 9),2021-05-06T05:56:20.095Z,寝る,あ,false,323.70000000000005,73.3,49.400000000000006,15.600000000000001,9.5,6.2,17.8,0.2,4.4,3.9,10.299999999999999,-8.3
Chrome Mobile,90.0.4430.82,Asus X01AD,Asus,Blink,[object Object],Chrome Mobile 90.0.4430.82 on Asus X01AD (Android 9),2021-05-06T05:56:20.296Z,寝る,あ,false,346.1,78.5,-2.5,1.3,10.5,10.3,1.8,1,7.7,-20,-250.4,34.1
Chrome Mobile,90.0.4430.82,Asus X01AD,Asus,Blink,[object Object],Chrome Mobile 90.0.4430.82 on Asus X01AD (Android 9),2021-05-06T05:56:20.498Z,寝る,あ,false,359.6,66.8,-52.1,-9.200000000000001,11.8,6.9,-12.200000000000001,2.9000000000000004,4.5,52.00000000000001,35.2,15.8
Chrome Mobile,90.0.4430.82,Asus X01AD,Asus,Blink,[object Object],Chrome Mobile 90.0.4430.82 on Asus X01AD (Android 9),2021-05-06T05:56:20.699Z,寝る,あ,false,333.8,75.7,13.9,6.1000000000000005,10.600000000000001,7.800000000000001,6.7,1,5.4,12,249.6,-97.8
Chrome Mobile,90.0.4430.82,Asus X01AD,Asus,Blink,[object Object],Chrome Mobile 90.0.4430.82 on Asus X01AD (Android 9),2021-05-06T05:56:20.903Z,寝る,あ,false,305.40000000000003,85.5,64.5,12.4,6.4,-6.9,13,-3.2,-7.2,23.2,-80.60000000000001,25.6
Chrome Mobile,90.0.4430.82,Asus X01AD,Asus,Blink,[object Object],Chrome Mobile 90.0.4430.82 on Asus X01AD (Android 9),2021-05-06T05:56:21.104Z,寝る,あ,false,358.90000000000003,70.9,-32.300000000000004,-0.4,8.8,13.100000000000001,-2.1,-0.30000000000000004,10.4,-77.3,-250.4,43.00000000000001
Chrome Mobile,90.0.4430.82,Asus X01AD,Asus,Blink,[object Object],Chrome Mobile 90.0.4430.82 on Asus X01AD (Android 9),2021-05-06T05:56:21.305Z,寝る,あ,false,337.5,67.7,-20.900000000000002,-9.9,9.700000000000001,11.100000000000001,-11.3,0.5,7.6000000000000005,52.1,229.40000000000003,-47.5
Chrome Mobile,90.0.4430.82,Asus X01AD,Asus,Blink,[object Object],Chrome Mobile 90.0.4430.82 on Asus X01AD (Android 9),2021-05-06T05:56:21.511Z,寝る,あ,false,314.40000000000003,76.80000000000001,51.300000000000004,14.200000000000001,7.5,-0.5,16,-2.2,-1.9000000000000001,74.30000000000001,246.00000000000003,-22.9
Chrome Mobile,90.0.4430.82,Asus X01AD,Asus,Blink,[object Object],Chrome Mobile 90.0.4430.82 on Asus X01AD (Android 9),2021-05-06T05:56:21.712Z,寝る,あ,false,353.1,82.4,9.3,8.5,8.5,6.5,8.700000000000001,-1,5.2,-2.4000000000000004,-250.10000000000002,25.1
Chrome Mobile,90.0.4430.82,Asus X01AD,Asus,Blink,[object Object],Chrome Mobile 90.0.4430.82 on Asus X01AD (Android 9),2021-05-06T05:56:21.912Z,寝る,あ,false,10.4,68.60000000000001,-56.300000000000004,-12.600000000000001,14.9,8.700000000000001,-15.600000000000001,5.7,6.7,-31.5,-192.50000000000003,75.9
Chrome Mobile,90.0.4430.82,Asus X01AD,Asus,Blink,[object Object],Chrome Mobile 90.0.4430.82 on Asus X01AD (Android 9),2021-05-06T05:56:22.114Z,寝る,あ,false,335,79.30000000000001,-0.5,-2.7,12.8,6.9,-2.7,3.1,5.1000000000000005,-7.200000000000001,249.6,-118.10000000000001
Chrome Mobile,90.0.4430.82,Asus X01AD,Asus,Blink,[object Object],Chrome Mobile 90.0.4430.82 on Asus X01AD (Android 9),2021-05-06T05:56:22.315Z,寝る,あ,false,315.5,75.8,61,15.700000000000001,8.9,1.7000000000000002,17.8,-0.6000000000000001,0.5,-5.4,83.60000000000001,-1.6
Chrome Mobile,90.0.4430.82,Asus X01AD,Asus,Blink,[object Object],Chrome Mobile 90.0.4430.82 on Asus X01AD (Android 9),2021-05-06T05:56:22.516Z,寝る,あ,false,354.20000000000005,78.80000000000001,-3.7,2.4000000000000004,9.9,9.200000000000001,2.2,0.5,7.300000000000001,-21.300000000000004,-250.4,41.6
Chrome Mobile,90.0.4430.82,Asus X01AD,Asus,Blink,[object Object],Chrome Mobile 90.0.4430.82 on Asus X01AD (Android 9),2021-05-06T05:56:22.717Z,寝る,あ,false,3.9000000000000004,66.8,-54,-14.9,13.3,11.100000000000001,-18.1,4.2,8.8,13.5,-12.600000000000001,15.6
Chrome Mobile,90.0.4430.82,Asus X01AD,Asus,Blink,[object Object],Chrome Mobile 90.0.4430.82 on Asus X01AD (Android 9),2021-05-06T05:56:22.923Z,寝る,あ,false,338.8,79.5,5.4,3,13.4,7.7,3.2,3.7,5.9,41.50000000000001,249.6,-76.4
Chrome Mobile,90.0.4430.82,Asus X01AD,Asus,Blink,[object Object],Chrome Mobile 90.0.4430.82 on Asus X01AD (Android 9),2021-05-06T05:56:23.129Z,寝る,あ,false,309.40000000000003,82.5,64.4,16.400000000000002,7.1000000000000005,1,17.5,-2.6,0.5,25.5,-33.400000000000006,40.1
Chrome Mobile,90.0.4430.82,Asus X01AD,Asus,Blink,[object Object],Chrome Mobile 90.0.4430.82 on Asus X01AD (Android 9),2021-05-06T05:56:23.331Z,寝る,あ,false,20.8,74.4,-42.7,1.3,11.700000000000001,10.8,-0.5,2.3000000000000003,8.9,-70.2,-250.3,49.9
Chrome Mobile,90.0.4430.82,Asus X01AD,Asus,Blink,[object Object],Chrome Mobile 90.0.4430.82 on Asus X01AD (Android 9),2021-05-06T05:56:23.532Z,寝る,あ,false,12.9,66.5,-66.7,-14.5,11.5,7,-18,2.5,5.5,-6.500000000000001,119.89999999999999,-62.300000000000004
Chrome Mobile,90.0.4430.82,Asus X01AD,Asus,Blink,[object Object],Chrome Mobile 90.0.4430.82 on Asus X01AD (Android 9),2021-05-06T05:56:23.733Z,寝る,あ,false,331.40000000000003,75.2,16.1,2.6,10.9,7.6000000000000005,3.3000000000000003,1.4000000000000001,5.2,-31.6,249.6,-100.70000000000002
Chrome Mobile,90.0.4430.82,Asus X01AD,Asus,Blink,[object Object],Chrome Mobile 90.0.4430.82 on Asus X01AD (Android 9),2021-05-06T05:56:23.933Z,寝る,あ,false,337.3,78.2,31.400000000000002,15.600000000000001,8.5,-0.2,16.6,-1.1,-1.9000000000000001,36.400000000000006,-10.700000000000001,14.700000000000001
Chrome Mobile,90.0.4430.82,Asus X01AD,Asus,Blink,[object Object],Chrome Mobile 90.0.4430.82 on Asus X01AD (Android 9),2021-05-06T05:56:24.134Z,寝る,あ,false,353.8,75.10000000000001,-20.1,1.4000000000000001,9.5,10.700000000000001,0.6000000000000001,0.2,8.3,-102.89999999999999,-250.4,1.5
Chrome Mobile,90.0.4430.82,Asus X01AD,Asus,Blink,[object Object],Chrome Mobile 90.0.4430.82 on Asus X01AD (Android 9),2021-05-06T05:56:24.335Z,寝る,あ,false,347.3,69.2,-40.6,-16.6,7.7,8.1,-18.8,-1.4000000000000001,5.5,13.200000000000003,112.60000000000001,-18.1
Chrome Mobile,90.0.4430.82,Asus X01AD,Asus,Blink,[object Object],Chrome Mobile 90.0.4430.82 on Asus X01AD (Android 9),2021-05-06T05:56:24.535Z,寝る,あ,false,330,77,15.9,6,10.9,8.200000000000001,6.7,1.2000000000000002,6.1000000000000005,30.599999999999998,249.6,-95.20000000000002
Chrome Mobile,90.0.4430.82,Asus X01AD,Asus,Blink,[object Object],Chrome Mobile 90.0.4430.82 on Asus X01AD (Android 9),2021-05-06T05:56:24.736Z,寝る,あ,false,316.3,81.7,49,12.700000000000001,6.4,0.9,13.700000000000001,-3.2,0,28.400000000000002,-83.00000000000001,26.1
Chrome Mobile,90.0.4430.82,Asus X01AD,Asus,Blink,[object Object],Chrome Mobile 90.0.4430.82 on Asus X01AD (Android 9),2021-05-06T05:56:24.937Z,寝る,あ,false,2.6,71.2,-40.400000000000006,-2.6,15.4,13.100000000000001,-4.7,6.2,10.700000000000001,-79.00000000000001,-250.4,58.7
Chrome Mobile,90.0.4430.82,Asus X01AD,Asus,Blink,[object Object],Chrome Mobile 90.0.4430.82 on Asus X01AD (Android 9),2021-05-06T05:56:25.138Z,寝る,あ,false,345.3,73.3,-30.1,-5.5,8.3,6,-6.9,-1,3.6,64.7,147.1,-19.700000000000003
Chrome Mobile,90.0.4430.82,Asus X01AD,Asus,Blink,[object Object],Chrome Mobile 90.0.4430.82 on Asus X01AD (Android 9),2021-05-06T05:56:25.339Z,寝る,あ,false,324,76.7,39.1,11.600000000000001,9.8,0.4,13,0.2,-1.4000000000000001,8.600000000000001,219.5,-26.300000000000004
Chrome Mobile,90.0.4430.82,Asus X01AD,Asus,Blink,[object Object],Chrome Mobile 90.0.4430.82 on Asus X01AD (Android 9),2021-05-06T05:56:25.540Z,寝る,あ,false,343.1,80,14.9,6.5,9.3,4.4,6.9,-0.2,2.8000000000000003,18.700000000000003,-197.5,14.700000000000001
Chrome Mobile,90.0.4430.82,Asus X01AD,Asus,Blink,[object Object],Chrome Mobile 90.0.4430.82 on Asus X01AD (Android 9),2021-05-06T05:56:25.741Z,寝る,あ,false,6.2,76.10000000000001,-47.900000000000006,-11.4,9.9,5.800000000000001,-13.100000000000001,0.30000000000000004,4.2,13.3,-110.10000000000001,51.4
Chrome Mobile,90.0.4430.82,Asus X01AD,Asus,Blink,[object Object],Chrome Mobile 90.0.4430.82 on Asus X01AD (Android 9),2021-05-06T05:56:25.941Z,寝る,あ,false,7,79.2,-32,-2.9000000000000004,11.600000000000001,4.9,-3.9000000000000004,2,3.4000000000000004,22.4,249.6,-17
Chrome Mobile,90.0.4430.82,Asus X01AD,Asus,Blink,[object Object],Chrome Mobile 90.0.4430.82 on Asus X01AD (Android 9),2021-05-06T05:56:26.142Z,寝る,あ,false,335.5,76.5,34.5,16,11.700000000000001,4.2,17.3,2.1,2.3000000000000003,6.600000000000001,65,-42.3
Chrome Mobile,90.0.4430.82,Asus X01AD,Asus,Blink,[object Object],Chrome Mobile 90.0.4430.82 on Asus X01AD (Android 9),2021-05-06T05:56:26.343Z,寝る,あ,false,4.6000000000000005,81.30000000000001,-17.6,3.9000000000000004,11.100000000000001,4.9,3.4000000000000004,1.5,3.5,21.200000000000003,-249.7,45.7
Chrome Mobile,90.0.4430.82,Asus X01AD,Asus,Blink,[object Object],Chrome Mobile 90.0.4430.82 on Asus X01AD (Android 9),2021-05-06T05:56:26.544Z,寝る,あ,false,27.8,67.5,-84.9,-7.5,10.700000000000001,6.9,-11.200000000000001,1.7000000000000002,6.5,-45.8,-165.4,54
Chrome Mobile,90.0.4430.82,Asus X01AD,Asus,Blink,[object Object],Chrome Mobile 90.0.4430.82 on Asus X01AD (Android 9),2021-05-06T05:56:26.745Z,寝る,あ,false,4.4,79.5,-39.5,-3.8000000000000003,11.100000000000001,5.1000000000000005,-4.9,1.6,2.9000000000000004,-7.8,249.6,-120.2
Chrome Mobile,90.0.4430.82,Asus X01AD,Asus,Blink,[object Object],Chrome Mobile 90.0.4430.82 on Asus X01AD (Android 9),2021-05-06T05:56:26.947Z,寝る,あ,false,283.40000000000003,85.7,85.60000000000001,15.5,7.800000000000001,-2.7,16.3,-2,-2.7,44.2,67.60000000000001,-45.2
Chrome Mobile,90.0.4430.82,Asus X01AD,Asus,Blink,[object Object],Chrome Mobile 90.0.4430.82 on Asus X01AD (Android 9),2021-05-06T05:56:27.149Z,寝る,あ,false,37,82.60000000000001,-48.1,6.800000000000001,9.1,4.4,5.9,-0.4,3.6,-80.50000000000001,-225.90000000000003,25.4
Chrome Mobile,90.0.4430.82,Asus X01AD,Asus,Blink,[object Object],Chrome Mobile 90.0.4430.82 on Asus X01AD (Android 9),2021-05-06T05:56:27.350Z,寝る,あ,false,357.6,64.7,-56.300000000000004,-14,15,18.400000000000002,-17.5,6.2,16.1,-42.2,-133.70000000000002,16.4
Chrome Mobile,90.0.4430.82,Asus X01AD,Asus,Blink,[object Object],Chrome Mobile 90.0.4430.82 on Asus X01AD (Android 9),2021-05-06T05:56:27.550Z,寝る,あ,false,340.6,78.9,-7,3.1,10.9,6.5,2.9000000000000004,1.2000000000000002,4.6000000000000005,60.2,249.5,-79.3
Chrome Mobile,90.0.4430.82,Asus X01AD,Asus,Blink,[object Object],Chrome Mobile 90.0.4430.82 on Asus X01AD (Android 9),2021-05-06T05:56:27.751Z,寝る,あ,false,300.2,84.30000000000001,64.8,17.7,6.4,-3,18.6,-3.3000000000000003,-3.4000000000000004,-39.1,-71.10000000000001,-41.1
Chrome Mobile,90.0.4430.82,Asus X01AD,Asus,Blink,[object Object],Chrome Mobile 90.0.4430.82 on Asus X01AD (Android 9),2021-05-06T05:56:27.952Z,寝る,あ,false,357.3,76.9,-24.1,4.7,9.200000000000001,7.800000000000001,3.8000000000000003,-0.1,5.9,-78.3,-250.3,25.6
Chrome Mobile,90.0.4430.82,Asus X01AD,Asus,Blink,[object Object],Chrome Mobile 90.0.4430.82 on Asus X01AD (Android 9),2021-05-06T05:56:28.153Z,寝る,あ,false,342.3,65.7,-36.5,-13.4,11,13,-15.8,2,9.700000000000001,6.1000000000000005,214.70000000000002,-105.4
Chrome Mobile,90.0.4430.82,Asus X01AD,Asus,Blink,[object Object],Chrome Mobile 90.0.4430.82 on Asus X01AD (Android 9),2021-05-06T05:56:28.355Z,寝る,あ,false,313,75.8,37.9,7,8.9,3.5,8.5,-0.8,1.6,10.299999999999999,249.6,-77.80000000000001
Chrome Mobile,90.0.4430.82,Asus X01AD,Asus,Blink,[object Object],Chrome Mobile 90.0.4430.82 on Asus X01AD (Android 9),2021-05-06T05:56:28.556Z,寝る,あ,false,334.90000000000003,87,28.700000000000003,12.700000000000001,7.4,-1.8,12.9,-2.2,-2.2,-4.2,-104.7,18.4
Chrome Mobile,90.0.4430.82,Asus X01AD,Asus,Blink,[object Object],Chrome Mobile 90.0.4430.82 on Asus X01AD (Android 9),2021-05-06T05:56:28.757Z,寝る,あ,false,8.1,71.60000000000001,-48.800000000000004,-5.6000000000000005,13,10.100000000000001,-7.9,3.8000000000000003,8.1,-31.099999999999998,-247.2,100.5
Chrome Mobile,90.0.4430.82,Asus X01AD,Asus,Blink,[object Object],Chrome Mobile 90.0.4430.82 on Asus X01AD (Android 9),2021-05-06T05:56:28.968Z,寝る,あ,false,346,77.80000000000001,-30,-6.7,10,5.7,-7.800000000000001,0.5,3.9000000000000004,38.300000000000004,196,-51.1
Chrome Mobile,90.0.4430.82,Asus X01AD,Asus,Blink,[object Object],Chrome Mobile 90.0.4430.82 on Asus X01AD (Android 9),2021-05-06T05:56:29.173Z,寝る,あ,false,318.20000000000005,73.9,49.800000000000004,13.100000000000001,8.3,8.5,15.200000000000001,-1.2000000000000002,6.7,-25.5,183.00000000000003,16.4
Chrome Mobile,90.0.4430.82,Asus X01AD,Asus,Blink,[object Object],Chrome Mobile 90.0.4430.82 on Asus X01AD (Android 9),2021-05-06T05:56:29.374Z,寝る,あ,false,357.1,82.60000000000001,-5.300000000000001,7.300000000000001,9.5,4.9,7.2,-0.1,3.7,5.300000000000001,-239.89999999999998,7.1000000000000005
Chrome Mobile,90.0.4430.82,Asus X01AD,Asus,Blink,[object Object],Chrome Mobile 90.0.4430.82 on Asus X01AD (Android 9),2021-05-06T05:56:29.575Z,寝る,あ,false,13.8,68.8,-68.9,-14.600000000000001,15.600000000000001,14.700000000000001,-17.900000000000002,6.5,13.4,-26.9,-198.60000000000002,52.5
Chrome Mobile,90.0.4430.82,Asus X01AD,Asus,Blink,[object Object],Chrome Mobile 90.0.4430.82 on Asus X01AD (Android 9),2021-05-06T05:56:29.780Z,寝る,あ,false,355.70000000000005,81.2,-24.400000000000002,1.2000000000000002,12.4,4.6000000000000005,0.6000000000000001,2.7,3.2,27.5,249.6,-77.1
Chrome Mobile,90.0.4430.82,Asus X01AD,Asus,Blink,[object Object],Chrome Mobile 90.0.4430.82 on Asus X01AD (Android 9),2021-05-06T05:56:29.981Z,寝る,あ,false,324.20000000000005,82.10000000000001,45.6,18.400000000000002,8.5,0.1,19.400000000000002,-1.2000000000000002,-0.8,13.3,20.400000000000002,-6.9
Chrome Mobile,90.0.4430.82,Asus X01AD,Asus,Blink,[object Object],Chrome Mobile 90.0.4430.82 on Asus X01AD (Android 9),2021-05-06T05:56:30.181Z,寝る,あ,false,22.400000000000002,81.2,-33.4,3.3000000000000003,9.8,6.2,2.5,0.2,5,-64.80000000000001,-237.60000000000005,16
Chrome Mobile,90.0.4430.82,Asus X01AD,Asus,Blink,[object Object],Chrome Mobile 90.0.4430.82 on Asus X01AD (Android 9),2021-05-06T05:56:30.382Z,寝る,あ,false,7.4,67.7,-57.2,-19.8,14,11,-22.1,4.3,6.6000000000000005,22.9,-54.300000000000004,15.100000000000001
Chrome Mobile,90.0.4430.82,Asus X01AD,Asus,Blink,[object Object],Chrome Mobile 90.0.4430.82 on Asus X01AD (Android 9),2021-05-06T05:56:30.583Z,寝る,あ,false,5.2,81.30000000000001,-18.900000000000002,4.9,11.600000000000001,7.7,4.5,1.9000000000000001,6.300000000000001,15.6,227.7,-79.8
Chrome Mobile,90.0.4430.82,Asus X01AD,Asus,Blink,[object Object],Chrome Mobile 90.0.4430.82 on Asus X01AD (Android 9),2021-05-06T05:56:30.784Z,寝る,あ,false,344.40000000000003,76.7,29.6,14.9,6.9,7.800000000000001,16,-2.6,5.9,-18.1,11.900000000000002,-27.9
Chrome Mobile,90.0.4430.82,Asus X01AD,Asus,Blink,[object Object],Chrome Mobile 90.0.4430.82 on Asus X01AD (Android 9),2021-05-06T05:56:30.986Z,寝る,あ,false,59.800000000000004,72.5,-78.5,1.3,9,4.9,-1.5,-0.2,4.3,-99.00000000000001,-250.10000000000002,136
Chrome Mobile,90.0.4430.82,Asus X01AD,Asus,Blink,[object Object],Chrome Mobile 90.0.4430.82 on Asus X01AD (Android 9),2021-05-06T05:56:31.187Z,寝る,あ,false,17.1,67.5,-61.300000000000004,-13,11.700000000000001,5.800000000000001,-16.3,2.7,4,69.20000000000002,151.9,-77.80000000000001
Chrome Mobile,90.0.4430.82,Asus X01AD,Asus,Blink,[object Object],Chrome Mobile 90.0.4430.82 on Asus X01AD (Android 9),2021-05-06T05:56:31.388Z,寝る,あ,false,338.5,83.5,16.8,4.800000000000001,8.700000000000001,5,5.1000000000000005,-1.1,4,22.3,249.4,-94.2
Chrome Mobile,90.0.4430.82,Asus X01AD,Asus,Blink,[object Object],Chrome Mobile 90.0.4430.82 on Asus X01AD (Android 9),2021-05-06T05:56:31.589Z,寝る,あ,false,7,79.5,-0.6000000000000001,11.5,8.6,7.300000000000001,11.5,-1,5.5,44.6,-19.300000000000004,-0.1
Chrome Mobile,90.0.4430.82,Asus X01AD,Asus,Blink,[object Object],Chrome Mobile 90.0.4430.82 on Asus X01AD (Android 9),2021-05-06T05:56:31.790Z,寝る,あ,false,39.300000000000004,75.3,-64.7,-4.3,11.4,4.7,-6.5,2,3.6,-57.49999999999999,-193.4,109.2
Chrome Mobile,90.0.4430.82,Asus X01AD,Asus,Blink,[object Object],Chrome Mobile 90.0.4430.82 on Asus X01AD (Android 9),2021-05-06T05:56:31.991Z,寝る,あ,false,15.9,74.8,-50,-6.9,10.9,1,-8.700000000000001,1.5,-0.5,110.4,133.60000000000002,-31.099999999999998
Chrome Mobile,90.0.4430.82,Asus X01AD,Asus,Blink,[object Object],Chrome Mobile 90.0.4430.82 on Asus X01AD (Android 9),2021-05-06T05:56:32.192Z,寝る,あ,false,334.90000000000003,87.5,14.3,8.1,6.800000000000001,4.4,8.200000000000001,-2.9000000000000004,4,13.700000000000001,63.2,2
Chrome Mobile,90.0.4430.82,Asus X01AD,Asus,Blink,[object Object],Chrome Mobile 90.0.4430.82 on Asus X01AD (Android 9),2021-05-06T05:56:32.393Z,寝る,あ,false,359.3,84,-8.3,9.600000000000001,8.5,1.8,9.5,-1.1,0.8,56.6,-11.1,36.300000000000004
Chrome Mobile,90.0.4430.82,Asus X01AD,Asus,Blink,[object Object],Chrome Mobile 90.0.4430.82 on Asus X01AD (Android 9),2021-05-06T05:56:32.593Z,寝る,あ,false,29.1,71.9,-61.800000000000004,-5.4,13.4,4.7,-8.1,4.2,3.3000000000000003,-116.80000000000001,-151,97.89999999999999
Chrome Mobile,90.0.4430.82,Asus X01AD,Asus,Blink,[object Object],Chrome Mobile 90.0.4430.82 on Asus X01AD (Android 9),2021-05-06T05:56:32.794Z,寝る,あ,false,20.8,71.4,-55.6,-2.6,11.200000000000001,2,-5.2,2,0.30000000000000004,110.4,99.10000000000001,-49.300000000000004
Chrome Mobile,90.0.4430.82,Asus X01AD,Asus,Blink,[object Object],Chrome Mobile 90.0.4430.82 on Asus X01AD (Android 9),2021-05-06T05:56:32.995Z,寝る,あ,false,3.3000000000000003,82.7,-15.8,7.9,8.8,11.8,7.5,-1,10.600000000000001,-22.5,47.7,-68.1
Chrome Mobile,90.0.4430.82,Asus X01AD,Asus,Blink,[object Object],Chrome Mobile 90.0.4430.82 on Asus X01AD (Android 9),2021-05-06T05:56:33.195Z,寝る,あ,false,347.3,82.2,0.2,8.700000000000001,6.5,3,8.700000000000001,-3,1.7000000000000002,148.4,-127.69999999999999,27.6
Chrome Mobile,90.0.4430.82,Asus X01AD,Asus,Blink,[object Object],Chrome Mobile 90.0.4430.82 on Asus X01AD (Android 9),2021-05-06T05:56:33.396Z,寝る,あ,false,21.3,69.3,-53.2,-3.1,14.9,2.4000000000000004,-5.800000000000001,5.9,0.4,-105.7,-136.5,109.8
Chrome Mobile,90.0.4430.82,Asus X01AD,Asus,Blink,[object Object],Chrome Mobile 90.0.4430.82 on Asus X01AD (Android 9),2021-05-06T05:56:33.603Z,寝る,あ,false,3.9000000000000004,72.2,-40.300000000000004,-2.3000000000000003,10.100000000000001,2.8000000000000003,-4.2,0.8,0.5,120.9,117.1,5.9
Chrome Mobile,90.0.4430.82,Asus X01AD,Asus,Blink,[object Object],Chrome Mobile 90.0.4430.82 on Asus X01AD (Android 9),2021-05-06T05:56:33.805Z,寝る,あ,false,351.40000000000003,78.80000000000001,1.9000000000000001,10.100000000000001,8.5,4.5,10.200000000000001,-1.1,2.6,-48,68.2,-36.6
Chrome Mobile,90.0.4430.82,Asus X01AD,Asus,Blink,[object Object],Chrome Mobile 90.0.4430.82 on Asus X01AD (Android 9),2021-05-06T05:56:34.009Z,寝る,あ,false,13.8,79.10000000000001,-12.3,8.5,8.3,0.1,8,-1.3,-1.7000000000000002,25.8,-67.7,46.4
Chrome Mobile,90.0.4430.82,Asus X01AD,Asus,Blink,[object Object],Chrome Mobile 90.0.4430.82 on Asus X01AD (Android 9),2021-05-06T05:56:34.210Z,寝る,あ,false,19.6,63.800000000000004,-56.400000000000006,-10.600000000000001,14.9,8,-13.9,6.2,5.6000000000000005,-63.2,-192.2,114.80000000000001
Chrome Mobile,90.0.4430.82,Asus X01AD,Asus,Blink,[object Object],Chrome Mobile 90.0.4430.82 on Asus X01AD (Android 9),2021-05-06T05:56:34.411Z,寝る,あ,false,22.200000000000003,76.5,-41.300000000000004,1.1,11.3,4.2,-0.4,1.8,2.4000000000000004,94,221.9,-49.300000000000004
Chrome Mobile,90.0.4430.82,Asus X01AD,Asus,Blink,[object Object],Chrome Mobile 90.0.4430.82 on Asus X01AD (Android 9),2021-05-06T05:56:34.611Z,寝る,あ,false,330.20000000000005,85.4,48,16.7,9.4,3.5,17.2,-0.30000000000000004,3,34.800000000000004,-16.3,-2
Chrome Mobile,90.0.4430.82,Asus X01AD,Asus,Blink,[object Object],Chrome Mobile 90.0.4430.82 on Asus X01AD (Android 9),2021-05-06T05:56:34.813Z,寝る,あ,false,28.6,81.80000000000001,-35.4,2.8000000000000003,9.5,7,2,-0.1,5.9,-55.8,-227.90000000000003,5.8
Chrome Mobile,90.0.4430.82,Asus X01AD,Asus,Blink,[object Object],Chrome Mobile 90.0.4430.82 on Asus X01AD (Android 9),2021-05-06T05:56:35.020Z,寝る,あ,false,10.3,70,-53.6,-15,14.5,6,-17.7,5.4,4,17.7,-12.8,24.3
Chrome Mobile,90.0.4430.82,Asus X01AD,Asus,Blink,[object Object],Chrome Mobile 90.0.4430.82 on Asus X01AD (Android 9),2021-05-06T05:56:35.226Z,寝る,あ,false,322.40000000000003,78.60000000000001,28.3,1.3,10.9,8.8,2.2,1.3,7.1000000000000005,-8.2,232.8,-40.7
Chrome Mobile,90.0.4430.82,Asus X01AD,Asus,Blink,[object Object],Chrome Mobile 90.0.4430.82 on Asus X01AD (Android 9),2021-05-06T05:56:35.427Z,寝る,あ,false,324.70000000000005,80.80000000000001,52.1,14.200000000000001,7.1000000000000005,3.3000000000000003,15.4,-2.5,2.4000000000000004,-1.8000000000000003,-20.3,-18
Chrome Mobile,90.0.4430.82,Asus X01AD,Asus,Blink,[object Object],Chrome Mobile 90.0.4430.82 on Asus X01AD (Android 9),2021-05-06T05:56:35.628Z,寝る,あ,false,27.8,80.7,-41.2,1.6,9.8,7.2,0.5,0.30000000000000004,6,-53.10000000000001,-250.4,48.9
Chrome Mobile,90.0.4430.82,Asus X01AD,Asus,Blink,[object Object],Chrome Mobile 90.0.4430.82 on Asus X01AD (Android 9),2021-05-06T05:56:35.829Z,寝る,あ,false,19.400000000000002,66.4,-69.7,-11.5,15.700000000000001,10.3,-15.200000000000001,6.800000000000001,9,29.500000000000004,66.5,-12.299999999999999
Chrome Mobile,90.0.4430.82,Asus X01AD,Asus,Blink,[object Object],Chrome Mobile 90.0.4430.82 on Asus X01AD (Android 9),2021-05-06T05:56:36.030Z,寝る,あ,false,328.6,82.80000000000001,27.3,5.800000000000001,10.200000000000001,9.3,6.300000000000001,0.30000000000000004,8.200000000000001,49.9,249.6,-87.7
Chrome Mobile,90.0.4430.82,Asus X01AD,Asus,Blink,[object Object],Chrome Mobile 90.0.4430.82 on Asus X01AD (Android 9),2021-05-06T05:56:36.231Z,寝る,あ,false,298,82,76.7,11,7.300000000000001,2.6,12.3,-2.2,2.3000000000000003,0.6000000000000001,-45.099999999999994,15.399999999999999
Chrome Mobile,90.0.4430.82,Asus X01AD,Asus,Blink,[object Object],Chrome Mobile 90.0.4430.82 on Asus X01AD (Android 9),2021-05-06T05:56:36.432Z,寝る,あ,false,10.200000000000001,80.60000000000001,-33.9,-2.3000000000000003,11.4,8.3,-3.2,1.8,7,-45.7,-229.8,41.199999999999996
Chrome Mobile,90.0.4430.82,Asus X01AD,Asus,Blink,[object Object],Chrome Mobile 90.0.4430.82 on Asus X01AD (Android 9),2021-05-06T05:56:36.632Z,寝る,あ,false,2.7,79.4,-53,-13.600000000000001,10,5.7,-15,0.4,4.6000000000000005,11.4,116.5,-69.60000000000001
Chrome Mobile,90.0.4430.82,Asus X01AD,Asus,Blink,[object Object],Chrome Mobile 90.0.4430.82 on Asus X01AD (Android 9),2021-05-06T05:56:36.833Z,寝る,あ,false,303.7,81.60000000000001,44.300000000000004,6.9,10.5,9.4,7.9,0.8,8.3,65.6,195.1,-50
Chrome Mobile,90.0.4430.82,Asus X01AD,Asus,Blink,[object Object],Chrome Mobile 90.0.4430.82 on Asus X01AD (Android 9),2021-05-06T05:56:37.034Z,寝る,あ,false,305.3,75.4,64.60000000000001,12,9,4.800000000000001,14.200000000000001,-0.30000000000000004,3.7,6.600000000000001,-3,17.400000000000002
Chrome Mobile,90.0.4430.82,Asus X01AD,Asus,Blink,[object Object],Chrome Mobile 90.0.4430.82 on Asus X01AD (Android 9),2021-05-06T05:56:37.236Z,寝る,あ,false,25.5,80.30000000000001,-48.2,0,12,8.8,-1.2000000000000002,2.4000000000000004,7.7,-22.2,-250.4,82.2
Chrome Mobile,90.0.4430.82,Asus X01AD,Asus,Blink,[object Object],Chrome Mobile 90.0.4430.82 on Asus X01AD (Android 9),2021-05-06T05:56:37.437Z,寝る,あ,false,4.6000000000000005,79.10000000000001,-51,-13.5,9.5,5.4,-14.9,0,4.3,20.5,89,-15.000000000000002
Chrome Mobile,90.0.4430.82,Asus X01AD,Asus,Blink,[object Object],Chrome Mobile 90.0.4430.82 on Asus X01AD (Android 9),2021-05-06T05:56:37.639Z,寝る,あ,false,310.5,78.7,41.7,5.800000000000001,10.100000000000001,3.1,7.1000000000000005,0.5,1.7000000000000002,11.1,223.40000000000003,-54.199999999999996
Chrome Mobile,90.0.4430.82,Asus X01AD,Asus,Blink,[object Object],Chrome Mobile 90.0.4430.82 on Asus X01AD (Android 9),2021-05-06T05:56:37.840Z,寝る,あ,false,328.5,79.60000000000001,41.6,12.700000000000001,8.200000000000001,1.6,13.9,-1.3,0.30000000000000004,1.3,-51.1,30.3
Chrome Mobile,90.0.4430.82,Asus X01AD,Asus,Blink,[object Object],Chrome Mobile 90.0.4430.82 on Asus X01AD (Android 9),2021-05-06T05:56:38.041Z,寝る,あ,false,15.4,77.5,-39.800000000000004,-0.6000000000000001,11.8,7.7,-2,2.3000000000000003,6.1000000000000005,-19.9,-244.20000000000005,39.699999999999996
Chrome Mobile,90.0.4430.82,Asus X01AD,Asus,Blink,[object Object],Chrome Mobile 90.0.4430.82 on Asus X01AD (Android 9),2021-05-06T05:56:38.248Z,寝る,あ,false,9.8,75.4,-62.800000000000004,-12.4,10.9,8.200000000000001,-14.600000000000001,1.5,7.1000000000000005,25,63.4,-18.6
Chrome Mobile,90.0.4430.82,Asus X01AD,Asus,Blink,[object Object],Chrome Mobile 90.0.4430.82 on Asus X01AD (Android 9),2021-05-06T05:56:38.451Z,寝る,あ,false,320.90000000000003,81.9,26.3,8.6,11.3,2.9000000000000004,9.200000000000001,1.5,1.7000000000000002,26.1,219.00000000000003,-73.2
Chrome Mobile,90.0.4430.82,Asus X01AD,Asus,Blink,[object Object],Chrome Mobile 90.0.4430.82 on Asus X01AD (Android 9),2021-05-06T05:56:38.652Z,寝る,あ,false,325.6,82.30000000000001,43.300000000000004,10.700000000000001,7,3.4000000000000004,11.600000000000001,-2.6,2.4000000000000004,2.9,-50.60000000000001,57.3
Chrome Mobile,90.0.4430.82,Asus X01AD,Asus,Blink,[object Object],Chrome Mobile 90.0.4430.82 on Asus X01AD (Android 9),2021-05-06T05:56:38.852Z,寝る,あ,false,30.700000000000003,77.2,-56,4.2,10.600000000000001,7.6000000000000005,2.5,1.2000000000000002,6.4,-62.900000000000006,-250.4,49.199999999999996
Chrome Mobile,90.0.4430.82,Asus X01AD,Asus,Blink,[object Object],Chrome Mobile 90.0.4430.82 on Asus X01AD (Android 9),2021-05-06T05:56:39.053Z,寝る,あ,false,357.1,68.5,-58.1,-14.4,12.100000000000001,10.9,-17.5,3,9,21.200000000000003,40.5,-29.500000000000004
Chrome Mobile,90.0.4430.82,Asus X01AD,Asus,Blink,[object Object],Chrome Mobile 90.0.4430.82 on Asus X01AD (Android 9),2021-05-06T05:56:39.254Z,寝る,あ,false,328.5,77.10000000000001,14.700000000000001,0.1,10.700000000000001,12.100000000000001,0.5,1,9.9,9,249.6,-52.80000000000001
Chrome Mobile,90.0.4430.82,Asus X01AD,Asus,Blink,[object Object],Chrome Mobile 90.0.4430.82 on Asus X01AD (Android 9),2021-05-06T05:56:39.455Z,寝る,あ,false,336,80,40.900000000000006,16.400000000000002,8.6,5.300000000000001,17.5,-0.9,4,31.2,-29.700000000000006,31.799999999999997
Chrome Mobile,90.0.4430.82,Asus X01AD,Asus,Blink,[object Object],Chrome Mobile 90.0.4430.82 on Asus X01AD (Android 9),2021-05-06T05:56:39.656Z,寝る,あ,false,2.7,80.7,-15.4,2.3000000000000003,8.9,7.5,1.9000000000000001,-0.6000000000000001,6,-43.300000000000004,-245.3,2.6
Chrome Mobile,90.0.4430.82,Asus X01AD,Asus,Blink,[object Object],Chrome Mobile 90.0.4430.82 on Asus X01AD (Android 9),2021-05-06T05:56:39.858Z,寝る,あ,false,8.700000000000001,64.3,-64,-12.200000000000001,16.2,11.9,-16,7.4,10.100000000000001,-16,-100.5,39.699999999999996
Chrome Mobile,90.0.4430.82,Asus X01AD,Asus,Blink,[object Object],Chrome Mobile 90.0.4430.82 on Asus X01AD (Android 9),2021-05-06T05:56:40.059Z,寝る,あ,false,322.8,80.2,12.3,-1.7000000000000002,12.5,5.4,-2.7,3.2,6.4,0.7,249.6,-98.60000000000001
Chrome Mobile,90.0.4430.82,Asus X01AD,Asus,Blink,[object Object],Chrome Mobile 90.0.4430.82 on Asus X01AD (Android 9),2021-05-06T05:56:40.260Z,寝る,あ,false,312.90000000000003,80.10000000000001,61.300000000000004,18.1,8.3,0.2,19.6,-1.3,-0.6000000000000001,38.800000000000004,67.9,59.20000000000001
Chrome Mobile,90.0.4430.82,Asus X01AD,Asus,Blink,[object Object],Chrome Mobile 90.0.4430.82 on Asus X01AD (Android 9),2021-05-06T05:56:40.461Z,寝る,あ,false,5.1000000000000005,81.10000000000001,-14.9,7.2,9.4,7.6000000000000005,7,-0.1,6.2,20,-250.4,25.7
Chrome Mobile,90.0.4430.82,Asus X01AD,Asus,Blink,[object Object],Chrome Mobile 90.0.4430.82 on Asus X01AD (Android 9),2021-05-06T05:56:40.662Z,寝る,あ,false,8.700000000000001,64,-66.3,-14.700000000000001,16.1,16.900000000000002,-18.6,7.4,15.200000000000001,-75.60000000000001,-241.60000000000002,48.50000000000001
Chrome Mobile,90.0.4430.82,Asus X01AD,Asus,Blink,[object Object],Chrome Mobile 90.0.4430.82 on Asus X01AD (Android 9),2021-05-06T05:56:40.878Z,寝る,あ,false,327.90000000000003,76.9,-1.2000000000000002,-1.5,10.5,4.7,-1.4000000000000001,1,2.4000000000000004,-13.5,249.6,-51.50000000000001
Chrome Mobile,90.0.4430.82,Asus X01AD,Asus,Blink,[object Object],Chrome Mobile 90.0.4430.82 on Asus X01AD (Android 9),2021-05-06T05:56:41.084Z,寝る,あ,false,328.40000000000003,69.2,44.400000000000006,14.700000000000001,8.5,7.2,15.4,-0.7000000000000001,7.1000000000000005,71.7,94.7,68.3
Chrome Mobile,90.0.4430.82,Asus X01AD,Asus,Blink,[object Object],Chrome Mobile 90.0.4430.82 on Asus X01AD (Android 9),2021-05-06T05:56:41.288Z,寝る,あ,false,359.70000000000005,77.5,-5.6000000000000005,8,10.3,7.1000000000000005,7.800000000000001,0.9,5,-22.9,-248.9,6.1000000000000005
Chrome Mobile,90.0.4430.82,Asus X01AD,Asus,Blink,[object Object],Chrome Mobile 90.0.4430.82 on Asus X01AD (Android 9),2021-05-06T05:56:41.495Z,寝る,あ,false,347.3,70.3,-39.900000000000006,-14.200000000000001,9.9,10.3,-16.400000000000002,0.6000000000000001,7.800000000000001,-9,-186.99999999999997,14.100000000000001
Chrome Mobile,90.0.4430.82,Asus X01AD,Asus,Blink,[object Object],Chrome Mobile 90.0.4430.82 on Asus X01AD (Android 9),2021-05-06T05:56:41.696Z,寝る,あ,false,344.70000000000005,76,-18.7,-2.1,11.3,10.3,-2.8000000000000003,1.8,8.1,55.2,249.6,28.500000000000004
Chrome Mobile,90.0.4430.82,Asus X01AD,Asus,Blink,[object Object],Chrome Mobile 90.0.4430.82 on Asus X01AD (Android 9),2021-05-06T05:56:41.897Z,寝る,あ,false,320.70000000000005,77.80000000000001,55.300000000000004,17.900000000000002,7.800000000000001,5,19.6,-1.9000000000000001,3.8000000000000003,51.2,134.00000000000003,1.5
Chrome Mobile,90.0.4430.82,Asus X01AD,Asus,Blink,[object Object],Chrome Mobile 90.0.4430.82 on Asus X01AD (Android 9),2021-05-06T05:56:42.099Z,寝る,あ,false,4.3,81.10000000000001,-2.8000000000000003,7.6000000000000005,9.1,5.7,7.5,-0.4,4.2,-30.599999999999998,-194.90000000000003,8
Chrome Mobile,90.0.4430.82,Asus X01AD,Asus,Blink,[object Object],Chrome Mobile 90.0.4430.82 on Asus X01AD (Android 9),2021-05-06T05:56:42.300Z,寝る,あ,false,5.1000000000000005,65.7,-52.5,-13.9,14.4,11.700000000000001,-17.1,5.4,9.3,-2.3,-250.4,120.00000000000001
Chrome Mobile,90.0.4430.82,Asus X01AD,Asus,Blink,[object Object],Chrome Mobile 90.0.4430.82 on Asus X01AD (Android 9),2021-05-06T05:56:42.501Z,寝る,あ,false,350.5,77.5,-26,-5.300000000000001,11.700000000000001,6.9,-6.300000000000001,2.1,5,37.7,184.79999999999998,-20.8
Chrome Mobile,90.0.4430.82,Asus X01AD,Asus,Blink,[object Object],Chrome Mobile 90.0.4430.82 on Asus X01AD (Android 9),2021-05-06T05:56:42.709Z,寝る,あ,false,312.70000000000005,75.8,58,15.8,8.6,2.8000000000000003,17.8,-1,1.5,29.500000000000004,178.9,9.100000000000001
Chrome Mobile,90.0.4430.82,Asus X01AD,Asus,Blink,[object Object],Chrome Mobile 90.0.4430.82 on Asus X01AD (Android 9),2021-05-06T05:56:42.911Z,寝る,あ,false,343.5,83.10000000000001,20.8,10,8.8,3.4000000000000004,10.4,-0.7000000000000001,2.3000000000000003,-37.2,-211.5,18.5
Chrome Mobile,90.0.4430.82,Asus X01AD,Asus,Blink,[object Object],Chrome Mobile 90.0.4430.82 on Asus X01AD (Android 9),2021-05-06T05:56:43.112Z,寝る,あ,false,6.5,70.2,-51.800000000000004,-5.4,12.200000000000001,10.9,-8,3,8.9,1,-232.1,59.40000000000001
Chrome Mobile,90.0.4430.82,Asus X01AD,Asus,Blink,[object Object],Chrome Mobile 90.0.4430.82 on Asus X01AD (Android 9),2021-05-06T05:56:43.314Z,寝る,あ,false,354.3,77.4,-32.9,-3.8000000000000003,12.4,9.1,-3.7,3,7,68.2,221.60000000000002,-5.500000000000001
Chrome Mobile,90.0.4430.82,Asus X01AD,Asus,Blink,[object Object],Chrome Mobile 90.0.4430.82 on Asus X01AD (Android 9),2021-05-06T05:56:43.517Z,寝る,あ,false,324.3,82.2,45.5,12.9,9.1,0.2,13.8,-0.7000000000000001,-0.7000000000000001,-7.400000000000001,179.2,-21.300000000000004
Chrome Mobile,90.0.4430.82,Asus X01AD,Asus,Blink,[object Object],Chrome Mobile 90.0.4430.82 on Asus X01AD (Android 9),2021-05-06T05:56:43.718Z,寝る,あ,false,359.70000000000005,82.30000000000001,5.9,10.8,9.200000000000001,5.7,10.9,-0.4,4.4,37,-228.7,28.3
Chrome Mobile,90.0.4430.82,Asus X01AD,Asus,Blink,[object Object],Chrome Mobile 90.0.4430.82 on Asus X01AD (Android 9),2021-05-06T05:56:43.919Z,寝る,あ,false,13.9,72.8,-57.1,-4.6000000000000005,12.8,10.5,-7.1000000000000005,3.4000000000000004,8.9,-20.7,-250.4,64.4
Chrome Mobile,90.0.4430.82,Asus X01AD,Asus,Blink,[object Object],Chrome Mobile 90.0.4430.82 on Asus X01AD (Android 9),2021-05-06T05:56:44.126Z,寝る,あ,false,9.700000000000001,78.2,-55.400000000000006,-10.200000000000001,9.700000000000001,4.5,-12,0.2,3.4000000000000004,58.1,203.50000000000003,-5.6
Chrome Mobile,90.0.4430.82,Asus X01AD,Asus,Blink,[object Object],Chrome Mobile 90.0.4430.82 on Asus X01AD (Android 9),2021-05-06T05:56:44.327Z,寝る,あ,false,332.40000000000003,83.4,29.400000000000002,8.200000000000001,10.5,5.9,8.8,0.7000000000000001,4.9,-7.500000000000001,244,-56.50000000000001
Chrome Mobile,90.0.4430.82,Asus X01AD,Asus,Blink,[object Object],Chrome Mobile 90.0.4430.82 on Asus X01AD (Android 9),2021-05-06T05:56:44.528Z,寝る,あ,false,342.20000000000005,81.5,27.400000000000002,10.9,7.6000000000000005,3.1,11.5,-2,1.8,59.20000000000001,-103.49999999999999,64
Chrome Mobile,90.0.4430.82,Asus X01AD,Asus,Blink,[object Object],Chrome Mobile 90.0.4430.82 on Asus X01AD (Android 9),2021-05-06T05:56:44.729Z,寝る,あ,false,21.1,71.5,-55.1,-2,11.3,11.9,-4.5,2,10.100000000000001,-104.3,-200,24.5
Chrome Mobile,90.0.4430.82,Asus X01AD,Asus,Blink,[object Object],Chrome Mobile 90.0.4430.82 on Asus X01AD (Android 9),2021-05-06T05:56:44.929Z,寝る,あ,false,14.8,69.8,-66.5,-12.8,8.200000000000001,3.3000000000000003,-15.9,-1,2,11.700000000000001,248.6,-136
Chrome Mobile,90.0.4430.82,Asus X01AD,Asus,Blink,[object Object],Chrome Mobile 90.0.4430.82 on Asus X01AD (Android 9),2021-05-06T05:56:45.130Z,寝る,あ,false,335.20000000000005,77.5,20,6.2,8.5,6,7,-1.2000000000000002,4,-4.9,249.6,-92.90000000000002
Chrome Mobile,90.0.4430.82,Asus X01AD,Asus,Blink,[object Object],Chrome Mobile 90.0.4430.82 on Asus X01AD (Android 9),2021-05-06T05:56:45.340Z,寝る,あ,false,341.5,79.5,26.3,11,7.6000000000000005,0.1,11.9,-1.8,-1.6,35.699999999999996,-58.400000000000006,29.900000000000006
Chrome Mobile,90.0.4430.82,Asus X01AD,Asus,Blink,[object Object],Chrome Mobile 90.0.4430.82 on Asus X01AD (Android 9),2021-05-06T05:56:45.541Z,寝る,あ,false,0.9,74.60000000000001,-37.4,0,10.100000000000001,11,-1.6,0.6000000000000001,8.9,-15.899999999999999,-228.80000000000004,-12.8
Chrome Mobile,90.0.4430.82,Asus X01AD,Asus,Blink,[object Object],Chrome Mobile 90.0.4430.82 on Asus X01AD (Android 9),2021-05-06T05:56:45.743Z,寝る,あ,false,354.40000000000003,70.8,-61.900000000000006,-10.9,12.700000000000001,13.200000000000001,-13.8,3.5,11.700000000000001,98.9,11.8,54.50000000000001
Chrome Mobile,90.0.4430.82,Asus X01AD,Asus,Blink,[object Object],Chrome Mobile 90.0.4430.82 on Asus X01AD (Android 9),2021-05-06T05:56:45.950Z,寝る,あ,false,359.6,80.30000000000001,-19,7.5,13.3,12.100000000000001,7,3.5,10.600000000000001,44.5,218.10000000000002,-48.70000000000001
Chrome Mobile,90.0.4430.82,Asus X01AD,Asus,Blink,[object Object],Chrome Mobile 90.0.4430.82 on Asus X01AD (Android 9),2021-05-06T05:56:46.150Z,寝る,あ,false,314.90000000000003,85.80000000000001,56.300000000000004,14.200000000000001,5.6000000000000005,2.4000000000000004,14.8,-4,2,-53.599999999999994,4.5,-50.400000000000006
Chrome Mobile,90.0.4430.82,Asus X01AD,Asus,Blink,[object Object],Chrome Mobile 90.0.4430.82 on Asus X01AD (Android 9),2021-05-06T05:56:46.350Z,寝る,あ,false,21.8,77.30000000000001,-47.400000000000006,5.1000000000000005,11.100000000000001,10.600000000000001,3.8000000000000003,1.3,8.5,-72.60000000000001,-250.4,30.000000000000004
Chrome Mobile,90.0.4430.82,Asus X01AD,Asus,Blink,[object Object],Chrome Mobile 90.0.4430.82 on Asus X01AD (Android 9),2021-05-06T05:56:46.559Z,寝る,あ,false,357.20000000000005,69.8,-58.7,-14.100000000000001,11.3,7.6000000000000005,-16.900000000000002,2.2,5.800000000000001,38.800000000000004,-50.60000000000001,36.9
Chrome Mobile,90.0.4430.82,Asus X01AD,Asus,Blink,[object Object],Chrome Mobile 90.0.4430.82 on Asus X01AD (Android 9),2021-05-06T05:56:46.760Z,寝る,あ,false,332.20000000000005,78.7,-1.6,1.9000000000000001,11.200000000000001,9,0.2,1.3,7.5,43.2,249.6,-19.799999999999997
Chrome Mobile,90.0.4430.82,Asus X01AD,Asus,Blink,[object Object],Chrome Mobile 90.0.4430.82 on Asus X01AD (Android 9),2021-05-06T05:56:46.961Z,寝る,あ,false,324.3,79.5,45.300000000000004,16.3,8.5,2.1,17.6,-1.1,0.9,19.5,65.8,5.2
Chrome Mobile,90.0.4430.82,Asus X01AD,Asus,Blink,[object Object],Chrome Mobile 90.0.4430.82 on Asus X01AD (Android 9),2021-05-06T05:56:47.167Z,寝る,あ,false,352.70000000000005,81.4,-3.4000000000000004,5.4,10.3,7,5.300000000000001,0.7000000000000001,5.6000000000000005,-26.700000000000003,-169.70000000000002,-6.8
Chrome Mobile,90.0.4430.82,Asus X01AD,Asus,Blink,[object Object],Chrome Mobile 90.0.4430.82 on Asus X01AD (Android 9),2021-05-06T05:56:47.374Z,寝る,あ,false,356,72.2,-52.900000000000006,-14.200000000000001,9.3,6.4,-16.6,0.1,4.6000000000000005,-41.50000000000001,-111.10000000000002,1.9
Chrome Mobile,90.0.4430.82,Asus X01AD,Asus,Blink,[object Object],Chrome Mobile 90.0.4430.82 on Asus X01AD (Android 9),2021-05-06T05:56:47.575Z,寝る,あ,false,342.3,76.7,-21.5,-0.6000000000000001,12.3,9.200000000000001,-1.5,2.8000000000000003,7.1000000000000005,53.300000000000004,244.20000000000005,-1.9
Chrome Mobile,90.0.4430.82,Asus X01AD,Asus,Blink,[object Object],Chrome Mobile 90.0.4430.82 on Asus X01AD (Android 9),2021-05-06T05:56:47.776Z,寝る,あ,false,323.5,81.60000000000001,38.6,11.200000000000001,7.6000000000000005,3.2,12.100000000000001,-2.1,2,3.9,121,-27.099999999999998
Chrome Mobile,90.0.4430.82,Asus X01AD,Asus,Blink,[object Object],Chrome Mobile 90.0.4430.82 on Asus X01AD (Android 9),2021-05-06T05:56:47.977Z,寝る,あ,false,17.7,81.9,-23.700000000000003,13.3,9.700000000000001,3.1,12.8,0.1,1.8,9.2,-170.40000000000003,38.300000000000004
Chrome Mobile,90.0.4430.82,Asus X01AD,Asus,Blink,[object Object],Chrome Mobile 90.0.4430.82 on Asus X01AD (Android 9),2021-05-06T05:56:48.178Z,寝る,あ,false,10.3,68.4,-60.400000000000006,-3.4000000000000004,10.200000000000001,9.5,-6.5,1.1,7.7,-48.10000000000001,-233,63
Chrome Mobile,90.0.4430.82,Asus X01AD,Asus,Blink,[object Object],Chrome Mobile 90.0.4430.82 on Asus X01AD (Android 9),2021-05-06T05:56:48.379Z,寝る,あ,false,343.90000000000003,70.2,-43.800000000000004,-9.4,11.5,11.700000000000001,-11.700000000000001,2.4000000000000004,9.4,22.000000000000004,235.50000000000003,-81
Chrome Mobile,90.0.4430.82,Asus X01AD,Asus,Blink,[object Object],Chrome Mobile 90.0.4430.82 on Asus X01AD (Android 9),2021-05-06T05:56:48.580Z,寝る,あ,false,310.6,79.2,44.300000000000004,9.5,8.5,1.6,10.8,-1.2000000000000002,0.30000000000000004,16,244.70000000000002,-57.3
Chrome Mobile,90.0.4430.82,Asus X01AD,Asus,Blink,[object Object],Chrome Mobile 90.0.4430.82 on Asus X01AD (Android 9),2021-05-06T05:56:48.781Z,寝る,あ,false,357.5,79.80000000000001,-2.9000000000000004,13.5,9.8,6.7,13.4,0.30000000000000004,5,1.1,-133.9,9.899999999999999
Chrome Mobile,90.0.4430.82,Asus X01AD,Asus,Blink,[object Object],Chrome Mobile 90.0.4430.82 on Asus X01AD (Android 9),2021-05-06T05:56:48.982Z,寝る,あ,false,4.7,72,-53.7,-4.1000000000000005,9.200000000000001,8,-6.5,-0.1,6.2,-41.199999999999996,-250.3,37.9
Chrome Mobile,90.0.4430.82,Asus X01AD,Asus,Blink,[object Object],Chrome Mobile 90.0.4430.82 on Asus X01AD (Android 9),2021-05-06T05:56:49.183Z,寝る,あ,false,342.90000000000003,70.9,-53.1,-12.100000000000001,11.600000000000001,9.4,-14.700000000000001,2.4000000000000004,7.5,30.799999999999997,163.7,-30.1
Chrome Mobile,90.0.4430.82,Asus X01AD,Asus,Blink,[object Object],Chrome Mobile 90.0.4430.82 on Asus X01AD (Android 9),2021-05-06T05:56:49.383Z,寝る,あ,false,320.3,76.60000000000001,14.4,4.800000000000001,9.600000000000001,12.200000000000001,5.4,-0.1,10,53.8,249.3,22.700000000000003
Chrome Mobile,90.0.4430.82,Asus X01AD,Asus,Blink,[object Object],Chrome Mobile 90.0.4430.82 on Asus X01AD (Android 9),2021-05-06T05:56:49.584Z,寝る,あ,false,354.1,79.9,5.2,18,8.9,3.4000000000000004,18.1,-0.7000000000000001,1.7000000000000002,-30.4,-35.2,-27.6
Chrome Mobile,90.0.4430.82,Asus X01AD,Asus,Blink,[object Object],Chrome Mobile 90.0.4430.82 on Asus X01AD (Android 9),2021-05-06T05:56:49.785Z,寝る,あ,false,7.6000000000000005,74.2,-39.5,2.8000000000000003,9.9,7.5,1.2000000000000002,0.5,5.5,-37.800000000000004,-245.3,41.50000000000001
Chrome Mobile,90.0.4430.82,Asus X01AD,Asus,Blink,[object Object],Chrome Mobile 90.0.4430.82 on Asus X01AD (Android 9),2021-05-06T05:56:49.987Z,寝る,あ,false,342.20000000000005,66.3,-54.400000000000006,-15.100000000000001,12.100000000000001,12.5,-18.2,3.2,10.200000000000001,-7.1000000000000005,-71.10000000000001,-30.599999999999998
Chrome Mobile,90.0.4430.82,Asus X01AD,Asus,Blink,[object Object],Chrome Mobile 90.0.4430.82 on Asus X01AD (Android 9),2021-05-06T05:56:50.188Z,寝る,あ,false,325.3,76.9,-6.300000000000001,0.2,10.700000000000001,7.300000000000001,-0.1,1.1,5.1000000000000005,32.1,249.6,-69.7
Chrome Mobile,90.0.4430.82,Asus X01AD,Asus,Blink,[object Object],Chrome Mobile 90.0.4430.82 on Asus X01AD (Android 9),2021-05-06T05:56:50.389Z,寝る,あ,false,319.20000000000005,76,35.7,18.3,8.4,3.7,19.6,-1.1,1.7000000000000002,-1.9,85.60000000000001,-20.3
Chrome Mobile,90.0.4430.82,Asus X01AD,Asus,Blink,[object Object],Chrome Mobile 90.0.4430.82 on Asus X01AD (Android 9),2021-05-06T05:56:50.590Z,寝る,あ,false,355.20000000000005,77.30000000000001,-24.6,6,9.200000000000001,7.800000000000001,5.1000000000000005,-0.2,5.9,-77.5,-227.3,-7.400000000000001
Chrome Mobile,90.0.4430.82,Asus X01AD,Asus,Blink,[object Object],Chrome Mobile 90.0.4430.82 on Asus X01AD (Android 9),2021-05-06T05:56:50.791Z,寝る,あ,false,338.8,65.3,-55.2,-15.3,13.3,20.1,-18.7,4.4,17.8,-34.2,-156.3,-9.899999999999999
Chrome Mobile,90.0.4430.82,Asus X01AD,Asus,Blink,[object Object],Chrome Mobile 90.0.4430.82 on Asus X01AD (Android 9),2021-05-06T05:56:50.992Z,寝る,あ,false,309,76.2,3.9000000000000004,-3.2,8.3,6.5,-3,-1.2000000000000002,4.2,7,222.40000000000003,-27.800000000000004
Chrome Mobile,90.0.4430.82,Asus X01AD,Asus,Blink,[object Object],Chrome Mobile 90.0.4430.82 on Asus X01AD (Android 9),2021-05-06T05:56:51.195Z,寝る,あ,false,324.5,77.4,29.400000000000002,16.900000000000002,9.1,3.8000000000000003,18,-0.4,2,-46.9,47.60000000000001,-15.100000000000001
Chrome Mobile,90.0.4430.82,Asus X01AD,Asus,Blink,[object Object],Chrome Mobile 90.0.4430.82 on Asus X01AD (Android 9),2021-05-06T05:56:51.403Z,寝る,あ,false,346.3,77.60000000000001,-22.5,5.5,10,8.6,4.7,0.5,6.7,-26.400000000000006,-250.4,-16.900000000000002
Chrome Mobile,90.0.4430.82,Asus X01AD,Asus,Blink,[object Object],Chrome Mobile 90.0.4430.82 on Asus X01AD (Android 9),2021-05-06T05:56:51.606Z,寝る,あ,false,330.8,72.10000000000001,-48.300000000000004,-16.2,7.800000000000001,11.700000000000001,-18.400000000000002,-1.4000000000000001,9.700000000000001,-9.3,-115.50000000000003,72.30000000000001
Chrome Mobile,90.0.4430.82,Asus X01AD,Asus,Blink,[object Object],Chrome Mobile 90.0.4430.82 on Asus X01AD (Android 9),2021-05-06T05:56:51.807Z,寝る,あ,false,329.70000000000005,73,-17.900000000000002,1.9000000000000001,10,8.700000000000001,1.1,0.6000000000000001,5.9,10.700000000000001,249.6,0.6000000000000001
Chrome Mobile,90.0.4430.82,Asus X01AD,Asus,Blink,[object Object],Chrome Mobile 90.0.4430.82 on Asus X01AD (Android 9),2021-05-06T05:56:52.008Z,寝る,あ,false,342.40000000000003,80,10.700000000000001,17.7,6.300000000000001,2,18,-3.3000000000000003,0.4,55,39,35.2
Chrome Mobile,90.0.4430.82,Asus X01AD,Asus,Blink,[object Object],Chrome Mobile 90.0.4430.82 on Asus X01AD (Android 9),2021-05-06T05:56:52.209Z,寝る,あ,false,359.5,75,-33.1,7,8.8,9.4,5.7,-0.5,7.300000000000001,-53.10000000000001,-250.3,3.6000000000000005
Chrome Mobile,90.0.4430.82,Asus X01AD,Asus,Blink,[object Object],Chrome Mobile 90.0.4430.82 on Asus X01AD (Android 9),2021-05-06T05:56:52.410Z,寝る,あ,false,339.1,64.5,-56.6,-12.200000000000001,11.200000000000001,17,-15.700000000000001,2.3000000000000003,14.600000000000001,-60.00000000000001,-134.70000000000002,-23.6
Chrome Mobile,90.0.4430.82,Asus X01AD,Asus,Blink,[object Object],Chrome Mobile 90.0.4430.82 on Asus X01AD (Android 9),2021-05-06T05:56:52.611Z,寝る,あ,false,319.70000000000005,72,-15.5,-4.3,7.5,8.700000000000001,-5.1000000000000005,-1.8,5.800000000000001,18.900000000000002,249.6,-46.4
Chrome Mobile,90.0.4430.82,Asus X01AD,Asus,Blink,[object Object],Chrome Mobile 90.0.4430.82 on Asus X01AD (Android 9),2021-05-06T05:56:52.812Z,寝る,あ,false,329.40000000000003,72.60000000000001,18.3,12.100000000000001,7.800000000000001,4.800000000000001,13,-1.6,2,-58.400000000000006,146,-17.9
Chrome Mobile,90.0.4430.82,Asus X01AD,Asus,Blink,[object Object],Chrome Mobile 90.0.4430.82 on Asus X01AD (Android 9),2021-05-06T05:56:53.014Z,寝る,あ,false,348.40000000000003,67.4,-1.6,3.6,7.6000000000000005,3.6,3.5,-1.4000000000000001,-0.1,-129.3,-90.5,-24.200000000000003
Chrome Mobile,90.0.4430.82,Asus X01AD,Asus,Blink,[object Object],Chrome Mobile 90.0.4430.82 on Asus X01AD (Android 9),2021-05-06T05:56:53.226Z,寝る,あ,false,319.6,37.7,-5.6000000000000005,-4.2,5,10.700000000000001,-5,-1,3.1,-80.30000000000001,-66.1,-87.2
Chrome Mobile,90.0.4430.82,Asus X01AD,Asus,Blink,[object Object],Chrome Mobile 90.0.4430.82 on Asus X01AD (Android 9),2021-05-06T05:56:53.427Z,寝る,あ,false,306.2,30.5,0,-2.1,5.6000000000000005,9.1,-2.1,0.6000000000000001,0.7000000000000001,-34.60000000000001,-10.5,-20.1