platform_name,platform_version,platform_product,platform_manufacturer,platform_layout,platform_os,platform_description,date,label,s_movement,do_absolute,do_alpha,do_beta,do_gamma,acc_g_x,acc_g_y,acc_g_z,acc_x,acc_y,acc_z,rot_alpha,rot_beta,rot_gamma
Chrome Mobile,90.0.4430.82,Asus X01AD,Asus,Blink,[object Object],Chrome Mobile 90.0.4430.82 on Asus X01AD (Android 9),2021-05-06T05:14:21.476Z,着席,あ,false,61.800000000000004,23.5,-7.2,1.4000000000000001,4,8.5,0.2,0,-0.6000000000000001,-16.6,-13.000000000000002,10.8
Chrome Mobile,90.0.4430.82,Asus X01AD,Asus,Blink,[object Object],Chrome Mobile 90.0.4430.82 on Asus X01AD (Android 9),2021-05-06T05:14:21.677Z,着席,あ,false,36.6,68.3,-3.3000000000000003,1,8.8,7.1000000000000005,0.7000000000000001,-0.7000000000000001,3.3000000000000003,42.1,53.300000000000004,-56.6
Chrome Mobile,90.0.4430.82,Asus X01AD,Asus,Blink,[object Object],Chrome Mobile 90.0.4430.82 on Asus X01AD (Android 9),2021-05-06T05:14:21.878Z,着席,あ,false,58,65.9,-17.900000000000002,2.8000000000000003,18.7,-0.5,1.6,10.100000000000001,-4.1000000000000005,-203.9,50.7,129.60000000000002
Chrome Mobile,90.0.4430.82,Asus X01AD,Asus,Blink,[object Object],Chrome Mobile 90.0.4430.82 on Asus X01AD (Android 9),2021-05-06T05:14:22.079Z,着席,あ,false,27.1,78.7,14.4,1.4000000000000001,-2.8000000000000003,6.800000000000001,1.9000000000000001,-12.9,4.800000000000001,109.9,18.900000000000002,-117.30000000000001
Chrome Mobile,90.0.4430.82,Asus X01AD,Asus,Blink,[object Object],Chrome Mobile 90.0.4430.82 on Asus X01AD (Android 9),2021-05-06T05:14:22.279Z,着席,あ,false,56.800000000000004,67.3,-8.6,5.2,25.700000000000003,7.9,4.6000000000000005,17,4.4,-250.00000000000003,56.300000000000004,103.49999999999999
Chrome Mobile,90.0.4430.82,Asus X01AD,Asus,Blink,[object Object],Chrome Mobile 90.0.4430.82 on Asus X01AD (Android 9),2021-05-06T05:14:22.480Z,着席,あ,false,2.8000000000000003,77.4,48,-2.9000000000000004,-7.9,5.9,-1.3,-17.8,4.4,135.4,-8.899999999999999,-88.8
Chrome Mobile,90.0.4430.82,Asus X01AD,Asus,Blink,[object Object],Chrome Mobile 90.0.4430.82 on Asus X01AD (Android 9),2021-05-06T05:14:22.680Z,着席,あ,false,59.5,63.2,-8.200000000000001,5.5,37.6,21.1,4.9,29.200000000000003,16.900000000000002,-213.8,-24,75.60000000000001
Chrome Mobile,90.0.4430.82,Asus X01AD,Asus,Blink,[object Object],Chrome Mobile 90.0.4430.82 on Asus X01AD (Android 9),2021-05-06T05:14:22.881Z,着席,あ,false,324.70000000000005,76.4,85,-1.8,-9.4,2.9000000000000004,0.5,-19.200000000000003,2.7,127.19999999999999,26.1,-100.6
Chrome Mobile,90.0.4430.82,Asus X01AD,Asus,Blink,[object Object],Chrome Mobile 90.0.4430.82 on Asus X01AD (Android 9),2021-05-06T05:14:23.082Z,着席,あ,false,55.2,70.8,-2.8000000000000003,3.4000000000000004,27.3,13.3,3.3000000000000003,18.6,10.3,-232.3,12.4,158.10000000000002
Chrome Mobile,90.0.4430.82,Asus X01AD,Asus,Blink,[object Object],Chrome Mobile 90.0.4430.82 on Asus X01AD (Android 9),2021-05-06T05:14:23.283Z,着席,あ,false,333.5,77.30000000000001,78.9,-1.9000000000000001,-8.4,3.3000000000000003,0.2,-18.1,2.9000000000000004,103.10000000000001,13.900000000000002,-89.10000000000001
Chrome Mobile,90.0.4430.82,Asus X01AD,Asus,Blink,[object Object],Chrome Mobile 90.0.4430.82 on Asus X01AD (Android 9),2021-05-06T05:14:23.484Z,着席,あ,false,62.800000000000004,64.9,-9.3,8.5,37.800000000000004,18.6,7.1000000000000005,30.5,16.2,-177.70000000000002,-43.6,101.30000000000001
Chrome Mobile,90.0.4430.82,Asus X01AD,Asus,Blink,[object Object],Chrome Mobile 90.0.4430.82 on Asus X01AD (Android 9),2021-05-06T05:14:23.685Z,着席,あ,false,134.9,101,-85.30000000000001,-1,-9.9,-0.8,0.8,-19.5,-0.6000000000000001,27.400000000000002,14.600000000000001,-49.699999999999996
Chrome Mobile,90.0.4430.82,Asus X01AD,Asus,Blink,[object Object],Chrome Mobile 90.0.4430.82 on Asus X01AD (Android 9),2021-05-06T05:14:23.886Z,着席,あ,false,69.60000000000001,67,-20.900000000000002,7.7,35.2,16,6.4,26,12.4,72.9,36.400000000000006,-8.700000000000001
Chrome Mobile,90.0.4430.82,Asus X01AD,Asus,Blink,[object Object],Chrome Mobile 90.0.4430.82 on Asus X01AD (Android 9),2021-05-06T05:14:24.087Z,着席,あ,false,317.6,76.7,89.4,-4.7,-7.4,0.5,-2.5,-16.7,0.4,-44.00000000000001,18.8,-4.9
Chrome Mobile,90.0.4430.82,Asus X01AD,Asus,Blink,[object Object],Chrome Mobile 90.0.4430.82 on Asus X01AD (Android 9),2021-05-06T05:14:24.287Z,着席,あ,false,64.9,74.8,-11.4,7.1000000000000005,25.200000000000003,5.800000000000001,5.1000000000000005,11.8,2.4000000000000004,93.7,40.300000000000004,-36
Chrome Mobile,90.0.4430.82,Asus X01AD,Asus,Blink,[object Object],Chrome Mobile 90.0.4430.82 on Asus X01AD (Android 9),2021-05-06T05:14:24.488Z,着席,あ,false,342.40000000000003,80.60000000000001,69.2,-2.5,-4.7,-0.8,-1.1,-14,-1.3,-61.9,6.699999999999999,69.80000000000001
Chrome Mobile,90.0.4430.82,Asus X01AD,Asus,Blink,[object Object],Chrome Mobile 90.0.4430.82 on Asus X01AD (Android 9),2021-05-06T05:14:24.689Z,着席,あ,false,60.2,76.4,-4.5,1.6,11.8,4.5,1.4000000000000001,1.8,2.1,187.3,5.2,-97.50000000000001
Chrome Mobile,90.0.4430.82,Asus X01AD,Asus,Blink,[object Object],Chrome Mobile 90.0.4430.82 on Asus X01AD (Android 9),2021-05-06T05:14:24.889Z,着席,あ,false,9,80.80000000000001,46.5,-3.1,0.9,-0.4,-2.1,-8.1,-1.4000000000000001,-144,-12.5,105
Chrome Mobile,90.0.4430.82,Asus X01AD,Asus,Blink,[object Object],Chrome Mobile 90.0.4430.82 on Asus X01AD (Android 9),2021-05-06T05:14:25.090Z,着席,あ,false,29.8,83.4,25,0.30000000000000004,4.2,3.3000000000000003,0.7000000000000001,-5.800000000000001,2.2,135.8,-28.3,-126.10000000000001
Chrome Mobile,90.0.4430.82,Asus X01AD,Asus,Blink,[object Object],Chrome Mobile 90.0.4430.82 on Asus X01AD (Android 9),2021-05-06T05:14:25.291Z,着席,あ,false,19.700000000000003,79.9,36.4,-0.9,7.300000000000001,-1.4000000000000001,0.1,-1.7000000000000002,-2.7,-168,11.3,156.3
Chrome Mobile,90.0.4430.82,Asus X01AD,Asus,Blink,[object Object],Chrome Mobile 90.0.4430.82 on Asus X01AD (Android 9),2021-05-06T05:14:25.492Z,着席,あ,false,2.3000000000000003,77.5,57.6,-0.5,-3.5,2.5,1.3,-13.3,1.3,145.60000000000002,29.1,-104.4
Chrome Mobile,90.0.4430.82,Asus X01AD,Asus,Blink,[object Object],Chrome Mobile 90.0.4430.82 on Asus X01AD (Android 9),2021-05-06T05:14:25.692Z,着席,あ,false,67,75.4,-6.4,9.200000000000001,31.1,10.200000000000001,9,22.1,7.800000000000001,-183.9,-11.2,122.10000000000002
Chrome Mobile,90.0.4430.82,Asus X01AD,Asus,Blink,[object Object],Chrome Mobile 90.0.4430.82 on Asus X01AD (Android 9),2021-05-06T05:14:25.899Z,着席,あ,false,149.8,101.80000000000001,-89.7,-2.4000000000000004,-5.9,-1,-0.4,-15.5,-0.9,32.7,21.1,-56.400000000000006
Chrome Mobile,90.0.4430.82,Asus X01AD,Asus,Blink,[object Object],Chrome Mobile 90.0.4430.82 on Asus X01AD (Android 9),2021-05-06T05:14:26.100Z,着席,あ,false,70.8,69.5,-10.100000000000001,7.7,32.5,15.200000000000001,7.1000000000000005,23.200000000000003,11.8,74.60000000000001,3.3000000000000007,-12.9
Chrome Mobile,90.0.4430.82,Asus X01AD,Asus,Blink,[object Object],Chrome Mobile 90.0.4430.82 on Asus X01AD (Android 9),2021-05-06T05:14:26.300Z,着席,あ,false,150.8,106.10000000000001,-89.4,-6,-7.1000000000000005,-1.5,-3.4000000000000004,-16.2,-1.5,-27.5,7.200000000000001,14.300000000000002
Chrome Mobile,90.0.4430.82,Asus X01AD,Asus,Blink,[object Object],Chrome Mobile 90.0.4430.82 on Asus X01AD (Android 9),2021-05-06T05:14:26.501Z,着席,あ,false,67.2,73,-2.8000000000000003,6.6000000000000005,25.900000000000002,9.5,6.4,16.3,6.5,124.39999999999999,28.200000000000003,-67.5
Chrome Mobile,90.0.4430.82,Asus X01AD,Asus,Blink,[object Object],Chrome Mobile 90.0.4430.82 on Asus X01AD (Android 9),2021-05-06T05:14:26.701Z,着席,あ,false,147.70000000000002,102.80000000000001,-87,-4.2,-5.7,-1.4000000000000001,-2.1,-14.9,-1.3,-68.9,-8.100000000000001,68.80000000000001
Chrome Mobile,90.0.4430.82,Asus X01AD,Asus,Blink,[object Object],Chrome Mobile 90.0.4430.82 on Asus X01AD (Android 9),2021-05-06T05:14:26.902Z,着席,あ,false,63.1,76.7,-2.7,2.3000000000000003,15.4,5.6000000000000005,2.2,5.5,3.3000000000000003,141.1,-11.4,-103.8
Chrome Mobile,90.0.4430.82,Asus X01AD,Asus,Blink,[object Object],Chrome Mobile 90.0.4430.82 on Asus X01AD (Android 9),2021-05-06T05:14:27.102Z,着席,あ,false,352.1,81.60000000000001,68.5,-1.5,-0.9,-2.3000000000000003,-0.30000000000000004,-10.100000000000001,-2.8000000000000003,-111.9,10.4,119.60000000000002
Chrome Mobile,90.0.4430.82,Asus X01AD,Asus,Blink,[object Object],Chrome Mobile 90.0.4430.82 on Asus X01AD (Android 9),2021-05-06T05:14:27.303Z,着席,あ,false,53.900000000000006,80.80000000000001,8.200000000000001,2.2,8.4,2.8000000000000003,2.4000000000000004,-1.6,1.2000000000000002,134.20000000000002,-3.4,-80.7
Chrome Mobile,90.0.4430.82,Asus X01AD,Asus,Blink,[object Object],Chrome Mobile 90.0.4430.82 on Asus X01AD (Android 9),2021-05-06T05:14:27.510Z,着席,あ,false,51.800000000000004,79.4,10.3,-0.30000000000000004,9.700000000000001,-0.2,0,0.7000000000000001,-1.9000000000000001,-159.5,9.8,135.1
Chrome Mobile,90.0.4430.82,Asus X01AD,Asus,Blink,[object Object],Chrome Mobile 90.0.4430.82 on Asus X01AD (Android 9),2021-05-06T05:14:27.712Z,着席,あ,false,345.40000000000003,82,73.8,-1.6,-1.7000000000000002,1.5,-0.4,-11.600000000000001,1,93.10000000000001,-14.400000000000002,-110.6
Chrome Mobile,90.0.4430.82,Asus X01AD,Asus,Blink,[object Object],Chrome Mobile 90.0.4430.82 on Asus X01AD (Android 9),2021-05-06T05:14:27.912Z,着席,あ,false,70.9,71.5,-7.7,7.300000000000001,27,9.4,6.9,18.1,6.5,-110.10000000000001,-25.200000000000003,124.90000000000002
Chrome Mobile,90.0.4430.82,Asus X01AD,Asus,Blink,[object Object],Chrome Mobile 90.0.4430.82 on Asus X01AD (Android 9),2021-05-06T05:14:28.113Z,着席,あ,false,354.20000000000005,81.2,66.7,-1.9000000000000001,-3.4000000000000004,0.4,-0.5,-13.200000000000001,-0.2,45.400000000000006,-9.5,-81.2
Chrome Mobile,90.0.4430.82,Asus X01AD,Asus,Blink,[object Object],Chrome Mobile 90.0.4430.82 on Asus X01AD (Android 9),2021-05-06T05:14:28.314Z,着席,あ,false,78.60000000000001,68.4,-18.400000000000002,8.4,33.1,11,7.2,24,7.6000000000000005,-6.8,-22.2,45.2
Chrome Mobile,90.0.4430.82,Asus X01AD,Asus,Blink,[object Object],Chrome Mobile 90.0.4430.82 on Asus X01AD (Android 9),2021-05-06T05:14:28.514Z,着席,あ,false,334.20000000000005,79,86.4,-3.7,-7.300000000000001,-0.30000000000000004,-1.9000000000000001,-16.8,-0.4,19.6,4,-64.4
Chrome Mobile,90.0.4430.82,Asus X01AD,Asus,Blink,[object Object],Chrome Mobile 90.0.4430.82 on Asus X01AD (Android 9),2021-05-06T05:14:28.715Z,着席,あ,false,80.4,70,-20.1,8.1,30.900000000000002,10.700000000000001,6.9,21.6,7.6000000000000005,40.300000000000004,10,-23.900000000000006
Chrome Mobile,90.0.4430.82,Asus X01AD,Asus,Blink,[object Object],Chrome Mobile 90.0.4430.82 on Asus X01AD (Android 9),2021-05-06T05:14:28.916Z,着席,あ,false,331.3,77.9,87.10000000000001,-5.7,-6.6000000000000005,-0.9,-3.7,-16,-1,-18.5,16.5,5.7
Chrome Mobile,90.0.4430.82,Asus X01AD,Asus,Blink,[object Object],Chrome Mobile 90.0.4430.82 on Asus X01AD (Android 9),2021-05-06T05:14:29.117Z,着席,あ,false,74.4,75.10000000000001,-15.9,5.4,22.5,8.1,4.7,12.700000000000001,5.6000000000000005,94.5,15.000000000000002,-111.80000000000001
Chrome Mobile,90.0.4430.82,Asus X01AD,Asus,Blink,[object Object],Chrome Mobile 90.0.4430.82 on Asus X01AD (Android 9),2021-05-06T05:14:29.324Z,着席,あ,false,340.40000000000003,76.4,79.60000000000001,-4.6000000000000005,-6,-3.2,-2.4000000000000004,-15.100000000000001,-3.6,-66.7,18.200000000000003,86.1
Chrome Mobile,90.0.4430.82,Asus X01AD,Asus,Blink,[object Object],Chrome Mobile 90.0.4430.82 on Asus X01AD (Android 9),2021-05-06T05:14:29.525Z,着席,あ,false,74.8,75.2,-13.5,4.7,16.3,3.6,4.1000000000000005,6.5,1.1,145.10000000000002,7,-101.50000000000001
Chrome Mobile,90.0.4430.82,Asus X01AD,Asus,Blink,[object Object],Chrome Mobile 90.0.4430.82 on Asus X01AD (Android 9),2021-05-06T05:14:29.726Z,着席,あ,false,352,80.5,68.8,-2.4000000000000004,-3.3000000000000003,-1.4000000000000001,-0.9,-12.4,-2,-101.20000000000002,6,102.4
Chrome Mobile,90.0.4430.82,Asus X01AD,Asus,Blink,[object Object],Chrome Mobile 90.0.4430.82 on Asus X01AD (Android 9),2021-05-06T05:14:29.927Z,着席,あ,false,67.2,80.2,-6.1000000000000005,2.1,10.5,3.4000000000000004,1.9000000000000001,0.4,1.7000000000000002,135.20000000000002,-14.400000000000002,-118.60000000000001
Chrome Mobile,90.0.4430.82,Asus X01AD,Asus,Blink,[object Object],Chrome Mobile 90.0.4430.82 on Asus X01AD (Android 9),2021-05-06T05:14:30.128Z,着席,あ,false,23.6,80.2,37.1,-2.7,2.6,-0.6000000000000001,-1.8,-6.5,-1.9000000000000001,-176.10000000000002,3.5,133.10000000000002
Chrome Mobile,90.0.4430.82,Asus X01AD,Asus,Blink,[object Object],Chrome Mobile 90.0.4430.82 on Asus X01AD (Android 9),2021-05-06T05:14:30.330Z,着席,あ,false,39.6,82.10000000000001,22.3,1.3,3.6,3.3000000000000003,1.8,-6.5,2,147.29999999999998,-28.1,-126.89999999999999
Chrome Mobile,90.0.4430.82,Asus X01AD,Asus,Blink,[object Object],Chrome Mobile 90.0.4430.82 on Asus X01AD (Android 9),2021-05-06T05:14:30.531Z,着席,あ,false,43.5,80.4,16.7,-1.7000000000000002,9,0.2,-1.3,0,-1.3,-203.4,-9.899999999999999,153.4
Chrome Mobile,90.0.4430.82,Asus X01AD,Asus,Blink,[object Object],Chrome Mobile 90.0.4430.82 on Asus X01AD (Android 9),2021-05-06T05:14:30.732Z,着席,あ,false,38.5,82.60000000000001,19,-1.3,0.9,3.4000000000000004,-0.9,-9.1,2.2,128.8,-40.5,-118.00000000000001
Chrome Mobile,90.0.4430.82,Asus X01AD,Asus,Blink,[object Object],Chrome Mobile 90.0.4430.82 on Asus X01AD (Android 9),2021-05-06T05:14:30.933Z,着席,あ,false,59.6,72.10000000000001,-1.3,3.8000000000000003,22.8,6.4,3.7,13.9,3.5,-201.29999999999998,11.3,143
Chrome Mobile,90.0.4430.82,Asus X01AD,Asus,Blink,[object Object],Chrome Mobile 90.0.4430.82 on Asus X01AD (Android 9),2021-05-06T05:14:31.133Z,着席,あ,false,353.20000000000005,81.10000000000001,65.10000000000001,-1.8,-5,0.6000000000000001,-0.5,-14.700000000000001,0,56.6,8.100000000000001,-63.4
Chrome Mobile,90.0.4430.82,Asus X01AD,Asus,Blink,[object Object],Chrome Mobile 90.0.4430.82 on Asus X01AD (Android 9),2021-05-06T05:14:31.334Z,着席,あ,false,74.8,66.3,-14,6.300000000000001,31.400000000000002,14.100000000000001,5.4,22.6,10.4,-83.10000000000001,-25.1,34.60000000000001
Chrome Mobile,90.0.4430.82,Asus X01AD,Asus,Blink,[object Object],Chrome Mobile 90.0.4430.82 on Asus X01AD (Android 9),2021-05-06T05:14:31.535Z,着席,あ,false,358.5,81.5,60.300000000000004,-3.5,-5.4,0,-1.7000000000000002,-14.700000000000001,-0.5,25.4,17.799999999999997,-48.6
Chrome Mobile,90.0.4430.82,Asus X01AD,Asus,Blink,[object Object],Chrome Mobile 90.0.4430.82 on Asus X01AD (Android 9),2021-05-06T05:14:31.736Z,着席,あ,false,74.2,64.4,-9.700000000000001,3.4000000000000004,29.3,16.3,2.7,20.5,12.100000000000001,-30.9,-10.200000000000001,24.400000000000002
Chrome Mobile,90.0.4430.82,Asus X01AD,Asus,Blink,[object Object],Chrome Mobile 90.0.4430.82 on Asus X01AD (Android 9),2021-05-06T05:14:31.937Z,着席,あ,false,0.9,82.2,62.5,-3.4000000000000004,-5.1000000000000005,0,-2.2,-14.700000000000001,-0.6000000000000001,10.1,14.400000000000002,-35.1
Chrome Mobile,90.0.4430.82,Asus X01AD,Asus,Blink,[object Object],Chrome Mobile 90.0.4430.82 on Asus X01AD (Android 9),2021-05-06T05:14:32.138Z,着席,あ,false,81.60000000000001,63.6,-15.200000000000001,8.9,30.900000000000002,13,7.800000000000001,22.1,8.700000000000001,22.9,12.7,22.9
Chrome Mobile,90.0.4430.82,Asus X01AD,Asus,Blink,[object Object],Chrome Mobile 90.0.4430.82 on Asus X01AD (Android 9),2021-05-06T05:14:32.343Z,着席,あ,false,358.40000000000003,82.30000000000001,65.10000000000001,-3.5,-5.300000000000001,-0.9,-2.3000000000000003,-14.9,-1.5,14.300000000000002,10.9,10.700000000000001
Chrome Mobile,90.0.4430.82,Asus X01AD,Asus,Blink,[object Object],Chrome Mobile 90.0.4430.82 on Asus X01AD (Android 9),2021-05-06T05:14:32.548Z,着席,あ,false,79.7,66.8,-13.700000000000001,6.2,30.6,10.5,5.300000000000001,21.5,6.7,71,-22.4,22.4
Chrome Mobile,90.0.4430.82,Asus X01AD,Asus,Blink,[object Object],Chrome Mobile 90.0.4430.82 on Asus X01AD (Android 9),2021-05-06T05:14:32.751Z,着席,あ,false,342.1,86.10000000000001,81.60000000000001,-2.7,-4.9,-1,-2,-14.4,-1.1,-47.5,17.300000000000004,30.200000000000003
Chrome Mobile,90.0.4430.82,Asus X01AD,Asus,Blink,[object Object],Chrome Mobile 90.0.4430.82 on Asus X01AD (Android 9),2021-05-06T05:14:32.951Z,着席,あ,false,85.30000000000001,68.5,-18.900000000000002,7.300000000000001,23.200000000000003,6.6000000000000005,6.1000000000000005,13.8,3.1,143.3,3.4,-23.6
Chrome Mobile,90.0.4430.82,Asus X01AD,Asus,Blink,[object Object],Chrome Mobile 90.0.4430.82 on Asus X01AD (Android 9),2021-05-06T05:14:33.152Z,着席,あ,false,13.100000000000001,83.2,50.7,-3.2,-5.7,-1.4000000000000001,-2.3000000000000003,-15.100000000000001,-2.1,-54.50000000000001,12.100000000000001,29.400000000000002
Chrome Mobile,90.0.4430.82,Asus X01AD,Asus,Blink,[object Object],Chrome Mobile 90.0.4430.82 on Asus X01AD (Android 9),2021-05-06T05:14:33.353Z,着席,あ,false,77.7,66.2,-13.5,4.800000000000001,20.400000000000002,9.9,3.8000000000000003,11.100000000000001,5.9,117.60000000000001,5,-68.9
Chrome Mobile,90.0.4430.82,Asus X01AD,Asus,Blink,[object Object],Chrome Mobile 90.0.4430.82 on Asus X01AD (Android 9),2021-05-06T05:14:33.559Z,着席,あ,false,22.5,83.10000000000001,43.400000000000006,-3.2,-5.4,-1.4000000000000001,-2.4000000000000004,-14.8,-2.2,-66.3,34.7,39.699999999999996
Chrome Mobile,90.0.4430.82,Asus X01AD,Asus,Blink,[object Object],Chrome Mobile 90.0.4430.82 on Asus X01AD (Android 9),2021-05-06T05:14:33.769Z,着席,あ,false,88.80000000000001,73.2,-21.3,4.2,13.100000000000001,2.9000000000000004,3.2,3.3000000000000003,0.1,175.3,13.3,-66.60000000000001
Chrome Mobile,90.0.4430.82,Asus X01AD,Asus,Blink,[object Object],Chrome Mobile 90.0.4430.82 on Asus X01AD (Android 9),2021-05-06T05:14:33.969Z,着席,あ,false,56.6,82.9,10,-2.5,-3,-1.6,-2.2,-12.3,-2.5,-115.9,8.100000000000001,60.400000000000006
Chrome Mobile,90.0.4430.82,Asus X01AD,Asus,Blink,[object Object],Chrome Mobile 90.0.4430.82 on Asus X01AD (Android 9),2021-05-06T05:14:34.170Z,着席,あ,false,88.5,71.9,-22.1,4.6000000000000005,12.600000000000001,4.2,3.4000000000000004,2.9000000000000004,1.3,164.79999999999998,-19.200000000000003,-81.60000000000001
Chrome Mobile,90.0.4430.82,Asus X01AD,Asus,Blink,[object Object],Chrome Mobile 90.0.4430.82 on Asus X01AD (Android 9),2021-05-06T05:14:34.371Z,着席,あ,false,53.2,80.60000000000001,13.200000000000001,-2,-0.5,-0.7000000000000001,-1.6,-9.700000000000001,-2.1,-151.20000000000002,30.200000000000003,82.2
Chrome Mobile,90.0.4430.82,Asus X01AD,Asus,Blink,[object Object],Chrome Mobile 90.0.4430.82 on Asus X01AD (Android 9),2021-05-06T05:14:34.571Z,着席,あ,false,86.10000000000001,77.9,-17.2,-0.1,5.7,3.1,-0.7000000000000001,-4.2,1,148.70000000000002,-14.300000000000002,-72.2
Chrome Mobile,90.0.4430.82,Asus X01AD,Asus,Blink,[object Object],Chrome Mobile 90.0.4430.82 on Asus X01AD (Android 9),2021-05-06T05:14:34.772Z,着席,あ,false,79,75.9,-10,-0.8,2.9000000000000004,1.1,-1,-8.1,-1.3,-160.3,2.2,92.60000000000001
Chrome Mobile,90.0.4430.82,Asus X01AD,Asus,Blink,[object Object],Chrome Mobile 90.0.4430.82 on Asus X01AD (Android 9),2021-05-06T05:14:34.972Z,着席,あ,false,86.9,73.9,-19.8,2.6,7.300000000000001,3.8000000000000003,1.6,-2.6,1.2000000000000002,144,6,-129.60000000000002
Chrome Mobile,90.0.4430.82,Asus X01AD,Asus,Blink,[object Object],Chrome Mobile 90.0.4430.82 on Asus X01AD (Android 9),2021-05-06T05:14:35.173Z,着席,あ,false,63.5,77.60000000000001,3.6,0.30000000000000004,0.6000000000000001,1,0.4,-8.4,-0.9,-171.60000000000002,-1,94.6
Chrome Mobile,90.0.4430.82,Asus X01AD,Asus,Blink,[object Object],Chrome Mobile 90.0.4430.82 on Asus X01AD (Android 9),2021-05-06T05:14:35.374Z,着席,あ,false,86,73.5,-22.1,1.8,6.6000000000000005,4.3,0.7000000000000001,-3.2,1.6,158.9,-11.2,-113.4
Chrome Mobile,90.0.4430.82,Asus X01AD,Asus,Blink,[object Object],Chrome Mobile 90.0.4430.82 on Asus X01AD (Android 9),2021-05-06T05:14:35.574Z,着席,あ,false,66.4,76.80000000000001,-2.3000000000000003,-1,3.7,0,-1.1,-5.2,-2.1,-150.9,-10.4,90.30000000000001
Chrome Mobile,90.0.4430.82,Asus X01AD,Asus,Blink,[object Object],Chrome Mobile 90.0.4430.82 on Asus X01AD (Android 9),2021-05-06T05:14:35.775Z,着席,あ,false,86.60000000000001,75.10000000000001,-23,2.5,7.2,3,1.5,-2.7,0.5,132.70000000000002,-17.6,-101.4
Chrome Mobile,90.0.4430.82,Asus X01AD,Asus,Blink,[object Object],Chrome Mobile 90.0.4430.82 on Asus X01AD (Android 9),2021-05-06T05:14:35.975Z,着席,あ,false,73.9,74.9,-10.5,-1.3,3.8000000000000003,0.6000000000000001,-1.8,-5,-1.7000000000000002,-220,20.2,112.5
Chrome Mobile,90.0.4430.82,Asus X01AD,Asus,Blink,[object Object],Chrome Mobile 90.0.4430.82 on Asus X01AD (Android 9),2021-05-06T05:14:36.176Z,着席,あ,false,72.10000000000001,77.7,-11.5,0.6000000000000001,2.4000000000000004,3.8000000000000003,0.1,-7.5,1.7000000000000002,149.20000000000002,-2.7,-124.10000000000001
Chrome Mobile,90.0.4430.82,Asus X01AD,Asus,Blink,[object Object],Chrome Mobile 90.0.4430.82 on Asus X01AD (Android 9),2021-05-06T05:14:36.377Z,着席,あ,false,66,74.8,-2.3000000000000003,-1.8,2.7,-0.30000000000000004,-1.9000000000000001,-6.1000000000000005,-2.7,-213.20000000000002,-18.3,128.9
Chrome Mobile,90.0.4430.82,Asus X01AD,Asus,Blink,[object Object],Chrome Mobile 90.0.4430.82 on Asus X01AD (Android 9),2021-05-06T05:14:36.577Z,着席,あ,false,67.4,78.2,-6.300000000000001,0.1,0.5,3.2,-0.2,-9.5,1.2000000000000002,148.70000000000002,-20.7,-126.30000000000001
Chrome Mobile,90.0.4430.82,Asus X01AD,Asus,Blink,[object Object],Chrome Mobile 90.0.4430.82 on Asus X01AD (Android 9),2021-05-06T05:14:36.778Z,着席,あ,false,81.5,74.4,-19.400000000000002,3.1,17.5,0.5,2.2,8.6,-1.9000000000000001,-154.5,-6.600000000000001,122.50000000000001
Chrome Mobile,90.0.4430.82,Asus X01AD,Asus,Blink,[object Object],Chrome Mobile 90.0.4430.82 on Asus X01AD (Android 9),2021-05-06T05:14:36.979Z,着席,あ,false,66.7,83.10000000000001,-4.2,-0.1,1.2000000000000002,2.3000000000000003,-0.2,-8.9,1.1,115.39999999999999,-17.7,-115.20000000000002
Chrome Mobile,90.0.4430.82,Asus X01AD,Asus,Blink,[object Object],Chrome Mobile 90.0.4430.82 on Asus X01AD (Android 9),2021-05-06T05:14:37.179Z,着席,あ,false,75.4,72.3,-12.600000000000001,2,15.3,3.1,1.4000000000000001,6.5,0.4,-220.10000000000002,-13.3,141.4
Chrome Mobile,90.0.4430.82,Asus X01AD,Asus,Blink,[object Object],Chrome Mobile 90.0.4430.82 on Asus X01AD (Android 9),2021-05-06T05:14:37.380Z,着席,あ,false,54.7,80.2,7,-1.4000000000000001,-1.6,2.3000000000000003,-1.2000000000000002,-11.5,0.6000000000000001,104.4,-4.9,-116
Chrome Mobile,90.0.4430.82,Asus X01AD,Asus,Blink,[object Object],Chrome Mobile 90.0.4430.82 on Asus X01AD (Android 9),2021-05-06T05:14:37.580Z,着席,あ,false,74.7,64.9,-9.200000000000001,7.800000000000001,27.200000000000003,11.5,7.2,18.7,7.5,-190.60000000000002,-56.400000000000006,93.2
Chrome Mobile,90.0.4430.82,Asus X01AD,Asus,Blink,[object Object],Chrome Mobile 90.0.4430.82 on Asus X01AD (Android 9),2021-05-06T05:14:37.781Z,着席,あ,false,45.2,82.9,18,-2.7,-3.2,3,-2.3000000000000003,-13.100000000000001,1.9000000000000001,145.4,-36.300000000000004,-51
Chrome Mobile,90.0.4430.82,Asus X01AD,Asus,Blink,[object Object],Chrome Mobile 90.0.4430.82 on Asus X01AD (Android 9),2021-05-06T05:14:37.981Z,着席,あ,false,84,66.3,-17.6,6.5,25.8,13.4,5.300000000000001,17.1,9.8,-189.8,-25.7,53.2
Chrome Mobile,90.0.4430.82,Asus X01AD,Asus,Blink,[object Object],Chrome Mobile 90.0.4430.82 on Asus X01AD (Android 9),2021-05-06T05:14:38.182Z,着席,あ,false,42.800000000000004,82.2,23.1,-1.3,-1.4000000000000001,0.9,-0.8,-11.3,-0.30000000000000004,94,-22.9,-76.2
Chrome Mobile,90.0.4430.82,Asus X01AD,Asus,Blink,[object Object],Chrome Mobile 90.0.4430.82 on Asus X01AD (Android 9),2021-05-06T05:14:38.382Z,着席,あ,false,76.3,65.10000000000001,-9.9,5.1000000000000005,26.1,13.4,4.4,17.5,9.5,-154.9,-43.300000000000004,88.00000000000001
Chrome Mobile,90.0.4430.82,Asus X01AD,Asus,Blink,[object Object],Chrome Mobile 90.0.4430.82 on Asus X01AD (Android 9),2021-05-06T05:14:38.583Z,着席,あ,false,45.7,81.4,18.2,-1.1,-2.7,1,-0.7000000000000001,-12.5,-0.4,75.5,-19.400000000000002,-78.10000000000001
Chrome Mobile,90.0.4430.82,Asus X01AD,Asus,Blink,[object Object],Chrome Mobile 90.0.4430.82 on Asus X01AD (Android 9),2021-05-06T05:14:38.784Z,着席,あ,false,76.7,64.5,-13.100000000000001,6.1000000000000005,28.8,15.200000000000001,5.1000000000000005,20.200000000000003,11.200000000000001,-148.20000000000002,-29.900000000000006,62.1
Chrome Mobile,90.0.4430.82,Asus X01AD,Asus,Blink,[object Object],Chrome Mobile 90.0.4430.82 on Asus X01AD (Android 9),2021-05-06T05:14:38.984Z,着席,あ,false,39.7,83.7,21.400000000000002,-0.8,-3.5,0.9,-0.4,-13.4,-0.1,59.9,-0.8,-72
Chrome Mobile,90.0.4430.82,Asus X01AD,Asus,Blink,[object Object],Chrome Mobile 90.0.4430.82 on Asus X01AD (Android 9),2021-05-06T05:14:39.185Z,着席,あ,false,81.80000000000001,64.5,-19.3,8.6,31.3,14,7.2,22.5,10.100000000000001,-56.300000000000004,-27.400000000000002,51
Chrome Mobile,90.0.4430.82,Asus X01AD,Asus,Blink,[object Object],Chrome Mobile 90.0.4430.82 on Asus X01AD (Android 9),2021-05-06T05:14:39.385Z,着席,あ,false,6.9,82.7,53.6,-3.5,-4.7,0.8,-2.5,-14.5,0,58,1.4,-54.6
Chrome Mobile,90.0.4430.82,Asus X01AD,Asus,Blink,[object Object],Chrome Mobile 90.0.4430.82 on Asus X01AD (Android 9),2021-05-06T05:14:39.595Z,着席,あ,false,83.10000000000001,67.3,-22.1,10.200000000000001,33.4,12.700000000000001,8.8,24.3,9.200000000000001,-15.8,-38.2,8.8
Chrome Mobile,90.0.4430.82,Asus X01AD,Asus,Blink,[object Object],Chrome Mobile 90.0.4430.82 on Asus X01AD (Android 9),2021-05-06T05:14:39.801Z,着席,あ,false,147.3,99.2,-86.9,-4.7,-6.300000000000001,-0.9,-3.1,-15.9,-0.8,26.799999999999997,28.200000000000003,-21
Chrome Mobile,90.0.4430.82,Asus X01AD,Asus,Blink,[object Object],Chrome Mobile 90.0.4430.82 on Asus X01AD (Android 9),2021-05-06T05:14:40.002Z,着席,あ,false,79.5,66.7,-18,7.6000000000000005,33.6,13.3,6.300000000000001,24.5,9.600000000000001,11.2,-0.8,9.600000000000001
Chrome Mobile,90.0.4430.82,Asus X01AD,Asus,Blink,[object Object],Chrome Mobile 90.0.4430.82 on Asus X01AD (Android 9),2021-05-06T05:14:40.202Z,着席,あ,false,147.9,98.80000000000001,-88.30000000000001,-3.7,-6.4,-1.3,-2.2,-16,-1.3,13.3,20.7,-12.8
Chrome Mobile,90.0.4430.82,Asus X01AD,Asus,Blink,[object Object],Chrome Mobile 90.0.4430.82 on Asus X01AD (Android 9),2021-05-06T05:14:40.403Z,着席,あ,false,77.9,68.10000000000001,-17.6,6.7,32.5,11.3,5.6000000000000005,23.200000000000003,7.800000000000001,51.6,9.700000000000001,-5.9
Chrome Mobile,90.0.4430.82,Asus X01AD,Asus,Blink,[object Object],Chrome Mobile 90.0.4430.82 on Asus X01AD (Android 9),2021-05-06T05:14:40.603Z,着席,あ,false,328.20000000000005,81.7,89.5,-3.7,-6.4,0.1,-2.3000000000000003,-16,0.1,10.700000000000001,15.6,-19.700000000000003
Chrome Mobile,90.0.4430.82,Asus X01AD,Asus,Blink,[object Object],Chrome Mobile 90.0.4430.82 on Asus X01AD (Android 9),2021-05-06T05:14:40.804Z,着席,あ,false,83.5,66.10000000000001,-23.700000000000003,9.4,32.800000000000004,12,7.800000000000001,23.700000000000003,8.3,66.4,20.3,24.5
Chrome Mobile,90.0.4430.82,Asus X01AD,Asus,Blink,[object Object],Chrome Mobile 90.0.4430.82 on Asus X01AD (Android 9),2021-05-06T05:14:41.004Z,着席,あ,false,334.1,82.80000000000001,83.5,-3.4000000000000004,-6,0,-2.2,-15.600000000000001,-0.1,5.2,9,-10.600000000000001
Chrome Mobile,90.0.4430.82,Asus X01AD,Asus,Blink,[object Object],Chrome Mobile 90.0.4430.82 on Asus X01AD (Android 9),2021-05-06T05:14:41.205Z,着席,あ,false,83.60000000000001,67,-24.700000000000003,8.5,30.3,10.600000000000001,6.9,21.200000000000003,7,68.5,22.2,-20.3
Chrome Mobile,90.0.4430.82,Asus X01AD,Asus,Blink,[object Object],Chrome Mobile 90.0.4430.82 on Asus X01AD (Android 9),2021-05-06T05:14:41.405Z,着席,あ,false,340.70000000000005,81.60000000000001,78.60000000000001,-4.2,-6.9,-0.1,-2.9000000000000004,-16.5,-0.30000000000000004,1.6,25.8,-17
Chrome Mobile,90.0.4430.82,Asus X01AD,Asus,Blink,[object Object],Chrome Mobile 90.0.4430.82 on Asus X01AD (Android 9),2021-05-06T05:14:41.606Z,着席,あ,false,80.7,69.5,-18.400000000000002,6.7,27.1,10,5.6000000000000005,17.6,6.7,77.7,31.6,-45.8
Chrome Mobile,90.0.4430.82,Asus X01AD,Asus,Blink,[object Object],Chrome Mobile 90.0.4430.82 on Asus X01AD (Android 9),2021-05-06T05:14:41.807Z,着席,あ,false,352.1,82.10000000000001,70.60000000000001,-3.8000000000000003,-6,-2.4000000000000004,-2.6,-15.4,-2.8000000000000003,-66.4,13.000000000000002,55
Chrome Mobile,90.0.4430.82,Asus X01AD,Asus,Blink,[object Object],Chrome Mobile 90.0.4430.82 on Asus X01AD (Android 9),2021-05-06T05:14:42.007Z,着席,あ,false,76.7,73.4,-14.8,4.4,17.1,4.6000000000000005,3.6,7.4,1.8,124.7,22.000000000000004,-94.6
Chrome Mobile,90.0.4430.82,Asus X01AD,Asus,Blink,[object Object],Chrome Mobile 90.0.4430.82 on Asus X01AD (Android 9),2021-05-06T05:14:42.208Z,着席,あ,false,352.5,81.60000000000001,68.2,-3.2,-5.4,-2.4000000000000004,-1.9000000000000001,-14.700000000000001,-2.9000000000000004,-78.7,-0.1,63.2
Chrome Mobile,90.0.4430.82,Asus X01AD,Asus,Blink,[object Object],Chrome Mobile 90.0.4430.82 on Asus X01AD (Android 9),2021-05-06T05:14:42.408Z,着席,あ,false,75.10000000000001,73.9,-13.600000000000001,3.7,14.200000000000001,4.4,3,4.4,1.7000000000000002,138.40000000000003,5.8,-129.70000000000002
Chrome Mobile,90.0.4430.82,Asus X01AD,Asus,Blink,[object Object],Chrome Mobile 90.0.4430.82 on Asus X01AD (Android 9),2021-05-06T05:14:42.609Z,着席,あ,false,7.800000000000001,82.2,52,-2.8000000000000003,-3.9000000000000004,-3.5,-1.8,-13.100000000000001,-4.2,-139.4,35.5,97.8
Chrome Mobile,90.0.4430.82,Asus X01AD,Asus,Blink,[object Object],Chrome Mobile 90.0.4430.82 on Asus X01AD (Android 9),2021-05-06T05:14:42.809Z,着席,あ,false,79.7,76.3,-18.5,2.9000000000000004,10.8,1.8,2.1,0.9,-0.5,142.7,11.4,-86.1
Chrome Mobile,90.0.4430.82,Asus X01AD,Asus,Blink,[object Object],Chrome Mobile 90.0.4430.82 on Asus X01AD (Android 9),2021-05-06T05:14:43.010Z,着席,あ,false,60.800000000000004,79.7,1.8,0.2,0.5,0.8,0.2,-8.6,-0.8,-145.3,4.6,112.5
Chrome Mobile,90.0.4430.82,Asus X01AD,Asus,Blink,[object Object],Chrome Mobile 90.0.4430.82 on Asus X01AD (Android 9),2021-05-06T05:14:43.211Z,着席,あ,false,78.4,71.9,-15.600000000000001,2.4000000000000004,7.800000000000001,3.4000000000000004,1.5,-1.9000000000000001,0.30000000000000004,125.9,10.200000000000001,-94.80000000000001
Chrome Mobile,90.0.4430.82,Asus X01AD,Asus,Blink,[object Object],Chrome Mobile 90.0.4430.82 on Asus X01AD (Android 9),2021-05-06T05:14:43.411Z,着席,あ,false,60.2,78.4,0.6000000000000001,-1.6,0.5,0.8,-1.6,-8.6,-1,-117.80000000000001,20.400000000000002,106.30000000000001
Chrome Mobile,90.0.4430.82,Asus X01AD,Asus,Blink,[object Object],Chrome Mobile 90.0.4430.82 on Asus X01AD (Android 9),2021-05-06T05:14:43.612Z,着席,あ,false,74.7,75.7,-14,1.8,6.5,4.4,1.2000000000000002,-3.4000000000000004,1.9000000000000001,155.4,-1.9,-107.8
Chrome Mobile,90.0.4430.82,Asus X01AD,Asus,Blink,[object Object],Chrome Mobile 90.0.4430.82 on Asus X01AD (Android 9),2021-05-06T05:14:43.813Z,着席,あ,false,62.1,78.9,-2.2,0.6000000000000001,3.8000000000000003,-0.5,0.5,-5.2,-2.2,-234.70000000000002,-8.8,97.2
Chrome Mobile,90.0.4430.82,Asus X01AD,Asus,Blink,[object Object],Chrome Mobile 90.0.4430.82 on Asus X01AD (Android 9),2021-05-06T05:14:44.013Z,着席,あ,false,72.2,78.2,-11.100000000000001,1.4000000000000001,4.1000000000000005,0.9,1,-5.800000000000001,-1.2000000000000002,160.3,1.1,-89.8
Chrome Mobile,90.0.4430.82,Asus X01AD,Asus,Blink,[object Object],Chrome Mobile 90.0.4430.82 on Asus X01AD (Android 9),2021-05-06T05:14:44.214Z,着席,あ,false,63.6,76.9,-3.1,-0.2,2.2,-1.2000000000000002,-0.30000000000000004,-6.800000000000001,-3.3000000000000003,-241.4,9.8,97.40000000000002
Chrome Mobile,90.0.4430.82,Asus X01AD,Asus,Blink,[object Object],Chrome Mobile 90.0.4430.82 on Asus X01AD (Android 9),2021-05-06T05:14:44.415Z,着席,あ,false,71.10000000000001,76,-12.200000000000001,1.5,4.7,1.1,1,-5.2,-1.3,172.70000000000002,4.800000000000001,-113.3
Chrome Mobile,90.0.4430.82,Asus X01AD,Asus,Blink,[object Object],Chrome Mobile 90.0.4430.82 on Asus X01AD (Android 9),2021-05-06T05:14:44.615Z,着席,あ,false,54.900000000000006,77,2.3000000000000003,-1.3,4.9,2.7,-1.2000000000000002,-4,0.6000000000000001,-174.90000000000003,-14.5,110.9
Chrome Mobile,90.0.4430.82,Asus X01AD,Asus,Blink,[object Object],Chrome Mobile 90.0.4430.82 on Asus X01AD (Android 9),2021-05-06T05:14:44.816Z,着席,あ,false,62.7,80.60000000000001,-5.4,0.30000000000000004,3.6,2.9000000000000004,0.2,-6.4,1.2000000000000002,141,-12,-97.8
Chrome Mobile,90.0.4430.82,Asus X01AD,Asus,Blink,[object Object],Chrome Mobile 90.0.4430.82 on Asus X01AD (Android 9),2021-05-06T05:14:45.017Z,着席,あ,false,60,79.2,-1.9000000000000001,-2.6,4.7,-2.2,-2.7,-4.3,-4,-188.6,-2.1,120.9
Chrome Mobile,90.0.4430.82,Asus X01AD,Asus,Blink,[object Object],Chrome Mobile 90.0.4430.82 on Asus X01AD (Android 9),2021-05-06T05:14:45.217Z,着席,あ,false,82.9,78.60000000000001,-24.3,2.4000000000000004,6.4,1.9000000000000001,1.5,-3.6,0,120.80000000000001,-24.400000000000002,-132
Chrome Mobile,90.0.4430.82,Asus X01AD,Asus,Blink,[object Object],Chrome Mobile 90.0.4430.82 on Asus X01AD (Android 9),2021-05-06T05:14:45.418Z,着席,あ,false,36.300000000000004,82.30000000000001,17.8,-1.1,0.8,-2.5,-0.8,-8.4,-3.6,-126.70000000000002,-7.6,106.20000000000002
Chrome Mobile,90.0.4430.82,Asus X01AD,Asus,Blink,[object Object],Chrome Mobile 90.0.4430.82 on Asus X01AD (Android 9),2021-05-06T05:14:45.624Z,着席,あ,false,67,78.5,-10.600000000000001,1.8,8,2.2,1.5,-2,0.2,149.9,19.9,-62.7
Chrome Mobile,90.0.4430.82,Asus X01AD,Asus,Blink,[object Object],Chrome Mobile 90.0.4430.82 on Asus X01AD (Android 9),2021-05-06T05:14:45.824Z,着席,あ,false,53.7,83.2,3.7,-1.1,-0.30000000000000004,-2.2,-1.1,-9.5,-3.3000000000000003,-144.60000000000002,5.500000000000001,114.50000000000001
Chrome Mobile,90.0.4430.82,Asus X01AD,Asus,Blink,[object Object],Chrome Mobile 90.0.4430.82 on Asus X01AD (Android 9),2021-05-06T05:14:46.025Z,着席,あ,false,60.800000000000004,80.7,-5,0.30000000000000004,4.6000000000000005,3.4000000000000004,0.2,-5.4,1.8,141,-9.100000000000001,-135.9
Chrome Mobile,90.0.4430.82,Asus X01AD,Asus,Blink,[object Object],Chrome Mobile 90.0.4430.82 on Asus X01AD (Android 9),2021-05-06T05:14:46.226Z,着席,あ,false,38.2,82.7,18.3,-1,2,-1.3,-0.6000000000000001,-7.1000000000000005,-2.4000000000000004,-148.20000000000002,-16.1,96.30000000000001
Chrome Mobile,90.0.4430.82,Asus X01AD,Asus,Blink,[object Object],Chrome Mobile 90.0.4430.82 on Asus X01AD (Android 9),2021-05-06T05:14:46.427Z,着席,あ,false,45.1,81.9,11.200000000000001,-0.1,3.5,3.2,0.1,-6.5,1.7000000000000002,131,-24.5,-110
Chrome Mobile,90.0.4430.82,Asus X01AD,Asus,Blink,[object Object],Chrome Mobile 90.0.4430.82 on Asus X01AD (Android 9),2021-05-06T05:14:46.633Z,着席,あ,false,52.2,78.4,4.9,-1.3,7.9,1.3,-1.2000000000000002,-1.1,-0.6000000000000001,-182.5,21.400000000000002,161.3
Chrome Mobile,90.0.4430.82,Asus X01AD,Asus,Blink,[object Object],Chrome Mobile 90.0.4430.82 on Asus X01AD (Android 9),2021-05-06T05:14:46.834Z,着席,あ,false,31.8,82.30000000000001,25.8,-1,1,3.1,-0.4,-9,1.9000000000000001,121,4.4,-114.70000000000002
Chrome Mobile,90.0.4430.82,Asus X01AD,Asus,Blink,[object Object],Chrome Mobile 90.0.4430.82 on Asus X01AD (Android 9),2021-05-06T05:14:47.036Z,着席,あ,false,62.900000000000006,79.5,-5,0.4,12.200000000000001,-0.7000000000000001,0.2,3.2,-2.4000000000000004,-167.60000000000002,-25.300000000000004,142.20000000000002
Chrome Mobile,90.0.4430.82,Asus X01AD,Asus,Blink,[object Object],Chrome Mobile 90.0.4430.82 on Asus X01AD (Android 9),2021-05-06T05:14:47.236Z,着席,あ,false,31.8,85.2,24.700000000000003,-0.7000000000000001,1.5,3.4000000000000004,-0.4,-8.5,2.6,125.2,-27.9,-93.00000000000001
Chrome Mobile,90.0.4430.82,Asus X01AD,Asus,Blink,[object Object],Chrome Mobile 90.0.4430.82 on Asus X01AD (Android 9),2021-05-06T05:14:47.437Z,着席,あ,false,68.60000000000001,78.9,-11,1.1,11.8,-0.30000000000000004,0.7000000000000001,2.8000000000000003,-2,-206.4,3.7000000000000006,117.9
Chrome Mobile,90.0.4430.82,Asus X01AD,Asus,Blink,[object Object],Chrome Mobile 90.0.4430.82 on Asus X01AD (Android 9),2021-05-06T05:14:47.637Z,着席,あ,false,36.1,82.9,21.6,-1.8,-0.4,4.1000000000000005,-1.3,-10.5,3,135.8,-0.30000000000000004,-92.60000000000001
Chrome Mobile,90.0.4430.82,Asus X01AD,Asus,Blink,[object Object],Chrome Mobile 90.0.4430.82 on Asus X01AD (Android 9),2021-05-06T05:14:47.838Z,着席,あ,false,65,77.30000000000001,-7.1000000000000005,-0.9,10.200000000000001,2.8000000000000003,-1.1,1.2000000000000002,0.8,-204,-33.7,120.00000000000001
Chrome Mobile,90.0.4430.82,Asus X01AD,Asus,Blink,[object Object],Chrome Mobile 90.0.4430.82 on Asus X01AD (Android 9),2021-05-06T05:14:48.038Z,着席,あ,false,56.7,80.80000000000001,3.8000000000000003,0.6000000000000001,2.9000000000000004,3.9000000000000004,0.7000000000000001,-7.1000000000000005,2.3000000000000003,137.60000000000002,-2.6,-107.4
Chrome Mobile,90.0.4430.82,Asus X01AD,Asus,Blink,[object Object],Chrome Mobile 90.0.4430.82 on Asus X01AD (Android 9),2021-05-06T05:14:48.239Z,着席,あ,false,45.400000000000006,82.30000000000001,14.600000000000001,-0.5,8,-2.6,-0.2,-1.1,-3.8000000000000003,-170.70000000000002,-0.8,86.4
Chrome Mobile,90.0.4430.82,Asus X01AD,Asus,Blink,[object Object],Chrome Mobile 90.0.4430.82 on Asus X01AD (Android 9),2021-05-06T05:14:48.439Z,着席,あ,false,58.1,82.10000000000001,2.3000000000000003,-0.2,5,3.3000000000000003,-0.2,-5,1.9000000000000001,123.19999999999999,-1.7,-69.20000000000002
Chrome Mobile,90.0.4430.82,Asus X01AD,Asus,Blink,[object Object],Chrome Mobile 90.0.4430.82 on Asus X01AD (Android 9),2021-05-06T05:14:48.640Z,着席,あ,false,55,79,5.4,-3.3000000000000003,3.2,0.1,-3.2,-5.800000000000001,-1.6,-172.5,-51.300000000000004,99.10000000000001
Chrome Mobile,90.0.4430.82,Asus X01AD,Asus,Blink,[object Object],Chrome Mobile 90.0.4430.82 on Asus X01AD (Android 9),2021-05-06T05:14:48.841Z,着席,あ,false,68.5,78.60000000000001,-8.700000000000001,1.5,6,4.800000000000001,1.1,-4,2.8000000000000003,153.89999999999998,-11.000000000000002,-121.80000000000001
Chrome Mobile,90.0.4430.82,Asus X01AD,Asus,Blink,[object Object],Chrome Mobile 90.0.4430.82 on Asus X01AD (Android 9),2021-05-06T05:14:49.041Z,着席,あ,false,29.700000000000003,83.9,29,-4.1000000000000005,0.5,-3.1,-3.6,-8.700000000000001,-4,-148.20000000000002,-4.800000000000001,99.39999999999999
Chrome Mobile,90.0.4430.82,Asus X01AD,Asus,Blink,[object Object],Chrome Mobile 90.0.4430.82 on Asus X01AD (Android 9),2021-05-06T05:14:49.242Z,着席,あ,false,80,79.5,-21,2.1,8.200000000000001,2.1,1.5,-1.9000000000000001,0.4,148.9,-9.600000000000001,-117.1
Chrome Mobile,90.0.4430.82,Asus X01AD,Asus,Blink,[object Object],Chrome Mobile 90.0.4430.82 on Asus X01AD (Android 9),2021-05-06T05:14:49.442Z,着席,あ,false,10.3,83.5,48,-1.8,-3,-1.1,-1.1,-12.200000000000001,-1.8,-130.9,-13.100000000000001,79.00000000000001
Chrome Mobile,90.0.4430.82,Asus X01AD,Asus,Blink,[object Object],Chrome Mobile 90.0.4430.82 on Asus X01AD (Android 9),2021-05-06T05:14:49.644Z,着席,あ,false,82.5,79.30000000000001,-25.900000000000002,1.4000000000000001,6.9,3.9000000000000004,0.6000000000000001,-3.2,2.1,137.4,-29.200000000000003,-123.4
Chrome Mobile,90.0.4430.82,Asus X01AD,Asus,Blink,[object Object],Chrome Mobile 90.0.4430.82 on Asus X01AD (Android 9),2021-05-06T05:14:49.844Z,着席,あ,false,32.9,83.2,23.3,-2.6,-2.7,-1.9000000000000001,-1.3,-10,-2.2,-142.20000000000002,0.5,87.60000000000001
Chrome Mobile,90.0.4430.82,Asus X01AD,Asus,Blink,[object Object],Chrome Mobile 90.0.4430.82 on Asus X01AD (Android 9),2021-05-06T05:14:50.045Z,着席,あ,false,89.2,76.2,-31.1,4.6000000000000005,10.700000000000001,1.9000000000000001,3.4000000000000004,0.8,-0.2,161.4,-1.1,-107.10000000000001
Chrome Mobile,90.0.4430.82,Asus X01AD,Asus,Blink,[object Object],Chrome Mobile 90.0.4430.82 on Asus X01AD (Android 9),2021-05-06T05:14:50.245Z,着席,あ,false,23.6,84.9,34.6,-1.3,-0.4,-2.6,-0.9,-9.600000000000001,-3.3000000000000003,-140.5,-1.4,99.7
Chrome Mobile,90.0.4430.82,Asus X01AD,Asus,Blink,[object Object],Chrome Mobile 90.0.4430.82 on Asus X01AD (Android 9),2021-05-06T05:14:50.446Z,着席,あ,false,76.3,78.60000000000001,-19.5,0.8,7.5,3.5,0.1,-2.5,1.6,138.9,2.3,-115.20000000000002
Chrome Mobile,90.0.4430.82,Asus X01AD,Asus,Blink,[object Object],Chrome Mobile 90.0.4430.82 on Asus X01AD (Android 9),2021-05-06T05:14:50.649Z,着席,あ,false,41.300000000000004,85.5,15.200000000000001,-2.1,-1.9000000000000001,-1.8,-1.7000000000000002,-11.200000000000001,-2.3000000000000003,-135.4,7.300000000000001,74.2
Chrome Mobile,90.0.4430.82,Asus X01AD,Asus,Blink,[object Object],Chrome Mobile 90.0.4430.82 on Asus X01AD (Android 9),2021-05-06T05:14:50.851Z,着席,あ,false,86,79,-28.3,4.1000000000000005,11.700000000000001,1.9000000000000001,3.2,1.6,0.2,148.9,16.200000000000003,-120.60000000000001
Chrome Mobile,90.0.4430.82,Asus X01AD,Asus,Blink,[object Object],Chrome Mobile 90.0.4430.82 on Asus X01AD (Android 9),2021-05-06T05:14:51.052Z,着席,あ,false,345.3,85.5,73,-1.7000000000000002,-1.6,-2.8000000000000003,-1,-10.8,-3,-125.80000000000001,-9.100000000000001,103.89999999999999
Chrome Mobile,90.0.4430.82,Asus X01AD,Asus,Blink,[object Object],Chrome Mobile 90.0.4430.82 on Asus X01AD (Android 9),2021-05-06T05:14:51.253Z,着席,あ,false,76.9,76.7,-23.3,2.8000000000000003,12.700000000000001,3.2,1.9000000000000001,2.8000000000000003,1,124.10000000000001,8.3,-107.30000000000001
Chrome Mobile,90.0.4430.82,Asus X01AD,Asus,Blink,[object Object],Chrome Mobile 90.0.4430.82 on Asus X01AD (Android 9),2021-05-06T05:14:51.454Z,着席,あ,false,346.1,81.10000000000001,69.8,-2.7,-3.7,-1.9000000000000001,-1.4000000000000001,-13,-2.4000000000000004,-85.4,12.600000000000001,46.800000000000004
Chrome Mobile,90.0.4430.82,Asus X01AD,Asus,Blink,[object Object],Chrome Mobile 90.0.4430.82 on Asus X01AD (Android 9),2021-05-06T05:14:51.660Z,着席,あ,false,62.800000000000004,78.5,-3,2.5,13.8,3.2,2.3000000000000003,3.8000000000000003,1.2000000000000002,146.3,18.6,-107.7
Chrome Mobile,90.0.4430.82,Asus X01AD,Asus,Blink,[object Object],Chrome Mobile 90.0.4430.82 on Asus X01AD (Android 9),2021-05-06T05:14:51.866Z,着席,あ,false,17.2,82.9,43.900000000000006,-0.9,1.7000000000000002,-0.4,-0.1,-7.4,-1.2000000000000002,-148.3,-14.400000000000002,84
Chrome Mobile,90.0.4430.82,Asus X01AD,Asus,Blink,[object Object],Chrome Mobile 90.0.4430.82 on Asus X01AD (Android 9),2021-05-06T05:14:52.066Z,着席,あ,false,57.900000000000006,78,0.30000000000000004,1.9000000000000001,10.200000000000001,3.6,2,0.30000000000000004,1.5,122.30000000000001,21,-76.7
Chrome Mobile,90.0.4430.82,Asus X01AD,Asus,Blink,[object Object],Chrome Mobile 90.0.4430.82 on Asus X01AD (Android 9),2021-05-06T05:14:52.268Z,着席,あ,false,24.3,82,35,-1.6,0.6000000000000001,-0.2,-0.9,-8.5,-1.3,-130.70000000000002,-6,90.80000000000001
Chrome Mobile,90.0.4430.82,Asus X01AD,Asus,Blink,[object Object],Chrome Mobile 90.0.4430.82 on Asus X01AD (Android 9),2021-05-06T05:14:52.469Z,着席,あ,false,56,83.30000000000001,5.300000000000001,1.2000000000000002,6,1.4000000000000001,1.3,-4.1000000000000005,0.30000000000000004,115.10000000000002,-7.8,-117.60000000000001
Chrome Mobile,90.0.4430.82,Asus X01AD,Asus,Blink,[object Object],Chrome Mobile 90.0.4430.82 on Asus X01AD (Android 9),2021-05-06T05:14:52.669Z,着席,あ,false,41.2,80,19.1,-0.7000000000000001,5.5,0.4,-0.2,-3.5,-1.1,-172.9,-17.300000000000004,110.4
Chrome Mobile,90.0.4430.82,Asus X01AD,Asus,Blink,[object Object],Chrome Mobile 90.0.4430.82 on Asus X01AD (Android 9),2021-05-06T05:14:52.870Z,着席,あ,false,55.7,80.9,5.7,0,5.300000000000001,4.2,0.2,-4.7,2.6,147.6,-6.500000000000001,-101.9
Chrome Mobile,90.0.4430.82,Asus X01AD,Asus,Blink,[object Object],Chrome Mobile 90.0.4430.82 on Asus X01AD (Android 9),2021-05-06T05:14:53.071Z,着席,あ,false,35.1,82.10000000000001,26.6,-0.9,5,0,-0.30000000000000004,-4.1000000000000005,-1.2000000000000002,-155.5,-16.900000000000002,95.5
Chrome Mobile,90.0.4430.82,Asus X01AD,Asus,Blink,[object Object],Chrome Mobile 90.0.4430.82 on Asus X01AD (Android 9),2021-05-06T05:14:53.271Z,着席,あ,false,55.5,82.10000000000001,7,-0.1,5.2,3.3000000000000003,0.1,-4.9,1.9000000000000001,130.6,-4.5,-92.2
Chrome Mobile,90.0.4430.82,Asus X01AD,Asus,Blink,[object Object],Chrome Mobile 90.0.4430.82 on Asus X01AD (Android 9),2021-05-06T05:14:53.472Z,着席,あ,false,39.1,81.9,23.1,-0.4,1.8,-0.5,0.1,-7.4,-1.6,-169,0.5,96.30000000000001
Chrome Mobile,90.0.4430.82,Asus X01AD,Asus,Blink,[object Object],Chrome Mobile 90.0.4430.82 on Asus X01AD (Android 9),2021-05-06T05:14:53.673Z,着席,あ,false,80,78.4,-17.5,3.4000000000000004,9.3,3.8000000000000003,2.8000000000000003,-0.7000000000000001,1.8,164.89999999999998,0.9000000000000001,-120.7
Chrome Mobile,90.0.4430.82,Asus X01AD,Asus,Blink,[object Object],Chrome Mobile 90.0.4430.82 on Asus X01AD (Android 9),2021-05-06T05:14:53.873Z,着席,あ,false,346,83.10000000000001,74.4,-2.9000000000000004,-2.3000000000000003,-2.4000000000000004,-1.8,-11.5,-2.7,-140.10000000000002,0.7,105.3
Chrome Mobile,90.0.4430.82,Asus X01AD,Asus,Blink,[object Object],Chrome Mobile 90.0.4430.82 on Asus X01AD (Android 9),2021-05-06T05:14:54.074Z,着席,あ,false,68.5,79.9,-7.300000000000001,2.2,9,4,1.9000000000000001,-1,2.2,124.3,16.6,-128.70000000000002
Chrome Mobile,90.0.4430.82,Asus X01AD,Asus,Blink,[object Object],Chrome Mobile 90.0.4430.82 on Asus X01AD (Android 9),2021-05-06T05:14:54.274Z,着席,あ,false,10.700000000000001,80.9,50.5,-3.7,1.2000000000000002,-4.4,-2.6,-7.9,-5.300000000000001,-167.40000000000003,-7.500000000000001,88.10000000000001
Chrome Mobile,90.0.4430.82,Asus X01AD,Asus,Blink,[object Object],Chrome Mobile 90.0.4430.82 on Asus X01AD (Android 9),2021-05-06T05:14:54.475Z,着席,あ,false,58.5,82.10000000000001,3.2,1.5,7.5,2.3000000000000003,1.6,-2.6,1,160.8,1.1,-102.3
Chrome Mobile,90.0.4430.82,Asus X01AD,Asus,Blink,[object Object],Chrome Mobile 90.0.4430.82 on Asus X01AD (Android 9),2021-05-06T05:14:54.676Z,着席,あ,false,335.6,83.5,85.5,-1.4000000000000001,-0.5,-1.4000000000000001,-0.30000000000000004,-9.700000000000001,-1.4000000000000001,-123.9,-14,74.80000000000001
Chrome Mobile,90.0.4430.82,Asus X01AD,Asus,Blink,[object Object],Chrome Mobile 90.0.4430.82 on Asus X01AD (Android 9),2021-05-06T05:14:54.877Z,着席,あ,false,59.900000000000006,83.80000000000001,2.4000000000000004,0.6000000000000001,8.6,1.1,0.6000000000000001,-1.5,0,148.1,-1.2000000000000002,-76.89999999999999
Chrome Mobile,90.0.4430.82,Asus X01AD,Asus,Blink,[object Object],Chrome Mobile 90.0.4430.82 on Asus X01AD (Android 9),2021-05-06T05:14:55.078Z,着席,あ,false,145.20000000000002,98.30000000000001,-82.60000000000001,-4.3,-1.3,-1.7000000000000002,-3,-10.600000000000001,-1.5,-125.10000000000001,19.6,61.300000000000004
Chrome Mobile,90.0.4430.82,Asus X01AD,Asus,Blink,[object Object],Chrome Mobile 90.0.4430.82 on Asus X01AD (Android 9),2021-05-06T05:14:55.278Z,着席,あ,false,68.7,84.5,-3.6,3.2,10.600000000000001,0.5,3.1,0.5,-0.5,152.70000000000002,19.5,-105
Chrome Mobile,90.0.4430.82,Asus X01AD,Asus,Blink,[object Object],Chrome Mobile 90.0.4430.82 on Asus X01AD (Android 9),2021-05-06T05:14:55.479Z,着席,あ,false,141.9,97.60000000000001,-76.2,-1.9000000000000001,-2,-2.4000000000000004,-0.7000000000000001,-11.200000000000001,-2.1,-141.3,-7,92.39999999999999
Chrome Mobile,90.0.4430.82,Asus X01AD,Asus,Blink,[object Object],Chrome Mobile 90.0.4430.82 on Asus X01AD (Android 9),2021-05-06T05:14:55.679Z,着席,あ,false,88.4,79.4,-25.400000000000002,4.9,13.700000000000001,4,3.9000000000000004,3.8000000000000003,2.1,143.9,-16.4,-101.30000000000001
Chrome Mobile,90.0.4430.82,Asus X01AD,Asus,Blink,[object Object],Chrome Mobile 90.0.4430.82 on Asus X01AD (Android 9),2021-05-06T05:14:55.879Z,着席,あ,false,147.4,96.2,-82.5,-3.3000000000000003,-2.7,-4.1000000000000005,-2.3000000000000003,-12,-4,-103.89999999999999,18.1,70.2
Chrome Mobile,90.0.4430.82,Asus X01AD,Asus,Blink,[object Object],Chrome Mobile 90.0.4430.82 on Asus X01AD (Android 9),2021-05-06T05:14:56.080Z,着席,あ,false,87,76.7,-23.1,4.3,12.3,3,3.4000000000000004,2.4000000000000004,0.9,155.9,-3,-96.1
Chrome Mobile,90.0.4430.82,Asus X01AD,Asus,Blink,[object Object],Chrome Mobile 90.0.4430.82 on Asus X01AD (Android 9),2021-05-06T05:14:56.280Z,着席,あ,false,140.1,98.30000000000001,-78.60000000000001,-3.3000000000000003,-1.7000000000000002,-6.1000000000000005,-1.9000000000000001,-11,-5.800000000000001,-80.2,-28,53.599999999999994
Chrome Mobile,90.0.4430.82,Asus X01AD,Asus,Blink,[object Object],Chrome Mobile 90.0.4430.82 on Asus X01AD (Android 9),2021-05-06T05:14:56.481Z,着席,あ,false,63.900000000000006,79.60000000000001,-4.3,2.9000000000000004,12.4,3.9000000000000004,2.8000000000000003,2.4000000000000004,2.1,148.20000000000002,32.9,-88.3
Chrome Mobile,90.0.4430.82,Asus X01AD,Asus,Blink,[object Object],Chrome Mobile 90.0.4430.82 on Asus X01AD (Android 9),2021-05-06T05:14:56.681Z,着席,あ,false,339.8,83.4,79.80000000000001,-3.5,-2.1,-2.3000000000000003,-2.4000000000000004,-11.3,-2.5,-132.4,-9.8,133.9
Chrome Mobile,90.0.4430.82,Asus X01AD,Asus,Blink,[object Object],Chrome Mobile 90.0.4430.82 on Asus X01AD (Android 9),2021-05-06T05:14:56.882Z,着席,あ,false,70.5,80.10000000000001,-10.8,2.5,8.8,3.1,2.2,-1.2000000000000002,1.4000000000000001,133.60000000000002,4.300000000000001,-142.60000000000002
Chrome Mobile,90.0.4430.82,Asus X01AD,Asus,Blink,[object Object],Chrome Mobile 90.0.4430.82 on Asus X01AD (Android 9),2021-05-06T05:14:57.083Z,着席,あ,false,346.20000000000005,80.60000000000001,71.9,-2.6,-0.9,-1.6,-1.1,-10,-2.1,-142.20000000000002,-15.2,110.2
Chrome Mobile,90.0.4430.82,Asus X01AD,Asus,Blink,[object Object],Chrome Mobile 90.0.4430.82 on Asus X01AD (Android 9),2021-05-06T05:14:57.283Z,着席,あ,false,69.4,76.60000000000001,-7.4,2.4000000000000004,10.4,3.1,2.1,0.5,0.7000000000000001,133.4,33.400000000000006,-93.60000000000001
Chrome Mobile,90.0.4430.82,Asus X01AD,Asus,Blink,[object Object],Chrome Mobile 90.0.4430.82 on Asus X01AD (Android 9),2021-05-06T05:14:57.484Z,着席,あ,false,353.1,84.60000000000001,68,-2.1,-1.9000000000000001,-1.4000000000000001,-1.3,-11.200000000000001,-1.7000000000000002,-85.9,-18.5,80
Chrome Mobile,90.0.4430.82,Asus X01AD,Asus,Blink,[object Object],Chrome Mobile 90.0.4430.82 on Asus X01AD (Android 9),2021-05-06T05:14:57.689Z,着席,あ,false,90,77.7,-21.5,3.8000000000000003,11.100000000000001,1.3,3,1.2000000000000002,-0.7000000000000001,114.6,19.400000000000002,-96.30000000000001
Chrome Mobile,90.0.4430.82,Asus X01AD,Asus,Blink,[object Object],Chrome Mobile 90.0.4430.82 on Asus X01AD (Android 9),2021-05-06T05:14:57.894Z,着席,あ,false,22,84,40.5,-3.9000000000000004,-1.3,-1.3,-3.2,-10.5,-2,-186.5,49.199999999999996,76.89999999999999
Chrome Mobile,90.0.4430.82,Asus X01AD,Asus,Blink,[object Object],Chrome Mobile 90.0.4430.82 on Asus X01AD (Android 9),2021-05-06T05:14:58.094Z,着席,あ,false,58,80.80000000000001,5.300000000000001,1.3,5.4,1.3,1.5,-4.6000000000000005,-0.30000000000000004,140.9,16,-108.8
Chrome Mobile,90.0.4430.82,Asus X01AD,Asus,Blink,[object Object],Chrome Mobile 90.0.4430.82 on Asus X01AD (Android 9),2021-05-06T05:14:58.296Z,着席,あ,false,31.3,80.60000000000001,32.5,-3.3000000000000003,2.2,0.1,-2.5,-6.9,-1.1,-173.5,-10.299999999999999,132.8
Chrome Mobile,90.0.4430.82,Asus X01AD,Asus,Blink,[object Object],Chrome Mobile 90.0.4430.82 on Asus X01AD (Android 9),2021-05-06T05:14:58.497Z,着席,あ,false,58.1,85.5,4,-0.6000000000000001,3.8000000000000003,3.1,-0.5,-6.2,2.3000000000000003,130.6,-32.300000000000004,-116.6
Chrome Mobile,90.0.4430.82,Asus X01AD,Asus,Blink,[object Object],Chrome Mobile 90.0.4430.82 on Asus X01AD (Android 9),2021-05-06T05:14:58.697Z,着席,あ,false,50.300000000000004,83.9,11.4,-0.2,6.7,-1.4000000000000001,0,-2.4000000000000004,-2.3000000000000003,-171.90000000000003,-2.7,142
Chrome Mobile,90.0.4430.82,Asus X01AD,Asus,Blink,[object Object],Chrome Mobile 90.0.4430.82 on Asus X01AD (Android 9),2021-05-06T05:14:58.898Z,着席,あ,false,77.9,86.80000000000001,-16.5,1.6,4.800000000000001,1.9000000000000001,1.4000000000000001,-5.300000000000001,1.4000000000000001,141.1,-21.1,-120.3
Chrome Mobile,90.0.4430.82,Asus X01AD,Asus,Blink,[object Object],Chrome Mobile 90.0.4430.82 on Asus X01AD (Android 9),2021-05-06T05:14:59.098Z,着席,あ,false,1.1,85.2,60,-1.3,0.8,0.1,-0.6000000000000001,-8.4,-0.30000000000000004,-193.3,11.4,112.30000000000001
Chrome Mobile,90.0.4430.82,Asus X01AD,Asus,Blink,[object Object],Chrome Mobile 90.0.4430.82 on Asus X01AD (Android 9),2021-05-06T05:14:59.299Z,着席,あ,false,56.400000000000006,84.5,6.5,0,6,4.5,0.1,-4.2,3.6,140,-32.9,-128
Chrome Mobile,90.0.4430.82,Asus X01AD,Asus,Blink,[object Object],Chrome Mobile 90.0.4430.82 on Asus X01AD (Android 9),2021-05-06T05:14:59.499Z,着席,あ,false,6.1000000000000005,85.9,58.6,-2.4000000000000004,0.9,0.6000000000000001,-1.8,-8.3,0.30000000000000004,-161.70000000000002,11.8,133.4
Chrome Mobile,90.0.4430.82,Asus X01AD,Asus,Blink,[object Object],Chrome Mobile 90.0.4430.82 on Asus X01AD (Android 9),2021-05-06T05:14:59.700Z,着席,あ,false,98.80000000000001,82.80000000000001,-34,2.8000000000000003,8.700000000000001,2.1,2.1,-1.4000000000000001,1,112,-16,-151.3
Chrome Mobile,90.0.4430.82,Asus X01AD,Asus,Blink,[object Object],Chrome Mobile 90.0.4430.82 on Asus X01AD (Android 9),2021-05-06T05:14:59.900Z,着席,あ,false,13,81.30000000000001,49.1,-3.3000000000000003,1.1,0.1,-2.2,-8,-0.8,-171.10000000000002,0.2,97.2
Chrome Mobile,90.0.4430.82,Asus X01AD,Asus,Blink,[object Object],Chrome Mobile 90.0.4430.82 on Asus X01AD (Android 9),2021-05-06T05:15:00.101Z,着席,あ,false,43.900000000000006,81.10000000000001,17.900000000000002,1.2000000000000002,7.800000000000001,1.9000000000000001,1.7000000000000002,-2.2,0.4,159.70000000000002,-4.5,-111.9
Chrome Mobile,90.0.4430.82,Asus X01AD,Asus,Blink,[object Object],Chrome Mobile 90.0.4430.82 on Asus X01AD (Android 9),2021-05-06T05:15:00.301Z,着席,あ,false,336.40000000000003,79.10000000000001,83,-3.1,-3.2,0.1,-1.3,-12.3,-0.1,-134.9,15.299999999999999,84.5
Chrome Mobile,90.0.4430.82,Asus X01AD,Asus,Blink,[object Object],Chrome Mobile 90.0.4430.82 on Asus X01AD (Android 9),2021-05-06T05:15:00.502Z,着席,あ,false,63.1,78.30000000000001,-1.6,2.4000000000000004,11.700000000000001,3.2,2.3000000000000003,1.8,1.2000000000000002,161.8,14.900000000000002,-91.6
Chrome Mobile,90.0.4430.82,Asus X01AD,Asus,Blink,[object Object],Chrome Mobile 90.0.4430.82 on Asus X01AD (Android 9),2021-05-06T05:15:00.702Z,着席,あ,false,344.20000000000005,80.80000000000001,77.4,-3.4000000000000004,-3.3000000000000003,-1,-2,-12.5,-1.3,-122.30000000000001,22.2,75.00000000000001
Chrome Mobile,90.0.4430.82,Asus X01AD,Asus,Blink,[object Object],Chrome Mobile 90.0.4430.82 on Asus X01AD (Android 9),2021-05-06T05:15:00.903Z,着席,あ,false,77.9,78.2,-13.5,5.1000000000000005,15.100000000000001,3.2,4.6000000000000005,5.1000000000000005,1.2000000000000002,178,-4.9,-100
Chrome Mobile,90.0.4430.82,Asus X01AD,Asus,Blink,[object Object],Chrome Mobile 90.0.4430.82 on Asus X01AD (Android 9),2021-05-06T05:15:01.104Z,着席,あ,false,344.90000000000003,79.5,78.60000000000001,-2.6,-3.3000000000000003,-2.2,-0.9,-12.4,-2.5,-159.5,16.5,81.2
Chrome Mobile,90.0.4430.82,Asus X01AD,Asus,Blink,[object Object],Chrome Mobile 90.0.4430.82 on Asus X01AD (Android 9),2021-05-06T05:15:01.304Z,着席,あ,false,54.400000000000006,78,6,1.7000000000000002,10,4,1.9000000000000001,0,1.9000000000000001,182.4,4.800000000000001,-112.1
Chrome Mobile,90.0.4430.82,Asus X01AD,Asus,Blink,[object Object],Chrome Mobile 90.0.4430.82 on Asus X01AD (Android 9),2021-05-06T05:15:01.505Z,着席,あ,false,353.1,80.10000000000001,70,-2.6,-2.4000000000000004,-2.1,-1.1,-11.5,-2.7,-159.8,19.9,98.50000000000001
Chrome Mobile,90.0.4430.82,Asus X01AD,Asus,Blink,[object Object],Chrome Mobile 90.0.4430.82 on Asus X01AD (Android 9),2021-05-06T05:15:01.705Z,着席,あ,false,75.8,79.5,-13.5,4.9,10.700000000000001,2.2,4.4,0.7000000000000001,0.4,156.20000000000002,-11.5,-110.6
Chrome Mobile,90.0.4430.82,Asus X01AD,Asus,Blink,[object Object],Chrome Mobile 90.0.4430.82 on Asus X01AD (Android 9),2021-05-06T05:15:01.906Z,着席,あ,false,16.8,82.7,44.400000000000006,-3.2,-1.1,-2.5,-2.4000000000000004,-10.200000000000001,-3.4000000000000004,-172.5,-7.6,149.9
Chrome Mobile,90.0.4430.82,Asus X01AD,Asus,Blink,[object Object],Chrome Mobile 90.0.4430.82 on Asus X01AD (Android 9),2021-05-06T05:15:02.106Z,着席,あ,false,67.9,79.9,-8.200000000000001,1.6,6.2,0.9,1.4000000000000001,-3.8000000000000003,-0.8,149.20000000000002,9.5,-133.4
Chrome Mobile,90.0.4430.82,Asus X01AD,Asus,Blink,[object Object],Chrome Mobile 90.0.4430.82 on Asus X01AD (Android 9),2021-05-06T05:15:02.307Z,着席,あ,false,28.8,81.10000000000001,28.6,-1.5,0.6000000000000001,0.8,-0.8,-8.5,-0.4,-143.1,-11.8,157.8
Chrome Mobile,90.0.4430.82,Asus X01AD,Asus,Blink,[object Object],Chrome Mobile 90.0.4430.82 on Asus X01AD (Android 9),2021-05-06T05:15:02.507Z,着席,あ,false,74.8,81.30000000000001,-17.2,2.6,8,0.30000000000000004,2.1,-2.1,-1.2000000000000002,156.10000000000002,1.4,-141.1
Chrome Mobile,90.0.4430.82,Asus X01AD,Asus,Blink,[object Object],Chrome Mobile 90.0.4430.82 on Asus X01AD (Android 9),2021-05-06T05:15:02.708Z,着席,あ,false,338.20000000000005,83.60000000000001,76.2,-3,-1,0,-2,-10.200000000000001,-0.30000000000000004,-104.3,-15.6,139.20000000000002
Chrome Mobile,90.0.4430.82,Asus X01AD,Asus,Blink,[object Object],Chrome Mobile 90.0.4430.82 on Asus X01AD (Android 9),2021-05-06T05:15:02.909Z,着席,あ,false,43.1,83.60000000000001,12,0.7000000000000001,6,3,1,-4.2,1.9000000000000001,119.89999999999999,28,-148.3
Chrome Mobile,90.0.4430.82,Asus X01AD,Asus,Blink,[object Object],Chrome Mobile 90.0.4430.82 on Asus X01AD (Android 9),2021-05-06T05:15:03.110Z,着席,あ,false,7.2,81.5,53,-1.7000000000000002,1.2000000000000002,-0.2,-0.7000000000000001,-7.9,-1,-168.8,-33.2,103.2
Chrome Mobile,90.0.4430.82,Asus X01AD,Asus,Blink,[object Object],Chrome Mobile 90.0.4430.82 on Asus X01AD (Android 9),2021-05-06T05:15:03.310Z,着席,あ,false,58.300000000000004,79.9,2,0.6000000000000001,6.6000000000000005,3.9000000000000004,0.6000000000000001,-3.5,2.1,133.4,-6.2,-119.89999999999999
Chrome Mobile,90.0.4430.82,Asus X01AD,Asus,Blink,[object Object],Chrome Mobile 90.0.4430.82 on Asus X01AD (Android 9),2021-05-06T05:15:03.513Z,着席,あ,false,35.9,81.7,25.6,-1.8,4.1000000000000005,0.2,-1.2000000000000002,-5,-1,-159.6,-1.8000000000000003,123.00000000000001
Chrome Mobile,90.0.4430.82,Asus X01AD,Asus,Blink,[object Object],Chrome Mobile 90.0.4430.82 on Asus X01AD (Android 9),2021-05-06T05:15:03.725Z,着席,あ,false,58.1,84.2,3.4000000000000004,0.30000000000000004,4.4,2.3000000000000003,0.30000000000000004,-5.7,1.3,134.70000000000002,-5.300000000000001,-104.50000000000001
Chrome Mobile,90.0.4430.82,Asus X01AD,Asus,Blink,[object Object],Chrome Mobile 90.0.4430.82 on Asus X01AD (Android 9),2021-05-06T05:15:03.929Z,着席,あ,false,60.900000000000006,82,3.1,0.5,8.6,0,0.6000000000000001,-0.4,-1.3,-186.00000000000003,-9.100000000000001,118.80000000000003
Chrome Mobile,90.0.4430.82,Asus X01AD,Asus,Blink,[object Object],Chrome Mobile 90.0.4430.82 on Asus X01AD (Android 9),2021-05-06T05:15:04.130Z,着席,あ,false,49.800000000000004,81.80000000000001,12.5,-0.5,1.1,4.5,-0.2,-8.9,3.1,121.30000000000001,-21.8,-109.00000000000001
Chrome Mobile,90.0.4430.82,Asus X01AD,Asus,Blink,[object Object],Chrome Mobile 90.0.4430.82 on Asus X01AD (Android 9),2021-05-06T05:15:04.330Z,着席,あ,false,73.60000000000001,77.30000000000001,-9.5,0.8,13.600000000000001,2.5,0.4,4.6000000000000005,0.5,-175.00000000000003,-3.7000000000000006,138.40000000000003
Chrome Mobile,90.0.4430.82,Asus X01AD,Asus,Blink,[object Object],Chrome Mobile 90.0.4430.82 on Asus X01AD (Android 9),2021-05-06T05:15:04.531Z,着席,あ,false,44.900000000000006,85.5,18.5,-0.7000000000000001,1.4000000000000001,2.9000000000000004,-0.5,-8.700000000000001,2.1,140.10000000000002,-23.800000000000004,-117.7
Chrome Mobile,90.0.4430.82,Asus X01AD,Asus,Blink,[object Object],Chrome Mobile 90.0.4430.82 on Asus X01AD (Android 9),2021-05-06T05:15:04.732Z,着席,あ,false,64.60000000000001,79.80000000000001,-0.5,-0.2,11.3,1,-0.2,2.3000000000000003,-0.6000000000000001,-207.20000000000002,2.1,138.10000000000002
Chrome Mobile,90.0.4430.82,Asus X01AD,Asus,Blink,[object Object],Chrome Mobile 90.0.4430.82 on Asus X01AD (Android 9),2021-05-06T05:15:04.932Z,着席,あ,false,30.1,83.9,35,-0.1,1.2000000000000002,2.7,0.5,-8.8,1.9000000000000001,139.4,-25.300000000000004,-114.2
Chrome Mobile,90.0.4430.82,Asus X01AD,Asus,Blink,[object Object],Chrome Mobile 90.0.4430.82 on Asus X01AD (Android 9),2021-05-06T05:15:05.133Z,着席,あ,false,52.800000000000004,80.10000000000001,11.700000000000001,1.2000000000000002,7.5,0.5,1.5,-1.5,-1,-211.70000000000002,10.700000000000001,118.40000000000002
Chrome Mobile,90.0.4430.82,Asus X01AD,Asus,Blink,[object Object],Chrome Mobile 90.0.4430.82 on Asus X01AD (Android 9),2021-05-06T05:15:05.334Z,着席,あ,false,66.60000000000001,82.2,1.2000000000000002,0.5,4.3,3.9000000000000004,0.5,-5.800000000000001,2.5,160.50000000000003,-44.300000000000004,-113.2
Chrome Mobile,90.0.4430.82,Asus X01AD,Asus,Blink,[object Object],Chrome Mobile 90.0.4430.82 on Asus X01AD (Android 9),2021-05-06T05:15:05.545Z,着席,あ,false,34,83,31.200000000000003,-1.7000000000000002,2.7,-2.1,-1.1,-6.4,-3.1,-184.1,9.600000000000001,114.00000000000001
Chrome Mobile,90.0.4430.82,Asus X01AD,Asus,Blink,[object Object],Chrome Mobile 90.0.4430.82 on Asus X01AD (Android 9),2021-05-06T05:15:05.749Z,着席,あ,false,46.2,81.5,18.6,-0.30000000000000004,3,2.8000000000000003,0.1,-7,1.3,160.4,-13.700000000000001,-106.80000000000001
Chrome Mobile,90.0.4430.82,Asus X01AD,Asus,Blink,[object Object],Chrome Mobile 90.0.4430.82 on Asus X01AD (Android 9),2021-05-06T05:15:05.951Z,着席,あ,false,37.800000000000004,82.7,25.700000000000003,-0.8,4.4,-1,-0.30000000000000004,-4.7,-2.1,-174.4,2,119.60000000000002
Chrome Mobile,90.0.4430.82,Asus X01AD,Asus,Blink,[object Object],Chrome Mobile 90.0.4430.82 on Asus X01AD (Android 9),2021-05-06T05:15:06.151Z,着席,あ,false,44.400000000000006,82.80000000000001,17.900000000000002,0.30000000000000004,4.4,2.5,0.6000000000000001,-5.7,1.3,160.8,-26.9,-102.7
Chrome Mobile,90.0.4430.82,Asus X01AD,Asus,Blink,[object Object],Chrome Mobile 90.0.4430.82 on Asus X01AD (Android 9),2021-05-06T05:15:06.352Z,着席,あ,false,41.2,84,21.200000000000003,-0.5,4.2,-3.1,0,-5,-3.6,-165.6,14.700000000000001,120.10000000000001
Chrome Mobile,90.0.4430.82,Asus X01AD,Asus,Blink,[object Object],Chrome Mobile 90.0.4430.82 on Asus X01AD (Android 9),2021-05-06T05:15:06.553Z,着席,あ,false,36,82.30000000000001,24,-0.30000000000000004,4.7,1.1,0.30000000000000004,-5.300000000000001,-0.1,146.4,-7.200000000000001,-92.7
Chrome Mobile,90.0.4430.82,Asus X01AD,Asus,Blink,[object Object],Chrome Mobile 90.0.4430.82 on Asus X01AD (Android 9),2021-05-06T05:15:06.754Z,着席,あ,false,56.800000000000004,80.5,5,0.8,11,2.7,1,1.8,1.2000000000000002,-153.79999999999998,-7.8,122.69999999999999
Chrome Mobile,90.0.4430.82,Asus X01AD,Asus,Blink,[object Object],Chrome Mobile 90.0.4430.82 on Asus X01AD (Android 9),2021-05-06T05:15:06.954Z,着席,あ,false,19.1,86.4,42.6,-1.3,2.7,0.2,-0.8,-7.300000000000001,-0.30000000000000004,103.8,-5.7,-77.00000000000001
Chrome Mobile,90.0.4430.82,Asus X01AD,Asus,Blink,[object Object],Chrome Mobile 90.0.4430.82 on Asus X01AD (Android 9),2021-05-06T05:15:07.155Z,着席,あ,false,71.10000000000001,79.5,-10.600000000000001,3.5,16.7,2,3.2,7.6000000000000005,0.30000000000000004,-156.6,-33.2,118.10000000000001
Chrome Mobile,90.0.4430.82,Asus X01AD,Asus,Blink,[object Object],Chrome Mobile 90.0.4430.82 on Asus X01AD (Android 9),2021-05-06T05:15:07.356Z,着席,あ,false,3,86.60000000000001,54,-1.5,0.5,0.7000000000000001,-1.1,-9.4,0.4,78.4,-7.400000000000001,-77.20000000000002
Chrome Mobile,90.0.4430.82,Asus X01AD,Asus,Blink,[object Object],Chrome Mobile 90.0.4430.82 on Asus X01AD (Android 9),2021-05-06T05:15:07.557Z,着席,あ,false,67.8,75.60000000000001,-9.8,4.6000000000000005,23.8,5.2,4.2,14.600000000000001,2.8000000000000003,-112.7,-45.8,76
Chrome Mobile,90.0.4430.82,Asus X01AD,Asus,Blink,[object Object],Chrome Mobile 90.0.4430.82 on Asus X01AD (Android 9),2021-05-06T05:15:07.757Z,着席,あ,false,335.1,85,83.7,-2.5,-1.9000000000000001,-1.7000000000000002,-1.6,-11.700000000000001,-1.8,56.6,30.000000000000004,-60.7
Chrome Mobile,90.0.4430.82,Asus X01AD,Asus,Blink,[object Object],Chrome Mobile 90.0.4430.82 on Asus X01AD (Android 9),2021-05-06T05:15:07.958Z,着席,あ,false,73.8,72.7,-11.5,8.4,28.3,6.9,7.800000000000001,19.1,4.1000000000000005,-20.1,-29.800000000000004,78.4
Chrome Mobile,90.0.4430.82,Asus X01AD,Asus,Blink,[object Object],Chrome Mobile 90.0.4430.82 on Asus X01AD (Android 9),2021-05-06T05:15:08.160Z,着席,あ,false,127.30000000000001,98.30000000000001,-66.4,-2.7,-4.3,-0.7000000000000001,-1.5,-13.9,-0.2,16.700000000000003,-3.7000000000000006,-12.200000000000001
Chrome Mobile,90.0.4430.82,Asus X01AD,Asus,Blink,[object Object],Chrome Mobile 90.0.4430.82 on Asus X01AD (Android 9),2021-05-06T05:15:08.361Z,着席,あ,false,82.2,68.4,-21.700000000000003,8.8,31.700000000000003,13.700000000000001,7.4,22.6,10.4,11.2,-14.200000000000001,16.700000000000003
Chrome Mobile,90.0.4430.82,Asus X01AD,Asus,Blink,[object Object],Chrome Mobile 90.0.4430.82 on Asus X01AD (Android 9),2021-05-06T05:15:08.561Z,着席,あ,false,137.20000000000002,98.80000000000001,-78.2,-4.3,-6.1000000000000005,-0.6000000000000001,-2.8000000000000003,-15.600000000000001,-0.30000000000000004,45.5,11.6,-32.9
Chrome Mobile,90.0.4430.82,Asus X01AD,Asus,Blink,[object Object],Chrome Mobile 90.0.4430.82 on Asus X01AD (Android 9),2021-05-06T05:15:08.762Z,着席,あ,false,82.10000000000001,74.4,-18.8,6.6000000000000005,30.200000000000003,7.5,5.800000000000001,20.700000000000003,4.9,8.4,19.5,0.5
Chrome Mobile,90.0.4430.82,Asus X01AD,Asus,Blink,[object Object],Chrome Mobile 90.0.4430.82 on Asus X01AD (Android 9),2021-05-06T05:15:08.963Z,着席,あ,false,139.20000000000002,99.7,-77,-4,-5.6000000000000005,0.30000000000000004,-2.4000000000000004,-15,0.6000000000000001,-37.7,15.5,-7
Chrome Mobile,90.0.4430.82,Asus X01AD,Asus,Blink,[object Object],Chrome Mobile 90.0.4430.82 on Asus X01AD (Android 9),2021-05-06T05:15:09.164Z,着席,あ,false,81.7,74,-18.7,6.300000000000001,26.3,6.6000000000000005,5.4,16.7,3.9000000000000004,71.30000000000001,26.200000000000003,-59.60000000000001
Chrome Mobile,90.0.4430.82,Asus X01AD,Asus,Blink,[object Object],Chrome Mobile 90.0.4430.82 on Asus X01AD (Android 9),2021-05-06T05:15:09.364Z,着席,あ,false,145.6,100.9,-84.60000000000001,-3.8000000000000003,-5.7,-0.7000000000000001,-2,-15,-0.5,-24.3,6.8,13.5
Chrome Mobile,90.0.4430.82,Asus X01AD,Asus,Blink,[object Object],Chrome Mobile 90.0.4430.82 on Asus X01AD (Android 9),2021-05-06T05:15:09.565Z,着席,あ,false,84.7,73.5,-21.5,8.4,26.5,4.9,7.300000000000001,16.900000000000002,2.2,121,29.600000000000005,-34.50000000000001
Chrome Mobile,90.0.4430.82,Asus X01AD,Asus,Blink,[object Object],Chrome Mobile 90.0.4430.82 on Asus X01AD (Android 9),2021-05-06T05:15:09.771Z,着席,あ,false,136.4,101.10000000000001,-75.4,-2.8000000000000003,-4.6000000000000005,-2.3000000000000003,-1,-14,-1.8,-21.1,4.800000000000001,33.7
Chrome Mobile,90.0.4430.82,Asus X01AD,Asus,Blink,[object Object],Chrome Mobile 90.0.4430.82 on Asus X01AD (Android 9),2021-05-06T05:15:09.974Z,着席,あ,false,87.10000000000001,68.60000000000001,-22.1,9.700000000000001,29,7.7,8.3,19.6,4.3,108.10000000000001,70.8,-29.500000000000004
Chrome Mobile,90.0.4430.82,Asus X01AD,Asus,Blink,[object Object],Chrome Mobile 90.0.4430.82 on Asus X01AD (Android 9),2021-05-06T05:15:10.175Z,着席,あ,false,144.9,100.60000000000001,-84.4,-3.9000000000000004,-5.4,-1.4000000000000001,-2.2,-14.8,-1.3,11.3,-30.000000000000004,9
Chrome Mobile,90.0.4430.82,Asus X01AD,Asus,Blink,[object Object],Chrome Mobile 90.0.4430.82 on Asus X01AD (Android 9),2021-05-06T05:15:10.375Z,着席,あ,false,94.2,72.7,-32.2,10.700000000000001,28.6,5.7,9.1,19,3.2,136.6,6.300000000000001,-20
Chrome Mobile,90.0.4430.82,Asus X01AD,Asus,Blink,[object Object],Chrome Mobile 90.0.4430.82 on Asus X01AD (Android 9),2021-05-06T05:15:10.577Z,着席,あ,false,138.6,100.5,-78.10000000000001,-4.2,-5.4,-2.3000000000000003,-2.6,-14.700000000000001,-1.9000000000000001,-60.5,5.7,61.300000000000004
Chrome Mobile,90.0.4430.82,Asus X01AD,Asus,Blink,[object Object],Chrome Mobile 90.0.4430.82 on Asus X01AD (Android 9),2021-05-06T05:15:10.781Z,着席,あ,false,84.60000000000001,69.60000000000001,-20.3,7.1000000000000005,22.1,7.7,5.800000000000001,12.600000000000001,4.4,120.7,25.900000000000002,-91.50000000000001
Chrome Mobile,90.0.4430.82,Asus X01AD,Asus,Blink,[object Object],Chrome Mobile 90.0.4430.82 on Asus X01AD (Android 9),2021-05-06T05:15:10.982Z,着席,あ,false,147.8,101.80000000000001,-87.5,-3.7,-4.9,-1.3,-1.8,-14.200000000000001,-1.2000000000000002,-66.1,27.700000000000003,30.3
Chrome Mobile,90.0.4430.82,Asus X01AD,Asus,Blink,[object Object],Chrome Mobile 90.0.4430.82 on Asus X01AD (Android 9),2021-05-06T05:15:11.182Z,着席,あ,false,88.9,74.7,-25.1,8.6,23,1.8,7.5,13.3,-0.6000000000000001,150.8,2.8,-90.6
Chrome Mobile,90.0.4430.82,Asus X01AD,Asus,Blink,[object Object],Chrome Mobile 90.0.4430.82 on Asus X01AD (Android 9),2021-05-06T05:15:11.383Z,着席,あ,false,338.20000000000005,78.80000000000001,83.4,-4.1000000000000005,-5.1000000000000005,-0.9,-2.3000000000000003,-14.3,-1.1,-88.7,34.1,74.5
Chrome Mobile,90.0.4430.82,Asus X01AD,Asus,Blink,[object Object],Chrome Mobile 90.0.4430.82 on Asus X01AD (Android 9),2021-05-06T05:15:11.584Z,着席,あ,false,73,73.8,-8.8,5.1000000000000005,18.5,3.9000000000000004,4.7,8.8,1.1,113.2,21,-110.2
Chrome Mobile,90.0.4430.82,Asus X01AD,Asus,Blink,[object Object],Chrome Mobile 90.0.4430.82 on Asus X01AD (Android 9),2021-05-06T05:15:11.784Z,着席,あ,false,355.70000000000005,78.2,67.2,-2.4000000000000004,-4.4,-0.30000000000000004,-0.6000000000000001,-13.600000000000001,-1,-107.4,14.900000000000002,73.2
Chrome Mobile,90.0.4430.82,Asus X01AD,Asus,Blink,[object Object],Chrome Mobile 90.0.4430.82 on Asus X01AD (Android 9),2021-05-06T05:15:11.985Z,着席,あ,false,67,77.10000000000001,-3.4000000000000004,3.8000000000000003,15.8,1.2000000000000002,3.6,5.9,-1.1,130.70000000000002,20.7,-108.3
Chrome Mobile,90.0.4430.82,Asus X01AD,Asus,Blink,[object Object],Chrome Mobile 90.0.4430.82 on Asus X01AD (Android 9),2021-05-06T05:15:12.186Z,着席,あ,false,4.5,78.80000000000001,59.5,-2.6,-3.4000000000000004,0.1,-1.1,-12.5,-0.8,-125.2,20.400000000000002,87.60000000000001
Chrome Mobile,90.0.4430.82,Asus X01AD,Asus,Blink,[object Object],Chrome Mobile 90.0.4430.82 on Asus X01AD (Android 9),2021-05-06T05:15:12.386Z,着席,あ,false,61,70.2,3.3000000000000003,1,11.100000000000001,6.1000000000000005,1.2000000000000002,1.5,2.7,136,6.500000000000001,-112
Chrome Mobile,90.0.4430.82,Asus X01AD,Asus,Blink,[object Object],Chrome Mobile 90.0.4430.82 on Asus X01AD (Android 9),2021-05-06T05:15:12.587Z,着席,あ,false,27.200000000000003,77.60000000000001,37.7,-2.8000000000000003,-2.8000000000000003,0,-1.6,-11.9,-1.6,-108.8,13.100000000000001,95.20000000000002
Chrome Mobile,90.0.4430.82,Asus X01AD,Asus,Blink,[object Object],Chrome Mobile 90.0.4430.82 on Asus X01AD (Android 9),2021-05-06T05:15:12.787Z,着席,あ,false,68.3,75.3,-2.8000000000000003,2.5,9.9,2.6,2.4000000000000004,0,0.1,146.3,2.3,-111.80000000000001
Chrome Mobile,90.0.4430.82,Asus X01AD,Asus,Blink,[object Object],Chrome Mobile 90.0.4430.82 on Asus X01AD (Android 9),2021-05-06T05:15:12.988Z,着席,あ,false,45.800000000000004,76.10000000000001,20,-2.5,1.4000000000000001,-1,-1.8,-7.6000000000000005,-3.1,-163.6,-8.8,168.2
Chrome Mobile,90.0.4430.82,Asus X01AD,Asus,Blink,[object Object],Chrome Mobile 90.0.4430.82 on Asus X01AD (Android 9),2021-05-06T05:15:13.189Z,着席,あ,false,61.800000000000004,76.10000000000001,-1.9000000000000001,3.2,5.2,5.2,3.1,-4.7,2.8000000000000003,156.3,-27,-166.10000000000002
Chrome Mobile,90.0.4430.82,Asus X01AD,Asus,Blink,[object Object],Chrome Mobile 90.0.4430.82 on Asus X01AD (Android 9),2021-05-06T05:15:13.389Z,着席,あ,false,60.400000000000006,72.4,4.800000000000001,2.3000000000000003,13.3,3.4000000000000004,2.5,4.5,0.6000000000000001,-237.90000000000003,23.2,153
Chrome Mobile,90.0.4430.82,Asus X01AD,Asus,Blink,[object Object],Chrome Mobile 90.0.4430.82 on Asus X01AD (Android 9),2021-05-06T05:15:13.590Z,着席,あ,false,25.1,79.2,38.2,-1.7000000000000002,0.30000000000000004,1.5,-0.6000000000000001,-9.5,0.1,105.10000000000001,0.6000000000000001,-122.10000000000002
Chrome Mobile,90.0.4430.82,Asus X01AD,Asus,Blink,[object Object],Chrome Mobile 90.0.4430.82 on Asus X01AD (Android 9),2021-05-06T05:15:13.790Z,着席,あ,false,52.2,74.60000000000001,12.100000000000001,1,8.700000000000001,0.5,1.5,-0.1,-1.9000000000000001,-182.3,-34.300000000000004,140.9
Chrome Mobile,90.0.4430.82,Asus X01AD,Asus,Blink,[object Object],Chrome Mobile 90.0.4430.82 on Asus X01AD (Android 9),2021-05-06T05:15:13.991Z,着席,あ,false,28.900000000000002,78.5,30.900000000000002,-0.9,2.3000000000000003,1.8,0.2,-7.6000000000000005,0.1,137.5,-6.2,-137.8
Chrome Mobile,90.0.4430.82,Asus X01AD,Asus,Blink,[object Object],Chrome Mobile 90.0.4430.82 on Asus X01AD (Android 9),2021-05-06T05:15:14.191Z,着席,あ,false,42.300000000000004,75.3,17.6,-2.1,8,2.4000000000000004,-1.4000000000000001,-0.9,0.2,-202.30000000000004,25.200000000000003,179
Chrome Mobile,90.0.4430.82,Asus X01AD,Asus,Blink,[object Object],Chrome Mobile 90.0.4430.82 on Asus X01AD (Android 9),2021-05-06T05:15:14.393Z,着席,あ,false,32,78.5,31.900000000000002,-0.4,-1,3.5,0.6000000000000001,-10.8,1.8,75.00000000000001,-16.4,-135.8
Chrome Mobile,90.0.4430.82,Asus X01AD,Asus,Blink,[object Object],Chrome Mobile 90.0.4430.82 on Asus X01AD (Android 9),2021-05-06T05:15:14.593Z,着席,あ,false,69.8,66.8,-3.6,5.4,25.5,7.4,5.2,16.8,3.7,-191.39999999999998,-21.300000000000004,91
Chrome Mobile,90.0.4430.82,Asus X01AD,Asus,Blink,[object Object],Chrome Mobile 90.0.4430.82 on Asus X01AD (Android 9),2021-05-06T05:15:14.793Z,着席,あ,false,37.300000000000004,77.7,29.6,-2.1,-3.9000000000000004,-0.8,-1.1,-13.5,-2.6,87.89999999999999,-27.5,-40.9
Chrome Mobile,90.0.4430.82,Asus X01AD,Asus,Blink,[object Object],Chrome Mobile 90.0.4430.82 on Asus X01AD (Android 9),2021-05-06T05:15:14.994Z,着席,あ,false,81.2,62,-14.100000000000001,5.300000000000001,26.8,10.100000000000001,4.2,18.2,5.800000000000001,-110.80000000000001,-38.1,20.8
Chrome Mobile,90.0.4430.82,Asus X01AD,Asus,Blink,[object Object],Chrome Mobile 90.0.4430.82 on Asus X01AD (Android 9),2021-05-06T05:15:15.195Z,着席,あ,false,42.300000000000004,76.5,24.200000000000003,-2.7,-6.5,0.6000000000000001,-1.8,-16.1,-1.5,45.8,18.6,-27
Chrome Mobile,90.0.4430.82,Asus X01AD,Asus,Blink,[object Object],Chrome Mobile 90.0.4430.82 on Asus X01AD (Android 9),2021-05-06T05:15:15.395Z,着席,あ,false,82.7,62.5,-13.9,6.800000000000001,27.3,12.700000000000001,5.7,18.5,8.3,29.1,21.900000000000002,-22.4
Chrome Mobile,90.0.4430.82,Asus X01AD,Asus,Blink,[object Object],Chrome Mobile 90.0.4430.82 on Asus X01AD (Android 9),2021-05-06T05:15:15.595Z,着席,あ,false,29.1,78.80000000000001,40.1,-5.1000000000000005,-6.5,-0.6000000000000001,-3.9000000000000004,-15.9,-2,-42.800000000000004,29.500000000000004,10.5
Chrome Mobile,90.0.4430.82,Asus X01AD,Asus,Blink,[object Object],Chrome Mobile 90.0.4430.82 on Asus X01AD (Android 9),2021-05-06T05:15:15.806Z,着席,あ,false,86.30000000000001,64.3,-18,7.2,27.200000000000003,11.9,5.800000000000001,18.1,7.800000000000001,21.1,25,-74.7
Chrome Mobile,90.0.4430.82,Asus X01AD,Asus,Blink,[object Object],Chrome Mobile 90.0.4430.82 on Asus X01AD (Android 9),2021-05-06T05:15:16.006Z,着席,あ,false,19.5,78.2,48.900000000000006,-2.9000000000000004,-5.5,-1.6,-1.5,-14.9,-2.9000000000000004,-17.300000000000004,14.300000000000002,19.300000000000004
Chrome Mobile,90.0.4430.82,Asus X01AD,Asus,Blink,[object Object],Chrome Mobile 90.0.4430.82 on Asus X01AD (Android 9),2021-05-06T05:15:16.207Z,着席,あ,false,83.5,58.400000000000006,-17.400000000000002,7.300000000000001,28.8,16.900000000000002,5.7,20.200000000000003,11.9,89.5,39.699999999999996,-17.200000000000003
Chrome Mobile,90.0.4430.82,Asus X01AD,Asus,Blink,[object Object],Chrome Mobile 90.0.4430.82 on Asus X01AD (Android 9),2021-05-06T05:15:16.407Z,着席,あ,false,3.5,79.2,59.6,-3.4000000000000004,-5.300000000000001,-1.5,-1.8,-14.8,-2.4000000000000004,31.9,-46.1,9.600000000000001
Chrome Mobile,90.0.4430.82,Asus X01AD,Asus,Blink,[object Object],Chrome Mobile 90.0.4430.82 on Asus X01AD (Android 9),2021-05-06T05:15:16.608Z,着席,あ,false,80,64.8,-18.400000000000002,7.9,29.200000000000003,10.9,6.6000000000000005,20.3,6.9,-18.6,75.3,-10.8
Chrome Mobile,90.0.4430.82,Asus X01AD,Asus,Blink,[object Object],Chrome Mobile 90.0.4430.82 on Asus X01AD (Android 9),2021-05-06T05:15:16.809Z,着席,あ,false,21.1,76.60000000000001,39.2,-4.2,-5,0.1,-2.8000000000000003,-14.3,-1.6,-61.8,3.3000000000000007,30.3
Chrome Mobile,90.0.4430.82,Asus X01AD,Asus,Blink,[object Object],Chrome Mobile 90.0.4430.82 on Asus X01AD (Android 9),2021-05-06T05:15:17.010Z,着席,あ,false,72.4,67.7,-10.3,4.800000000000001,19,6.300000000000001,4.1000000000000005,9.600000000000001,2.5,112,22.3,-92.2
Chrome Mobile,90.0.4430.82,Asus X01AD,Asus,Blink,[object Object],Chrome Mobile 90.0.4430.82 on Asus X01AD (Android 9),2021-05-06T05:15:17.210Z,着席,あ,false,354.70000000000005,78.2,64.5,-3.1,-4.6000000000000005,0.1,-1.4000000000000001,-14,-0.7000000000000001,-15.2,9.4,37.800000000000004
Chrome Mobile,90.0.4430.82,Asus X01AD,Asus,Blink,[object Object],Chrome Mobile 90.0.4430.82 on Asus X01AD (Android 9),2021-05-06T05:15:17.411Z,着席,あ,false,82.80000000000001,66.4,-19.6,6.9,24.5,11,5.5,15.200000000000001,7.2,103.49999999999999,46,-31.9
Chrome Mobile,90.0.4430.82,Asus X01AD,Asus,Blink,[object Object],Chrome Mobile 90.0.4430.82 on Asus X01AD (Android 9),2021-05-06T05:15:17.611Z,着席,あ,false,359.70000000000005,79.7,63.6,-4.9,-6.2,0.30000000000000004,-3.4000000000000004,-15.600000000000001,-0.5,-50.8,15.700000000000001,17.9
Chrome Mobile,90.0.4430.82,Asus X01AD,Asus,Blink,[object Object],Chrome Mobile 90.0.4430.82 on Asus X01AD (Android 9),2021-05-06T05:15:17.812Z,着席,あ,false,68.2,68.5,-4,2,17.7,9.3,1.8,8.200000000000001,5.6000000000000005,144.10000000000002,14.300000000000002,-65.89999999999999
Chrome Mobile,90.0.4430.82,Asus X01AD,Asus,Blink,[object Object],Chrome Mobile 90.0.4430.82 on Asus X01AD (Android 9),2021-05-06T05:15:18.012Z,着席,あ,false,2.1,79.30000000000001,63.2,-4.6000000000000005,-5.2,-1.1,-3,-14.600000000000001,-1.9000000000000001,-68.3,33.400000000000006,44.00000000000001
Chrome Mobile,90.0.4430.82,Asus X01AD,Asus,Blink,[object Object],Chrome Mobile 90.0.4430.82 on Asus X01AD (Android 9),2021-05-06T05:15:18.213Z,着席,あ,false,82.80000000000001,70.8,-16.400000000000002,7.4,21,2.6,6.4,11.5,-0.5,120.7,15.899999999999999,-64.2
Chrome Mobile,90.0.4430.82,Asus X01AD,Asus,Blink,[object Object],Chrome Mobile 90.0.4430.82 on Asus X01AD (Android 9),2021-05-06T05:15:18.413Z,着席,あ,false,13.9,80.60000000000001,49.800000000000004,-4.4,-4.7,0.7000000000000001,-3.2,-14,-0.30000000000000004,-68.80000000000001,26.5,53.7
Chrome Mobile,90.0.4430.82,Asus X01AD,Asus,Blink,[object Object],Chrome Mobile 90.0.4430.82 on Asus X01AD (Android 9),2021-05-06T05:15:18.614Z,着席,あ,false,85.60000000000001,71.3,-20.3,5.6000000000000005,18.1,4.2,4.5,8.5,1.1,125.80000000000001,10.1,-83.30000000000001
Chrome Mobile,90.0.4430.82,Asus X01AD,Asus,Blink,[object Object],Chrome Mobile 90.0.4430.82 on Asus X01AD (Android 9),2021-05-06T05:15:18.814Z,着席,あ,false,14.9,80.5,49.900000000000006,-4.1000000000000005,-4.1000000000000005,-1,-2.9000000000000004,-13.4,-2,-93.7,26.400000000000006,56.300000000000004
Chrome Mobile,90.0.4430.82,Asus X01AD,Asus,Blink,[object Object],Chrome Mobile 90.0.4430.82 on Asus X01AD (Android 9),2021-05-06T05:15:19.015Z,着席,あ,false,76.60000000000001,70.10000000000001,-11.5,4.2,17.400000000000002,6.800000000000001,3.5,7.9,3.4000000000000004,143.1,-2.9,-68.3
Chrome Mobile,90.0.4430.82,Asus X01AD,Asus,Blink,[object Object],Chrome Mobile 90.0.4430.82 on Asus X01AD (Android 9),2021-05-06T05:15:19.215Z,着席,あ,false,24.6,80.80000000000001,40.7,-3.1,-3.3000000000000003,-0.7000000000000001,-2.1,-12.600000000000001,-1.8,-73.7,18.8,69.3
Chrome Mobile,90.0.4430.82,Asus X01AD,Asus,Blink,[object Object],Chrome Mobile 90.0.4430.82 on Asus X01AD (Android 9),2021-05-06T05:15:19.416Z,着席,あ,false,80.9,72.60000000000001,-13.5,5.4,17.900000000000002,4.4,4.5,8.3,1.2000000000000002,138.8,26.000000000000004,-77.3
Chrome Mobile,90.0.4430.82,Asus X01AD,Asus,Blink,[object Object],Chrome Mobile 90.0.4430.82 on Asus X01AD (Android 9),2021-05-06T05:15:19.616Z,着席,あ,false,15.600000000000001,82.80000000000001,50.1,-3.5,-3.6,-0.6000000000000001,-2.6,-13,-1.4000000000000001,-81.8,18.200000000000003,64.50000000000001
Chrome Mobile,90.0.4430.82,Asus X01AD,Asus,Blink,[object Object],Chrome Mobile 90.0.4430.82 on Asus X01AD (Android 9),2021-05-06T05:15:19.817Z,着席,あ,false,78.10000000000001,75.10000000000001,-12.200000000000001,2.9000000000000004,12.9,3.7,2.4000000000000004,3,1.2000000000000002,151,34.1,-118.2
Chrome Mobile,90.0.4430.82,Asus X01AD,Asus,Blink,[object Object],Chrome Mobile 90.0.4430.82 on Asus X01AD (Android 9),2021-05-06T05:15:20.018Z,着席,あ,false,18.8,81.9,47.300000000000004,-1.5,-2.9000000000000004,-0.7000000000000001,-0.5,-12.100000000000001,-1.6,-119,-11.2,89.2
Chrome Mobile,90.0.4430.82,Asus X01AD,Asus,Blink,[object Object],Chrome Mobile 90.0.4430.82 on Asus X01AD (Android 9),2021-05-06T05:15:20.218Z,着席,あ,false,78.7,74.60000000000001,-10.100000000000001,4.4,14,2.2,3.7,4.2,-0.7000000000000001,155.8,42.900000000000006,-108.3
Chrome Mobile,90.0.4430.82,Asus X01AD,Asus,Blink,[object Object],Chrome Mobile 90.0.4430.82 on Asus X01AD (Android 9),2021-05-06T05:15:20.419Z,着席,あ,false,28.900000000000002,81.5,37.6,-2.2,-1.4000000000000001,-0.1,-1.4000000000000001,-10.600000000000001,-1.2000000000000002,-97.40000000000002,-12.600000000000001,105.7
Chrome Mobile,90.0.4430.82,Asus X01AD,Asus,Blink,[object Object],Chrome Mobile 90.0.4430.82 on Asus X01AD (Android 9),2021-05-06T05:15:20.619Z,着席,あ,false,80.9,78.5,-14.5,3.3000000000000003,10.5,1.8,2.8000000000000003,0.5,-0.2,119.20000000000002,11.1,-137.70000000000002
Chrome Mobile,90.0.4430.82,Asus X01AD,Asus,Blink,[object Object],Chrome Mobile 90.0.4430.82 on Asus X01AD (Android 9),2021-05-06T05:15:20.820Z,着席,あ,false,31.700000000000003,79.9,34.5,-2.6,0.7000000000000001,-1.2000000000000002,-1.6,-8.5,-2.5,-136.2,-2,131.9
Chrome Mobile,90.0.4430.82,Asus X01AD,Asus,Blink,[object Object],Chrome Mobile 90.0.4430.82 on Asus X01AD (Android 9),2021-05-06T05:15:21.021Z,着席,あ,false,65.2,80.60000000000001,0.30000000000000004,1.8,7.300000000000001,0.1,1.8,-2.7,-1.6,137.8,12.4,-108.60000000000001
Chrome Mobile,90.0.4430.82,Asus X01AD,Asus,Blink,[object Object],Chrome Mobile 90.0.4430.82 on Asus X01AD (Android 9),2021-05-06T05:15:21.221Z,着席,あ,false,46.6,80.5,20,-2.2,5.6000000000000005,-0.30000000000000004,-1.6,-3.5,-1.8,-155.3,5.2,143.3
Chrome Mobile,90.0.4430.82,Asus X01AD,Asus,Blink,[object Object],Chrome Mobile 90.0.4430.82 on Asus X01AD (Android 9),2021-05-06T05:15:21.422Z,着席,あ,false,44,82.4,22.200000000000003,0.2,3.2,0,0.7000000000000001,-6.800000000000001,-1.2000000000000002,97.00000000000001,13.700000000000001,-132.3
Chrome Mobile,90.0.4430.82,Asus X01AD,Asus,Blink,[object Object],Chrome Mobile 90.0.4430.82 on Asus X01AD (Android 9),2021-05-06T05:15:21.623Z,着席,あ,false,41.800000000000004,80.80000000000001,22.6,-2.6,11.100000000000001,1.1,-2.1,1.9000000000000001,-0.30000000000000004,-125.7,-18.6,134.9
Chrome Mobile,90.0.4430.82,Asus X01AD,Asus,Blink,[object Object],Chrome Mobile 90.0.4430.82 on Asus X01AD (Android 9),2021-05-06T05:15:21.831Z,着席,あ,false,349,86.9,77.2,-0.30000000000000004,1.5,0.6000000000000001,0.2,-8.5,0.5,83.89999999999999,-4.2,-121.5
Chrome Mobile,90.0.4430.82,Asus X01AD,Asus,Blink,[object Object],Chrome Mobile 90.0.4430.82 on Asus X01AD (Android 9),2021-05-06T05:15:22.032Z,着席,あ,false,72.3,68.8,-8.200000000000001,2.9000000000000004,10.600000000000001,6.800000000000001,2.4000000000000004,2,3.6,-250.00000000000003,-15.6,75.9
Chrome Mobile,90.0.4430.82,Asus X01AD,Asus,Blink,[object Object],Chrome Mobile 90.0.4430.82 on Asus X01AD (Android 9),2021-05-06T05:15:22.232Z,着席,あ,false,67.9,32.7,-3.2,1.1,4.4,10.8,0.7000000000000001,-0.9,2.6,-11.8,-26.6,-8.899999999999999