platform_name,platform_version,platform_product,platform_manufacturer,platform_layout,platform_os,platform_description,date,label,s_movement,do_absolute,do_alpha,do_beta,do_gamma,acc_g_x,acc_g_y,acc_g_z,acc_x,acc_y,acc_z,rot_alpha,rot_beta,rot_gamma
Chrome Mobile,90.0.4430.82,Asus X01AD,Asus,Blink,[object Object],Chrome Mobile 90.0.4430.82 on Asus X01AD (Android 9),2021-05-06T05:35:54.094Z,直立,あ,false,84.60000000000001,18.7,-0.30000000000000004,0.1,3.1,9.3,0,0,-0.1,2.7,-13.700000000000001,-0.7
Chrome Mobile,90.0.4430.82,Asus X01AD,Asus,Blink,[object Object],Chrome Mobile 90.0.4430.82 on Asus X01AD (Android 9),2021-05-06T05:35:54.298Z,直立,あ,false,66.10000000000001,60.5,-5.800000000000001,-2.2,9.1,6.2,-2.7,0.5,1.4000000000000001,-16.6,125.80000000000001,-41
Chrome Mobile,90.0.4430.82,Asus X01AD,Asus,Blink,[object Object],Chrome Mobile 90.0.4430.82 on Asus X01AD (Android 9),2021-05-06T05:35:54.501Z,直立,あ,false,78.9,66.5,-15.600000000000001,0.9,7.7,5.7,-0.2,-1.3,1.9000000000000001,26.400000000000006,-99.39999999999999,41.4
Chrome Mobile,90.0.4430.82,Asus X01AD,Asus,Blink,[object Object],Chrome Mobile 90.0.4430.82 on Asus X01AD (Android 9),2021-05-06T05:35:54.701Z,直立,あ,false,73.60000000000001,64,-2.2,1.5,10.200000000000001,3.1,1.4000000000000001,1.3,-1.2000000000000002,-4.800000000000001,126.49999999999999,-24.599999999999998
Chrome Mobile,90.0.4430.82,Asus X01AD,Asus,Blink,[object Object],Chrome Mobile 90.0.4430.82 on Asus X01AD (Android 9),2021-05-06T05:35:54.902Z,直立,あ,false,81.30000000000001,66.5,-10,1,7,0.4,0.30000000000000004,-2,-3.5,5.300000000000001,-90.1,49.1
Chrome Mobile,90.0.4430.82,Asus X01AD,Asus,Blink,[object Object],Chrome Mobile 90.0.4430.82 on Asus X01AD (Android 9),2021-05-06T05:35:55.102Z,直立,あ,false,72.2,63.1,4,2.3000000000000003,9.3,1.9000000000000001,2.6,0.5,-2.5,29.700000000000006,119.1,-24.8
Chrome Mobile,90.0.4430.82,Asus X01AD,Asus,Blink,[object Object],Chrome Mobile 90.0.4430.82 on Asus X01AD (Android 9),2021-05-06T05:35:55.303Z,直立,あ,false,83.7,67.60000000000001,-7.6000000000000005,2.2,7.300000000000001,1.5,1.8,-1.7000000000000002,-2.2,-22.4,-101.20000000000002,27.700000000000003
Chrome Mobile,90.0.4430.82,Asus X01AD,Asus,Blink,[object Object],Chrome Mobile 90.0.4430.82 on Asus X01AD (Android 9),2021-05-06T05:35:55.504Z,直立,あ,false,70.4,58.800000000000004,10.5,1.5,10,4.1000000000000005,2.4000000000000004,1.5,-1,16,100.9,-17.6
Chrome Mobile,90.0.4430.82,Asus X01AD,Asus,Blink,[object Object],Chrome Mobile 90.0.4430.82 on Asus X01AD (Android 9),2021-05-06T05:35:55.705Z,直立,あ,false,79.30000000000001,62.1,-2.7,-0.5,6.4,1.7000000000000002,-0.7000000000000001,-2.2,-2.9000000000000004,26.300000000000004,-155.9,43.6
Chrome Mobile,90.0.4430.82,Asus X01AD,Asus,Blink,[object Object],Chrome Mobile 90.0.4430.82 on Asus X01AD (Android 9),2021-05-06T05:35:55.905Z,直立,あ,false,73.7,57.6,5.1000000000000005,2.5,9.700000000000001,4,3,1.3,-1.3,54.699999999999996,103.60000000000001,-3.5
Chrome Mobile,90.0.4430.82,Asus X01AD,Asus,Blink,[object Object],Chrome Mobile 90.0.4430.82 on Asus X01AD (Android 9),2021-05-06T05:35:56.106Z,直立,あ,false,83.2,61.7,-6.300000000000001,0,7.6000000000000005,3.8000000000000003,-2.1,-0.7000000000000001,0.1,-23.5,-98.50000000000001,25.1
Chrome Mobile,90.0.4430.82,Asus X01AD,Asus,Blink,[object Object],Chrome Mobile 90.0.4430.82 on Asus X01AD (Android 9),2021-05-06T05:35:56.307Z,直立,あ,false,75,59.2,4.3,3.1,9.200000000000001,3.7,3.5,0.7000000000000001,-1.3,17.799999999999997,82.8,2.2
Chrome Mobile,90.0.4430.82,Asus X01AD,Asus,Blink,[object Object],Chrome Mobile 90.0.4430.82 on Asus X01AD (Android 9),2021-05-06T05:35:56.508Z,直立,あ,false,83.2,62.1,-7.800000000000001,0.2,7.7,4,-0.4,-1,-0.6000000000000001,-18.4,-89.8,-0.8
Chrome Mobile,90.0.4430.82,Asus X01AD,Asus,Blink,[object Object],Chrome Mobile 90.0.4430.82 on Asus X01AD (Android 9),2021-05-06T05:35:56.709Z,直立,あ,false,72.7,61.6,7,2,9.3,3,2.6,0.6000000000000001,-1.7000000000000002,38.50000000000001,95,13.5
Chrome Mobile,90.0.4430.82,Asus X01AD,Asus,Blink,[object Object],Chrome Mobile 90.0.4430.82 on Asus X01AD (Android 9),2021-05-06T05:35:56.910Z,直立,あ,false,83.30000000000001,66.60000000000001,-5.800000000000001,0.6000000000000001,6.6000000000000005,2.8000000000000003,0.1,-2.4000000000000004,-1.1,-18.8,-112.20000000000002,-1.1
Chrome Mobile,90.0.4430.82,Asus X01AD,Asus,Blink,[object Object],Chrome Mobile 90.0.4430.82 on Asus X01AD (Android 9),2021-05-06T05:35:57.111Z,直立,あ,false,70.10000000000001,62.2,7.9,0.6000000000000001,9.4,4.3,1.2000000000000002,0.7000000000000001,-0.2,35,109.60000000000001,37.800000000000004
Chrome Mobile,90.0.4430.82,Asus X01AD,Asus,Blink,[object Object],Chrome Mobile 90.0.4430.82 on Asus X01AD (Android 9),2021-05-06T05:35:57.312Z,直立,あ,false,81.9,66.60000000000001,-4.2,2,6.1000000000000005,2.1,1.7000000000000002,-2.8000000000000003,-1.7000000000000002,-4.800000000000001,-117.80000000000001,8.700000000000001
Chrome Mobile,90.0.4430.82,Asus X01AD,Asus,Blink,[object Object],Chrome Mobile 90.0.4430.82 on Asus X01AD (Android 9),2021-05-06T05:35:57.515Z,直立,あ,false,71.3,64.4,6.5,1.5,9.700000000000001,3.1,2,0.8,-1.2000000000000002,52.900000000000006,113.5,3.8
Chrome Mobile,90.0.4430.82,Asus X01AD,Asus,Blink,[object Object],Chrome Mobile 90.0.4430.82 on Asus X01AD (Android 9),2021-05-06T05:35:57.718Z,直立,あ,false,86.80000000000001,70.3,-11.9,2,6.6000000000000005,-0.1,1.3,-2.5,-3.4000000000000004,-13.700000000000001,-155.8,32.5
Chrome Mobile,90.0.4430.82,Asus X01AD,Asus,Blink,[object Object],Chrome Mobile 90.0.4430.82 on Asus X01AD (Android 9),2021-05-06T05:35:57.923Z,直立,あ,false,73.10000000000001,64.9,3.5,1.2000000000000002,8.9,2.5,1.4000000000000001,0,-1.7000000000000002,38.50000000000001,140.20000000000002,7.9
Chrome Mobile,90.0.4430.82,Asus X01AD,Asus,Blink,[object Object],Chrome Mobile 90.0.4430.82 on Asus X01AD (Android 9),2021-05-06T05:35:58.124Z,直立,あ,false,85.10000000000001,66.8,-7.800000000000001,0.6000000000000001,7.300000000000001,3.8000000000000003,0.1,-1.7000000000000002,0,-19.300000000000004,-117.7,30.200000000000003
Chrome Mobile,90.0.4430.82,Asus X01AD,Asus,Blink,[object Object],Chrome Mobile 90.0.4430.82 on Asus X01AD (Android 9),2021-05-06T05:35:58.324Z,直立,あ,false,75.60000000000001,65.3,0.2,-3.9000000000000004,7,1.8,-3.8000000000000003,-1.9000000000000001,-2.3000000000000003,24.5,141.6,-32.400000000000006
Chrome Mobile,90.0.4430.82,Asus X01AD,Asus,Blink,[object Object],Chrome Mobile 90.0.4430.82 on Asus X01AD (Android 9),2021-05-06T05:35:58.534Z,直立,あ,false,86.4,71.2,-6.4,4.4,7.5,-1.9000000000000001,4,-1.7000000000000002,-5,17.300000000000004,-61.9,24.7
Chrome Mobile,90.0.4430.82,Asus X01AD,Asus,Blink,[object Object],Chrome Mobile 90.0.4430.82 on Asus X01AD (Android 9),2021-05-06T05:35:58.736Z,直立,あ,false,74.10000000000001,68.3,5.4,0.7000000000000001,9.3,0.6000000000000001,1,0.2,-3,22.000000000000004,106.20000000000002,-12.5
Chrome Mobile,90.0.4430.82,Asus X01AD,Asus,Blink,[object Object],Chrome Mobile 90.0.4430.82 on Asus X01AD (Android 9),2021-05-06T05:35:58.937Z,直立,あ,false,85.7,69.2,-8.1,1.3,7.5,1.5,0.9,-1.6,-2,-18.8,-119.30000000000003,30.9
Chrome Mobile,90.0.4430.82,Asus X01AD,Asus,Blink,[object Object],Chrome Mobile 90.0.4430.82 on Asus X01AD (Android 9),2021-05-06T05:35:59.142Z,直立,あ,false,75.7,66.3,4.5,1.5,9.3,2.6,1.8,0.30000000000000004,-1.3,42.900000000000006,98.3,15.899999999999999
Chrome Mobile,90.0.4430.82,Asus X01AD,Asus,Blink,[object Object],Chrome Mobile 90.0.4430.82 on Asus X01AD (Android 9),2021-05-06T05:35:59.344Z,直立,あ,false,89.9,71.7,-15.5,0,6.800000000000001,1.6,-0.8,-2.4000000000000004,-1.3,-22.6,-94.7,36.400000000000006
Chrome Mobile,90.0.4430.82,Asus X01AD,Asus,Blink,[object Object],Chrome Mobile 90.0.4430.82 on Asus X01AD (Android 9),2021-05-06T05:35:59.547Z,直立,あ,false,75.5,67.3,2.3000000000000003,-0.7000000000000001,9.5,2.8000000000000003,-0.5,0.4,-1,26.300000000000004,130.70000000000002,-11.4
Chrome Mobile,90.0.4430.82,Asus X01AD,Asus,Blink,[object Object],Chrome Mobile 90.0.4430.82 on Asus X01AD (Android 9),2021-05-06T05:35:59.748Z,直立,あ,false,88.4,71.4,-11.600000000000001,-0.9,7.1000000000000005,1.2000000000000002,-1.5,-2.1,-1.8,-41.800000000000004,-91.30000000000001,32.6
Chrome Mobile,90.0.4430.82,Asus X01AD,Asus,Blink,[object Object],Chrome Mobile 90.0.4430.82 on Asus X01AD (Android 9),2021-05-06T05:35:59.948Z,直立,あ,false,77.4,67.3,3.8000000000000003,1.2000000000000002,9.8,2.3000000000000003,1.4000000000000001,0.7000000000000001,-1.5,4.6,93.4,-35.8
Chrome Mobile,90.0.4430.82,Asus X01AD,Asus,Blink,[object Object],Chrome Mobile 90.0.4430.82 on Asus X01AD (Android 9),2021-05-06T05:36:00.163Z,直立,あ,false,87.7,71.60000000000001,-8.200000000000001,1,7,1,0.6000000000000001,-2.2,-2,-13.6,-116.6,30.799999999999997
Chrome Mobile,90.0.4430.82,Asus X01AD,Asus,Blink,[object Object],Chrome Mobile 90.0.4430.82 on Asus X01AD (Android 9),2021-05-06T05:36:00.364Z,直立,あ,false,76.7,68.60000000000001,5.300000000000001,1.9000000000000001,9.9,1.3,2.2,0.8,-2.2,30.599999999999998,89.2,-5.500000000000001
Chrome Mobile,90.0.4430.82,Asus X01AD,Asus,Blink,[object Object],Chrome Mobile 90.0.4430.82 on Asus X01AD (Android 9),2021-05-06T05:36:00.566Z,直立,あ,false,87.30000000000001,72.10000000000001,-9.1,0.9,6.7,1.3,0.4,-2.5,-1.6,-29.200000000000003,-109.00000000000001,21.200000000000003
Chrome Mobile,90.0.4430.82,Asus X01AD,Asus,Blink,[object Object],Chrome Mobile 90.0.4430.82 on Asus X01AD (Android 9),2021-05-06T05:36:00.766Z,直立,あ,false,74.3,66,6.300000000000001,-1.4000000000000001,9.700000000000001,4.6000000000000005,-1.1,0.7000000000000001,0.6000000000000001,12.100000000000001,148.8,-25.8
Chrome Mobile,90.0.4430.82,Asus X01AD,Asus,Blink,[object Object],Chrome Mobile 90.0.4430.82 on Asus X01AD (Android 9),2021-05-06T05:36:00.967Z,直立,あ,false,81,71.4,2.3000000000000003,5,7.5,-0.2,5.1000000000000005,-1.7000000000000002,-3.3000000000000003,-8,-121.80000000000001,50.400000000000006
Chrome Mobile,90.0.4430.82,Asus X01AD,Asus,Blink,[object Object],Chrome Mobile 90.0.4430.82 on Asus X01AD (Android 9),2021-05-06T05:36:01.169Z,直立,あ,false,75.3,66.4,1.7000000000000002,-4.7,8.1,4.1000000000000005,-4.6000000000000005,-0.9,0.1,28.500000000000004,115.39999999999999,-16.5
Chrome Mobile,90.0.4430.82,Asus X01AD,Asus,Blink,[object Object],Chrome Mobile 90.0.4430.82 on Asus X01AD (Android 9),2021-05-06T05:36:01.371Z,直立,あ,false,83.7,70.60000000000001,-0.6000000000000001,4.1000000000000005,7.4,-0.5,4.1000000000000005,-1.8,-3.8000000000000003,5.300000000000001,-70.5,31.3
Chrome Mobile,90.0.4430.82,Asus X01AD,Asus,Blink,[object Object],Chrome Mobile 90.0.4430.82 on Asus X01AD (Android 9),2021-05-06T05:36:01.572Z,直立,あ,false,78.9,65.60000000000001,-3,-6.5,8.700000000000001,5.7,-6.7,-0.2,1.7000000000000002,17.5,97.50000000000001,-17.5
Chrome Mobile,90.0.4430.82,Asus X01AD,Asus,Blink,[object Object],Chrome Mobile 90.0.4430.82 on Asus X01AD (Android 9),2021-05-06T05:36:01.773Z,直立,あ,false,83.80000000000001,69.8,-0.9,7.1000000000000005,7.4,1.9000000000000001,7.1000000000000005,-1.8,-1.5,40.2,-26.200000000000003,28.600000000000005
Chrome Mobile,90.0.4430.82,Asus X01AD,Asus,Blink,[object Object],Chrome Mobile 90.0.4430.82 on Asus X01AD (Android 9),2021-05-06T05:36:01.974Z,直立,あ,false,80.30000000000001,64.7,-6.7,-7.5,9.8,6.800000000000001,-8,0.9,2.6,10,59.40000000000001,-33.800000000000004
Chrome Mobile,90.0.4430.82,Asus X01AD,Asus,Blink,[object Object],Chrome Mobile 90.0.4430.82 on Asus X01AD (Android 9),2021-05-06T05:36:02.175Z,直立,あ,false,82.2,69.5,-0.2,6.6000000000000005,6.6000000000000005,2.2,6.6000000000000005,-2.5,-1.2000000000000002,15.5,-13.5,3.3000000000000007
Chrome Mobile,90.0.4430.82,Asus X01AD,Asus,Blink,[object Object],Chrome Mobile 90.0.4430.82 on Asus X01AD (Android 9),2021-05-06T05:36:02.376Z,直立,あ,false,83.9,65.10000000000001,-11.8,-9.3,9.600000000000001,7.5,-10.200000000000001,0.7000000000000001,3.4000000000000004,18.4,51.300000000000004,-23.2
Chrome Mobile,90.0.4430.82,Asus X01AD,Asus,Blink,[object Object],Chrome Mobile 90.0.4430.82 on Asus X01AD (Android 9),2021-05-06T05:36:02.577Z,直立,あ,false,84.2,68.7,0.8,9.8,8.700000000000001,3.7,9.8,-0.4,0.2,31.3,16.8,17.9
Chrome Mobile,90.0.4430.82,Asus X01AD,Asus,Blink,[object Object],Chrome Mobile 90.0.4430.82 on Asus X01AD (Android 9),2021-05-06T05:36:02.779Z,直立,あ,false,84.10000000000001,65.8,-12,-10.600000000000001,9.700000000000001,8.5,-11.4,0.8,4.6000000000000005,-11.5,17.300000000000004,-29.200000000000003
Chrome Mobile,90.0.4430.82,Asus X01AD,Asus,Blink,[object Object],Chrome Mobile 90.0.4430.82 on Asus X01AD (Android 9),2021-05-06T05:36:02.980Z,直立,あ,false,77.9,68.4,3.5,8.4,8.200000000000001,9.3,8.700000000000001,-0.9,5.7,-8.899999999999999,31.099999999999998,-10.700000000000001
Chrome Mobile,90.0.4430.82,Asus X01AD,Asus,Blink,[object Object],Chrome Mobile 90.0.4430.82 on Asus X01AD (Android 9),2021-05-06T05:36:03.185Z,直立,あ,false,83.9,65.4,-12.3,-9.600000000000001,10.5,9.1,-10.4,1.7000000000000002,5.2,-27.400000000000002,-6,-19
Chrome Mobile,90.0.4430.82,Asus X01AD,Asus,Blink,[object Object],Chrome Mobile 90.0.4430.82 on Asus X01AD (Android 9),2021-05-06T05:36:03.387Z,直立,あ,false,77.80000000000001,67.7,4.2,7.7,7.4,6.300000000000001,9.5,-1.1,3.6,-8.8,32.7,-30.5
Chrome Mobile,90.0.4430.82,Asus X01AD,Asus,Blink,[object Object],Chrome Mobile 90.0.4430.82 on Asus X01AD (Android 9),2021-05-06T05:36:03.588Z,直立,あ,false,81.10000000000001,64.60000000000001,-11.4,-9.8,9.5,8.700000000000001,-10.700000000000001,0.7000000000000001,4.6000000000000005,-50.900000000000006,-20.5,-67.00000000000001
Chrome Mobile,90.0.4430.82,Asus X01AD,Asus,Blink,[object Object],Chrome Mobile 90.0.4430.82 on Asus X01AD (Android 9),2021-05-06T05:36:03.789Z,直立,あ,false,81.5,69.10000000000001,2.7,13.5,9,4.7,13.600000000000001,-0.2,1.2000000000000002,30.1,9.899999999999999,35.2
Chrome Mobile,90.0.4430.82,Asus X01AD,Asus,Blink,[object Object],Chrome Mobile 90.0.4430.82 on Asus X01AD (Android 9),2021-05-06T05:36:03.990Z,直立,あ,false,90.4,63.5,-20.200000000000003,-7.5,15.3,12.700000000000001,-9,6.6000000000000005,8.6,-19.200000000000003,-69.9,-18
Chrome Mobile,90.0.4430.82,Asus X01AD,Asus,Blink,[object Object],Chrome Mobile 90.0.4430.82 on Asus X01AD (Android 9),2021-05-06T05:36:04.191Z,直立,あ,false,69,68.60000000000001,14.600000000000001,10.100000000000001,8.200000000000001,4.7,11,-0.9,1.3,-3.8,17,-5
Chrome Mobile,90.0.4430.82,Asus X01AD,Asus,Blink,[object Object],Chrome Mobile 90.0.4430.82 on Asus X01AD (Android 9),2021-05-06T05:36:04.392Z,直立,あ,false,92.4,66,-21.900000000000002,-3.8000000000000003,13.4,6.6000000000000005,-5.300000000000001,4.5,2.9000000000000004,-46.300000000000004,-101.7,17.400000000000002
Chrome Mobile,90.0.4430.82,Asus X01AD,Asus,Blink,[object Object],Chrome Mobile 90.0.4430.82 on Asus X01AD (Android 9),2021-05-06T05:36:04.593Z,直立,あ,false,76,70.10000000000001,6.9,9,10.600000000000001,0.6000000000000001,9.4,1.3,-2.7,41.6,58.1,-19.200000000000003
Chrome Mobile,90.0.4430.82,Asus X01AD,Asus,Blink,[object Object],Chrome Mobile 90.0.4430.82 on Asus X01AD (Android 9),2021-05-06T05:36:04.793Z,直立,あ,false,88.10000000000001,68.5,-13.8,-3,10.3,4.3,-3.8000000000000003,1.3,0.9,-46,-115.60000000000001,34.60000000000001
Chrome Mobile,90.0.4430.82,Asus X01AD,Asus,Blink,[object Object],Chrome Mobile 90.0.4430.82 on Asus X01AD (Android 9),2021-05-06T05:36:04.994Z,直立,あ,false,76.9,68.60000000000001,5.5,3.3000000000000003,9.600000000000001,4,5.9,1.1,0.7000000000000001,27.099999999999998,106.80000000000001,26.9
Chrome Mobile,90.0.4430.82,Asus X01AD,Asus,Blink,[object Object],Chrome Mobile 90.0.4430.82 on Asus X01AD (Android 9),2021-05-06T05:36:05.195Z,直立,あ,false,88.9,70.10000000000001,-9.5,0.9,7.4,4,0.30000000000000004,-1.7000000000000002,0.7000000000000001,-27.9,-109.9,31.400000000000002
Chrome Mobile,90.0.4430.82,Asus X01AD,Asus,Blink,[object Object],Chrome Mobile 90.0.4430.82 on Asus X01AD (Android 9),2021-05-06T05:36:05.396Z,直立,あ,false,75.3,70.7,4.4,1.3,8.5,1.4000000000000001,1.6,-0.8,-1.9000000000000001,19.9,121,-36.9
Chrome Mobile,90.0.4430.82,Asus X01AD,Asus,Blink,[object Object],Chrome Mobile 90.0.4430.82 on Asus X01AD (Android 9),2021-05-06T05:36:05.598Z,直立,あ,false,93,72.9,-9.1,3.2,7.1000000000000005,1.5,2.7,-2.2,-1.3,-18.700000000000003,-82.8,16.4
Chrome Mobile,90.0.4430.82,Asus X01AD,Asus,Blink,[object Object],Chrome Mobile 90.0.4430.82 on Asus X01AD (Android 9),2021-05-06T05:36:05.799Z,直立,あ,false,81.7,69.10000000000001,-2.7,-2.3000000000000003,9,3.9000000000000004,-2.5,-0.1,0.4,36.9,82.60000000000001,-2.2
Chrome Mobile,90.0.4430.82,Asus X01AD,Asus,Blink,[object Object],Chrome Mobile 90.0.4430.82 on Asus X01AD (Android 9),2021-05-06T05:36:05.999Z,直立,あ,false,90.80000000000001,73.2,-8.6,6.1000000000000005,7.800000000000001,-1,5.7,-1.5,-3.8000000000000003,5.500000000000001,-69.60000000000001,12.299999999999999
Chrome Mobile,90.0.4430.82,Asus X01AD,Asus,Blink,[object Object],Chrome Mobile 90.0.4430.82 on Asus X01AD (Android 9),2021-05-06T05:36:06.205Z,直立,あ,false,80.10000000000001,69.4,-6.4,-9,8.6,6.4,-9.4,-0.5,2.9000000000000004,3.9,61.7,-18.8
Chrome Mobile,90.0.4430.82,Asus X01AD,Asus,Blink,[object Object],Chrome Mobile 90.0.4430.82 on Asus X01AD (Android 9),2021-05-06T05:36:06.412Z,直立,あ,false,86.2,73,-2.2,10.200000000000001,8.6,3.6,10.100000000000001,-0.8,0.8,28.600000000000005,-6.2,12.4
Chrome Mobile,90.0.4430.82,Asus X01AD,Asus,Blink,[object Object],Chrome Mobile 90.0.4430.82 on Asus X01AD (Android 9),2021-05-06T05:36:06.613Z,直立,あ,false,79.5,70.10000000000001,-5.4,-12,9.4,6.1000000000000005,-12.3,0.30000000000000004,2.8000000000000003,1.8000000000000003,49,-20.900000000000002
Chrome Mobile,90.0.4430.82,Asus X01AD,Asus,Blink,[object Object],Chrome Mobile 90.0.4430.82 on Asus X01AD (Android 9),2021-05-06T05:36:06.814Z,直立,あ,false,83.30000000000001,71.4,3.2,9.1,7.300000000000001,3.2,9.200000000000001,-1.9000000000000001,0.1,17.300000000000004,4.5,17.9
Chrome Mobile,90.0.4430.82,Asus X01AD,Asus,Blink,[object Object],Chrome Mobile 90.0.4430.82 on Asus X01AD (Android 9),2021-05-06T05:36:07.016Z,直立,あ,false,92.7,64.2,-20.200000000000003,-10.3,13,9.200000000000001,-11.8,4.2,5.2,-38.60000000000001,-35.1,14.5
Chrome Mobile,90.0.4430.82,Asus X01AD,Asus,Blink,[object Object],Chrome Mobile 90.0.4430.82 on Asus X01AD (Android 9),2021-05-06T05:36:07.216Z,直立,あ,false,90.30000000000001,67.4,-4.6000000000000005,11.8,9.200000000000001,4.9,11.4,0.2,1.1,-0.4,35.599999999999994,2.4000000000000004
Chrome Mobile,90.0.4430.82,Asus X01AD,Asus,Blink,[object Object],Chrome Mobile 90.0.4430.82 on Asus X01AD (Android 9),2021-05-06T05:36:07.417Z,直立,あ,false,92.7,64.9,-21.5,-7.6000000000000005,10.200000000000001,9.700000000000001,-9.1,1.3,5.9,-35.2,-84.3,-5.4
Chrome Mobile,90.0.4430.82,Asus X01AD,Asus,Blink,[object Object],Chrome Mobile 90.0.4430.82 on Asus X01AD (Android 9),2021-05-06T05:36:07.618Z,直立,あ,false,90.30000000000001,66.5,-7.7,11.4,10.100000000000001,1.9000000000000001,10.4,1.3,-2.4000000000000004,5.8,39.400000000000006,-3.7000000000000006
Chrome Mobile,90.0.4430.82,Asus X01AD,Asus,Blink,[object Object],Chrome Mobile 90.0.4430.82 on Asus X01AD (Android 9),2021-05-06T05:36:07.819Z,直立,あ,false,87.7,64.10000000000001,-14.600000000000001,-6.1000000000000005,8,7.9,-7.2,-0.8,3.8000000000000003,-25.300000000000004,-82.10000000000001,-2.8
Chrome Mobile,90.0.4430.82,Asus X01AD,Asus,Blink,[object Object],Chrome Mobile 90.0.4430.82 on Asus X01AD (Android 9),2021-05-06T05:36:08.020Z,直立,あ,false,74.2,64,11.600000000000001,3.4000000000000004,8.700000000000001,5.800000000000001,4.2,-0.2,1.6,50.5,53.2,23.5
Chrome Mobile,90.0.4430.82,Asus X01AD,Asus,Blink,[object Object],Chrome Mobile 90.0.4430.82 on Asus X01AD (Android 9),2021-05-06T05:36:08.221Z,直立,あ,false,94.30000000000001,70.2,-16.7,-7.1000000000000005,8.3,3.9000000000000004,-8.1,-0.8,0.8,-37.800000000000004,-59.60000000000001,6.9
Chrome Mobile,90.0.4430.82,Asus X01AD,Asus,Blink,[object Object],Chrome Mobile 90.0.4430.82 on Asus X01AD (Android 9),2021-05-06T05:36:08.421Z,直立,あ,false,84.5,70.10000000000001,1.3,8.5,10.700000000000001,0.7000000000000001,8.6,1.5,-2.6,25.200000000000003,46.199999999999996,-10.1
Chrome Mobile,90.0.4430.82,Asus X01AD,Asus,Blink,[object Object],Chrome Mobile 90.0.4430.82 on Asus X01AD (Android 9),2021-05-06T05:36:08.622Z,直立,あ,false,103.9,69,-29.200000000000003,-2.9000000000000004,9.200000000000001,3.8000000000000003,-4.6000000000000005,0.1,0.7000000000000001,-31.9,-84.69999999999999,37.800000000000004
Chrome Mobile,90.0.4430.82,Asus X01AD,Asus,Blink,[object Object],Chrome Mobile 90.0.4430.82 on Asus X01AD (Android 9),2021-05-06T05:36:08.823Z,直立,あ,false,86.5,68.10000000000001,-0.5,8.4,10.600000000000001,2,8.4,1.5,-1.6,47.60000000000001,51.6,-14.5
Chrome Mobile,90.0.4430.82,Asus X01AD,Asus,Blink,[object Object],Chrome Mobile 90.0.4430.82 on Asus X01AD (Android 9),2021-05-06T05:36:09.024Z,直立,あ,false,95.5,68.3,-20.3,-5.5,9.4,5.1000000000000005,-6.7,0.4,1.7000000000000002,-35.9,-116.6,32.5
Chrome Mobile,90.0.4430.82,Asus X01AD,Asus,Blink,[object Object],Chrome Mobile 90.0.4430.82 on Asus X01AD (Android 9),2021-05-06T05:36:09.225Z,直立,あ,false,83.4,67.5,-0.9,8,10.3,2.4000000000000004,7.9,1.2000000000000002,-1.5,29.600000000000005,70.6,2
Chrome Mobile,90.0.4430.82,Asus X01AD,Asus,Blink,[object Object],Chrome Mobile 90.0.4430.82 on Asus X01AD (Android 9),2021-05-06T05:36:09.426Z,直立,あ,false,93.80000000000001,66.60000000000001,-21,-3.2,9.3,5.2,-4.6000000000000005,0.4,1.6,-11.5,-118.40000000000002,35.699999999999996
Chrome Mobile,90.0.4430.82,Asus X01AD,Asus,Blink,[object Object],Chrome Mobile 90.0.4430.82 on Asus X01AD (Android 9),2021-05-06T05:36:09.627Z,直立,あ,false,81.9,66.60000000000001,0.9,7,10.700000000000001,2.7,7.1000000000000005,1.6,-1.2000000000000002,55.2,59.5,7.9
Chrome Mobile,90.0.4430.82,Asus X01AD,Asus,Blink,[object Object],Chrome Mobile 90.0.4430.82 on Asus X01AD (Android 9),2021-05-06T05:36:09.828Z,直立,あ,false,92.10000000000001,69,-17.1,-2.6,8.200000000000001,5.4,-3.7,-0.9,2.1,-16.6,-100.70000000000002,13.3
Chrome Mobile,90.0.4430.82,Asus X01AD,Asus,Blink,[object Object],Chrome Mobile 90.0.4430.82 on Asus X01AD (Android 9),2021-05-06T05:36:10.030Z,直立,あ,false,80.80000000000001,67.4,1.6,1.4000000000000001,10.3,4.3,1.5,1.3,0.6000000000000001,12.100000000000001,114.50000000000001,-6.1000000000000005
Chrome Mobile,90.0.4430.82,Asus X01AD,Asus,Blink,[object Object],Chrome Mobile 90.0.4430.82 on Asus X01AD (Android 9),2021-05-06T05:36:10.232Z,直立,あ,false,95.7,70.2,-16.5,1.9000000000000001,8,2.7,1,-1.2000000000000002,-0.5,-25.5,-87.2,-2.8
Chrome Mobile,90.0.4430.82,Asus X01AD,Asus,Blink,[object Object],Chrome Mobile 90.0.4430.82 on Asus X01AD (Android 9),2021-05-06T05:36:10.436Z,直立,あ,false,79.10000000000001,67.4,-2.8000000000000003,-2.8000000000000003,8.4,3.6,-3,-0.6000000000000001,-0.2,5.500000000000001,98.50000000000001,-12
Chrome Mobile,90.0.4430.82,Asus X01AD,Asus,Blink,[object Object],Chrome Mobile 90.0.4430.82 on Asus X01AD (Android 9),2021-05-06T05:36:10.637Z,直立,あ,false,84.9,70,-6.2,3.1,6.9,0.7000000000000001,4.4,-1.8,-2.5,-3.5,-58.800000000000004,8.100000000000001
Chrome Mobile,90.0.4430.82,Asus X01AD,Asus,Blink,[object Object],Chrome Mobile 90.0.4430.82 on Asus X01AD (Android 9),2021-05-06T05:36:10.838Z,直立,あ,false,78.10000000000001,64.2,-7.7,-2.4000000000000004,9,6.2,-3,0.2,1.9000000000000001,14.900000000000002,91.6,-7.8
Chrome Mobile,90.0.4430.82,Asus X01AD,Asus,Blink,[object Object],Chrome Mobile 90.0.4430.82 on Asus X01AD (Android 9),2021-05-06T05:36:11.039Z,直立,あ,false,86.60000000000001,70.4,-9.600000000000001,6,7.800000000000001,-0.2,5.4,-1.4000000000000001,-3.4000000000000004,4.7,-39.50000000000001,24.7
Chrome Mobile,90.0.4430.82,Asus X01AD,Asus,Blink,[object Object],Chrome Mobile 90.0.4430.82 on Asus X01AD (Android 9),2021-05-06T05:36:11.246Z,直立,あ,false,83.60000000000001,64.60000000000001,-10.3,-8.6,9.1,7.2,-9.4,0.30000000000000004,3,11.6,8.4,8.8
Chrome Mobile,90.0.4430.82,Asus X01AD,Asus,Blink,[object Object],Chrome Mobile 90.0.4430.82 on Asus X01AD (Android 9),2021-05-06T05:36:11.448Z,直立,あ,false,84,71.60000000000001,-7.4,5,7.300000000000001,4.1000000000000005,4.6000000000000005,-2,1.1,14.900000000000002,9.700000000000001,14.900000000000002
Chrome Mobile,90.0.4430.82,Asus X01AD,Asus,Blink,[object Object],Chrome Mobile 90.0.4430.82 on Asus X01AD (Android 9),2021-05-06T05:36:11.662Z,直立,あ,false,100.60000000000001,68.10000000000001,-25.1,-4,11.3,8.200000000000001,-5.6000000000000005,2.3000000000000003,4.9,14.5,61.300000000000004,-16.3
Chrome Mobile,90.0.4430.82,Asus X01AD,Asus,Blink,[object Object],Chrome Mobile 90.0.4430.82 on Asus X01AD (Android 9),2021-05-06T05:36:11.870Z,直立,あ,false,89.60000000000001,73.9,-7.5,3.1,5.6000000000000005,3,2.7,-3.8000000000000003,0.30000000000000004,-0.5,10.9,3.9
Chrome Mobile,90.0.4430.82,Asus X01AD,Asus,Blink,[object Object],Chrome Mobile 90.0.4430.82 on Asus X01AD (Android 9),2021-05-06T05:36:12.071Z,直立,あ,false,89.2,68.60000000000001,-11.3,-6.300000000000001,9.3,4.4,-7,0.2,1,17.6,82.60000000000001,-3.7000000000000006
Chrome Mobile,90.0.4430.82,Asus X01AD,Asus,Blink,[object Object],Chrome Mobile 90.0.4430.82 on Asus X01AD (Android 9),2021-05-06T05:36:12.279Z,直立,あ,false,96.80000000000001,71,-7.9,6,7.2,3.5,5.6000000000000005,-2.1,0.4,8.4,-5,25
Chrome Mobile,90.0.4430.82,Asus X01AD,Asus,Blink,[object Object],Chrome Mobile 90.0.4430.82 on Asus X01AD (Android 9),2021-05-06T05:36:12.481Z,直立,あ,false,100.2,65.3,-17.400000000000002,-5.9,10.9,8.3,-7.1000000000000005,2,4.4,8.600000000000001,50,-14.400000000000002
Chrome Mobile,90.0.4430.82,Asus X01AD,Asus,Blink,[object Object],Chrome Mobile 90.0.4430.82 on Asus X01AD (Android 9),2021-05-06T05:36:12.692Z,直立,あ,false,93.30000000000001,70.3,-2.3000000000000003,6.800000000000001,7.2,2.1,6.7,-2,-1.1,-5.1000000000000005,0.1,-11.5
Chrome Mobile,90.0.4430.82,Asus X01AD,Asus,Blink,[object Object],Chrome Mobile 90.0.4430.82 on Asus X01AD (Android 9),2021-05-06T05:36:12.894Z,直立,あ,false,94,64.7,-12.9,-7.1000000000000005,10,9.3,-8,1.2000000000000002,5.2,1.5,-7.400000000000001,-4.5
Chrome Mobile,90.0.4430.82,Asus X01AD,Asus,Blink,[object Object],Chrome Mobile 90.0.4430.82 on Asus X01AD (Android 9),2021-05-06T05:36:13.095Z,直立,あ,false,94.5,70,-2.4000000000000004,8.1,7.6000000000000005,3.5,8,-1.5,0.1,2.2,37.1,2.7
Chrome Mobile,90.0.4430.82,Asus X01AD,Asus,Blink,[object Object],Chrome Mobile 90.0.4430.82 on Asus X01AD (Android 9),2021-05-06T05:36:13.297Z,直立,あ,false,99.5,66.3,-15.3,-7.1000000000000005,11.600000000000001,6.300000000000001,-8.200000000000001,2.7,2.5,-38.60000000000001,48.50000000000001,-8
Chrome Mobile,90.0.4430.82,Asus X01AD,Asus,Blink,[object Object],Chrome Mobile 90.0.4430.82 on Asus X01AD (Android 9),2021-05-06T05:36:13.498Z,直立,あ,false,87,71.2,5.7,9.600000000000001,9.8,3.4000000000000004,10,0.5,0.2,19.1,-29.400000000000002,-17.400000000000002
Chrome Mobile,90.0.4430.82,Asus X01AD,Asus,Blink,[object Object],Chrome Mobile 90.0.4430.82 on Asus X01AD (Android 9),2021-05-06T05:36:13.699Z,直立,あ,false,98.9,68.4,-17.3,-4.2,11.100000000000001,6.800000000000001,-5.300000000000001,2.1,3.4000000000000004,-55.8,-76.89999999999999,28.200000000000003
Chrome Mobile,90.0.4430.82,Asus X01AD,Asus,Blink,[object Object],Chrome Mobile 90.0.4430.82 on Asus X01AD (Android 9),2021-05-06T05:36:13.902Z,直立,あ,false,89.9,70.10000000000001,1,7.1000000000000005,10.100000000000001,0.1,7.2,0.9,-3.2,27.3,37.9,-0.8
Chrome Mobile,90.0.4430.82,Asus X01AD,Asus,Blink,[object Object],Chrome Mobile 90.0.4430.82 on Asus X01AD (Android 9),2021-05-06T05:36:14.102Z,直立,あ,false,98.5,68.7,-16.8,-5.2,9.700000000000001,5.5,-6.2,0.7000000000000001,2.1,-70.8,-46.9,23.400000000000002
Chrome Mobile,90.0.4430.82,Asus X01AD,Asus,Blink,[object Object],Chrome Mobile 90.0.4430.82 on Asus X01AD (Android 9),2021-05-06T05:36:14.303Z,直立,あ,false,85.30000000000001,66.60000000000001,5.1000000000000005,3.6,10.5,4,5.300000000000001,1.8,0,22.3,59.40000000000001,-17.6
Chrome Mobile,90.0.4430.82,Asus X01AD,Asus,Blink,[object Object],Chrome Mobile 90.0.4430.82 on Asus X01AD (Android 9),2021-05-06T05:36:14.504Z,直立,あ,false,97.4,69.7,-12.3,-0.1,7.6000000000000005,3.9000000000000004,-0.8,-1.5,0.6000000000000001,-25.7,-100.80000000000001,29.800000000000004
Chrome Mobile,90.0.4430.82,Asus X01AD,Asus,Blink,[object Object],Chrome Mobile 90.0.4430.82 on Asus X01AD (Android 9),2021-05-06T05:36:14.705Z,直立,あ,false,87.5,67.10000000000001,0.2,0.7000000000000001,9.9,3.8000000000000003,-0.4,0.4,0.2,36.7,90.5,-21
Chrome Mobile,90.0.4430.82,Asus X01AD,Asus,Blink,[object Object],Chrome Mobile 90.0.4430.82 on Asus X01AD (Android 9),2021-05-06T05:36:14.906Z,直立,あ,false,96.7,71.3,-8.700000000000001,4,7.800000000000001,0.6000000000000001,3.5,-1.4000000000000001,-2.4000000000000004,-28.600000000000005,-90.9,24
Chrome Mobile,90.0.4430.82,Asus X01AD,Asus,Blink,[object Object],Chrome Mobile 90.0.4430.82 on Asus X01AD (Android 9),2021-05-06T05:36:15.108Z,直立,あ,false,87.60000000000001,66.5,-2,-2.6,8.5,3,-2.8000000000000003,-0.4,-0.9,26.799999999999997,96.80000000000001,-13.399999999999999
Chrome Mobile,90.0.4430.82,Asus X01AD,Asus,Blink,[object Object],Chrome Mobile 90.0.4430.82 on Asus X01AD (Android 9),2021-05-06T05:36:15.309Z,直立,あ,false,93.2,70,-2.1,4.3,7.4,-1,4.1000000000000005,-1.8,-4.3,25.1,-72.80000000000001,37.2
Chrome Mobile,90.0.4430.82,Asus X01AD,Asus,Blink,[object Object],Chrome Mobile 90.0.4430.82 on Asus X01AD (Android 9),2021-05-06T05:36:15.510Z,直立,あ,false,87.7,65.60000000000001,-5.5,-4.800000000000001,9.3,6.5,-5.2,0.4,2.5,12.7,96.30000000000001,-37.800000000000004
Chrome Mobile,90.0.4430.82,Asus X01AD,Asus,Blink,[object Object],Chrome Mobile 90.0.4430.82 on Asus X01AD (Android 9),2021-05-06T05:36:15.711Z,直立,あ,false,91.9,70.3,-3,4.4,7.4,-0.7000000000000001,4.6000000000000005,-1.7000000000000002,-4.2,25.5,-54.6,37.1
Chrome Mobile,90.0.4430.82,Asus X01AD,Asus,Blink,[object Object],Chrome Mobile 90.0.4430.82 on Asus X01AD (Android 9),2021-05-06T05:36:15.912Z,直立,あ,false,87.60000000000001,65.8,-4.4,-6,9.8,7.2,-6.300000000000001,0.8,3.2,15.000000000000002,68,-20.5
Chrome Mobile,90.0.4430.82,Asus X01AD,Asus,Blink,[object Object],Chrome Mobile 90.0.4430.82 on Asus X01AD (Android 9),2021-05-06T05:36:16.114Z,直立,あ,false,95.4,72.3,-6.4,5,7.9,-0.2,4.7,-1.4000000000000001,-3.1,4.6,-60.5,30.599999999999998
Chrome Mobile,90.0.4430.82,Asus X01AD,Asus,Blink,[object Object],Chrome Mobile 90.0.4430.82 on Asus X01AD (Android 9),2021-05-06T05:36:16.319Z,直立,あ,false,92.80000000000001,65,-11.5,-5.5,9.700000000000001,7.2,-6.4,0.9,3.2,9,34.60000000000001,-0.4
Chrome Mobile,90.0.4430.82,Asus X01AD,Asus,Blink,[object Object],Chrome Mobile 90.0.4430.82 on Asus X01AD (Android 9),2021-05-06T05:36:16.522Z,直立,あ,false,82.5,65.60000000000001,8.3,6.300000000000001,7,8.200000000000001,6.9,-1.9000000000000001,4.2,-16.200000000000003,20.3,-7.500000000000001
Chrome Mobile,90.0.4430.82,Asus X01AD,Asus,Blink,[object Object],Chrome Mobile 90.0.4430.82 on Asus X01AD (Android 9),2021-05-06T05:36:16.723Z,直立,あ,false,92.4,63.900000000000006,-11.600000000000001,-8.8,11,10.9,-9.600000000000001,2.2,6.7,-15.100000000000001,-0.5,-6.600000000000001
Chrome Mobile,90.0.4430.82,Asus X01AD,Asus,Blink,[object Object],Chrome Mobile 90.0.4430.82 on Asus X01AD (Android 9),2021-05-06T05:36:16.924Z,直立,あ,false,85,68.8,5.2,7.4,7.300000000000001,3.6,7.7,-1.8,0.1,-13.6,8.3,-13.6
Chrome Mobile,90.0.4430.82,Asus X01AD,Asus,Blink,[object Object],Chrome Mobile 90.0.4430.82 on Asus X01AD (Android 9),2021-05-06T05:36:17.124Z,直立,あ,false,93.2,64.2,-14.700000000000001,-6.800000000000001,11.600000000000001,10.600000000000001,-7.800000000000001,2.8000000000000003,6.5,-22.1,-20.2,-0.30000000000000004
Chrome Mobile,90.0.4430.82,Asus X01AD,Asus,Blink,[object Object],Chrome Mobile 90.0.4430.82 on Asus X01AD (Android 9),2021-05-06T05:36:17.325Z,直立,あ,false,82.5,71.2,8.9,10.8,8.6,0.7000000000000001,11.3,-0.7000000000000001,-2.5,7,-11.6,-6.1000000000000005
Chrome Mobile,90.0.4430.82,Asus X01AD,Asus,Blink,[object Object],Chrome Mobile 90.0.4430.82 on Asus X01AD (Android 9),2021-05-06T05:36:17.526Z,直立,あ,false,99.30000000000001,68.4,-16.900000000000002,-6.1000000000000005,12.4,6.6000000000000005,-7.2,3.3000000000000003,3.1,-45,-60.7,30.9
Chrome Mobile,90.0.4430.82,Asus X01AD,Asus,Blink,[object Object],Chrome Mobile 90.0.4430.82 on Asus X01AD (Android 9),2021-05-06T05:36:17.727Z,直立,あ,false,85.4,69,7.6000000000000005,9,10.100000000000001,2.1,9.5,0.9,-1.3,35,38.300000000000004,1.9
Chrome Mobile,90.0.4430.82,Asus X01AD,Asus,Blink,[object Object],Chrome Mobile 90.0.4430.82 on Asus X01AD (Android 9),2021-05-06T05:36:17.927Z,直立,あ,false,98.2,66.8,-12.3,-1.9000000000000001,9.3,5.5,-2.7,0.4,1.7000000000000002,-54.800000000000004,-98.2,13.5
Chrome Mobile,90.0.4430.82,Asus X01AD,Asus,Blink,[object Object],Chrome Mobile 90.0.4430.82 on Asus X01AD (Android 9),2021-05-06T05:36:18.128Z,直立,あ,false,82,63,11.700000000000001,2.4000000000000004,10.100000000000001,6.2,3.3000000000000003,1.3,1.8,34.400000000000006,73.2,-4.5
Chrome Mobile,90.0.4430.82,Asus X01AD,Asus,Blink,[object Object],Chrome Mobile 90.0.4430.82 on Asus X01AD (Android 9),2021-05-06T05:36:18.337Z,直立,あ,false,91.9,64,-2.7,-3.1,8.200000000000001,7,-3.3000000000000003,-0.5,2.7,-63.2,-99.00000000000001,29.700000000000006
Chrome Mobile,90.0.4430.82,Asus X01AD,Asus,Blink,[object Object],Chrome Mobile 90.0.4430.82 on Asus X01AD (Android 9),2021-05-06T05:36:18.542Z,直立,あ,false,87.9,61.6,4.9,2.9000000000000004,9,2.6,3.3000000000000003,0.4,-2,17.6,59.300000000000004,-20.3
Chrome Mobile,90.0.4430.82,Asus X01AD,Asus,Blink,[object Object],Chrome Mobile 90.0.4430.82 on Asus X01AD (Android 9),2021-05-06T05:36:18.743Z,直立,あ,false,95,61.800000000000004,-5.5,-1.8,9.1,3.8000000000000003,-2.3000000000000003,0.5,-0.8,-29.600000000000005,-87.80000000000001,24.400000000000002
Chrome Mobile,90.0.4430.82,Asus X01AD,Asus,Blink,[object Object],Chrome Mobile 90.0.4430.82 on Asus X01AD (Android 9),2021-05-06T05:36:18.944Z,直立,あ,false,91,59.300000000000004,1.1,4.3,9.1,3.6,4.4,0.7000000000000001,-1.4000000000000001,29.900000000000006,50.60000000000001,3.9
Chrome Mobile,90.0.4430.82,Asus X01AD,Asus,Blink,[object Object],Chrome Mobile 90.0.4430.82 on Asus X01AD (Android 9),2021-05-06T05:36:19.144Z,直立,あ,false,95.80000000000001,60.5,-7.4,-2.1,8.5,6.4,-2.8000000000000003,0.1,1.6,-31.5,-61,2.2
Chrome Mobile,90.0.4430.82,Asus X01AD,Asus,Blink,[object Object],Chrome Mobile 90.0.4430.82 on Asus X01AD (Android 9),2021-05-06T05:36:19.346Z,直立,あ,false,91.7,58.900000000000006,0.8,4.2,8.6,4.2,4.3,0.2,-0.9,4.800000000000001,41.4,-7.1000000000000005
Chrome Mobile,90.0.4430.82,Asus X01AD,Asus,Blink,[object Object],Chrome Mobile 90.0.4430.82 on Asus X01AD (Android 9),2021-05-06T05:36:19.546Z,直立,あ,false,96.60000000000001,58.400000000000006,-8.200000000000001,-2.3000000000000003,9,6.1000000000000005,-3,0.7000000000000001,1,-20.900000000000002,-57.49999999999999,8.700000000000001
Chrome Mobile,90.0.4430.82,Asus X01AD,Asus,Blink,[object Object],Chrome Mobile 90.0.4430.82 on Asus X01AD (Android 9),2021-05-06T05:36:19.747Z,直立,あ,false,93.10000000000001,60.900000000000006,-1.3,3.2,8.8,2.4000000000000004,3.1,0.2,-2.4000000000000004,37.7,43.300000000000004,-3.4
Chrome Mobile,90.0.4430.82,Asus X01AD,Asus,Blink,[object Object],Chrome Mobile 90.0.4430.82 on Asus X01AD (Android 9),2021-05-06T05:36:19.948Z,直立,あ,false,96.2,60.400000000000006,-7.7,0.2,8,4.800000000000001,-0.5,-0.5,0,-49.300000000000004,-55.7,2.4000000000000004
Chrome Mobile,90.0.4430.82,Asus X01AD,Asus,Blink,[object Object],Chrome Mobile 90.0.4430.82 on Asus X01AD (Android 9),2021-05-06T05:36:20.149Z,直立,あ,false,90.10000000000001,57.900000000000006,-1.4000000000000001,-1,8.3,5.5,-1.1,0,0.2,20.900000000000002,63.2,-4.2
Chrome Mobile,90.0.4430.82,Asus X01AD,Asus,Blink,[object Object],Chrome Mobile 90.0.4430.82 on Asus X01AD (Android 9),2021-05-06T05:36:20.353Z,直立,あ,false,94.30000000000001,61.1,-4.9,2.5,7.9,3.2,2.1,-0.7000000000000001,-1.5,-14.700000000000001,-62.50000000000001,6.4
Chrome Mobile,90.0.4430.82,Asus X01AD,Asus,Blink,[object Object],Chrome Mobile 90.0.4430.82 on Asus X01AD (Android 9),2021-05-06T05:36:20.554Z,直立,あ,false,88.60000000000001,58.5,-2.5,-3.8000000000000003,8.200000000000001,6.9,-4,-0.2,1.8,24.900000000000002,53.300000000000004,5.2
Chrome Mobile,90.0.4430.82,Asus X01AD,Asus,Blink,[object Object],Chrome Mobile 90.0.4430.82 on Asus X01AD (Android 9),2021-05-06T05:36:20.755Z,直立,あ,false,94.60000000000001,64,-3.8000000000000003,4.800000000000001,7.300000000000001,2,4.6000000000000005,-1.5,-2.3000000000000003,24.599999999999998,-16.5,7.200000000000001
Chrome Mobile,90.0.4430.82,Asus X01AD,Asus,Blink,[object Object],Chrome Mobile 90.0.4430.82 on Asus X01AD (Android 9),2021-05-06T05:36:20.956Z,直立,あ,false,88.7,59.5,-4,-6.9,8.9,8,-7.300000000000001,0.4,3,5.9,41,-8.899999999999999
Chrome Mobile,90.0.4430.82,Asus X01AD,Asus,Blink,[object Object],Chrome Mobile 90.0.4430.82 on Asus X01AD (Android 9),2021-05-06T05:36:21.156Z,直立,あ,false,92.9,62.400000000000006,-0.5,7.2,7.5,6.1000000000000005,7.1000000000000005,-1.2000000000000002,1.5,2.7,3.6000000000000005,14.400000000000002
Chrome Mobile,90.0.4430.82,Asus X01AD,Asus,Blink,[object Object],Chrome Mobile 90.0.4430.82 on Asus X01AD (Android 9),2021-05-06T05:36:21.357Z,直立,あ,false,94,58.300000000000004,-10,-6.800000000000001,10.200000000000001,8.8,-7.7,1.9000000000000001,3.8000000000000003,-8.899999999999999,-11.5,-11.3
Chrome Mobile,90.0.4430.82,Asus X01AD,Asus,Blink,[object Object],Chrome Mobile 90.0.4430.82 on Asus X01AD (Android 9),2021-05-06T05:36:21.558Z,直立,あ,false,90.80000000000001,63.6,0.2,7.800000000000001,8,2.4000000000000004,7.800000000000001,-0.8,-2,21.1,34.800000000000004,-15.899999999999999
Chrome Mobile,90.0.4430.82,Asus X01AD,Asus,Blink,[object Object],Chrome Mobile 90.0.4430.82 on Asus X01AD (Android 9),2021-05-06T05:36:21.759Z,直立,あ,false,91.5,60.300000000000004,-7.300000000000001,-6.6000000000000005,9.9,8.8,-7.2,1.4000000000000001,4.1000000000000005,-40.1,-14.900000000000002,-8.8
Chrome Mobile,90.0.4430.82,Asus X01AD,Asus,Blink,[object Object],Chrome Mobile 90.0.4430.82 on Asus X01AD (Android 9),2021-05-06T05:36:21.960Z,直立,あ,false,91.10000000000001,61.900000000000006,-0.30000000000000004,8.200000000000001,9.700000000000001,3.2,8.200000000000001,1,-1.4000000000000001,35.8,-1.6,9.2
Chrome Mobile,90.0.4430.82,Asus X01AD,Asus,Blink,[object Object],Chrome Mobile 90.0.4430.82 on Asus X01AD (Android 9),2021-05-06T05:36:22.161Z,直立,あ,false,96.7,61.400000000000006,-12.3,-4.2,9.5,7.1000000000000005,-5.2,0.9,2.6,-37.50000000000001,-43.300000000000004,13.8
Chrome Mobile,90.0.4430.82,Asus X01AD,Asus,Blink,[object Object],Chrome Mobile 90.0.4430.82 on Asus X01AD (Android 9),2021-05-06T05:36:22.365Z,直立,あ,false,93.7,63.1,-3.7,8.4,9.1,1,8.1,0.30000000000000004,-3.4000000000000004,55.5,10.9,15.100000000000001
Chrome Mobile,90.0.4430.82,Asus X01AD,Asus,Blink,[object Object],Chrome Mobile 90.0.4430.82 on Asus X01AD (Android 9),2021-05-06T05:36:22.569Z,直立,あ,false,100.9,64.8,-15.600000000000001,-4.1000000000000005,9.3,5.6000000000000005,-5.300000000000001,0.5,1.5,-39.50000000000001,-61.199999999999996,10.8
Chrome Mobile,90.0.4430.82,Asus X01AD,Asus,Blink,[object Object],Chrome Mobile 90.0.4430.82 on Asus X01AD (Android 9),2021-05-06T05:36:22.770Z,直立,あ,false,91,62.900000000000006,-2.6,2.1,8.3,4.4,1.9000000000000001,-0.5,-0.1,30.3,50.400000000000006,14.200000000000001
Chrome Mobile,90.0.4430.82,Asus X01AD,Asus,Blink,[object Object],Chrome Mobile 90.0.4430.82 on Asus X01AD (Android 9),2021-05-06T05:36:22.971Z,直立,あ,false,102.30000000000001,64.9,-17,2.5,7.5,2.9000000000000004,1.2000000000000002,-1.3,-1.1,-15.899999999999999,-82.9,16.6
Chrome Mobile,90.0.4430.82,Asus X01AD,Asus,Blink,[object Object],Chrome Mobile 90.0.4430.82 on Asus X01AD (Android 9),2021-05-06T05:36:23.172Z,直立,あ,false,88.80000000000001,62.800000000000004,-6.2,-3.5,8.1,5.4,-4,-0.7000000000000001,0.9,33.400000000000006,96.4,-28.800000000000004
Chrome Mobile,90.0.4430.82,Asus X01AD,Asus,Blink,[object Object],Chrome Mobile 90.0.4430.82 on Asus X01AD (Android 9),2021-05-06T05:36:23.372Z,直立,あ,false,96.4,69.5,-7.6000000000000005,5.1000000000000005,7.2,-0.1,4.7,-2,-3.5,37.1,-30.599999999999998,25.200000000000003
Chrome Mobile,90.0.4430.82,Asus X01AD,Asus,Blink,[object Object],Chrome Mobile 90.0.4430.82 on Asus X01AD (Android 9),2021-05-06T05:36:23.573Z,直立,あ,false,91.10000000000001,62.6,-9.3,-8.3,8.8,8,-9,0.1,3.6,8.5,68.7,-13.8
Chrome Mobile,90.0.4430.82,Asus X01AD,Asus,Blink,[object Object],Chrome Mobile 90.0.4430.82 on Asus X01AD (Android 9),2021-05-06T05:36:23.774Z,直立,あ,false,97.10000000000001,66.8,-6.9,8.6,7.5,3.9000000000000004,8.1,-1.5,0,-1.3,1.7,-7.300000000000001
Chrome Mobile,90.0.4430.82,Asus X01AD,Asus,Blink,[object Object],Chrome Mobile 90.0.4430.82 on Asus X01AD (Android 9),2021-05-06T05:36:23.975Z,直立,あ,false,96.7,61.300000000000004,-19.200000000000003,-8.5,10.600000000000001,10.9,-9.700000000000001,2.1,6.2,-27.5,-6.500000000000001,-9.8
Chrome Mobile,90.0.4430.82,Asus X01AD,Asus,Blink,[object Object],Chrome Mobile 90.0.4430.82 on Asus X01AD (Android 9),2021-05-06T05:36:24.176Z,直立,あ,false,91.10000000000001,64.5,-2.4000000000000004,13.600000000000001,10.100000000000001,5.1000000000000005,13.4,1.2000000000000002,0.9,30.200000000000003,-27.6,4.5
Chrome Mobile,90.0.4430.82,Asus X01AD,Asus,Blink,[object Object],Chrome Mobile 90.0.4430.82 on Asus X01AD (Android 9),2021-05-06T05:36:24.382Z,直立,あ,false,99,64.7,-18.5,-8.4,10.4,8.8,-9.700000000000001,1.6,4.9,-20.400000000000002,-84.80000000000001,2.9
Chrome Mobile,90.0.4430.82,Asus X01AD,Asus,Blink,[object Object],Chrome Mobile 90.0.4430.82 on Asus X01AD (Android 9),2021-05-06T05:36:24.583Z,直立,あ,false,89.7,68.5,-0.9,11.3,10.4,-0.5,11.200000000000001,1.2000000000000002,-4.1000000000000005,49.699999999999996,5.4,-13.5
Chrome Mobile,90.0.4430.82,Asus X01AD,Asus,Blink,[object Object],Chrome Mobile 90.0.4430.82 on Asus X01AD (Android 9),2021-05-06T05:36:24.784Z,直立,あ,false,100.2,68.7,-18.2,-6,9.1,5.7,-7.1000000000000005,0,2.4000000000000004,-26.200000000000003,-66.2,31.099999999999998
Chrome Mobile,90.0.4430.82,Asus X01AD,Asus,Blink,[object Object],Chrome Mobile 90.0.4430.82 on Asus X01AD (Android 9),2021-05-06T05:36:24.985Z,直立,あ,false,84.60000000000001,69.8,8,3.3000000000000003,9.8,1,3.7,0.6000000000000001,-2.3000000000000003,31.5,84.3,-24.1
Chrome Mobile,90.0.4430.82,Asus X01AD,Asus,Blink,[object Object],Chrome Mobile 90.0.4430.82 on Asus X01AD (Android 9),2021-05-06T05:36:25.186Z,直立,あ,false,100.2,73.5,-13.700000000000001,1.4000000000000001,8.4,4,0.8,-0.9,1.3,-11.8,-122.39999999999999,33.300000000000004
Chrome Mobile,90.0.4430.82,Asus X01AD,Asus,Blink,[object Object],Chrome Mobile 90.0.4430.82 on Asus X01AD (Android 9),2021-05-06T05:36:25.393Z,直立,あ,false,85.4,71.2,0.1,-2.3000000000000003,8.9,3.6,-2.3000000000000003,-0.4,0.5,27.2,118.40000000000002,-23.700000000000003
Chrome Mobile,90.0.4430.82,Asus X01AD,Asus,Blink,[object Object],Chrome Mobile 90.0.4430.82 on Asus X01AD (Android 9),2021-05-06T05:36:25.594Z,直立,あ,false,92.9,75.4,-0.2,4.9,7.300000000000001,-0.9,4.9,-2.2,-3.4000000000000004,18.200000000000003,-67.00000000000001,41.1
Chrome Mobile,90.0.4430.82,Asus X01AD,Asus,Blink,[object Object],Chrome Mobile 90.0.4430.82 on Asus X01AD (Android 9),2021-05-06T05:36:25.796Z,直立,あ,false,93,68.9,-8.700000000000001,-5.7,9.200000000000001,6.1000000000000005,-6.2,0.1,2.6,27.9,78.9,-26.000000000000004
Chrome Mobile,90.0.4430.82,Asus X01AD,Asus,Blink,[object Object],Chrome Mobile 90.0.4430.82 on Asus X01AD (Android 9),2021-05-06T05:36:25.996Z,直立,あ,false,89,71.8,5,6.300000000000001,7.5,3.6,6.5,-1.8,0.5,-9.8,10.600000000000001,-8.5
Chrome Mobile,90.0.4430.82,Asus X01AD,Asus,Blink,[object Object],Chrome Mobile 90.0.4430.82 on Asus X01AD (Android 9),2021-05-06T05:36:26.197Z,直立,あ,false,99.80000000000001,67.4,-20.8,-8.4,11.3,7.800000000000001,-9.8,2.3000000000000003,4.3,-23.700000000000003,-13.900000000000002,-5.9
Chrome Mobile,90.0.4430.82,Asus X01AD,Asus,Blink,[object Object],Chrome Mobile 90.0.4430.82 on Asus X01AD (Android 9),2021-05-06T05:36:26.398Z,直立,あ,false,86,69.4,9.8,9.200000000000001,10.600000000000001,2.7,9.8,1.4000000000000001,-0.7000000000000001,49.4,41.1,-8.2
Chrome Mobile,90.0.4430.82,Asus X01AD,Asus,Blink,[object Object],Chrome Mobile 90.0.4430.82 on Asus X01AD (Android 9),2021-05-06T05:36:26.598Z,直立,あ,false,108.4,70.9,-21.8,-2.7,8.8,5.2,-3.8000000000000003,-0.30000000000000004,2.2,-37.7,-118.69999999999999,46.6
Chrome Mobile,90.0.4430.82,Asus X01AD,Asus,Blink,[object Object],Chrome Mobile 90.0.4430.82 on Asus X01AD (Android 9),2021-05-06T05:36:26.799Z,直立,あ,false,90,67.4,-1,3.2,9.1,3.7,3.1,0.1,-0.1,23.6,58.7,-31.799999999999997
Chrome Mobile,90.0.4430.82,Asus X01AD,Asus,Blink,[object Object],Chrome Mobile 90.0.4430.82 on Asus X01AD (Android 9),2021-05-06T05:36:27.000Z,直立,あ,false,100.60000000000001,71.5,-13,3.2,7.300000000000001,0.6000000000000001,2.5,-1.9000000000000001,-2.4000000000000004,-7.500000000000001,-106.80000000000001,64.2
Chrome Mobile,90.0.4430.82,Asus X01AD,Asus,Blink,[object Object],Chrome Mobile 90.0.4430.82 on Asus X01AD (Android 9),2021-05-06T05:36:27.201Z,直立,あ,false,90.60000000000001,66.60000000000001,-6.300000000000001,-4.7,7.7,4.5,-5.1000000000000005,-1.3,0.6000000000000001,42.7,95.1,-0.1
Chrome Mobile,90.0.4430.82,Asus X01AD,Asus,Blink,[object Object],Chrome Mobile 90.0.4430.82 on Asus X01AD (Android 9),2021-05-06T05:36:27.402Z,直立,あ,false,99.4,69.7,-1.6,6.300000000000001,8.4,0.8,6.2,-0.7000000000000001,-2.6,36,-11.5,4.7
Chrome Mobile,90.0.4430.82,Asus X01AD,Asus,Blink,[object Object],Chrome Mobile 90.0.4430.82 on Asus X01AD (Android 9),2021-05-06T05:36:27.603Z,直立,あ,false,97.2,66.7,-12.3,-9.600000000000001,10.600000000000001,9,-10.5,1.6,5.300000000000001,-1.7,20.599999999999998,-9
Chrome Mobile,90.0.4430.82,Asus X01AD,Asus,Blink,[object Object],Chrome Mobile 90.0.4430.82 on Asus X01AD (Android 9),2021-05-06T05:36:27.803Z,直立,あ,false,94,73,-0.2,12.8,9.3,0.4,12.8,0,-2.4000000000000004,-5.500000000000001,-27,-40.300000000000004
Chrome Mobile,90.0.4430.82,Asus X01AD,Asus,Blink,[object Object],Chrome Mobile 90.0.4430.82 on Asus X01AD (Android 9),2021-05-06T05:36:28.004Z,直立,あ,false,96.7,70.10000000000001,-14.4,-8.6,11.700000000000001,8.200000000000001,-9.5,2.5,5,-35.599999999999994,-51.300000000000004,8.3
Chrome Mobile,90.0.4430.82,Asus X01AD,Asus,Blink,[object Object],Chrome Mobile 90.0.4430.82 on Asus X01AD (Android 9),2021-05-06T05:36:28.205Z,直立,あ,false,84,72.60000000000001,10.600000000000001,8.200000000000001,10.8,0.8,8.8,1.5,-2.1,36.8,46.1,10
Chrome Mobile,90.0.4430.82,Asus X01AD,Asus,Blink,[object Object],Chrome Mobile 90.0.4430.82 on Asus X01AD (Android 9),2021-05-06T05:36:28.406Z,直立,あ,false,100.4,72.9,-11.9,-2.4000000000000004,8.700000000000001,4,-3,-0.6000000000000001,1.2000000000000002,-43.1,-87.10000000000001,33.2
Chrome Mobile,90.0.4430.82,Asus X01AD,Asus,Blink,[object Object],Chrome Mobile 90.0.4430.82 on Asus X01AD (Android 9),2021-05-06T05:36:28.607Z,直立,あ,false,88.5,69.9,1.7000000000000002,-1.7000000000000002,8.5,2.6,-1.6,-0.6000000000000001,-0.7000000000000001,2,73.10000000000001,-15.100000000000001
Chrome Mobile,90.0.4430.82,Asus X01AD,Asus,Blink,[object Object],Chrome Mobile 90.0.4430.82 on Asus X01AD (Android 9),2021-05-06T05:36:28.808Z,直立,あ,false,103,74.3,-8.9,3.6,7.5,-1.6,3.2,-1.9000000000000001,-4.2,15.100000000000001,-91.7,40.800000000000004
Chrome Mobile,90.0.4430.82,Asus X01AD,Asus,Blink,[object Object],Chrome Mobile 90.0.4430.82 on Asus X01AD (Android 9),2021-05-06T05:36:29.009Z,直立,あ,false,91.5,69.3,-2.4000000000000004,-5.7,9.4,5,-6.800000000000001,0.8,2.2,21.6,105.5,-57.800000000000004
Chrome Mobile,90.0.4430.82,Asus X01AD,Asus,Blink,[object Object],Chrome Mobile 90.0.4430.82 on Asus X01AD (Android 9),2021-05-06T05:36:29.210Z,直立,あ,false,84.7,73.10000000000001,11.3,5.4,7,1.9000000000000001,5.9,-2.3000000000000003,-0.8,20.3,-5.500000000000001,8.8
Chrome Mobile,90.0.4430.82,Asus X01AD,Asus,Blink,[object Object],Chrome Mobile 90.0.4430.82 on Asus X01AD (Android 9),2021-05-06T05:36:29.411Z,直立,あ,false,91.10000000000001,67.4,-7.6000000000000005,-11.200000000000001,10.100000000000001,9.1,-11.700000000000001,1,5.4,-13.000000000000002,34.400000000000006,-25.1
Chrome Mobile,90.0.4430.82,Asus X01AD,Asus,Blink,[object Object],Chrome Mobile 90.0.4430.82 on Asus X01AD (Android 9),2021-05-06T05:36:29.612Z,直立,あ,false,81.30000000000001,68.7,17.3,10.200000000000001,9.700000000000001,7,11.3,0.6000000000000001,3.6,15.2,31.2,11.5
Chrome Mobile,90.0.4430.82,Asus X01AD,Asus,Blink,[object Object],Chrome Mobile 90.0.4430.82 on Asus X01AD (Android 9),2021-05-06T05:36:29.813Z,直立,あ,false,95.10000000000001,69.3,-8.8,-11.100000000000001,10.600000000000001,8.9,-11.600000000000001,1.5,5.4,-16.3,-0.4,-7.200000000000001
Chrome Mobile,90.0.4430.82,Asus X01AD,Asus,Blink,[object Object],Chrome Mobile 90.0.4430.82 on Asus X01AD (Android 9),2021-05-06T05:36:30.014Z,直立,あ,false,85.80000000000001,76.60000000000001,8.8,10.700000000000001,10.600000000000001,0,11,1.1,-2.2,29.800000000000004,-22.6,7.9
Chrome Mobile,90.0.4430.82,Asus X01AD,Asus,Blink,[object Object],Chrome Mobile 90.0.4430.82 on Asus X01AD (Android 9),2021-05-06T05:36:30.215Z,直立,あ,false,101.9,72,-15.3,-6,10.700000000000001,5.9,-6.800000000000001,1.4000000000000001,3,-60.1,-68.9,21.400000000000002
Chrome Mobile,90.0.4430.82,Asus X01AD,Asus,Blink,[object Object],Chrome Mobile 90.0.4430.82 on Asus X01AD (Android 9),2021-05-06T05:36:30.421Z,直立,あ,false,86.4,73.60000000000001,8.700000000000001,3,9.8,-0.30000000000000004,3.4000000000000004,0.4,-3,44.9,62.7,-18.4
Chrome Mobile,90.0.4430.82,Asus X01AD,Asus,Blink,[object Object],Chrome Mobile 90.0.4430.82 on Asus X01AD (Android 9),2021-05-06T05:36:30.624Z,直立,あ,false,99.9,75.4,-10,1.5,7.6000000000000005,1.4000000000000001,1,-1.8,-1,-24.900000000000002,-92,52.300000000000004
Chrome Mobile,90.0.4430.82,Asus X01AD,Asus,Blink,[object Object],Chrome Mobile 90.0.4430.82 on Asus X01AD (Android 9),2021-05-06T05:36:30.824Z,直立,あ,false,98.30000000000001,71.60000000000001,-9.9,-2.1,9.600000000000001,2.9000000000000004,-2.7,0.30000000000000004,-0.2,41.6,95.4,-36.1
Chrome Mobile,90.0.4430.82,Asus X01AD,Asus,Blink,[object Object],Chrome Mobile 90.0.4430.82 on Asus X01AD (Android 9),2021-05-06T05:36:31.025Z,直立,あ,false,92,75.10000000000001,5.7,4.1000000000000005,6.2,1.3,4.3,-3.2,-1.2000000000000002,9.4,-9.899999999999999,33.1
Chrome Mobile,90.0.4430.82,Asus X01AD,Asus,Blink,[object Object],Chrome Mobile 90.0.4430.82 on Asus X01AD (Android 9),2021-05-06T05:36:31.230Z,直立,あ,false,99.9,68.8,-13.4,-7.7,11.600000000000001,7.800000000000001,-8.5,2.5,4.4,26.799999999999997,35.2,-40.7
Chrome Mobile,90.0.4430.82,Asus X01AD,Asus,Blink,[object Object],Chrome Mobile 90.0.4430.82 on Asus X01AD (Android 9),2021-05-06T05:36:31.431Z,直立,あ,false,88.30000000000001,74.7,8.8,10.5,8.8,4.6000000000000005,10.9,-0.6000000000000001,2.1,-27.9,36.5,-11.8
Chrome Mobile,90.0.4430.82,Asus X01AD,Asus,Blink,[object Object],Chrome Mobile 90.0.4430.82 on Asus X01AD (Android 9),2021-05-06T05:36:31.632Z,直立,あ,false,100.5,70.5,-15,-8.9,11.5,7.7,-9.700000000000001,2.4000000000000004,4.6000000000000005,-39.599999999999994,-62.7,1.5
Chrome Mobile,90.0.4430.82,Asus X01AD,Asus,Blink,[object Object],Chrome Mobile 90.0.4430.82 on Asus X01AD (Android 9),2021-05-06T05:36:31.833Z,直立,あ,false,83.80000000000001,71.2,12,8.4,10.3,3.1,9,1.1,0,34.2,13.000000000000002,12.299999999999999
Chrome Mobile,90.0.4430.82,Asus X01AD,Asus,Blink,[object Object],Chrome Mobile 90.0.4430.82 on Asus X01AD (Android 9),2021-05-06T05:36:32.034Z,直立,あ,false,107.2,72.2,-18,-2.5,9.4,4.6000000000000005,-3.4000000000000004,0.2,1.8,-32.7,-97.8,36
Chrome Mobile,90.0.4430.82,Asus X01AD,Asus,Blink,[object Object],Chrome Mobile 90.0.4430.82 on Asus X01AD (Android 9),2021-05-06T05:36:32.235Z,直立,あ,false,88.7,70.3,3.6,-0.8,8.9,3.1,-0.6000000000000001,-0.30000000000000004,-0.2,1.5,96.1,-45.400000000000006
Chrome Mobile,90.0.4430.82,Asus X01AD,Asus,Blink,[object Object],Chrome Mobile 90.0.4430.82 on Asus X01AD (Android 9),2021-05-06T05:36:32.436Z,直立,あ,false,97.2,75,-3.1,3.4000000000000004,7.2,-2.4000000000000004,3.5,-2.2,-5.1000000000000005,16.900000000000002,-91.30000000000001,53.50000000000001
Chrome Mobile,90.0.4430.82,Asus X01AD,Asus,Blink,[object Object],Chrome Mobile 90.0.4430.82 on Asus X01AD (Android 9),2021-05-06T05:36:32.638Z,直立,あ,false,94.2,68.8,-5.800000000000001,-7.300000000000001,9.8,5.6000000000000005,-7.6000000000000005,0.6000000000000001,2.1,23.700000000000003,79.6,-25.8
Chrome Mobile,90.0.4430.82,Asus X01AD,Asus,Blink,[object Object],Chrome Mobile 90.0.4430.82 on Asus X01AD (Android 9),2021-05-06T05:36:32.839Z,直立,あ,false,88.9,73.60000000000001,9.5,6.6000000000000005,7.1000000000000005,4.4,7.1000000000000005,-2.3000000000000003,1.7000000000000002,4.800000000000001,40.5,-17
Chrome Mobile,90.0.4430.82,Asus X01AD,Asus,Blink,[object Object],Chrome Mobile 90.0.4430.82 on Asus X01AD (Android 9),2021-05-06T05:36:33.046Z,直立,あ,false,102.5,69.5,-17,-8.9,12.200000000000001,7.7,-9.9,3.1,4.4,-26.300000000000004,-13.399999999999999,-8.100000000000001
Chrome Mobile,90.0.4430.82,Asus X01AD,Asus,Blink,[object Object],Chrome Mobile 90.0.4430.82 on Asus X01AD (Android 9),2021-05-06T05:36:33.247Z,直立,あ,false,94.80000000000001,74.9,4.1000000000000005,12.600000000000001,10.9,0.8,12.8,1.4000000000000001,-1.8,26.000000000000004,-30.200000000000003,-10.9
Chrome Mobile,90.0.4430.82,Asus X01AD,Asus,Blink,[object Object],Chrome Mobile 90.0.4430.82 on Asus X01AD (Android 9),2021-05-06T05:36:33.447Z,直立,あ,false,110.7,72.5,-22.3,-5.1000000000000005,11.5,4.4,-6.2,2.3000000000000003,1.7000000000000002,-61.8,-64.50000000000001,15.5
Chrome Mobile,90.0.4430.82,Asus X01AD,Asus,Blink,[object Object],Chrome Mobile 90.0.4430.82 on Asus X01AD (Android 9),2021-05-06T05:36:33.649Z,直立,あ,false,84.5,72.5,12.5,2.9000000000000004,9.1,1.5,3.6,-0.2,-1.4000000000000001,1.6,56.400000000000006,-43.2
Chrome Mobile,90.0.4430.82,Asus X01AD,Asus,Blink,[object Object],Chrome Mobile 90.0.4430.82 on Asus X01AD (Android 9),2021-05-06T05:36:33.851Z,直立,あ,false,93.10000000000001,76.10000000000001,0.8,2.6,7.800000000000001,0.5,2.6,-1.6,-1.8,9.899999999999999,-81.90000000000002,51.4
Chrome Mobile,90.0.4430.82,Asus X01AD,Asus,Blink,[object Object],Chrome Mobile 90.0.4430.82 on Asus X01AD (Android 9),2021-05-06T05:36:34.051Z,直立,あ,false,90.2,71,0.2,-5.800000000000001,8.8,4.2,-5.800000000000001,-0.5,1.1,21.6,68.9,-29.500000000000004
Chrome Mobile,90.0.4430.82,Asus X01AD,Asus,Blink,[object Object],Chrome Mobile 90.0.4430.82 on Asus X01AD (Android 9),2021-05-06T05:36:34.252Z,直立,あ,false,91.10000000000001,74.9,4.1000000000000005,5,7.9,2.8000000000000003,5.2,-1.5,0.30000000000000004,46,1.6,19.9
Chrome Mobile,90.0.4430.82,Asus X01AD,Asus,Blink,[object Object],Chrome Mobile 90.0.4430.82 on Asus X01AD (Android 9),2021-05-06T05:36:34.453Z,直立,あ,false,104,71.9,-17.8,-9.4,10.600000000000001,8.3,-10.3,1.3,5.4,-15.899999999999999,22.6,-22.1
Chrome Mobile,90.0.4430.82,Asus X01AD,Asus,Blink,[object Object],Chrome Mobile 90.0.4430.82 on Asus X01AD (Android 9),2021-05-06T05:36:34.654Z,直立,あ,false,88,75.9,8.200000000000001,10.8,10.700000000000001,3.2,11.100000000000001,1.2000000000000002,0.8,-27,9.899999999999999,-29.900000000000006
Chrome Mobile,90.0.4430.82,Asus X01AD,Asus,Blink,[object Object],Chrome Mobile 90.0.4430.82 on Asus X01AD (Android 9),2021-05-06T05:36:34.854Z,直立,あ,false,112.9,73.60000000000001,-25.5,-3.4000000000000004,10.5,3,-4.6000000000000005,1.2000000000000002,0.5,-43.4,-72.50000000000001,51.4
Chrome Mobile,90.0.4430.82,Asus X01AD,Asus,Blink,[object Object],Chrome Mobile 90.0.4430.82 on Asus X01AD (Android 9),2021-05-06T05:36:35.055Z,直立,あ,false,88,71.8,6.9,3.7,9.8,5.4,4,0.5,2.4000000000000004,-1.8000000000000003,117.30000000000001,-31.400000000000002
Chrome Mobile,90.0.4430.82,Asus X01AD,Asus,Blink,[object Object],Chrome Mobile 90.0.4430.82 on Asus X01AD (Android 9),2021-05-06T05:36:35.256Z,直立,あ,false,107,76.7,-14.600000000000001,1.6,6.9,2.3000000000000003,1.2000000000000002,-2.5,0.2,-16.5,-103.89999999999999,42.800000000000004
Chrome Mobile,90.0.4430.82,Asus X01AD,Asus,Blink,[object Object],Chrome Mobile 90.0.4430.82 on Asus X01AD (Android 9),2021-05-06T05:36:35.457Z,直立,あ,false,97.2,70.60000000000001,-9.5,-3.9000000000000004,10.4,4.6000000000000005,-4.4,1.2000000000000002,1.4000000000000001,23.5,49.4,-28.3
Chrome Mobile,90.0.4430.82,Asus X01AD,Asus,Blink,[object Object],Chrome Mobile 90.0.4430.82 on Asus X01AD (Android 9),2021-05-06T05:36:35.658Z,直立,あ,false,82.9,73,12.700000000000001,5.5,7.4,5.5,6.2,-1.9000000000000001,2.7,2.9,-8.2,-23.5
Chrome Mobile,90.0.4430.82,Asus X01AD,Asus,Blink,[object Object],Chrome Mobile 90.0.4430.82 on Asus X01AD (Android 9),2021-05-06T05:36:35.859Z,直立,あ,false,100.4,68.5,-16.7,-8,12.100000000000001,8.9,-9,3,5.5,-49,0.5,0.6000000000000001
Chrome Mobile,90.0.4430.82,Asus X01AD,Asus,Blink,[object Object],Chrome Mobile 90.0.4430.82 on Asus X01AD (Android 9),2021-05-06T05:36:36.064Z,直立,あ,false,91.2,73.8,-1.7000000000000002,13,10.4,-2.6,12.9,1,-5.4,78.2,-6.500000000000001,-25.1
Chrome Mobile,90.0.4430.82,Asus X01AD,Asus,Blink,[object Object],Chrome Mobile 90.0.4430.82 on Asus X01AD (Android 9),2021-05-06T05:36:36.264Z,直立,あ,false,99.60000000000001,69.3,-17.2,-7.2,11.3,6.5,-8.200000000000001,2.2,3.2,-40.1,-44.10000000000001,28.700000000000003
Chrome Mobile,90.0.4430.82,Asus X01AD,Asus,Blink,[object Object],Chrome Mobile 90.0.4430.82 on Asus X01AD (Android 9),2021-05-06T05:36:36.474Z,直立,あ,false,85.4,71.2,8.9,4,9.5,1.1,4.5,0.2,-2,13.200000000000003,55.8,-8.899999999999999
Chrome Mobile,90.0.4430.82,Asus X01AD,Asus,Blink,[object Object],Chrome Mobile 90.0.4430.82 on Asus X01AD (Android 9),2021-05-06T05:36:36.676Z,直立,あ,false,99.60000000000001,73.4,-10.200000000000001,1.1,8,1.4000000000000001,0.6000000000000001,-1.2000000000000002,-1.3,-23.2,-90.80000000000001,30.4
Chrome Mobile,90.0.4430.82,Asus X01AD,Asus,Blink,[object Object],Chrome Mobile 90.0.4430.82 on Asus X01AD (Android 9),2021-05-06T05:36:36.877Z,直立,あ,false,85.2,71.4,3.6,-3.1,8.1,3.1,-2.9000000000000004,-1.1,0,27.3,108.3,-33
Chrome Mobile,90.0.4430.82,Asus X01AD,Asus,Blink,[object Object],Chrome Mobile 90.0.4430.82 on Asus X01AD (Android 9),2021-05-06T05:36:37.079Z,直立,あ,false,97.9,75.3,-6,4.2,7.6000000000000005,0.9,3.9000000000000004,-1.8,-1.5,-7.699999999999999,-134.5,41
Chrome Mobile,90.0.4430.82,Asus X01AD,Asus,Blink,[object Object],Chrome Mobile 90.0.4430.82 on Asus X01AD (Android 9),2021-05-06T05:36:37.280Z,直立,あ,false,93.10000000000001,70.3,-9.5,-7.300000000000001,9.3,6,-7.9,0.1,2.7,35.4,86.3,-26.6
Chrome Mobile,90.0.4430.82,Asus X01AD,Asus,Blink,[object Object],Chrome Mobile 90.0.4430.82 on Asus X01AD (Android 9),2021-05-06T05:36:37.480Z,直立,あ,false,94.80000000000001,77.60000000000001,0.30000000000000004,11.3,8.4,1.7000000000000002,11.3,-1.1,-0.4,17.200000000000003,11.5,-16.5
Chrome Mobile,90.0.4430.82,Asus X01AD,Asus,Blink,[object Object],Chrome Mobile 90.0.4430.82 on Asus X01AD (Android 9),2021-05-06T05:36:37.682Z,直立,あ,false,104,69.7,-18.2,-8.9,13.100000000000001,8.5,-9.9,4,5.300000000000001,-35.9,-15.299999999999999,2.8
Chrome Mobile,90.0.4430.82,Asus X01AD,Asus,Blink,[object Object],Chrome Mobile 90.0.4430.82 on Asus X01AD (Android 9),2021-05-06T05:36:37.882Z,直立,あ,false,82.4,74.7,17.900000000000002,7.300000000000001,9.9,1.3,8.1,0.4,-1.1,35.699999999999996,31.099999999999998,-4.800000000000001
Chrome Mobile,90.0.4430.82,Asus X01AD,Asus,Blink,[object Object],Chrome Mobile 90.0.4430.82 on Asus X01AD (Android 9),2021-05-06T05:36:38.090Z,直立,あ,false,104.7,73.7,-14.100000000000001,-4.9,10.100000000000001,2.7,-5.6000000000000005,0.8,0,-78.3,-75.00000000000001,28.400000000000002
Chrome Mobile,90.0.4430.82,Asus X01AD,Asus,Blink,[object Object],Chrome Mobile 90.0.4430.82 on Asus X01AD (Android 9),2021-05-06T05:36:38.290Z,直立,あ,false,91,72.3,7.7,5.5,10.200000000000001,0.9,5.9,0.9,-2,17.799999999999997,83.5,-26.799999999999997
Chrome Mobile,90.0.4430.82,Asus X01AD,Asus,Blink,[object Object],Chrome Mobile 90.0.4430.82 on Asus X01AD (Android 9),2021-05-06T05:36:38.494Z,直立,あ,false,106.60000000000001,75.3,-12.5,0.30000000000000004,7.800000000000001,1.6,-0.2,-1.6,-0.8,-34.800000000000004,-94.2,29.700000000000006
Chrome Mobile,90.0.4430.82,Asus X01AD,Asus,Blink,[object Object],Chrome Mobile 90.0.4430.82 on Asus X01AD (Android 9),2021-05-06T05:36:38.695Z,直立,あ,false,92,72.9,6.800000000000001,0.9,9.600000000000001,1.8,1.3,0.2,-1,44.7,90,-5.6
Chrome Mobile,90.0.4430.82,Asus X01AD,Asus,Blink,[object Object],Chrome Mobile 90.0.4430.82 on Asus X01AD (Android 9),2021-05-06T05:36:38.896Z,直立,あ,false,107.10000000000001,75.60000000000001,-11.8,2.5,7.9,1.6,2,-1.5,-0.7000000000000001,-29.800000000000004,-97.60000000000001,24.8
Chrome Mobile,90.0.4430.82,Asus X01AD,Asus,Blink,[object Object],Chrome Mobile 90.0.4430.82 on Asus X01AD (Android 9),2021-05-06T05:36:39.097Z,直立,あ,false,91,71.2,6.300000000000001,-1.3,9.600000000000001,3.3000000000000003,-0.9,0.30000000000000004,0.2,46.800000000000004,132.2,2.7
Chrome Mobile,90.0.4430.82,Asus X01AD,Asus,Blink,[object Object],Chrome Mobile 90.0.4430.82 on Asus X01AD (Android 9),2021-05-06T05:36:39.299Z,直立,あ,false,103.5,77.10000000000001,-4.1000000000000005,2.7,6.9,-0.5,2.6,-2.6,-2.6,-5.6,-104.2,57.800000000000004
Chrome Mobile,90.0.4430.82,Asus X01AD,Asus,Blink,[object Object],Chrome Mobile 90.0.4430.82 on Asus X01AD (Android 9),2021-05-06T05:36:39.500Z,直立,あ,false,93.80000000000001,69.5,2.1,-5.5,9.600000000000001,5.1000000000000005,-5.4,0.5,1.6,37.1,86.60000000000001,-0.7
Chrome Mobile,90.0.4430.82,Asus X01AD,Asus,Blink,[object Object],Chrome Mobile 90.0.4430.82 on Asus X01AD (Android 9),2021-05-06T05:36:39.701Z,直立,あ,false,92.9,74.2,10.600000000000001,6,7.300000000000001,2.7,6.5,-2.1,0.1,24.8,-17.5,26.000000000000004
Chrome Mobile,90.0.4430.82,Asus X01AD,Asus,Blink,[object Object],Chrome Mobile 90.0.4430.82 on Asus X01AD (Android 9),2021-05-06T05:36:39.903Z,直立,あ,false,101.7,68,-10,-8.5,11.8,7.2,-9.200000000000001,2.8000000000000003,3.6,-23.700000000000003,42.3,-37
Chrome Mobile,90.0.4430.82,Asus X01AD,Asus,Blink,[object Object],Chrome Mobile 90.0.4430.82 on Asus X01AD (Android 9),2021-05-06T05:36:40.103Z,直立,あ,false,90.80000000000001,73.60000000000001,13.8,11,8.3,0.2,11.700000000000001,-1.1,-2.5,25.6,14.400000000000002,-4.4
Chrome Mobile,90.0.4430.82,Asus X01AD,Asus,Blink,[object Object],Chrome Mobile 90.0.4430.82 on Asus X01AD (Android 9),2021-05-06T05:36:40.304Z,直立,あ,false,105.5,69,-8.5,-6.800000000000001,11.200000000000001,4.7,-7.4,2.2,1.2000000000000002,-27.400000000000002,-65.7,37.1
Chrome Mobile,90.0.4430.82,Asus X01AD,Asus,Blink,[object Object],Chrome Mobile 90.0.4430.82 on Asus X01AD (Android 9),2021-05-06T05:36:40.505Z,直立,あ,false,84.9,68.10000000000001,23.6,6.7,10.100000000000001,3.9000000000000004,8.200000000000001,1,0.6000000000000001,64.4,27,28.800000000000004
Chrome Mobile,90.0.4430.82,Asus X01AD,Asus,Blink,[object Object],Chrome Mobile 90.0.4430.82 on Asus X01AD (Android 9),2021-05-06T05:36:40.705Z,直立,あ,false,118.30000000000001,72.2,-20.1,-2.8000000000000003,9.4,1.8,-3.8000000000000003,0.2,-1,-53.8,-67.00000000000001,48.10000000000001
Chrome Mobile,90.0.4430.82,Asus X01AD,Asus,Blink,[object Object],Chrome Mobile 90.0.4430.82 on Asus X01AD (Android 9),2021-05-06T05:36:40.906Z,直立,あ,false,96.5,70.60000000000001,8.700000000000001,-0.5,8,0.8,0,-1.2000000000000002,-2.4000000000000004,19.5,126.60000000000002,-51.6
Chrome Mobile,90.0.4430.82,Asus X01AD,Asus,Blink,[object Object],Chrome Mobile 90.0.4430.82 on Asus X01AD (Android 9),2021-05-06T05:36:41.109Z,直立,あ,false,106.10000000000001,73.10000000000001,-4.1000000000000005,3.1,7.7,1,2.9000000000000004,-1.6,-1.8,-33,-109.50000000000001,20
Chrome Mobile,90.0.4430.82,Asus X01AD,Asus,Blink,[object Object],Chrome Mobile 90.0.4430.82 on Asus X01AD (Android 9),2021-05-06T05:36:41.310Z,直立,あ,false,96.4,72.2,6.5,0.30000000000000004,8.700000000000001,0.8,0.6000000000000001,-0.7000000000000001,-2.1,45.7,105.7,-17.799999999999997
Chrome Mobile,90.0.4430.82,Asus X01AD,Asus,Blink,[object Object],Chrome Mobile 90.0.4430.82 on Asus X01AD (Android 9),2021-05-06T05:36:41.512Z,直立,あ,false,102,74.4,-0.4,1.7000000000000002,7.300000000000001,2,1.7000000000000002,-2,-0.6000000000000001,-28.800000000000004,-101.9,33
Chrome Mobile,90.0.4430.82,Asus X01AD,Asus,Blink,[object Object],Chrome Mobile 90.0.4430.82 on Asus X01AD (Android 9),2021-05-06T05:36:41.714Z,直立,あ,false,95.60000000000001,69,4.2,-3.9000000000000004,8.6,2.8000000000000003,-3.6,-0.5,-0.7000000000000001,27.6,96.1,-23
Chrome Mobile,90.0.4430.82,Asus X01AD,Asus,Blink,[object Object],Chrome Mobile 90.0.4430.82 on Asus X01AD (Android 9),2021-05-06T05:36:41.915Z,直立,あ,false,100.2,72.9,4.3,3.3000000000000003,7.2,1,3.5,-2.1,-1.8,9.700000000000001,-71,24.200000000000003
Chrome Mobile,90.0.4430.82,Asus X01AD,Asus,Blink,[object Object],Chrome Mobile 90.0.4430.82 on Asus X01AD (Android 9),2021-05-06T05:36:42.123Z,直立,あ,false,101.9,69.4,-6.9,-8.6,9,6.300000000000001,-9,-0.2,2.9000000000000004,19.799999999999997,68.3,-27.700000000000003
Chrome Mobile,90.0.4430.82,Asus X01AD,Asus,Blink,[object Object],Chrome Mobile 90.0.4430.82 on Asus X01AD (Android 9),2021-05-06T05:36:42.324Z,直立,あ,false,100.60000000000001,75.3,3.1,9.200000000000001,8.200000000000001,1.6,9.3,-1.2000000000000002,-0.9,-15.6,6.300000000000001,-53.10000000000001
Chrome Mobile,90.0.4430.82,Asus X01AD,Asus,Blink,[object Object],Chrome Mobile 90.0.4430.82 on Asus X01AD (Android 9),2021-05-06T05:36:42.531Z,直立,あ,false,110.2,68,-18.6,-5.7,12.9,8.700000000000001,-6.800000000000001,3.9000000000000004,5.2,-34.50000000000001,-59.40000000000001,17.300000000000004
Chrome Mobile,90.0.4430.82,Asus X01AD,Asus,Blink,[object Object],Chrome Mobile 90.0.4430.82 on Asus X01AD (Android 9),2021-05-06T05:36:42.735Z,直立,あ,false,93.2,72.2,9.3,10.5,11.100000000000001,2.5,10.9,1.7000000000000002,-0.4,16.1,-9.2,-13.399999999999999
Chrome Mobile,90.0.4430.82,Asus X01AD,Asus,Blink,[object Object],Chrome Mobile 90.0.4430.82 on Asus X01AD (Android 9),2021-05-06T05:36:42.936Z,直立,あ,false,106.2,70.7,-14.3,-4.7,10.5,3.5,-5.5,1.4000000000000001,0.4,-51.2,-72.2,31.799999999999997
Chrome Mobile,90.0.4430.82,Asus X01AD,Asus,Blink,[object Object],Chrome Mobile 90.0.4430.82 on Asus X01AD (Android 9),2021-05-06T05:36:43.138Z,直立,あ,false,92.9,71.2,6.7,4.800000000000001,10,3.4000000000000004,5.1000000000000005,0.8,0.30000000000000004,32.2,57.3,0.4
Chrome Mobile,90.0.4430.82,Asus X01AD,Asus,Blink,[object Object],Chrome Mobile 90.0.4430.82 on Asus X01AD (Android 9),2021-05-06T05:36:43.339Z,直立,あ,false,116.30000000000001,74.5,-27.6,-0.2,9.3,1.4000000000000001,-1.4000000000000001,-0.1,-0.9,-65.4,-51.50000000000001,26.1
Chrome Mobile,90.0.4430.82,Asus X01AD,Asus,Blink,[object Object],Chrome Mobile 90.0.4430.82 on Asus X01AD (Android 9),2021-05-06T05:36:43.539Z,直立,あ,false,92.5,71.8,2.3000000000000003,0.7000000000000001,9.5,2.6,0,0.2,-0.7000000000000001,6.9,114.9,-53.10000000000001
Chrome Mobile,90.0.4430.82,Asus X01AD,Asus,Blink,[object Object],Chrome Mobile 90.0.4430.82 on Asus X01AD (Android 9),2021-05-06T05:36:43.740Z,直立,あ,false,101.2,73.7,-4.9,3.3000000000000003,8.1,1,3.1,-1.2000000000000002,-1.7000000000000002,-27.3,-87.50000000000001,37.6
Chrome Mobile,90.0.4430.82,Asus X01AD,Asus,Blink,[object Object],Chrome Mobile 90.0.4430.82 on Asus X01AD (Android 9),2021-05-06T05:36:43.940Z,直立,あ,false,96.4,69.2,-3.8000000000000003,-3.6,9.600000000000001,3.6,-3.8000000000000003,0.4,0.1,56.2,78.80000000000001,-10.600000000000001
Chrome Mobile,90.0.4430.82,Asus X01AD,Asus,Blink,[object Object],Chrome Mobile 90.0.4430.82 on Asus X01AD (Android 9),2021-05-06T05:36:44.145Z,直立,あ,false,92.80000000000001,74.3,5.7,3.5,6.5,1.3,3.8000000000000003,-2.9000000000000004,-1.3,7.8,-41.800000000000004,36
Chrome Mobile,90.0.4430.82,Asus X01AD,Asus,Blink,[object Object],Chrome Mobile 90.0.4430.82 on Asus X01AD (Android 9),2021-05-06T05:36:44.345Z,直立,あ,false,95.9,68.2,-4.7,-6.4,9.4,5.800000000000001,-6.7,0.30000000000000004,2.2,45.099999999999994,67.8,-14.700000000000001
Chrome Mobile,90.0.4430.82,Asus X01AD,Asus,Blink,[object Object],Chrome Mobile 90.0.4430.82 on Asus X01AD (Android 9),2021-05-06T05:36:44.546Z,直立,あ,false,95.2,74.60000000000001,5.2,6.2,7.1000000000000005,1.7000000000000002,6.5,-2.3000000000000003,-0.9,16.3,-17.300000000000004,23.900000000000006
Chrome Mobile,90.0.4430.82,Asus X01AD,Asus,Blink,[object Object],Chrome Mobile 90.0.4430.82 on Asus X01AD (Android 9),2021-05-06T05:36:44.747Z,直立,あ,false,105.5,68.2,-18.7,-9.1,12.200000000000001,9.700000000000001,-10.3,3.1,6.300000000000001,-10.5,32.5,-6.8
Chrome Mobile,90.0.4430.82,Asus X01AD,Asus,Blink,[object Object],Chrome Mobile 90.0.4430.82 on Asus X01AD (Android 9),2021-05-06T05:36:44.947Z,直立,あ,false,85.7,75.8,13.600000000000001,8.5,8,3.2,9,-1.5,0.8,15.6,8.3,-9
Chrome Mobile,90.0.4430.82,Asus X01AD,Asus,Blink,[object Object],Chrome Mobile 90.0.4430.82 on Asus X01AD (Android 9),2021-05-06T05:36:45.148Z,直立,あ,false,112.10000000000001,69.9,-21.6,-6.2,12.200000000000001,7.2,-7.4,3.1,4.1000000000000005,-87.3,-32.1,3.6000000000000005
Chrome Mobile,90.0.4430.82,Asus X01AD,Asus,Blink,[object Object],Chrome Mobile 90.0.4430.82 on Asus X01AD (Android 9),2021-05-06T05:36:45.349Z,直立,あ,false,89.60000000000001,73.60000000000001,13.9,4.3,9.4,3,5,0,0.30000000000000004,46,55.8,-19.400000000000002
Chrome Mobile,90.0.4430.82,Asus X01AD,Asus,Blink,[object Object],Chrome Mobile 90.0.4430.82 on Asus X01AD (Android 9),2021-05-06T05:36:45.550Z,直立,あ,false,112.60000000000001,74.9,-18.900000000000002,-0.7000000000000001,8.5,4.7,-1.6,-0.9,2.3000000000000003,-51.9,-129.5,47.2
Chrome Mobile,90.0.4430.82,Asus X01AD,Asus,Blink,[object Object],Chrome Mobile 90.0.4430.82 on Asus X01AD (Android 9),2021-05-06T05:36:45.757Z,直立,あ,false,100.10000000000001,72.9,-5.6000000000000005,-0.6000000000000001,8.9,1.8,-0.9,-0.5,-1.1,29.700000000000006,115.39999999999999,-35.599999999999994
Chrome Mobile,90.0.4430.82,Asus X01AD,Asus,Blink,[object Object],Chrome Mobile 90.0.4430.82 on Asus X01AD (Android 9),2021-05-06T05:36:45.958Z,直立,あ,false,103.9,75.7,-4.9,4,7.300000000000001,1,3.8000000000000003,-2.1,-1.4000000000000001,-28,-77.1,30.000000000000004
Chrome Mobile,90.0.4430.82,Asus X01AD,Asus,Blink,[object Object],Chrome Mobile 90.0.4430.82 on Asus X01AD (Android 9),2021-05-06T05:36:46.161Z,直立,あ,false,104.2,68.4,-10.700000000000001,-5.6000000000000005,10.3,5.800000000000001,-6.2,1.1,2.2,46.800000000000004,66.1,-6.9
Chrome Mobile,90.0.4430.82,Asus X01AD,Asus,Blink,[object Object],Chrome Mobile 90.0.4430.82 on Asus X01AD (Android 9),2021-05-06T05:36:46.363Z,直立,あ,false,96.4,75.9,5.800000000000001,5.9,6,2.2,6.1000000000000005,-3.4000000000000004,-0.2,-5,3.2,-7.500000000000001
Chrome Mobile,90.0.4430.82,Asus X01AD,Asus,Blink,[object Object],Chrome Mobile 90.0.4430.82 on Asus X01AD (Android 9),2021-05-06T05:36:46.563Z,直立,あ,false,113.2,66.4,-23.700000000000003,-8.3,13.700000000000001,9.8,-9.9,4.7,6.2,-37.800000000000004,13.399999999999999,-9.2
Chrome Mobile,90.0.4430.82,Asus X01AD,Asus,Blink,[object Object],Chrome Mobile 90.0.4430.82 on Asus X01AD (Android 9),2021-05-06T05:36:46.764Z,直立,あ,false,93,75.2,9.700000000000001,6.9,8.9,3.9000000000000004,7.300000000000001,-0.6000000000000001,1.5,27.800000000000004,9.600000000000001,-7.1000000000000005
Chrome Mobile,90.0.4430.82,Asus X01AD,Asus,Blink,[object Object],Chrome Mobile 90.0.4430.82 on Asus X01AD (Android 9),2021-05-06T05:36:46.965Z,直立,あ,false,116.5,72.4,-23.1,-2.3000000000000003,10.5,4.7,-3.5,1.3,2,-46.800000000000004,-92.3,46.7
Chrome Mobile,90.0.4430.82,Asus X01AD,Asus,Blink,[object Object],Chrome Mobile 90.0.4430.82 on Asus X01AD (Android 9),2021-05-06T05:36:47.166Z,直立,あ,false,102.60000000000001,71.8,-3.9000000000000004,0.2,9.200000000000001,1.4000000000000001,-0.1,-0.1,-1.6,32.1,94.6,-37.300000000000004
Chrome Mobile,90.0.4430.82,Asus X01AD,Asus,Blink,[object Object],Chrome Mobile 90.0.4430.82 on Asus X01AD (Android 9),2021-05-06T05:36:47.367Z,直立,あ,false,103.10000000000001,75.7,-4.7,3.2,7.1000000000000005,0.6000000000000001,3,-2.3000000000000003,-1.8,-12.600000000000001,-76,33.9
Chrome Mobile,90.0.4430.82,Asus X01AD,Asus,Blink,[object Object],Chrome Mobile 90.0.4430.82 on Asus X01AD (Android 9),2021-05-06T05:36:47.568Z,直立,あ,false,107.7,69.60000000000001,-14.9,-2.3000000000000003,11.700000000000001,4.2,-3.1,2.5,0.9,44.7,51.1,-18.900000000000002
Chrome Mobile,90.0.4430.82,Asus X01AD,Asus,Blink,[object Object],Chrome Mobile 90.0.4430.82 on Asus X01AD (Android 9),2021-05-06T05:36:47.774Z,直立,あ,false,95.10000000000001,77.5,5.4,9.5,7.9,2.4000000000000004,9.700000000000001,-1.6,0.30000000000000004,17,-1.8000000000000003,1
Chrome Mobile,90.0.4430.82,Asus X01AD,Asus,Blink,[object Object],Chrome Mobile 90.0.4430.82 on Asus X01AD (Android 9),2021-05-06T05:36:47.974Z,直立,あ,false,113.4,68.3,-25.700000000000003,-3.8000000000000003,11.9,6.4,-5.4,2.9000000000000004,3.2,-59.1,-68.5,28.400000000000002
Chrome Mobile,90.0.4430.82,Asus X01AD,Asus,Blink,[object Object],Chrome Mobile 90.0.4430.82 on Asus X01AD (Android 9),2021-05-06T05:36:48.175Z,直立,あ,false,93.60000000000001,74.3,0.9,1,9,3.2,1.1,-0.4,0.6000000000000001,55.2,68.3,-45.9
Chrome Mobile,90.0.4430.82,Asus X01AD,Asus,Blink,[object Object],Chrome Mobile 90.0.4430.82 on Asus X01AD (Android 9),2021-05-06T05:36:48.376Z,直立,あ,false,100.30000000000001,77.5,-8.9,1.2000000000000002,7.800000000000001,1.6,0.9,-1.6,-0.5,-35.1,-106.70000000000002,38.900000000000006
Chrome Mobile,90.0.4430.82,Asus X01AD,Asus,Blink,[object Object],Chrome Mobile 90.0.4430.82 on Asus X01AD (Android 9),2021-05-06T05:36:48.581Z,直立,あ,false,98.30000000000001,73.60000000000001,-7.4,0.7000000000000001,10.5,-0.6000000000000001,0.30000000000000004,1.1,-3.4000000000000004,35.9,88.4,-21.300000000000004
Chrome Mobile,90.0.4430.82,Asus X01AD,Asus,Blink,[object Object],Chrome Mobile 90.0.4430.82 on Asus X01AD (Android 9),2021-05-06T05:36:48.783Z,直立,あ,false,104.80000000000001,76.60000000000001,-10.8,3.1,7.5,2.2,2.7,-1.9000000000000001,0,-33.7,-73.5,41.300000000000004
Chrome Mobile,90.0.4430.82,Asus X01AD,Asus,Blink,[object Object],Chrome Mobile 90.0.4430.82 on Asus X01AD (Android 9),2021-05-06T05:36:48.984Z,直立,あ,false,103,70.3,-13.8,-3.3000000000000003,10,3.5,-4.1000000000000005,0.8,0.30000000000000004,40.9,90.19999999999999,-7.8
Chrome Mobile,90.0.4430.82,Asus X01AD,Asus,Blink,[object Object],Chrome Mobile 90.0.4430.82 on Asus X01AD (Android 9),2021-05-06T05:36:49.184Z,直立,あ,false,95.9,73.9,2.7,7.300000000000001,7.6000000000000005,3.5,7.4,-1.8,0.8,23.800000000000004,-2.3,16.900000000000002
Chrome Mobile,90.0.4430.82,Asus X01AD,Asus,Blink,[object Object],Chrome Mobile 90.0.4430.82 on Asus X01AD (Android 9),2021-05-06T05:36:49.385Z,直立,あ,false,104.2,68.5,-15.200000000000001,-10.4,11.200000000000001,10.4,-11.3,2.1,6.9,-31.2,24.599999999999998,-39.599999999999994
Chrome Mobile,90.0.4430.82,Asus X01AD,Asus,Blink,[object Object],Chrome Mobile 90.0.4430.82 on Asus X01AD (Android 9),2021-05-06T05:36:49.586Z,直立,あ,false,90.5,75.2,9.8,10.100000000000001,9,3.7,10.5,-0.4,1.2000000000000002,18.3,-7,9.100000000000001
Chrome Mobile,90.0.4430.82,Asus X01AD,Asus,Blink,[object Object],Chrome Mobile 90.0.4430.82 on Asus X01AD (Android 9),2021-05-06T05:36:49.786Z,直立,あ,false,121.30000000000001,70.60000000000001,-33.5,-2.6,11.200000000000001,5.5,-4.3,2,2.9000000000000004,-63.900000000000006,-81.7,37.9
Chrome Mobile,90.0.4430.82,Asus X01AD,Asus,Blink,[object Object],Chrome Mobile 90.0.4430.82 on Asus X01AD (Android 9),2021-05-06T05:36:49.990Z,直立,あ,false,96.10000000000001,73.4,-0.1,1.3,9.5,1.4000000000000001,1.3,0.1,-1.4000000000000001,37.9,100.70000000000002,-59.80000000000001
Chrome Mobile,90.0.4430.82,Asus X01AD,Asus,Blink,[object Object],Chrome Mobile 90.0.4430.82 on Asus X01AD (Android 9),2021-05-06T05:36:50.191Z,直立,あ,false,105.7,76.4,-10.4,1,7.2,1.6,0.6000000000000001,-2.2,-0.7000000000000001,-57.1,-83.89999999999999,25.300000000000004
Chrome Mobile,90.0.4430.82,Asus X01AD,Asus,Blink,[object Object],Chrome Mobile 90.0.4430.82 on Asus X01AD (Android 9),2021-05-06T05:36:50.391Z,直立,あ,false,95.30000000000001,71,-1.6,-3.1,9.600000000000001,2.3000000000000003,-3.2,0.4,-0.9,39.8,89.9,-37.800000000000004
Chrome Mobile,90.0.4430.82,Asus X01AD,Asus,Blink,[object Object],Chrome Mobile 90.0.4430.82 on Asus X01AD (Android 9),2021-05-06T05:36:50.592Z,直立,あ,false,89.2,77.4,11.3,4.1000000000000005,6.2,-1.1,4.5,-3.4000000000000004,-3.2,27.800000000000004,-28,30.200000000000003
Chrome Mobile,90.0.4430.82,Asus X01AD,Asus,Blink,[object Object],Chrome Mobile 90.0.4430.82 on Asus X01AD (Android 9),2021-05-06T05:36:50.793Z,直立,あ,false,105,68,-16.5,-8.4,11.8,8.9,-9.5,2.7,5.4,-24.3,36,-15.6
Chrome Mobile,90.0.4430.82,Asus X01AD,Asus,Blink,[object Object],Chrome Mobile 90.0.4430.82 on Asus X01AD (Android 9),2021-05-06T05:36:50.994Z,直立,あ,false,86.30000000000001,73.10000000000001,13.600000000000001,7.7,9.3,3.8000000000000003,8.3,-0.1,1.1,17,31.3,-27.3
Chrome Mobile,90.0.4430.82,Asus X01AD,Asus,Blink,[object Object],Chrome Mobile 90.0.4430.82 on Asus X01AD (Android 9),2021-05-06T05:36:51.195Z,直立,あ,false,112.30000000000001,70.9,-22.900000000000002,-3.2,11.600000000000001,6,-4.4,2.5,3.1,-73.2,-55.5,23.2
Chrome Mobile,90.0.4430.82,Asus X01AD,Asus,Blink,[object Object],Chrome Mobile 90.0.4430.82 on Asus X01AD (Android 9),2021-05-06T05:36:51.395Z,直立,あ,false,91.30000000000001,72.4,10.200000000000001,3,9.200000000000001,2.4000000000000004,3.5,-0.1,-0.5,34.50000000000001,73.30000000000001,-12.100000000000001
Chrome Mobile,90.0.4430.82,Asus X01AD,Asus,Blink,[object Object],Chrome Mobile 90.0.4430.82 on Asus X01AD (Android 9),2021-05-06T05:36:51.596Z,直立,あ,false,108.30000000000001,73.4,-12.5,-2.6,8.6,1.7000000000000002,-3.2,-0.7000000000000001,-1,-43.2,-83.89999999999999,46.9
Chrome Mobile,90.0.4430.82,Asus X01AD,Asus,Blink,[object Object],Chrome Mobile 90.0.4430.82 on Asus X01AD (Android 9),2021-05-06T05:36:51.797Z,直立,あ,false,94.5,71.5,6.300000000000001,0.7000000000000001,9,1.4000000000000001,1.5,-0.2,-2.4000000000000004,22.8,114.2,-46.9
Chrome Mobile,90.0.4430.82,Asus X01AD,Asus,Blink,[object Object],Chrome Mobile 90.0.4430.82 on Asus X01AD (Android 9),2021-05-06T05:36:51.998Z,直立,あ,false,100.9,73.9,-0.2,3,7.300000000000001,0.2,3,-2,-2.5,-15.6,-104.50000000000001,47.5
Chrome Mobile,90.0.4430.82,Asus X01AD,Asus,Blink,[object Object],Chrome Mobile 90.0.4430.82 on Asus X01AD (Android 9),2021-05-06T05:36:52.198Z,直立,あ,false,97,69.60000000000001,1.3,-4,8.6,3.2,-3.9000000000000004,-0.7000000000000001,-0.2,48.50000000000001,108.60000000000001,-32.9
Chrome Mobile,90.0.4430.82,Asus X01AD,Asus,Blink,[object Object],Chrome Mobile 90.0.4430.82 on Asus X01AD (Android 9),2021-05-06T05:36:52.399Z,直立,あ,false,93.2,75.60000000000001,12.4,3.7,6.7,-0.1,4.2,-2.7,-2.5,9.899999999999999,-58.7,41.199999999999996
Chrome Mobile,90.0.4430.82,Asus X01AD,Asus,Blink,[object Object],Chrome Mobile 90.0.4430.82 on Asus X01AD (Android 9),2021-05-06T05:36:52.600Z,直立,あ,false,106.80000000000001,69.9,-11.4,-7.2,10.4,5.6000000000000005,-7.9,1.2000000000000002,2.3000000000000003,8.2,47.1,-18.3
Chrome Mobile,90.0.4430.82,Asus X01AD,Asus,Blink,[object Object],Chrome Mobile 90.0.4430.82 on Asus X01AD (Android 9),2021-05-06T05:36:52.801Z,直立,あ,false,91.60000000000001,73.3,14.5,10.100000000000001,9.9,4.800000000000001,10.8,0.6000000000000001,2.1,-11.3,26.000000000000004,-26.5
Chrome Mobile,90.0.4430.82,Asus X01AD,Asus,Blink,[object Object],Chrome Mobile 90.0.4430.82 on Asus X01AD (Android 9),2021-05-06T05:36:53.002Z,直立,あ,false,106.10000000000001,71.10000000000001,-11.9,-6.9,10.700000000000001,7.5,-7.5,1.5,4.4,-36.7,-44.5,16.900000000000002
Chrome Mobile,90.0.4430.82,Asus X01AD,Asus,Blink,[object Object],Chrome Mobile 90.0.4430.82 on Asus X01AD (Android 9),2021-05-06T05:36:53.203Z,直立,あ,false,90.2,71.9,16.1,7.4,11.600000000000001,2.1,8.200000000000001,2.3000000000000003,-0.8,44.8,15.8,6.4
Chrome Mobile,90.0.4430.82,Asus X01AD,Asus,Blink,[object Object],Chrome Mobile 90.0.4430.82 on Asus X01AD (Android 9),2021-05-06T05:36:53.404Z,直立,あ,false,113.4,73.3,-15.9,-5.9,10.8,4.5,-6.7,1.5,1.8,-43.2,-62.50000000000001,31.9
Chrome Mobile,90.0.4430.82,Asus X01AD,Asus,Blink,[object Object],Chrome Mobile 90.0.4430.82 on Asus X01AD (Android 9),2021-05-06T05:36:53.605Z,直立,あ,false,94.2,73,11.700000000000001,2.8000000000000003,10.5,1.1,3.4000000000000004,1.2000000000000002,-1.7000000000000002,8.4,59.9,-22.9
Chrome Mobile,90.0.4430.82,Asus X01AD,Asus,Blink,[object Object],Chrome Mobile 90.0.4430.82 on Asus X01AD (Android 9),2021-05-06T05:36:53.806Z,直立,あ,false,110.7,75.60000000000001,-9.3,-0.7000000000000001,8,3.4000000000000004,-1.1,-1.4000000000000001,1.1,-11.700000000000001,-84.69999999999999,36.5
Chrome Mobile,90.0.4430.82,Asus X01AD,Asus,Blink,[object Object],Chrome Mobile 90.0.4430.82 on Asus X01AD (Android 9),2021-05-06T05:36:54.014Z,直立,あ,false,106.7,74.8,-3.3000000000000003,0.30000000000000004,9.1,0.6000000000000001,0.1,-0.30000000000000004,-2,20.8,108,-19.5
Chrome Mobile,90.0.4430.82,Asus X01AD,Asus,Blink,[object Object],Chrome Mobile 90.0.4430.82 on Asus X01AD (Android 9),2021-05-06T05:36:54.218Z,直立,あ,false,101.2,57.6,4.1000000000000005,-1.6,9.1,4.1000000000000005,-1.2000000000000002,0.9,-1.1,-81.60000000000001,-67.2,-21.200000000000003
Chrome Mobile,90.0.4430.82,Asus X01AD,Asus,Blink,[object Object],Chrome Mobile 90.0.4430.82 on Asus X01AD (Android 9),2021-05-06T05:36:54.419Z,直立,あ,false,88.80000000000001,42.800000000000004,6.5,-1.5,7.300000000000001,4,-0.7000000000000001,0.7000000000000001,-3.2,88.10000000000001,64.4,-15.5