platform_name,platform_version,platform_product,platform_manufacturer,platform_layout,platform_os,platform_description,date,label,s_movement,do_absolute,do_alpha,do_beta,do_gamma,acc_g_x,acc_g_y,acc_g_z,acc_x,acc_y,acc_z,rot_alpha,rot_beta,rot_gamma
Chrome Mobile,90.0.4430.82,Asus X01AD,Asus,Blink,[object Object],Chrome Mobile 90.0.4430.82 on Asus X01AD (Android 9),2021-05-06T05:20:42.912Z,着席,あ,false,60.2,37.5,1,-0.2,5.4,8.3,-0.1,-0.6000000000000001,0.4,-39.9,21.900000000000002,0.30000000000000004
Chrome Mobile,90.0.4430.82,Asus X01AD,Asus,Blink,[object Object],Chrome Mobile 90.0.4430.82 on Asus X01AD (Android 9),2021-05-06T05:20:43.113Z,着席,あ,false,48,73.3,-4,2,0.1,3.1,1.8,-9.5,0.2,27.800000000000004,-0.8,-39
Chrome Mobile,90.0.4430.82,Asus X01AD,Asus,Blink,[object Object],Chrome Mobile 90.0.4430.82 on Asus X01AD (Android 9),2021-05-06T05:20:43.313Z,着席,あ,false,67.3,61.300000000000004,-15.8,4.800000000000001,31.5,11,3.6,23.1,6.6000000000000005,-145.10000000000002,32.6,71.19999999999999
Chrome Mobile,90.0.4430.82,Asus X01AD,Asus,Blink,[object Object],Chrome Mobile 90.0.4430.82 on Asus X01AD (Android 9),2021-05-06T05:20:43.514Z,着席,あ,false,8.9,80.4,44.900000000000006,-0.7000000000000001,-7.6000000000000005,2.1,0.5,-17.5,0.9,65,-10,-62.7
Chrome Mobile,90.0.4430.82,Asus X01AD,Asus,Blink,[object Object],Chrome Mobile 90.0.4430.82 on Asus X01AD (Android 9),2021-05-06T05:20:43.714Z,着席,あ,false,67,63.5,-16.1,2.8000000000000003,31.400000000000002,12.600000000000001,1.7000000000000002,23,8.6,-181.50000000000003,-7,69.3
Chrome Mobile,90.0.4430.82,Asus X01AD,Asus,Blink,[object Object],Chrome Mobile 90.0.4430.82 on Asus X01AD (Android 9),2021-05-06T05:20:43.915Z,着席,あ,false,29.900000000000002,79.5,20.900000000000002,0.7000000000000001,-5.4,4.3,1.3,-15.4,2.6,121,-30.000000000000004,-66.80000000000001
Chrome Mobile,90.0.4430.82,Asus X01AD,Asus,Blink,[object Object],Chrome Mobile 90.0.4430.82 on Asus X01AD (Android 9),2021-05-06T05:20:44.115Z,着席,あ,false,61.300000000000004,67.8,-6.7,0.7000000000000001,23,4.1000000000000005,0.30000000000000004,14.4,0.6000000000000001,-217.3,45.7,100
Chrome Mobile,90.0.4430.82,Asus X01AD,Asus,Blink,[object Object],Chrome Mobile 90.0.4430.82 on Asus X01AD (Android 9),2021-05-06T05:20:44.317Z,着席,あ,false,44.400000000000006,80.5,9.8,-0.1,-4.3,0.5,0.1,-14.3,-1.1,118.3,7.300000000000001,-43.300000000000004
Chrome Mobile,90.0.4430.82,Asus X01AD,Asus,Blink,[object Object],Chrome Mobile 90.0.4430.82 on Asus X01AD (Android 9),2021-05-06T05:20:44.518Z,着席,あ,false,73.4,67.5,-15.3,1.8,18.8,6.7,0.9,10.3,3.3000000000000003,-224,35.9,66.4
Chrome Mobile,90.0.4430.82,Asus X01AD,Asus,Blink,[object Object],Chrome Mobile 90.0.4430.82 on Asus X01AD (Android 9),2021-05-06T05:20:44.719Z,着席,あ,false,67.3,76.60000000000001,-7.4,-0.30000000000000004,-2.1,6.1000000000000005,-0.6000000000000001,-12.100000000000001,3.7,145.20000000000002,-25.200000000000003,-106.20000000000002
Chrome Mobile,90.0.4430.82,Asus X01AD,Asus,Blink,[object Object],Chrome Mobile 90.0.4430.82 on Asus X01AD (Android 9),2021-05-06T05:20:44.920Z,着席,あ,false,69.2,73.60000000000001,-10,0.5,8.200000000000001,2.2,0.1,-0.6000000000000001,-0.4,-203.2,22.000000000000004,69.4
Chrome Mobile,90.0.4430.82,Asus X01AD,Asus,Blink,[object Object],Chrome Mobile 90.0.4430.82 on Asus X01AD (Android 9),2021-05-06T05:20:45.127Z,着席,あ,false,74.3,74,-13.600000000000001,1.2000000000000002,4.7,3.7,0.5,-5.2,0.9,147.8,-2.5,-92.60000000000001
Chrome Mobile,90.0.4430.82,Asus X01AD,Asus,Blink,[object Object],Chrome Mobile 90.0.4430.82 on Asus X01AD (Android 9),2021-05-06T05:20:45.328Z,着席,あ,false,53.6,79,5.800000000000001,-1,1.9000000000000001,0.1,-1.8,-9.9,-0.5,-106.60000000000001,10.8,106.70000000000002
Chrome Mobile,90.0.4430.82,Asus X01AD,Asus,Blink,[object Object],Chrome Mobile 90.0.4430.82 on Asus X01AD (Android 9),2021-05-06T05:20:45.528Z,着席,あ,false,63.900000000000006,74.3,-0.7000000000000001,-0.4,6.9,3.5,-0.5,-3.1,0.7000000000000001,160,33.6,-77.3
Chrome Mobile,90.0.4430.82,Asus X01AD,Asus,Blink,[object Object],Chrome Mobile 90.0.4430.82 on Asus X01AD (Android 9),2021-05-06T05:20:45.729Z,着席,あ,false,68.9,77.4,-5.1000000000000005,-0.1,3.1,0.5,-0.30000000000000004,-5.9,-1.5,-147.2,52.00000000000001,78.3
Chrome Mobile,90.0.4430.82,Asus X01AD,Asus,Blink,[object Object],Chrome Mobile 90.0.4430.82 on Asus X01AD (Android 9),2021-05-06T05:20:45.933Z,着席,あ,false,80,75.4,-12.3,-0.1,3,2.3000000000000003,-0.5,-6.9,-0.1,131.7,5.6,-92.2
Chrome Mobile,90.0.4430.82,Asus X01AD,Asus,Blink,[object Object],Chrome Mobile 90.0.4430.82 on Asus X01AD (Android 9),2021-05-06T05:20:46.136Z,着席,あ,false,77.4,74.10000000000001,-9.5,-1,0.2,0,-1.8,-6.2,-2.2,-157.20000000000002,24.1,79.5
Chrome Mobile,90.0.4430.82,Asus X01AD,Asus,Blink,[object Object],Chrome Mobile 90.0.4430.82 on Asus X01AD (Android 9),2021-05-06T05:20:46.337Z,着席,あ,false,88.80000000000001,76.9,-17.3,3.3000000000000003,4.4,1.2000000000000002,2.3000000000000003,-5.5,-1.3,142.10000000000002,12.299999999999999,-145.3
Chrome Mobile,90.0.4430.82,Asus X01AD,Asus,Blink,[object Object],Chrome Mobile 90.0.4430.82 on Asus X01AD (Android 9),2021-05-06T05:20:46.538Z,着席,あ,false,70.10000000000001,82.10000000000001,-0.30000000000000004,-0.7000000000000001,-1.9000000000000001,-0.2,-0.8,-11.100000000000001,-1.5,-119.89999999999999,18.900000000000002,81.8
Chrome Mobile,90.0.4430.82,Asus X01AD,Asus,Blink,[object Object],Chrome Mobile 90.0.4430.82 on Asus X01AD (Android 9),2021-05-06T05:20:46.738Z,着席,あ,false,89.80000000000001,73.8,-16.7,2.5,7.300000000000001,3.2,1.7000000000000002,-2.6,0.5,129.20000000000002,14.400000000000002,-114.00000000000001
Chrome Mobile,90.0.4430.82,Asus X01AD,Asus,Blink,[object Object],Chrome Mobile 90.0.4430.82 on Asus X01AD (Android 9),2021-05-06T05:20:46.939Z,着席,あ,false,64.9,81.5,7.2,-0.9,-1.8,-0.2,-0.8,-11.100000000000001,-1.5,-72.4,3.2,72.4
Chrome Mobile,90.0.4430.82,Asus X01AD,Asus,Blink,[object Object],Chrome Mobile 90.0.4430.82 on Asus X01AD (Android 9),2021-05-06T05:20:47.140Z,着席,あ,false,95.60000000000001,67.3,-23.900000000000002,7.7,16,7.1000000000000005,6.1000000000000005,6.5,3.5,203.29999999999998,-6.9,-82.39999999999999
Chrome Mobile,90.0.4430.82,Asus X01AD,Asus,Blink,[object Object],Chrome Mobile 90.0.4430.82 on Asus X01AD (Android 9),2021-05-06T05:20:47.341Z,着席,あ,false,349.5,86,79.5,-0.8,-3.2,-0.2,-0.2,-12.700000000000001,-0.30000000000000004,-42.3,-22.5,38.60000000000001
Chrome Mobile,90.0.4430.82,Asus X01AD,Asus,Blink,[object Object],Chrome Mobile 90.0.4430.82 on Asus X01AD (Android 9),2021-05-06T05:20:47.542Z,着席,あ,false,94.30000000000001,69.7,-23.900000000000002,8.1,24.400000000000002,4.7,6.7,14.9,1.5,88.3,-7.9,-35.4
Chrome Mobile,90.0.4430.82,Asus X01AD,Asus,Blink,[object Object],Chrome Mobile 90.0.4430.82 on Asus X01AD (Android 9),2021-05-06T05:20:47.742Z,着席,あ,false,78.10000000000001,86.10000000000001,-12,-2.5,-4.7,-0.30000000000000004,-2.6,-14.200000000000001,-1,-3.1,23.400000000000002,23.3
Chrome Mobile,90.0.4430.82,Asus X01AD,Asus,Blink,[object Object],Chrome Mobile 90.0.4430.82 on Asus X01AD (Android 9),2021-05-06T05:20:47.943Z,着席,あ,false,90.2,64.60000000000001,-23.400000000000002,8.9,30,11.100000000000001,7.2,21,7.1000000000000005,73.7,-29.400000000000002,1.7
Chrome Mobile,90.0.4430.82,Asus X01AD,Asus,Blink,[object Object],Chrome Mobile 90.0.4430.82 on Asus X01AD (Android 9),2021-05-06T05:20:48.144Z,着席,あ,false,40.900000000000006,85.10000000000001,25.8,-1.4000000000000001,-3.5,0,-1,-13.200000000000001,-0.7000000000000001,16.700000000000003,-23.5,-0.30000000000000004
Chrome Mobile,90.0.4430.82,Asus X01AD,Asus,Blink,[object Object],Chrome Mobile 90.0.4430.82 on Asus X01AD (Android 9),2021-05-06T05:20:48.345Z,着席,あ,false,83,62.400000000000006,-13.4,8,32,9.200000000000001,7,23.5,4.800000000000001,-77.9,-32.7,51
Chrome Mobile,90.0.4430.82,Asus X01AD,Asus,Blink,[object Object],Chrome Mobile 90.0.4430.82 on Asus X01AD (Android 9),2021-05-06T05:20:48.552Z,着席,あ,false,53,81.5,12.4,-1.3,-3.1,2.6,-1,-12.8,1.2000000000000002,35,-12.8,-12.600000000000001
Chrome Mobile,90.0.4430.82,Asus X01AD,Asus,Blink,[object Object],Chrome Mobile 90.0.4430.82 on Asus X01AD (Android 9),2021-05-06T05:20:48.753Z,着席,あ,false,88.30000000000001,60.1,-20.1,6.5,31.1,14,6.800000000000001,25.3,13.200000000000001,-180,-25.6,69.00000000000001
Chrome Mobile,90.0.4430.82,Asus X01AD,Asus,Blink,[object Object],Chrome Mobile 90.0.4430.82 on Asus X01AD (Android 9),2021-05-06T05:20:48.959Z,着席,あ,false,60.2,83.80000000000001,5.6000000000000005,-1.4000000000000001,-4.1000000000000005,1.9000000000000001,-1.3,-14.100000000000001,0.8,91.10000000000001,-3.5,-63.900000000000006
Chrome Mobile,90.0.4430.82,Asus X01AD,Asus,Blink,[object Object],Chrome Mobile 90.0.4430.82 on Asus X01AD (Android 9),2021-05-06T05:20:49.160Z,着席,あ,false,88.60000000000001,65.2,-20.3,4.3,24.700000000000003,10.3,2.9000000000000004,16.2,6.6000000000000005,-206.00000000000003,23,58.60000000000001
Chrome Mobile,90.0.4430.82,Asus X01AD,Asus,Blink,[object Object],Chrome Mobile 90.0.4430.82 on Asus X01AD (Android 9),2021-05-06T05:20:49.361Z,着席,あ,false,79.80000000000001,81.80000000000001,-16,-0.2,-0.9,2.4000000000000004,-0.6000000000000001,-10.8,1,98.7,-12.299999999999999,-65.7
Chrome Mobile,90.0.4430.82,Asus X01AD,Asus,Blink,[object Object],Chrome Mobile 90.0.4430.82 on Asus X01AD (Android 9),2021-05-06T05:20:49.562Z,着席,あ,false,89,70.2,-21.700000000000003,1.1,15.8,5.300000000000001,0,7.1000000000000005,2.4000000000000004,-212.40000000000003,57.60000000000001,97.8
Chrome Mobile,90.0.4430.82,Asus X01AD,Asus,Blink,[object Object],Chrome Mobile 90.0.4430.82 on Asus X01AD (Android 9),2021-05-06T05:20:49.763Z,着席,あ,false,59.1,80,7.4,-1.4000000000000001,-0.6000000000000001,2,-1.1,-10.600000000000001,0.2,120.3,-23.5,-61.9
Chrome Mobile,90.0.4430.82,Asus X01AD,Asus,Blink,[object Object],Chrome Mobile 90.0.4430.82 on Asus X01AD (Android 9),2021-05-06T05:20:49.963Z,着席,あ,false,76.10000000000001,68.2,-9.1,0.9,13.600000000000001,6.300000000000001,0.30000000000000004,5,2.9000000000000004,-250.00000000000003,68,87.89999999999999
Chrome Mobile,90.0.4430.82,Asus X01AD,Asus,Blink,[object Object],Chrome Mobile 90.0.4430.82 on Asus X01AD (Android 9),2021-05-06T05:20:50.164Z,着席,あ,false,60.2,75.8,4.7,-0.8,2.8000000000000003,2.1,-0.6000000000000001,-7.1000000000000005,-0.4,134.9,2.9,-92
Chrome Mobile,90.0.4430.82,Asus X01AD,Asus,Blink,[object Object],Chrome Mobile 90.0.4430.82 on Asus X01AD (Android 9),2021-05-06T05:20:50.364Z,着席,あ,false,67.60000000000001,76.4,-4.4,-1.8,5,1,-1.9000000000000001,-4,-1.1,-159,21.7,91.50000000000001
Chrome Mobile,90.0.4430.82,Asus X01AD,Asus,Blink,[object Object],Chrome Mobile 90.0.4430.82 on Asus X01AD (Android 9),2021-05-06T05:20:50.565Z,着席,あ,false,75.3,74.8,-9.9,0.8,5.7,2.5,0.4,-4.1000000000000005,-0.1,118.2,20.900000000000002,-69.80000000000001
Chrome Mobile,90.0.4430.82,Asus X01AD,Asus,Blink,[object Object],Chrome Mobile 90.0.4430.82 on Asus X01AD (Android 9),2021-05-06T05:20:50.766Z,着席,あ,false,74.8,78.4,-10.600000000000001,-1.2000000000000002,2.2,0.30000000000000004,-1.5,-6.800000000000001,-1.5,-117.60000000000001,-1.6,67.9
Chrome Mobile,90.0.4430.82,Asus X01AD,Asus,Blink,[object Object],Chrome Mobile 90.0.4430.82 on Asus X01AD (Android 9),2021-05-06T05:20:50.966Z,着席,あ,false,69.10000000000001,75,-5.5,-2.2,6.300000000000001,4.7,-2.4000000000000004,-3.6,2.1,149.79999999999998,-10.5,-73
Chrome Mobile,90.0.4430.82,Asus X01AD,Asus,Blink,[object Object],Chrome Mobile 90.0.4430.82 on Asus X01AD (Android 9),2021-05-06T05:20:51.167Z,着席,あ,false,82.80000000000001,84.5,-22.1,-0.6000000000000001,0.1,0.1,-1,-9.200000000000001,-0.8,-60.00000000000001,-34.300000000000004,65.7
Chrome Mobile,90.0.4430.82,Asus X01AD,Asus,Blink,[object Object],Chrome Mobile 90.0.4430.82 on Asus X01AD (Android 9),2021-05-06T05:20:51.368Z,着席,あ,false,83.10000000000001,71.8,-19.200000000000003,2,14,5.5,1,4.4,2.5,119.7,7.300000000000001,-74.60000000000001
Chrome Mobile,90.0.4430.82,Asus X01AD,Asus,Blink,[object Object],Chrome Mobile 90.0.4430.82 on Asus X01AD (Android 9),2021-05-06T05:20:51.569Z,着席,あ,false,68.5,82.9,-6,-1.2000000000000002,-3.8000000000000003,1.9000000000000001,-1.3,-13.200000000000001,0.9,-54.50000000000001,8,45
Chrome Mobile,90.0.4430.82,Asus X01AD,Asus,Blink,[object Object],Chrome Mobile 90.0.4430.82 on Asus X01AD (Android 9),2021-05-06T05:20:51.770Z,着席,あ,false,87.4,70.9,-24.400000000000002,4,15.8,5,2.6,6.2,2,104.4,-13.700000000000001,-92.50000000000001
Chrome Mobile,90.0.4430.82,Asus X01AD,Asus,Blink,[object Object],Chrome Mobile 90.0.4430.82 on Asus X01AD (Android 9),2021-05-06T05:20:51.971Z,着席,あ,false,59.7,84.10000000000001,-1.3,-0.1,-2.1,0.7000000000000001,-0.2,-11.5,-0.2,-61.7,-5.300000000000001,49.300000000000004
Chrome Mobile,90.0.4430.82,Asus X01AD,Asus,Blink,[object Object],Chrome Mobile 90.0.4430.82 on Asus X01AD (Android 9),2021-05-06T05:20:52.171Z,着席,あ,false,79,67.5,-19.200000000000003,2.4000000000000004,17.5,8.3,1.1,8.1,4.7,108.2,4.6,-75.9
Chrome Mobile,90.0.4430.82,Asus X01AD,Asus,Blink,[object Object],Chrome Mobile 90.0.4430.82 on Asus X01AD (Android 9),2021-05-06T05:20:52.372Z,着席,あ,false,52.6,83.9,7.300000000000001,-0.5,-3.1,-1.3,-0.30000000000000004,-12.600000000000001,-2.2,-18.6,-0.4,28.900000000000002
Chrome Mobile,90.0.4430.82,Asus X01AD,Asus,Blink,[object Object],Chrome Mobile 90.0.4430.82 on Asus X01AD (Android 9),2021-05-06T05:20:52.579Z,着席,あ,false,87.9,70,-28.400000000000002,6,22.5,5.5,4.4,13,2.5,67.4,14.300000000000002,-85.30000000000001
Chrome Mobile,90.0.4430.82,Asus X01AD,Asus,Blink,[object Object],Chrome Mobile 90.0.4430.82 on Asus X01AD (Android 9),2021-05-06T05:20:52.779Z,着席,あ,false,33.6,82.2,25.900000000000002,-1.6,-2.8000000000000003,0.6000000000000001,-1,-12.200000000000001,-0.6000000000000001,-55.1,0.7,53.2
Chrome Mobile,90.0.4430.82,Asus X01AD,Asus,Blink,[object Object],Chrome Mobile 90.0.4430.82 on Asus X01AD (Android 9),2021-05-06T05:20:52.981Z,着席,あ,false,83.60000000000001,72.4,-21.5,3,14.100000000000001,6,1.8,4.4,3.1,91.8,8.2,-83.4
Chrome Mobile,90.0.4430.82,Asus X01AD,Asus,Blink,[object Object],Chrome Mobile 90.0.4430.82 on Asus X01AD (Android 9),2021-05-06T05:20:53.182Z,着席,あ,false,61.5,82.80000000000001,0.1,-1.3,-2.6,0,-1.3,-11.9,-1.1,-64.60000000000001,7,73.30000000000001
Chrome Mobile,90.0.4430.82,Asus X01AD,Asus,Blink,[object Object],Chrome Mobile 90.0.4430.82 on Asus X01AD (Android 9),2021-05-06T05:20:53.383Z,着席,あ,false,81.10000000000001,65.3,-18.6,3.6,18.1,8.3,2.2,8.9,4.3,100.70000000000002,-2.5,-56.9
Chrome Mobile,90.0.4430.82,Asus X01AD,Asus,Blink,[object Object],Chrome Mobile 90.0.4430.82 on Asus X01AD (Android 9),2021-05-06T05:20:53.584Z,着席,あ,false,63.400000000000006,79.5,-2.9000000000000004,-1.5,-3.1,1.7000000000000002,-1.6,-12.4,0,-47.400000000000006,1,36
Chrome Mobile,90.0.4430.82,Asus X01AD,Asus,Blink,[object Object],Chrome Mobile 90.0.4430.82 on Asus X01AD (Android 9),2021-05-06T05:20:53.785Z,着席,あ,false,82.80000000000001,66.4,-21,6.1000000000000005,18.400000000000002,7.4,4.6000000000000005,9,3.6,119.89999999999999,10.299999999999999,-64.10000000000001
Chrome Mobile,90.0.4430.82,Asus X01AD,Asus,Blink,[object Object],Chrome Mobile 90.0.4430.82 on Asus X01AD (Android 9),2021-05-06T05:20:53.985Z,着席,あ,false,56.800000000000004,85.60000000000001,3.7,-2.3000000000000003,-4,-0.7000000000000001,-2.3000000000000003,-13.5,-1.5,-15.8,-16.4,46.300000000000004
Chrome Mobile,90.0.4430.82,Asus X01AD,Asus,Blink,[object Object],Chrome Mobile 90.0.4430.82 on Asus X01AD (Android 9),2021-05-06T05:20:54.186Z,着席,あ,false,85.60000000000001,66.10000000000001,-23.700000000000003,5.4,23.900000000000002,8.700000000000001,3.8000000000000003,14.700000000000001,4.9,65.5,21.8,-50.2
Chrome Mobile,90.0.4430.82,Asus X01AD,Asus,Blink,[object Object],Chrome Mobile 90.0.4430.82 on Asus X01AD (Android 9),2021-05-06T05:20:54.386Z,着席,あ,false,48.2,84.60000000000001,12.100000000000001,-2.5,-2.8000000000000003,0,-2.3000000000000003,-12.4,-0.9,5.2,-24.8,12.200000000000001
Chrome Mobile,90.0.4430.82,Asus X01AD,Asus,Blink,[object Object],Chrome Mobile 90.0.4430.82 on Asus X01AD (Android 9),2021-05-06T05:20:54.587Z,着席,あ,false,87.2,63.7,-25.5,8.3,28.8,11.200000000000001,6.5,20,7.2,-34.300000000000004,-10.4,-8.100000000000001
Chrome Mobile,90.0.4430.82,Asus X01AD,Asus,Blink,[object Object],Chrome Mobile 90.0.4430.82 on Asus X01AD (Android 9),2021-05-06T05:20:54.788Z,着席,あ,false,53.6,85.10000000000001,3.3000000000000003,-1.6,-2.9000000000000004,1.8,-1.6,-12.700000000000001,1,54.9,-7.200000000000001,-48.10000000000001
Chrome Mobile,90.0.4430.82,Asus X01AD,Asus,Blink,[object Object],Chrome Mobile 90.0.4430.82 on Asus X01AD (Android 9),2021-05-06T05:20:54.994Z,着席,あ,false,79.2,66.7,-17.8,5.2,30.3,8.3,4,21.5,4.7,-149.20000000000002,-8.4,13.200000000000003
Chrome Mobile,90.0.4430.82,Asus X01AD,Asus,Blink,[object Object],Chrome Mobile 90.0.4430.82 on Asus X01AD (Android 9),2021-05-06T05:20:55.195Z,着席,あ,false,60.1,85.7,0.5,-0.9,-1.9000000000000001,0.4,-0.9,-11.8,-0.30000000000000004,61.8,-3.9,-31.6
Chrome Mobile,90.0.4430.82,Asus X01AD,Asus,Blink,[object Object],Chrome Mobile 90.0.4430.82 on Asus X01AD (Android 9),2021-05-06T05:20:55.396Z,着席,あ,false,76.5,67.60000000000001,-12.700000000000001,2.6,21.900000000000002,5.2,1.9000000000000001,13.200000000000001,1.7000000000000002,-177.4,5.7,69.5
Chrome Mobile,90.0.4430.82,Asus X01AD,Asus,Blink,[object Object],Chrome Mobile 90.0.4430.82 on Asus X01AD (Android 9),2021-05-06T05:20:55.597Z,着席,あ,false,62,80.4,-1.5,-0.6000000000000001,1.7000000000000002,2,-0.6000000000000001,-8.3,0.30000000000000004,89.5,-0.30000000000000004,-29.500000000000004
Chrome Mobile,90.0.4430.82,Asus X01AD,Asus,Blink,[object Object],Chrome Mobile 90.0.4430.82 on Asus X01AD (Android 9),2021-05-06T05:20:55.803Z,着席,あ,false,72.10000000000001,75.7,-9.4,-2.3000000000000003,6.300000000000001,0.30000000000000004,-2.5,-2.7,-1.7000000000000002,-148.8,34.400000000000006,85.69999999999999
Chrome Mobile,90.0.4430.82,Asus X01AD,Asus,Blink,[object Object],Chrome Mobile 90.0.4430.82 on Asus X01AD (Android 9),2021-05-06T05:20:56.004Z,着席,あ,false,79,76.2,-16.3,0.7000000000000001,4.5,4.2,0.1,-5.300000000000001,1.9000000000000001,88.20000000000002,-7.500000000000001,-77.00000000000001
Chrome Mobile,90.0.4430.82,Asus X01AD,Asus,Blink,[object Object],Chrome Mobile 90.0.4430.82 on Asus X01AD (Android 9),2021-05-06T05:20:56.205Z,着席,あ,false,57.5,78.9,4.7,-2.9000000000000004,1.6,-0.30000000000000004,-2.8000000000000003,-7.6000000000000005,-2.1,-116.4,30.799999999999997,50.2
Chrome Mobile,90.0.4430.82,Asus X01AD,Asus,Blink,[object Object],Chrome Mobile 90.0.4430.82 on Asus X01AD (Android 9),2021-05-06T05:20:56.406Z,着席,あ,false,81.7,71.7,-16.7,2,11.100000000000001,4.6000000000000005,1.1,1.5,1.5,140.9,-9.5,-66.5
Chrome Mobile,90.0.4430.82,Asus X01AD,Asus,Blink,[object Object],Chrome Mobile 90.0.4430.82 on Asus X01AD (Android 9),2021-05-06T05:20:56.607Z,着席,あ,false,34.5,83.5,28.5,-1.4000000000000001,-2.5,-0.4,-0.8,-11.9,-1.3,-60.1,5.8,23.5
Chrome Mobile,90.0.4430.82,Asus X01AD,Asus,Blink,[object Object],Chrome Mobile 90.0.4430.82 on Asus X01AD (Android 9),2021-05-06T05:20:56.807Z,着席,あ,false,75.2,61.400000000000006,-7.6000000000000005,4.3,24.400000000000002,9.5,3.7,15.600000000000001,4.7,93.3,-4.5,4.2
Chrome Mobile,90.0.4430.82,Asus X01AD,Asus,Blink,[object Object],Chrome Mobile 90.0.4430.82 on Asus X01AD (Android 9),2021-05-06T05:20:57.008Z,着席,あ,false,47.300000000000004,83.5,15.8,-0.5,-1.7000000000000002,0.5,-0.2,-11.3,-0.5,37,-14.700000000000001,4.4
Chrome Mobile,90.0.4430.82,Asus X01AD,Asus,Blink,[object Object],Chrome Mobile 90.0.4430.82 on Asus X01AD (Android 9),2021-05-06T05:20:57.209Z,着席,あ,false,75.9,61.7,-6.800000000000001,0.2,26,12.5,-0.30000000000000004,17.5,7.9,-29.900000000000006,16.1,57.49999999999999
Chrome Mobile,90.0.4430.82,Asus X01AD,Asus,Blink,[object Object],Chrome Mobile 90.0.4430.82 on Asus X01AD (Android 9),2021-05-06T05:20:57.409Z,着席,あ,false,58.900000000000006,81.4,8.8,-1.2000000000000002,0.1,2,-0.9,-9.700000000000001,0.6000000000000001,70.6,-1.1,-48.70000000000001
Chrome Mobile,90.0.4430.82,Asus X01AD,Asus,Blink,[object Object],Chrome Mobile 90.0.4430.82 on Asus X01AD (Android 9),2021-05-06T05:20:57.610Z,着席,あ,false,71.5,65.2,-0.6000000000000001,-0.8,14.9,7.300000000000001,-0.8,6.4,3.4000000000000004,-250.00000000000003,71.8,48.300000000000004
Chrome Mobile,90.0.4430.82,Asus X01AD,Asus,Blink,[object Object],Chrome Mobile 90.0.4430.82 on Asus X01AD (Android 9),2021-05-06T05:20:57.811Z,着席,あ,false,62.400000000000006,77.7,6.800000000000001,0.30000000000000004,2.6,3.1,0.5,-7.300000000000001,1,135.3,-37.800000000000004,-90.9
Chrome Mobile,90.0.4430.82,Asus X01AD,Asus,Blink,[object Object],Chrome Mobile 90.0.4430.82 on Asus X01AD (Android 9),2021-05-06T05:20:58.011Z,着席,あ,false,67.8,77.30000000000001,-1.6,0.4,6.800000000000001,-0.4,0.30000000000000004,-2.3000000000000003,-2.4000000000000004,-181.60000000000002,10.600000000000001,79.9
Chrome Mobile,90.0.4430.82,Asus X01AD,Asus,Blink,[object Object],Chrome Mobile 90.0.4430.82 on Asus X01AD (Android 9),2021-05-06T05:20:58.212Z,着席,あ,false,61.1,78,6.4,0.4,4.1000000000000005,2.8000000000000003,0.7000000000000001,-5.800000000000001,0.8,135.1,-36.8,-79.19999999999999
Chrome Mobile,90.0.4430.82,Asus X01AD,Asus,Blink,[object Object],Chrome Mobile 90.0.4430.82 on Asus X01AD (Android 9),2021-05-06T05:20:58.413Z,着席,あ,false,60.300000000000004,75.3,6.2,-1.1,7.300000000000001,1.8,-0.9,-1.7000000000000002,-0.5,-176.7,12.9,71.6
Chrome Mobile,90.0.4430.82,Asus X01AD,Asus,Blink,[object Object],Chrome Mobile 90.0.4430.82 on Asus X01AD (Android 9),2021-05-06T05:20:58.614Z,着席,あ,false,65.9,78.10000000000001,-1.2000000000000002,0.2,6.4,3.1,0.1,-3.5,1,140.5,-26.700000000000003,-64.80000000000001
Chrome Mobile,90.0.4430.82,Asus X01AD,Asus,Blink,[object Object],Chrome Mobile 90.0.4430.82 on Asus X01AD (Android 9),2021-05-06T05:20:58.814Z,着席,あ,false,46.6,83.4,14.8,-0.6000000000000001,1.2000000000000002,1.2000000000000002,-0.4,-8.1,0.1,-118.2,10.8,52.80000000000001
Chrome Mobile,90.0.4430.82,Asus X01AD,Asus,Blink,[object Object],Chrome Mobile 90.0.4430.82 on Asus X01AD (Android 9),2021-05-06T05:20:59.015Z,着席,あ,false,73.7,73.9,-9.600000000000001,2.8000000000000003,13.3,3.1,2.3000000000000003,3.4000000000000004,0.4,156.8,-0.4,-81.60000000000001
Chrome Mobile,90.0.4430.82,Asus X01AD,Asus,Blink,[object Object],Chrome Mobile 90.0.4430.82 on Asus X01AD (Android 9),2021-05-06T05:20:59.215Z,着席,あ,false,347.3,85,75.9,-1.4000000000000001,-2,-0.9,-0.6000000000000001,-11.4,-1.1,-72.2,2.6,49.50000000000001
Chrome Mobile,90.0.4430.82,Asus X01AD,Asus,Blink,[object Object],Chrome Mobile 90.0.4430.82 on Asus X01AD (Android 9),2021-05-06T05:20:59.416Z,着席,あ,false,78.9,66.3,-12.100000000000001,5.6000000000000005,22.5,6.9,4.7,13.200000000000001,3,120.10000000000001,2.5,-28.700000000000003
Chrome Mobile,90.0.4430.82,Asus X01AD,Asus,Blink,[object Object],Chrome Mobile 90.0.4430.82 on Asus X01AD (Android 9),2021-05-06T05:20:59.617Z,着席,あ,false,1,84,61.5,-0.9,-1.7000000000000002,0,0,-11.3,-0.5,9.100000000000001,-16.1,1.3
Chrome Mobile,90.0.4430.82,Asus X01AD,Asus,Blink,[object Object],Chrome Mobile 90.0.4430.82 on Asus X01AD (Android 9),2021-05-06T05:20:59.817Z,着席,あ,false,79.60000000000001,63,-13.200000000000001,7.5,30.6,11.700000000000001,6.5,21.900000000000002,7.4,-18,-27.099999999999998,34.60000000000001
Chrome Mobile,90.0.4430.82,Asus X01AD,Asus,Blink,[object Object],Chrome Mobile 90.0.4430.82 on Asus X01AD (Android 9),2021-05-06T05:21:00.018Z,着席,あ,false,7.5,83,55.1,-2.6,-2.3000000000000003,0.2,-1.6,-12,-0.5,67.60000000000001,0.30000000000000004,-33.800000000000004
Chrome Mobile,90.0.4430.82,Asus X01AD,Asus,Blink,[object Object],Chrome Mobile 90.0.4430.82 on Asus X01AD (Android 9),2021-05-06T05:21:00.219Z,着席,あ,false,81.5,69.5,-22,1.3,20.900000000000002,6.4,0.1,12.100000000000001,3.3000000000000003,-185.5,-27.700000000000003,73.6
Chrome Mobile,90.0.4430.82,Asus X01AD,Asus,Blink,[object Object],Chrome Mobile 90.0.4430.82 on Asus X01AD (Android 9),2021-05-06T05:21:00.420Z,着席,あ,false,58.6,81.4,2.2,-0.2,1.4000000000000001,2.6,-0.2,-8.5,1.1,87.3,-2.8,-67.2
Chrome Mobile,90.0.4430.82,Asus X01AD,Asus,Blink,[object Object],Chrome Mobile 90.0.4430.82 on Asus X01AD (Android 9),2021-05-06T05:21:00.621Z,着席,あ,false,72.7,75,-11.3,0.4,11.600000000000001,0.30000000000000004,-0.1,2.6,-2.1,-153.79999999999998,5.4,70.5
Chrome Mobile,90.0.4430.82,Asus X01AD,Asus,Blink,[object Object],Chrome Mobile 90.0.4430.82 on Asus X01AD (Android 9),2021-05-06T05:21:00.822Z,着席,あ,false,60.400000000000006,78,1.6,-0.6000000000000001,4.9,2,-0.5,-4.9,-0.1,85.30000000000001,3.5,-78.2
Chrome Mobile,90.0.4430.82,Asus X01AD,Asus,Blink,[object Object],Chrome Mobile 90.0.4430.82 on Asus X01AD (Android 9),2021-05-06T05:21:01.031Z,着席,あ,false,59.5,78.9,1.5,-0.9,2.8000000000000003,0.8,-0.9,-6.300000000000001,-1,-99.00000000000001,-11.4,77.5
Chrome Mobile,90.0.4430.82,Asus X01AD,Asus,Blink,[object Object],Chrome Mobile 90.0.4430.82 on Asus X01AD (Android 9),2021-05-06T05:21:01.235Z,着席,あ,false,66.60000000000001,78.80000000000001,-4.1000000000000005,0.9,6.800000000000001,1.9000000000000001,0.7000000000000001,-3.2,-0.1,139,3,-86.5
Chrome Mobile,90.0.4430.82,Asus X01AD,Asus,Blink,[object Object],Chrome Mobile 90.0.4430.82 on Asus X01AD (Android 9),2021-05-06T05:21:01.436Z,着席,あ,false,44.900000000000006,83.2,16,0,2.1,1.2000000000000002,0.30000000000000004,-7.2,0.1,-96.7,-12.7,79.9
Chrome Mobile,90.0.4430.82,Asus X01AD,Asus,Blink,[object Object],Chrome Mobile 90.0.4430.82 on Asus X01AD (Android 9),2021-05-06T05:21:01.636Z,着席,あ,false,79.80000000000001,72.3,-18.3,2.8000000000000003,15,3.9000000000000004,1.9000000000000001,5.4,0.9,107.4,8.600000000000001,-75.1
Chrome Mobile,90.0.4430.82,Asus X01AD,Asus,Blink,[object Object],Chrome Mobile 90.0.4430.82 on Asus X01AD (Android 9),2021-05-06T05:21:01.837Z,着席,あ,false,51.900000000000006,85.7,6.2,-0.5,0.7000000000000001,2.8000000000000003,-0.4,-8.8,2.1,-42.400000000000006,13.6,33.7
Chrome Mobile,90.0.4430.82,Asus X01AD,Asus,Blink,[object Object],Chrome Mobile 90.0.4430.82 on Asus X01AD (Android 9),2021-05-06T05:21:02.037Z,着席,あ,false,86.5,68.4,-25.400000000000002,4.5,23,3.8000000000000003,3,13.8,0.5,25.200000000000003,-26.6,-12.7
Chrome Mobile,90.0.4430.82,Asus X01AD,Asus,Blink,[object Object],Chrome Mobile 90.0.4430.82 on Asus X01AD (Android 9),2021-05-06T05:21:02.238Z,着席,あ,false,20,84.7,41.300000000000004,-2,-0.5,0.1,-1.4000000000000001,-10.200000000000001,-0.6000000000000001,25.6,-0.9000000000000001,5.9
Chrome Mobile,90.0.4430.82,Asus X01AD,Asus,Blink,[object Object],Chrome Mobile 90.0.4430.82 on Asus X01AD (Android 9),2021-05-06T05:21:02.439Z,着席,あ,false,79.9,68.8,-17.8,2.7,23.700000000000003,7.4,1.6,14.8,4.1000000000000005,-81.4,0.8,38.1
Chrome Mobile,90.0.4430.82,Asus X01AD,Asus,Blink,[object Object],Chrome Mobile 90.0.4430.82 on Asus X01AD (Android 9),2021-05-06T05:21:02.639Z,着席,あ,false,44.5,83.4,17.2,-1,0.9,0.8,-0.7000000000000001,-8.9,-0.30000000000000004,53.2,-9.8,-36.9
Chrome Mobile,90.0.4430.82,Asus X01AD,Asus,Blink,[object Object],Chrome Mobile 90.0.4430.82 on Asus X01AD (Android 9),2021-05-06T05:21:02.840Z,着席,あ,false,80,68.3,-18.1,2.4000000000000004,19.1,5,1.3,10.3,1.7000000000000002,-154.00000000000003,11.000000000000002,95.5
Chrome Mobile,90.0.4430.82,Asus X01AD,Asus,Blink,[object Object],Chrome Mobile 90.0.4430.82 on Asus X01AD (Android 9),2021-05-06T05:21:03.040Z,着席,あ,false,56.300000000000004,80.30000000000001,4,-0.4,2.1,2.3000000000000003,-0.30000000000000004,-7.800000000000001,0.6000000000000001,111.50000000000001,4.800000000000001,-87.00000000000001
Chrome Mobile,90.0.4430.82,Asus X01AD,Asus,Blink,[object Object],Chrome Mobile 90.0.4430.82 on Asus X01AD (Android 9),2021-05-06T05:21:03.241Z,着席,あ,false,61.6,78.9,-1.4000000000000001,-0.7000000000000001,6.5,1.7000000000000002,-0.8,-2.6,-0.1,-134.70000000000002,21.6,67.7
Chrome Mobile,90.0.4430.82,Asus X01AD,Asus,Blink,[object Object],Chrome Mobile 90.0.4430.82 on Asus X01AD (Android 9),2021-05-06T05:21:03.442Z,着席,あ,false,75.2,77.30000000000001,-9.700000000000001,0,7.7,3.1,-0.30000000000000004,-2.1,0.9,139.70000000000002,-8.4,-62.7
Chrome Mobile,90.0.4430.82,Asus X01AD,Asus,Blink,[object Object],Chrome Mobile 90.0.4430.82 on Asus X01AD (Android 9),2021-05-06T05:21:03.643Z,着席,あ,false,73.5,82.9,-10.8,-0.30000000000000004,0.4,-1.5,-0.5,-8.9,-2.7,-119.20000000000002,15.6,67.7
Chrome Mobile,90.0.4430.82,Asus X01AD,Asus,Blink,[object Object],Chrome Mobile 90.0.4430.82 on Asus X01AD (Android 9),2021-05-06T05:21:03.844Z,着席,あ,false,79.7,72,-14.200000000000001,2.2,11,4.800000000000001,1.4000000000000001,1.4000000000000001,1.7000000000000002,138.9,-1.1,-95.30000000000001
Chrome Mobile,90.0.4430.82,Asus X01AD,Asus,Blink,[object Object],Chrome Mobile 90.0.4430.82 on Asus X01AD (Android 9),2021-05-06T05:21:04.044Z,着席,あ,false,37.2,84.2,27.1,-0.7000000000000001,-1.3,-0.7000000000000001,-0.2,-10.8,-1.6,-61,1.1,53.9
Chrome Mobile,90.0.4430.82,Asus X01AD,Asus,Blink,[object Object],Chrome Mobile 90.0.4430.82 on Asus X01AD (Android 9),2021-05-06T05:21:04.246Z,着席,あ,false,95.4,69.9,-28.900000000000002,5,15.3,3.8000000000000003,3.3000000000000003,5.7,0.7000000000000001,107.6,-6.4,-86.1
Chrome Mobile,90.0.4430.82,Asus X01AD,Asus,Blink,[object Object],Chrome Mobile 90.0.4430.82 on Asus X01AD (Android 9),2021-05-06T05:21:04.446Z,着席,あ,false,58.2,84.10000000000001,5.1000000000000005,-0.5,-0.5,0.4,-0.4,-10,-0.6000000000000001,-26.6,9.600000000000001,26.1
Chrome Mobile,90.0.4430.82,Asus X01AD,Asus,Blink,[object Object],Chrome Mobile 90.0.4430.82 on Asus X01AD (Android 9),2021-05-06T05:21:04.647Z,着席,あ,false,94.5,65.10000000000001,-26.3,8.9,24.8,8.6,7,15.700000000000001,4.800000000000001,43.50000000000001,6.1000000000000005,-54.800000000000004
Chrome Mobile,90.0.4430.82,Asus X01AD,Asus,Blink,[object Object],Chrome Mobile 90.0.4430.82 on Asus X01AD (Android 9),2021-05-06T05:21:04.847Z,着席,あ,false,42,83.10000000000001,26.400000000000002,-0.2,-2,-2.2,0.30000000000000004,-11.600000000000001,-3.2,-20.1,17.6,1.4
Chrome Mobile,90.0.4430.82,Asus X01AD,Asus,Blink,[object Object],Chrome Mobile 90.0.4430.82 on Asus X01AD (Android 9),2021-05-06T05:21:05.048Z,着席,あ,false,79.5,65.3,-12.8,2.8000000000000003,24.900000000000002,10.9,1.8,15.9,6.9,74.10000000000001,-23.5,20.5
Chrome Mobile,90.0.4430.82,Asus X01AD,Asus,Blink,[object Object],Chrome Mobile 90.0.4430.82 on Asus X01AD (Android 9),2021-05-06T05:21:05.248Z,着席,あ,false,26,85.2,38.2,-1.4000000000000001,-1.1,0.30000000000000004,-0.9,-10.8,-0.30000000000000004,38.800000000000004,-23.3,-13.8
Chrome Mobile,90.0.4430.82,Asus X01AD,Asus,Blink,[object Object],Chrome Mobile 90.0.4430.82 on Asus X01AD (Android 9),2021-05-06T05:21:05.449Z,着席,あ,false,83.4,67.5,-17.7,4.6000000000000005,27.700000000000003,6.5,3.5,18.8,2.9000000000000004,-18.1,-17.9,48.70000000000001
Chrome Mobile,90.0.4430.82,Asus X01AD,Asus,Blink,[object Object],Chrome Mobile 90.0.4430.82 on Asus X01AD (Android 9),2021-05-06T05:21:05.649Z,着席,あ,false,46.7,85,17.6,-1.2000000000000002,0,1.6,-1,-9.8,0.8,41.6,-20.5,-28.1
Chrome Mobile,90.0.4430.82,Asus X01AD,Asus,Blink,[object Object],Chrome Mobile 90.0.4430.82 on Asus X01AD (Android 9),2021-05-06T05:21:05.850Z,着席,あ,false,84.80000000000001,69.3,-20.1,1.3,21.200000000000003,3.8000000000000003,0.1,12.3,0.7000000000000001,-118.90000000000002,6.699999999999999,58.1
Chrome Mobile,90.0.4430.82,Asus X01AD,Asus,Blink,[object Object],Chrome Mobile 90.0.4430.82 on Asus X01AD (Android 9),2021-05-06T05:21:06.051Z,着席,あ,false,69.9,83,-6.300000000000001,0.8,2.1,1.4000000000000001,0.7000000000000001,-7.800000000000001,0.2,90.5,-15.399999999999999,-61.7
Chrome Mobile,90.0.4430.82,Asus X01AD,Asus,Blink,[object Object],Chrome Mobile 90.0.4430.82 on Asus X01AD (Android 9),2021-05-06T05:21:06.251Z,着席,あ,false,80.9,74.7,-15.700000000000001,-0.7000000000000001,10.600000000000001,1.7000000000000002,-1.3,1.6,-0.6000000000000001,-149.3,37,101.10000000000001
Chrome Mobile,90.0.4430.82,Asus X01AD,Asus,Blink,[object Object],Chrome Mobile 90.0.4430.82 on Asus X01AD (Android 9),2021-05-06T05:21:06.452Z,着席,あ,false,79.5,81.10000000000001,-14.8,0.8,3.9000000000000004,2.9000000000000004,0.4,-6,1.4000000000000001,102,-25.900000000000002,-87.60000000000001
Chrome Mobile,90.0.4430.82,Asus X01AD,Asus,Blink,[object Object],Chrome Mobile 90.0.4430.82 on Asus X01AD (Android 9),2021-05-06T05:21:06.652Z,着席,あ,false,79.7,78.2,-15.200000000000001,1.2000000000000002,7.800000000000001,-0.5,0.7000000000000001,-1.4000000000000001,-2.3000000000000003,-140.4,18.8,77.1
Chrome Mobile,90.0.4430.82,Asus X01AD,Asus,Blink,[object Object],Chrome Mobile 90.0.4430.82 on Asus X01AD (Android 9),2021-05-06T05:21:06.853Z,着席,あ,false,73.2,80.30000000000001,-8.700000000000001,0.6000000000000001,6.300000000000001,3.2,0.30000000000000004,-3.7,1.5,138.20000000000002,-14.100000000000001,-77.20000000000002
Chrome Mobile,90.0.4430.82,Asus X01AD,Asus,Blink,[object Object],Chrome Mobile 90.0.4430.82 on Asus X01AD (Android 9),2021-05-06T05:21:07.059Z,着席,あ,false,65.10000000000001,83.60000000000001,-1.9000000000000001,-0.9,2.5,-1.1,-1,-6.800000000000001,-2.2,-116.69999999999999,9.899999999999999,75.8
Chrome Mobile,90.0.4430.82,Asus X01AD,Asus,Blink,[object Object],Chrome Mobile 90.0.4430.82 on Asus X01AD (Android 9),2021-05-06T05:21:07.265Z,着席,あ,false,82.60000000000001,77.2,-19,1.8,11,3.7,1,1.1,1.6,135.1,-0.7,-92.7
Chrome Mobile,90.0.4430.82,Asus X01AD,Asus,Blink,[object Object],Chrome Mobile 90.0.4430.82 on Asus X01AD (Android 9),2021-05-06T05:21:07.465Z,着席,あ,false,39.400000000000006,86.60000000000001,22.200000000000003,0.30000000000000004,2.6,-0.4,0.5,-6.7,-0.9,-97.89999999999999,-5.500000000000001,72.9
Chrome Mobile,90.0.4430.82,Asus X01AD,Asus,Blink,[object Object],Chrome Mobile 90.0.4430.82 on Asus X01AD (Android 9),2021-05-06T05:21:07.666Z,着席,あ,false,79.2,76.4,-16.6,2.2,14.5,4.2,1.5,4.7,1.9000000000000001,105.20000000000002,9.100000000000001,-78.7
Chrome Mobile,90.0.4430.82,Asus X01AD,Asus,Blink,[object Object],Chrome Mobile 90.0.4430.82 on Asus X01AD (Android 9),2021-05-06T05:21:07.867Z,着席,あ,false,351.40000000000003,87.10000000000001,68.60000000000001,0,-0.1,0.5,0.4,-9.5,0.30000000000000004,-53.50000000000001,8.3,37.50000000000001
Chrome Mobile,90.0.4430.82,Asus X01AD,Asus,Blink,[object Object],Chrome Mobile 90.0.4430.82 on Asus X01AD (Android 9),2021-05-06T05:21:08.068Z,着席,あ,false,78.2,75.10000000000001,-16.2,3.9000000000000004,22.3,6.2,3.1,12.600000000000001,3.6,51.9,27.6,-64.80000000000001
Chrome Mobile,90.0.4430.82,Asus X01AD,Asus,Blink,[object Object],Chrome Mobile 90.0.4430.82 on Asus X01AD (Android 9),2021-05-06T05:21:08.268Z,着席,あ,false,333.6,85.4,88.7,-1,-2,0,-0.2,-11.600000000000001,0,-27.6,1.1,20.599999999999998
Chrome Mobile,90.0.4430.82,Asus X01AD,Asus,Blink,[object Object],Chrome Mobile 90.0.4430.82 on Asus X01AD (Android 9),2021-05-06T05:21:08.469Z,着席,あ,false,77.10000000000001,69,-13.9,4.6000000000000005,25.6,8.200000000000001,3.8000000000000003,16.3,4.800000000000001,59.00000000000001,-11.3,-9.5
Chrome Mobile,90.0.4430.82,Asus X01AD,Asus,Blink,[object Object],Chrome Mobile 90.0.4430.82 on Asus X01AD (Android 9),2021-05-06T05:21:08.669Z,着席,あ,false,339.1,86.5,83.5,-1.3,-2.3000000000000003,-1,-0.7000000000000001,-11.9,-1,25.6,-14,17.400000000000002
Chrome Mobile,90.0.4430.82,Asus X01AD,Asus,Blink,[object Object],Chrome Mobile 90.0.4430.82 on Asus X01AD (Android 9),2021-05-06T05:21:08.870Z,着席,あ,false,80.30000000000001,67,-17,3.4000000000000004,28.5,9.5,2.4000000000000004,19.5,5.9,-43.2,-24.1,27.700000000000003
Chrome Mobile,90.0.4430.82,Asus X01AD,Asus,Blink,[object Object],Chrome Mobile 90.0.4430.82 on Asus X01AD (Android 9),2021-05-06T05:21:09.070Z,着席,あ,false,351.90000000000003,87.2,69.60000000000001,-1.2000000000000002,-1.2000000000000002,0.1,-0.8,-11.100000000000001,-0.1,76.89999999999999,10.200000000000001,-39
Chrome Mobile,90.0.4430.82,Asus X01AD,Asus,Blink,[object Object],Chrome Mobile 90.0.4430.82 on Asus X01AD (Android 9),2021-05-06T05:21:09.270Z,着席,あ,false,81.60000000000001,72,-20.3,3.1,19.900000000000002,6.300000000000001,2.1,11,3.6,-172.9,-31,83.70000000000002
Chrome Mobile,90.0.4430.82,Asus X01AD,Asus,Blink,[object Object],Chrome Mobile 90.0.4430.82 on Asus X01AD (Android 9),2021-05-06T05:21:09.471Z,着席,あ,false,61.1,84,-1.5,0,1.5,2.2,0,-8.4,1.1,103.49999999999999,2.5,-71.5
Chrome Mobile,90.0.4430.82,Asus X01AD,Asus,Blink,[object Object],Chrome Mobile 90.0.4430.82 on Asus X01AD (Android 9),2021-05-06T05:21:09.672Z,着席,あ,false,67.7,75.7,-6.300000000000001,-0.8,7.4,0.30000000000000004,-1,-1.7000000000000002,-1.6,-204.1,32.2,48
Chrome Mobile,90.0.4430.82,Asus X01AD,Asus,Blink,[object Object],Chrome Mobile 90.0.4430.82 on Asus X01AD (Android 9),2021-05-06T05:21:09.872Z,着席,あ,false,73.60000000000001,76.7,-13,0.4,6.300000000000001,2.9000000000000004,-0.1,-3.5,0.6000000000000001,115.7,-10,-73.2
Chrome Mobile,90.0.4430.82,Asus X01AD,Asus,Blink,[object Object],Chrome Mobile 90.0.4430.82 on Asus X01AD (Android 9),2021-05-06T05:21:10.073Z,着席,あ,false,74.60000000000001,78.5,-14.200000000000001,0.4,4.4,2,-0.1,-4.800000000000001,0.2,-103.00000000000001,18.6,62
Chrome Mobile,90.0.4430.82,Asus X01AD,Asus,Blink,[object Object],Chrome Mobile 90.0.4430.82 on Asus X01AD (Android 9),2021-05-06T05:21:10.273Z,着席,あ,false,84,73.9,-22,1.1,9.9,4.7,0.1,0.2,2.1,93.00000000000001,-4.2,-79.5
Chrome Mobile,90.0.4430.82,Asus X01AD,Asus,Blink,[object Object],Chrome Mobile 90.0.4430.82 on Asus X01AD (Android 9),2021-05-06T05:21:10.474Z,着席,あ,false,78.80000000000001,81.4,-18.900000000000002,1.4000000000000001,1.9000000000000001,2.2,0.9,-7.4,0.9,-67.7,14.600000000000001,37
Chrome Mobile,90.0.4430.82,Asus X01AD,Asus,Blink,[object Object],Chrome Mobile 90.0.4430.82 on Asus X01AD (Android 9),2021-05-06T05:21:10.674Z,着席,あ,false,82.10000000000001,69.8,-18.400000000000002,2.5,16.2,6.9,1.4000000000000001,6.7,3.6,118.40000000000002,-0.9000000000000001,-32.6
Chrome Mobile,90.0.4430.82,Asus X01AD,Asus,Blink,[object Object],Chrome Mobile 90.0.4430.82 on Asus X01AD (Android 9),2021-05-06T05:21:10.875Z,着席,あ,false,62.800000000000004,84.60000000000001,0.2,0.1,-0.5,1.8,0.1,-10,0.9,-39.599999999999994,-8.3,32.5
Chrome Mobile,90.0.4430.82,Asus X01AD,Asus,Blink,[object Object],Chrome Mobile 90.0.4430.82 on Asus X01AD (Android 9),2021-05-06T05:21:11.075Z,着席,あ,false,90.2,68.60000000000001,-23.400000000000002,6.800000000000001,21.8,5.300000000000001,5.4,12.5,1.9000000000000001,98.50000000000001,4.1,-42.5
Chrome Mobile,90.0.4430.82,Asus X01AD,Asus,Blink,[object Object],Chrome Mobile 90.0.4430.82 on Asus X01AD (Android 9),2021-05-06T05:21:11.276Z,着席,あ,false,357,87.7,67.60000000000001,-0.9,-0.9,0.6000000000000001,-0.5,-10.600000000000001,0.5,12.5,-8.700000000000001,6.2
Chrome Mobile,90.0.4430.82,Asus X01AD,Asus,Blink,[object Object],Chrome Mobile 90.0.4430.82 on Asus X01AD (Android 9),2021-05-06T05:21:11.476Z,着席,あ,false,83.2,70.10000000000001,-16.6,3.5,24.700000000000003,3.4000000000000004,2.6,15.5,0.2,-40.5,10.1,2.2
Chrome Mobile,90.0.4430.82,Asus X01AD,Asus,Blink,[object Object],Chrome Mobile 90.0.4430.82 on Asus X01AD (Android 9),2021-05-06T05:21:11.677Z,着席,あ,false,36.2,86,28.5,0.5,2.1,1.7000000000000002,0.8,-7.7,1.1,46.300000000000004,-10.700000000000001,-28.700000000000003
Chrome Mobile,90.0.4430.82,Asus X01AD,Asus,Blink,[object Object],Chrome Mobile 90.0.4430.82 on Asus X01AD (Android 9),2021-05-06T05:21:11.878Z,着席,あ,false,78,69.7,-11.600000000000001,-0.30000000000000004,18.1,4.800000000000001,-1,9.3,1.6,-194.00000000000003,15.299999999999999,38.400000000000006
Chrome Mobile,90.0.4430.82,Asus X01AD,Asus,Blink,[object Object],Chrome Mobile 90.0.4430.82 on Asus X01AD (Android 9),2021-05-06T05:21:12.079Z,着席,あ,false,60.5,82,6.9,0.5,3.3000000000000003,1.3,0.7000000000000001,-6.7,-0.1,114.6,14.600000000000001,-74.80000000000001
Chrome Mobile,90.0.4430.82,Asus X01AD,Asus,Blink,[object Object],Chrome Mobile 90.0.4430.82 on Asus X01AD (Android 9),2021-05-06T05:21:12.279Z,着席,あ,false,66.60000000000001,79.9,-0.4,0.4,6.2,0.9,0.30000000000000004,-3,-0.8,-151.5,-0.9000000000000001,67.4
Chrome Mobile,90.0.4430.82,Asus X01AD,Asus,Blink,[object Object],Chrome Mobile 90.0.4430.82 on Asus X01AD (Android 9),2021-05-06T05:21:12.480Z,着席,あ,false,74.3,77.7,-7.4,0.4,10,4,0,0.2,1.6,130.70000000000002,15.399999999999999,-71.39999999999999
Chrome Mobile,90.0.4430.82,Asus X01AD,Asus,Blink,[object Object],Chrome Mobile 90.0.4430.82 on Asus X01AD (Android 9),2021-05-06T05:21:12.680Z,着席,あ,false,44.900000000000006,85,20.5,0,1.4000000000000001,1.2000000000000002,0.30000000000000004,-8,0.4,-72.2,3.8,35.2
Chrome Mobile,90.0.4430.82,Asus X01AD,Asus,Blink,[object Object],Chrome Mobile 90.0.4430.82 on Asus X01AD (Android 9),2021-05-06T05:21:12.881Z,着席,あ,false,84,77.5,-17.6,2.8000000000000003,15.600000000000001,2.7,2.2,5.800000000000001,0.7000000000000001,129.70000000000002,-8.700000000000001,-42
Chrome Mobile,90.0.4430.82,Asus X01AD,Asus,Blink,[object Object],Chrome Mobile 90.0.4430.82 on Asus X01AD (Android 9),2021-05-06T05:21:13.091Z,着席,あ,false,140.4,93.10000000000001,-78.2,-0.1,-0.30000000000000004,1.5,0.4,-9.8,1.6,-54.6,11.000000000000002,15.5
Chrome Mobile,90.0.4430.82,Asus X01AD,Asus,Blink,[object Object],Chrome Mobile 90.0.4430.82 on Asus X01AD (Android 9),2021-05-06T05:21:13.296Z,着席,あ,false,79.5,68.9,-15.100000000000001,4.6000000000000005,26.200000000000003,8.4,3.7,16.900000000000002,5,47.900000000000006,-9.5,-10.8
Chrome Mobile,90.0.4430.82,Asus X01AD,Asus,Blink,[object Object],Chrome Mobile 90.0.4430.82 on Asus X01AD (Android 9),2021-05-06T05:21:13.497Z,着席,あ,false,139.3,94.7,-74.5,-0.7000000000000001,-1.4000000000000001,-1.3,0,-11.100000000000001,-1.1,21.1,-19.200000000000003,10
Chrome Mobile,90.0.4430.82,Asus X01AD,Asus,Blink,[object Object],Chrome Mobile 90.0.4430.82 on Asus X01AD (Android 9),2021-05-06T05:21:13.698Z,着席,あ,false,76.5,70.7,-10.8,2.3000000000000003,25.6,7.1000000000000005,1.7000000000000002,16.5,3.9000000000000004,-45.2,-4.5,23.6
Chrome Mobile,90.0.4430.82,Asus X01AD,Asus,Blink,[object Object],Chrome Mobile 90.0.4430.82 on Asus X01AD (Android 9),2021-05-06T05:21:13.899Z,着席,あ,false,355,87.60000000000001,68.9,-1.6,0.2,0.5,-1.2000000000000002,-9.600000000000001,0.30000000000000004,62.7,-27.6,-17.300000000000004
Chrome Mobile,90.0.4430.82,Asus X01AD,Asus,Blink,[object Object],Chrome Mobile 90.0.4430.82 on Asus X01AD (Android 9),2021-05-06T05:21:14.099Z,着席,あ,false,80.30000000000001,72.5,-14.5,1.4000000000000001,20,4.2,0,8.1,0.5,-159.8,32.7,64.10000000000001
Chrome Mobile,90.0.4430.82,Asus X01AD,Asus,Blink,[object Object],Chrome Mobile 90.0.4430.82 on Asus X01AD (Android 9),2021-05-06T05:21:14.300Z,着席,あ,false,62.6,84.60000000000001,1.9000000000000001,-0.2,3,1.8,-0.1,-7,0.8,118.80000000000003,-5.2,-67.7
Chrome Mobile,90.0.4430.82,Asus X01AD,Asus,Blink,[object Object],Chrome Mobile 90.0.4430.82 on Asus X01AD (Android 9),2021-05-06T05:21:14.500Z,着席,あ,false,71,80.2,-5.5,0.7000000000000001,7.6000000000000005,0.1,0.5,-1.5,-1.4000000000000001,-184.79999999999998,18.900000000000002,33.1
Chrome Mobile,90.0.4430.82,Asus X01AD,Asus,Blink,[object Object],Chrome Mobile 90.0.4430.82 on Asus X01AD (Android 9),2021-05-06T05:21:14.702Z,着席,あ,false,70.8,78.30000000000001,-6.7,-0.9,7.800000000000001,3.6,-1.2000000000000002,-2.1,1.6,137.60000000000002,9.600000000000001,-85.5
Chrome Mobile,90.0.4430.82,Asus X01AD,Asus,Blink,[object Object],Chrome Mobile 90.0.4430.82 on Asus X01AD (Android 9),2021-05-06T05:21:14.903Z,着席,あ,false,45.5,84.30000000000001,17.7,-0.1,2,1.4000000000000001,0.2,-7.300000000000001,0.5,-92.60000000000001,15.5,44.8
Chrome Mobile,90.0.4430.82,Asus X01AD,Asus,Blink,[object Object],Chrome Mobile 90.0.4430.82 on Asus X01AD (Android 9),2021-05-06T05:21:15.103Z,着席,あ,false,81.2,74.9,-15.9,2.8000000000000003,14.200000000000001,4.1000000000000005,2.1,4.5,1.6,85.60000000000001,2.5,-65
Chrome Mobile,90.0.4430.82,Asus X01AD,Asus,Blink,[object Object],Chrome Mobile 90.0.4430.82 on Asus X01AD (Android 9),2021-05-06T05:21:15.304Z,着席,あ,false,55.800000000000004,84.4,6.9,0.4,0.2,2.2,0.5,-9.200000000000001,1.3,-52.1,-3.8,48.400000000000006
Chrome Mobile,90.0.4430.82,Asus X01AD,Asus,Blink,[object Object],Chrome Mobile 90.0.4430.82 on Asus X01AD (Android 9),2021-05-06T05:21:15.504Z,着席,あ,false,83.5,68.5,-19.3,4.3,21,8.5,3.1,11.8,5,36.400000000000006,8.4,-50.2
Chrome Mobile,90.0.4430.82,Asus X01AD,Asus,Blink,[object Object],Chrome Mobile 90.0.4430.82 on Asus X01AD (Android 9),2021-05-06T05:21:15.705Z,着席,あ,false,53.1,85.30000000000001,9.600000000000001,0.9,0.5,3,1,-9.1,2.3000000000000003,-7.300000000000001,-47.7,28.700000000000003
Chrome Mobile,90.0.4430.82,Asus X01AD,Asus,Blink,[object Object],Chrome Mobile 90.0.4430.82 on Asus X01AD (Android 9),2021-05-06T05:21:15.905Z,着席,あ,false,85.30000000000001,70,-19.3,5.800000000000001,25.200000000000003,4.5,4.7,16,1.3,-2.2,4.5,-14.300000000000002
Chrome Mobile,90.0.4430.82,Asus X01AD,Asus,Blink,[object Object],Chrome Mobile 90.0.4430.82 on Asus X01AD (Android 9),2021-05-06T05:21:16.106Z,着席,あ,false,15.8,86.9,49.2,-0.2,-1.4000000000000001,0,0.2,-11.100000000000001,-0.4,35.9,-34,13.8
Chrome Mobile,90.0.4430.82,Asus X01AD,Asus,Blink,[object Object],Chrome Mobile 90.0.4430.82 on Asus X01AD (Android 9),2021-05-06T05:21:16.306Z,着席,あ,false,85.30000000000001,69.4,-20.200000000000003,4.4,27.400000000000002,8.6,3.2,18.3,5.4,-30.599999999999998,-23.5,37.800000000000004
Chrome Mobile,90.0.4430.82,Asus X01AD,Asus,Blink,[object Object],Chrome Mobile 90.0.4430.82 on Asus X01AD (Android 9),2021-05-06T05:21:16.507Z,着席,あ,false,335.8,88,90,-1.4000000000000001,-0.30000000000000004,-0.1,-1.1,-10.100000000000001,-0.1,61,-3.2,-27.3
Chrome Mobile,90.0.4430.82,Asus X01AD,Asus,Blink,[object Object],Chrome Mobile 90.0.4430.82 on Asus X01AD (Android 9),2021-05-06T05:21:16.708Z,着席,あ,false,75,73.3,-8.5,0.2,22.6,3,-0.2,13.5,0.30000000000000004,-136.3,7.200000000000001,18.3
Chrome Mobile,90.0.4430.82,Asus X01AD,Asus,Blink,[object Object],Chrome Mobile 90.0.4430.82 on Asus X01AD (Android 9),2021-05-06T05:21:16.908Z,着席,あ,false,66.10000000000001,85.5,-1.1,-1,2.1,2,-1,-7.800000000000001,1.2000000000000002,85.5,-29.200000000000003,-30.1
Chrome Mobile,90.0.4430.82,Asus X01AD,Asus,Blink,[object Object],Chrome Mobile 90.0.4430.82 on Asus X01AD (Android 9),2021-05-06T05:21:17.109Z,着席,あ,false,85.7,78,-23.3,1.1,9,-0.1,0.30000000000000004,-0.1,-1.8,-170.2,-6.300000000000001,35
Chrome Mobile,90.0.4430.82,Asus X01AD,Asus,Blink,[object Object],Chrome Mobile 90.0.4430.82 on Asus X01AD (Android 9),2021-05-06T05:21:17.309Z,着席,あ,false,83,77.4,-19.6,-0.4,8.6,3.3000000000000003,-1.2000000000000002,-1.3,1.2000000000000002,135.1,-1.4,-66.7
Chrome Mobile,90.0.4430.82,Asus X01AD,Asus,Blink,[object Object],Chrome Mobile 90.0.4430.82 on Asus X01AD (Android 9),2021-05-06T05:21:17.509Z,着席,あ,false,41.5,87.30000000000001,21.700000000000003,0.6000000000000001,1.3,1,0.7000000000000001,-8.1,0.5,-59.40000000000001,5.300000000000001,32.5
Chrome Mobile,90.0.4430.82,Asus X01AD,Asus,Blink,[object Object],Chrome Mobile 90.0.4430.82 on Asus X01AD (Android 9),2021-05-06T05:21:17.710Z,着席,あ,false,82.2,74.4,-16.7,4.3,18.900000000000002,3.9000000000000004,3.5,9.200000000000001,1.4000000000000001,114.99999999999999,6.300000000000001,-17.7
Chrome Mobile,90.0.4430.82,Asus X01AD,Asus,Blink,[object Object],Chrome Mobile 90.0.4430.82 on Asus X01AD (Android 9),2021-05-06T05:21:17.911Z,着席,あ,false,65.4,88.10000000000001,0.30000000000000004,1.8,0.6000000000000001,1.5,1.8,-8.9,1.2000000000000002,-30.799999999999997,-1.6,31.400000000000002
Chrome Mobile,90.0.4430.82,Asus X01AD,Asus,Blink,[object Object],Chrome Mobile 90.0.4430.82 on Asus X01AD (Android 9),2021-05-06T05:21:18.112Z,着席,あ,false,89.80000000000001,71.3,-24.700000000000003,5.5,23.6,6,4.1000000000000005,14.200000000000001,3.1,31.9,0.4,-30.1
Chrome Mobile,90.0.4430.82,Asus X01AD,Asus,Blink,[object Object],Chrome Mobile 90.0.4430.82 on Asus X01AD (Android 9),2021-05-06T05:21:18.313Z,着席,あ,false,354.6,87,69.4,-1.1,-2.4000000000000004,-0.7000000000000001,-0.6000000000000001,-12.100000000000001,-0.8,5.1000000000000005,-15.100000000000001,-7.200000000000001
Chrome Mobile,90.0.4430.82,Asus X01AD,Asus,Blink,[object Object],Chrome Mobile 90.0.4430.82 on Asus X01AD (Android 9),2021-05-06T05:21:18.513Z,着席,あ,false,78,68.9,-13.9,2.5,27.6,9.200000000000001,1.6,18.6,5.800000000000001,-34.400000000000006,-2.5,2.5
Chrome Mobile,90.0.4430.82,Asus X01AD,Asus,Blink,[object Object],Chrome Mobile 90.0.4430.82 on Asus X01AD (Android 9),2021-05-06T05:21:18.713Z,着席,あ,false,122.9,90.30000000000001,-58.900000000000006,0.2,-0.1,1.4000000000000001,0.2,-9.8,1.4000000000000001,51.9,-12.5,-5.8
Chrome Mobile,90.0.4430.82,Asus X01AD,Asus,Blink,[object Object],Chrome Mobile 90.0.4430.82 on Asus X01AD (Android 9),2021-05-06T05:21:18.914Z,着席,あ,false,83.60000000000001,72.8,-17.5,0.5,22.1,7.300000000000001,-0.4,13,4.6000000000000005,-105.80000000000001,8.100000000000001,36.2
Chrome Mobile,90.0.4430.82,Asus X01AD,Asus,Blink,[object Object],Chrome Mobile 90.0.4430.82 on Asus X01AD (Android 9),2021-05-06T05:21:19.120Z,着席,あ,false,76.9,85.80000000000001,-10.100000000000001,0.1,2.4000000000000004,-0.5,0,-7.5,-1.2000000000000002,58.400000000000006,25.5,-58.2
Chrome Mobile,90.0.4430.82,Asus X01AD,Asus,Blink,[object Object],Chrome Mobile 90.0.4430.82 on Asus X01AD (Android 9),2021-05-06T05:21:19.320Z,着席,あ,false,84.7,78.9,-19,-0.8,12.8,-1,-1.4000000000000001,3.6,-2.7,-150.6,1.5,55.8
Chrome Mobile,90.0.4430.82,Asus X01AD,Asus,Blink,[object Object],Chrome Mobile 90.0.4430.82 on Asus X01AD (Android 9),2021-05-06T05:21:19.521Z,着席,あ,false,102.7,85,-36.300000000000004,0.8,3.9000000000000004,0.6000000000000001,0.2,-6.1000000000000005,-0.1,98.9,10.5,-61.39999999999999
Chrome Mobile,90.0.4430.82,Asus X01AD,Asus,Blink,[object Object],Chrome Mobile 90.0.4430.82 on Asus X01AD (Android 9),2021-05-06T05:21:19.721Z,着席,あ,false,82.60000000000001,80,-15.4,0.4,9.700000000000001,-1.2000000000000002,-0.1,0.6000000000000001,-2.7,-160.9,23.099999999999998,46.4
Chrome Mobile,90.0.4430.82,Asus X01AD,Asus,Blink,[object Object],Chrome Mobile 90.0.4430.82 on Asus X01AD (Android 9),2021-05-06T05:21:19.922Z,着席,あ,false,83.5,82.2,-15.100000000000001,-0.1,5.4,2.9000000000000004,-0.4,-4.6000000000000005,1.6,142.10000000000002,-10.600000000000001,-46.300000000000004
Chrome Mobile,90.0.4430.82,Asus X01AD,Asus,Blink,[object Object],Chrome Mobile 90.0.4430.82 on Asus X01AD (Android 9),2021-05-06T05:21:20.123Z,着席,あ,false,89.4,84.4,-21.700000000000003,-0.1,3.4000000000000004,0.9,-0.4,-5.9,0.1,-126.60000000000002,5.1000000000000005,47.400000000000006
Chrome Mobile,90.0.4430.82,Asus X01AD,Asus,Blink,[object Object],Chrome Mobile 90.0.4430.82 on Asus X01AD (Android 9),2021-05-06T05:21:20.323Z,着席,あ,false,83.2,75.9,-16.7,1.6,12.700000000000001,5.6000000000000005,0.9,2.9000000000000004,3.2,128.20000000000002,2.4000000000000004,-69.3
Chrome Mobile,90.0.4430.82,Asus X01AD,Asus,Blink,[object Object],Chrome Mobile 90.0.4430.82 on Asus X01AD (Android 9),2021-05-06T05:21:20.524Z,着席,あ,false,20.700000000000003,86.9,45.7,0.30000000000000004,0.2,-0.2,0.7000000000000001,-9.200000000000001,-0.5,-66,-19.1,42.800000000000004
Chrome Mobile,90.0.4430.82,Asus X01AD,Asus,Blink,[object Object],Chrome Mobile 90.0.4430.82 on Asus X01AD (Android 9),2021-05-06T05:21:20.724Z,着席,あ,false,89.30000000000001,74,-22.200000000000003,4,17.2,3.8000000000000003,3,7.6000000000000005,1.3,85.9,8.3,-38.900000000000006
Chrome Mobile,90.0.4430.82,Asus X01AD,Asus,Blink,[object Object],Chrome Mobile 90.0.4430.82 on Asus X01AD (Android 9),2021-05-06T05:21:20.925Z,着席,あ,false,75.8,85.5,-9.4,0.2,-0.4,0.30000000000000004,0.1,-9.9,-0.4,-50.400000000000006,1.7,25.5
Chrome Mobile,90.0.4430.82,Asus X01AD,Asus,Blink,[object Object],Chrome Mobile 90.0.4430.82 on Asus X01AD (Android 9),2021-05-06T05:21:21.125Z,着席,あ,false,95.80000000000001,69.10000000000001,-29,7.2,22.8,6.9,5.5,13.5,3.8000000000000003,94.80000000000001,10.8,-51.2
Chrome Mobile,90.0.4430.82,Asus X01AD,Asus,Blink,[object Object],Chrome Mobile 90.0.4430.82 on Asus X01AD (Android 9),2021-05-06T05:21:21.326Z,着席,あ,false,155.3,93.9,-89.7,-0.8,-2.2,0.4,-0.2,-11.700000000000001,0.4,-12.9,-9.3,4.1
Chrome Mobile,90.0.4430.82,Asus X01AD,Asus,Blink,[object Object],Chrome Mobile 90.0.4430.82 on Asus X01AD (Android 9),2021-05-06T05:21:21.527Z,着席,あ,false,77.9,73.8,-11.100000000000001,4,24.700000000000003,4.4,3.4000000000000004,15.3,1.7000000000000002,49.9,-12,26.200000000000003
Chrome Mobile,90.0.4430.82,Asus X01AD,Asus,Blink,[object Object],Chrome Mobile 90.0.4430.82 on Asus X01AD (Android 9),2021-05-06T05:21:21.728Z,着席,あ,false,7.7,87.60000000000001,57.900000000000006,1.2000000000000002,-0.9,2.6,1.6,-10.4,2.4000000000000004,-34.50000000000001,19.9,8
Chrome Mobile,90.0.4430.82,Asus X01AD,Asus,Blink,[object Object],Chrome Mobile 90.0.4430.82 on Asus X01AD (Android 9),2021-05-06T05:21:21.934Z,着席,あ,false,71.8,72.8,-1,1.8,22.8,7.4,1.7000000000000002,15.600000000000001,5.300000000000001,64.2,6.1000000000000005,-11.2
Chrome Mobile,90.0.4430.82,Asus X01AD,Asus,Blink,[object Object],Chrome Mobile 90.0.4430.82 on Asus X01AD (Android 9),2021-05-06T05:21:22.135Z,着席,あ,false,128.8,95,-59.7,0.4,-1.1,0.2,1.2000000000000002,-10.700000000000001,0.6000000000000001,-4.300000000000001,-31.5,11.700000000000001
Chrome Mobile,90.0.4430.82,Asus X01AD,Asus,Blink,[object Object],Chrome Mobile 90.0.4430.82 on Asus X01AD (Android 9),2021-05-06T05:21:22.336Z,着席,あ,false,78,71,-8.200000000000001,2.2,26.8,7.6000000000000005,1.7000000000000002,17.6,4.5,-21.900000000000002,1.8000000000000003,15.100000000000001
Chrome Mobile,90.0.4430.82,Asus X01AD,Asus,Blink,[object Object],Chrome Mobile 90.0.4430.82 on Asus X01AD (Android 9),2021-05-06T05:21:22.536Z,着席,あ,false,136.8,93.2,-68.3,-0.7000000000000001,-1.6,0.5,-0.2,-11.3,0.7000000000000001,50.60000000000001,-24.900000000000002,-24.3
Chrome Mobile,90.0.4430.82,Asus X01AD,Asus,Blink,[object Object],Chrome Mobile 90.0.4430.82 on Asus X01AD (Android 9),2021-05-06T05:21:22.737Z,着席,あ,false,77.80000000000001,72.2,-9.700000000000001,2.5,25.6,3.6,2,16.5,0.8,-145.5,9.5,34.300000000000004
Chrome Mobile,90.0.4430.82,Asus X01AD,Asus,Blink,[object Object],Chrome Mobile 90.0.4430.82 on Asus X01AD (Android 9),2021-05-06T05:21:22.937Z,着席,あ,false,348.70000000000005,88.2,79.4,0,0.7000000000000001,0,0.30000000000000004,-9.200000000000001,0,115.60000000000001,4.1,-42.1
Chrome Mobile,90.0.4430.82,Asus X01AD,Asus,Blink,[object Object],Chrome Mobile 90.0.4430.82 on Asus X01AD (Android 9),2021-05-06T05:21:23.138Z,着席,あ,false,88.7,82.2,-22.400000000000002,2.1,12.700000000000001,-0.7000000000000001,1.6,3.4000000000000004,-1.8,-196.6,10.299999999999999,33.7
Chrome Mobile,90.0.4430.82,Asus X01AD,Asus,Blink,[object Object],Chrome Mobile 90.0.4430.82 on Asus X01AD (Android 9),2021-05-06T05:21:23.338Z,着席,あ,false,24,86.4,44,-1,2.3000000000000003,1.6,-0.5,-7.800000000000001,1.1,134.4,10.200000000000001,-79.39999999999999
Chrome Mobile,90.0.4430.82,Asus X01AD,Asus,Blink,[object Object],Chrome Mobile 90.0.4430.82 on Asus X01AD (Android 9),2021-05-06T05:21:23.539Z,着席,あ,false,44,84.80000000000001,23,-1.2000000000000002,5.800000000000001,-1.5,-0.9,-3.5,-2.2,-160.50000000000003,15.700000000000001,65.3
Chrome Mobile,90.0.4430.82,Asus X01AD,Asus,Blink,[object Object],Chrome Mobile 90.0.4430.82 on Asus X01AD (Android 9),2021-05-06T05:21:23.739Z,着席,あ,false,81.30000000000001,80.9,-12.9,0.2,7.1000000000000005,2.1,-0.2,-2.8000000000000003,0.6000000000000001,141,1,-45.7
Chrome Mobile,90.0.4430.82,Asus X01AD,Asus,Blink,[object Object],Chrome Mobile 90.0.4430.82 on Asus X01AD (Android 9),2021-05-06T05:21:23.940Z,着席,あ,false,74.2,86.5,-7.300000000000001,1.6,3.8000000000000003,-1.5,1.5,-5.6000000000000005,-2,-97.60000000000001,-14.600000000000001,38.400000000000006
Chrome Mobile,90.0.4430.82,Asus X01AD,Asus,Blink,[object Object],Chrome Mobile 90.0.4430.82 on Asus X01AD (Android 9),2021-05-06T05:21:24.140Z,着席,あ,false,85.9,81.80000000000001,-18.2,2.1,10,1.6,1.6,0,0.30000000000000004,140,10.1,-45.5
Chrome Mobile,90.0.4430.82,Asus X01AD,Asus,Blink,[object Object],Chrome Mobile 90.0.4430.82 on Asus X01AD (Android 9),2021-05-06T05:21:24.341Z,着席,あ,false,53.6,88.30000000000001,15.4,-0.30000000000000004,0.6000000000000001,-0.9,-0.2,-8.8,-1.2000000000000002,-89.2,0,25.4
Chrome Mobile,90.0.4430.82,Asus X01AD,Asus,Blink,[object Object],Chrome Mobile 90.0.4430.82 on Asus X01AD (Android 9),2021-05-06T05:21:24.542Z,着席,あ,false,87.80000000000001,76.4,-18.7,2.5,14,3.9000000000000004,1.8,4.2,1.7000000000000002,139.4,-17.5,-51.6
Chrome Mobile,90.0.4430.82,Asus X01AD,Asus,Blink,[object Object],Chrome Mobile 90.0.4430.82 on Asus X01AD (Android 9),2021-05-06T05:21:24.742Z,着席,あ,false,354,88.10000000000001,71.60000000000001,-1,0,0.6000000000000001,-0.7000000000000001,-9.5,0.5,-61.10000000000001,3.8,25.200000000000003
Chrome Mobile,90.0.4430.82,Asus X01AD,Asus,Blink,[object Object],Chrome Mobile 90.0.4430.82 on Asus X01AD (Android 9),2021-05-06T05:21:24.943Z,着席,あ,false,78.7,75,-10.9,2.7,19.700000000000003,7.2,2.2,10.100000000000001,4.5,85,-8,1.4
Chrome Mobile,90.0.4430.82,Asus X01AD,Asus,Blink,[object Object],Chrome Mobile 90.0.4430.82 on Asus X01AD (Android 9),2021-05-06T05:21:25.148Z,着席,あ,false,11.200000000000001,87.9,56.1,0,-0.2,1.3,0.30000000000000004,-9.700000000000001,1.1,-24,-24.1,16.6
Chrome Mobile,90.0.4430.82,Asus X01AD,Asus,Blink,[object Object],Chrome Mobile 90.0.4430.82 on Asus X01AD (Android 9),2021-05-06T05:21:25.348Z,着席,あ,false,78.7,73.8,-10.4,2.7,16.3,5.7,2.2,6.6000000000000005,2.9000000000000004,126.20000000000002,-11.6,-1.5
Chrome Mobile,90.0.4430.82,Asus X01AD,Asus,Blink,[object Object],Chrome Mobile 90.0.4430.82 on Asus X01AD (Android 9),2021-05-06T05:21:25.549Z,着席,あ,false,70.3,87.2,-4.7,-0.2,-0.8,2.1,-0.6000000000000001,-9.9,1.7000000000000002,-47.7,-17.300000000000004,10.5
Chrome Mobile,90.0.4430.82,Asus X01AD,Asus,Blink,[object Object],Chrome Mobile 90.0.4430.82 on Asus X01AD (Android 9),2021-05-06T05:21:25.749Z,着席,あ,false,86.9,71.2,-21.3,5.6000000000000005,22,5.9,4.4,12.600000000000001,2.9000000000000004,90.19999999999999,-23.700000000000003,10.1
Chrome Mobile,90.0.4430.82,Asus X01AD,Asus,Blink,[object Object],Chrome Mobile 90.0.4430.82 on Asus X01AD (Android 9),2021-05-06T05:21:25.950Z,着席,あ,false,32.7,88.7,32.2,0.5,-0.6000000000000001,1.4000000000000001,0.6000000000000001,-10.200000000000001,1.2000000000000002,0.6000000000000001,-33.7,23.800000000000004
Chrome Mobile,90.0.4430.82,Asus X01AD,Asus,Blink,[object Object],Chrome Mobile 90.0.4430.82 on Asus X01AD (Android 9),2021-05-06T05:21:26.151Z,着席,あ,false,95.60000000000001,72.5,-29.900000000000002,9,26.200000000000003,4.1000000000000005,7.5,16.8,1.5,46.6,-16.6,-13.6
Chrome Mobile,90.0.4430.82,Asus X01AD,Asus,Blink,[object Object],Chrome Mobile 90.0.4430.82 on Asus X01AD (Android 9),2021-05-06T05:21:26.351Z,着席,あ,false,342,85.10000000000001,81.2,-1,-2.3000000000000003,0.1,-0.2,-11.9,0,-6.9,-18.700000000000003,-0.2
Chrome Mobile,90.0.4430.82,Asus X01AD,Asus,Blink,[object Object],Chrome Mobile 90.0.4430.82 on Asus X01AD (Android 9),2021-05-06T05:21:26.552Z,着席,あ,false,82.4,72.2,-18.900000000000002,6.4,26.5,5.5,5.4,17.2,2.7,39.300000000000004,-24,43.1
Chrome Mobile,90.0.4430.82,Asus X01AD,Asus,Blink,[object Object],Chrome Mobile 90.0.4430.82 on Asus X01AD (Android 9),2021-05-06T05:21:26.752Z,着席,あ,false,12.200000000000001,85.60000000000001,53.5,-1.6,-0.4,2.8000000000000003,-1,-10.100000000000001,2.3000000000000003,16.8,-0.1,-18.4
Chrome Mobile,90.0.4430.82,Asus X01AD,Asus,Blink,[object Object],Chrome Mobile 90.0.4430.82 on Asus X01AD (Android 9),2021-05-06T05:21:26.953Z,着席,あ,false,82.2,68.2,-12.700000000000001,4.800000000000001,27.700000000000003,10.600000000000001,4,18.6,7,-24,-12.4,12.4
Chrome Mobile,90.0.4430.82,Asus X01AD,Asus,Blink,[object Object],Chrome Mobile 90.0.4430.82 on Asus X01AD (Android 9),2021-05-06T05:21:27.154Z,着席,あ,false,342.20000000000005,85.80000000000001,83.60000000000001,-1.5,-1.5,0,-0.8,-11.3,-0.1,57.400000000000006,-25.6,-23.800000000000004
Chrome Mobile,90.0.4430.82,Asus X01AD,Asus,Blink,[object Object],Chrome Mobile 90.0.4430.82 on Asus X01AD (Android 9),2021-05-06T05:21:27.354Z,着席,あ,false,85.9,72.5,-19.700000000000003,3.4000000000000004,27.1,2.7,2.5,18,-0.1,-33.7,-25.900000000000002,52.60000000000001
Chrome Mobile,90.0.4430.82,Asus X01AD,Asus,Blink,[object Object],Chrome Mobile 90.0.4430.82 on Asus X01AD (Android 9),2021-05-06T05:21:27.555Z,着席,あ,false,29.6,86.7,37.2,-0.8,-0.30000000000000004,0.2,-0.5,-10.100000000000001,-0.30000000000000004,59.699999999999996,-1.1,-43.50000000000001
Chrome Mobile,90.0.4430.82,Asus X01AD,Asus,Blink,[object Object],Chrome Mobile 90.0.4430.82 on Asus X01AD (Android 9),2021-05-06T05:21:27.756Z,着席,あ,false,79.5,71.7,-11.8,2.5,23.1,4,1.9000000000000001,14.100000000000001,1.1,-118.00000000000001,-4.6,65.5
Chrome Mobile,90.0.4430.82,Asus X01AD,Asus,Blink,[object Object],Chrome Mobile 90.0.4430.82 on Asus X01AD (Android 9),2021-05-06T05:21:27.956Z,着席,あ,false,15.8,84.2,49.5,-1.5,1.3,1.8,-0.7000000000000001,-8.700000000000001,1.1,110.80000000000001,3.1,-79.8
Chrome Mobile,90.0.4430.82,Asus X01AD,Asus,Blink,[object Object],Chrome Mobile 90.0.4430.82 on Asus X01AD (Android 9),2021-05-06T05:21:28.157Z,着席,あ,false,74.10000000000001,81.7,-9.5,-0.1,9.3,0.4,-0.4,0.1,-0.9,-177.6,38.50000000000001,112.9
Chrome Mobile,90.0.4430.82,Asus X01AD,Asus,Blink,[object Object],Chrome Mobile 90.0.4430.82 on Asus X01AD (Android 9),2021-05-06T05:21:28.357Z,着席,あ,false,74.4,82.30000000000001,-8.5,-0.30000000000000004,4.5,2.2,-0.5,-5.5,0.9,110.70000000000002,13.200000000000003,-68.7
Chrome Mobile,90.0.4430.82,Asus X01AD,Asus,Blink,[object Object],Chrome Mobile 90.0.4430.82 on Asus X01AD (Android 9),2021-05-06T05:21:28.558Z,着席,あ,false,75.4,83.5,-12.3,-2.7,3.6,-0.6000000000000001,-2.9000000000000004,-5.7,-1.7000000000000002,-143.70000000000002,46.50000000000001,69.9
Chrome Mobile,90.0.4430.82,Asus X01AD,Asus,Blink,[object Object],Chrome Mobile 90.0.4430.82 on Asus X01AD (Android 9),2021-05-06T05:21:28.759Z,着席,あ,false,95.5,80.2,-31.1,1.2000000000000002,8,4.1000000000000005,0.30000000000000004,-2,2.6,108.3,-10.299999999999999,-128.8
Chrome Mobile,90.0.4430.82,Asus X01AD,Asus,Blink,[object Object],Chrome Mobile 90.0.4430.82 on Asus X01AD (Android 9),2021-05-06T05:21:28.960Z,着席,あ,false,22.6,86.9,40.800000000000004,0.1,0.6000000000000001,1.2000000000000002,0.4,-8.700000000000001,0.8,-94.6,-1.6,72.30000000000001
Chrome Mobile,90.0.4430.82,Asus X01AD,Asus,Blink,[object Object],Chrome Mobile 90.0.4430.82 on Asus X01AD (Android 9),2021-05-06T05:21:29.161Z,着席,あ,false,75.4,81.60000000000001,-10.700000000000001,-0.5,7.1000000000000005,1.4000000000000001,-0.8,-2.8000000000000003,0,106.70000000000002,10.700000000000001,-77.00000000000001
Chrome Mobile,90.0.4430.82,Asus X01AD,Asus,Blink,[object Object],Chrome Mobile 90.0.4430.82 on Asus X01AD (Android 9),2021-05-06T05:21:29.362Z,着席,あ,false,69.10000000000001,84.10000000000001,-4.6000000000000005,-2.6,0.8,0.30000000000000004,-2.7,-8.5,-0.6000000000000001,-96.4,37.800000000000004,76.4
Chrome Mobile,90.0.4430.82,Asus X01AD,Asus,Blink,[object Object],Chrome Mobile 90.0.4430.82 on Asus X01AD (Android 9),2021-05-06T05:21:29.562Z,着席,あ,false,97.80000000000001,80.9,-31.200000000000003,2.4000000000000004,8.200000000000001,2,1.6,-1.8,0.6000000000000001,140.10000000000002,14.5,-121.10000000000001
Chrome Mobile,90.0.4430.82,Asus X01AD,Asus,Blink,[object Object],Chrome Mobile 90.0.4430.82 on Asus X01AD (Android 9),2021-05-06T05:21:29.763Z,着席,あ,false,42.900000000000006,84.9,21.8,-1.3,2.5,2.7,-0.9,-6.800000000000001,1.9000000000000001,-115.7,-11.5,67.00000000000001
Chrome Mobile,90.0.4430.82,Asus X01AD,Asus,Blink,[object Object],Chrome Mobile 90.0.4430.82 on Asus X01AD (Android 9),2021-05-06T05:21:29.963Z,着席,あ,false,87.80000000000001,79.9,-22.6,0.7000000000000001,9.5,2.3000000000000003,0,-0.4,0.7000000000000001,117.30000000000001,-11.4,-80.2
Chrome Mobile,90.0.4430.82,Asus X01AD,Asus,Blink,[object Object],Chrome Mobile 90.0.4430.82 on Asus X01AD (Android 9),2021-05-06T05:21:30.164Z,着席,あ,false,35.6,87.30000000000001,26.5,-0.9,0,0.8,-0.7000000000000001,-9.4,0.4,-58.800000000000004,15.5,50.8
Chrome Mobile,90.0.4430.82,Asus X01AD,Asus,Blink,[object Object],Chrome Mobile 90.0.4430.82 on Asus X01AD (Android 9),2021-05-06T05:21:30.364Z,着席,あ,false,105.2,76.2,-39,5.1000000000000005,14.4,2.5,3.5,4.5,0.6000000000000001,95.1,10.4,-90.4
Chrome Mobile,90.0.4430.82,Asus X01AD,Asus,Blink,[object Object],Chrome Mobile 90.0.4430.82 on Asus X01AD (Android 9),2021-05-06T05:21:30.565Z,着席,あ,false,41.5,86,22.8,-2.3000000000000003,-1.1,0.6000000000000001,-2.1,-10.5,0,-72.4,11.900000000000002,54.6
Chrome Mobile,90.0.4430.82,Asus X01AD,Asus,Blink,[object Object],Chrome Mobile 90.0.4430.82 on Asus X01AD (Android 9),2021-05-06T05:21:30.766Z,着席,あ,false,78.4,74.8,-13.200000000000001,1.9000000000000001,15.700000000000001,6.2,1.3,6,3.6,115.20000000000002,7.200000000000001,-72.50000000000001
Chrome Mobile,90.0.4430.82,Asus X01AD,Asus,Blink,[object Object],Chrome Mobile 90.0.4430.82 on Asus X01AD (Android 9),2021-05-06T05:21:30.966Z,着席,あ,false,23.5,85.9,42.5,-0.8,-0.9,-0.30000000000000004,-0.4,-10.3,-0.8,-52.2,-13.6,60.900000000000006
Chrome Mobile,90.0.4430.82,Asus X01AD,Asus,Blink,[object Object],Chrome Mobile 90.0.4430.82 on Asus X01AD (Android 9),2021-05-06T05:21:31.176Z,着席,あ,false,85.2,72.9,-19.1,4.5,18.5,6.1000000000000005,3.6,8.9,3.3000000000000003,109.7,11.8,-82.3
Chrome Mobile,90.0.4430.82,Asus X01AD,Asus,Blink,[object Object],Chrome Mobile 90.0.4430.82 on Asus X01AD (Android 9),2021-05-06T05:21:31.378Z,着席,あ,false,357.40000000000003,84.9,69.10000000000001,-1.1,-2,0.2,-0.30000000000000004,-11.4,-0.1,-63.10000000000001,-3.5,47.7
Chrome Mobile,90.0.4430.82,Asus X01AD,Asus,Blink,[object Object],Chrome Mobile 90.0.4430.82 on Asus X01AD (Android 9),2021-05-06T05:21:31.578Z,着席,あ,false,85,74,-18.3,4.9,20.700000000000003,3.8000000000000003,4,11,1.2000000000000002,76.60000000000001,-0.30000000000000004,-57.1
Chrome Mobile,90.0.4430.82,Asus X01AD,Asus,Blink,[object Object],Chrome Mobile 90.0.4430.82 on Asus X01AD (Android 9),2021-05-06T05:21:31.779Z,着席,あ,false,0.2,85.30000000000001,63.5,-1.2000000000000002,-2,0.8,-0.5,-11.5,0.4,-29.900000000000006,18.3,7.699999999999999
Chrome Mobile,90.0.4430.82,Asus X01AD,Asus,Blink,[object Object],Chrome Mobile 90.0.4430.82 on Asus X01AD (Android 9),2021-05-06T05:21:31.980Z,着席,あ,false,80.30000000000001,71.60000000000001,-16,4.6000000000000005,23.3,8.3,3.7,13.8,5.300000000000001,67.2,0.6000000000000001,-44.4
Chrome Mobile,90.0.4430.82,Asus X01AD,Asus,Blink,[object Object],Chrome Mobile 90.0.4430.82 on Asus X01AD (Android 9),2021-05-06T05:21:32.180Z,着席,あ,false,152.20000000000002,96.4,-88.9,-2.1,-0.5,-0.4,-1,-10.100000000000001,-0.4,16.8,-28.500000000000004,12.7
Chrome Mobile,90.0.4430.82,Asus X01AD,Asus,Blink,[object Object],Chrome Mobile 90.0.4430.82 on Asus X01AD (Android 9),2021-05-06T05:21:32.382Z,着席,あ,false,79.5,69.8,-17.6,5.800000000000001,28.200000000000003,9.9,4.800000000000001,19.200000000000003,6.7,-124.90000000000002,11.5,1.9
Chrome Mobile,90.0.4430.82,Asus X01AD,Asus,Blink,[object Object],Chrome Mobile 90.0.4430.82 on Asus X01AD (Android 9),2021-05-06T05:21:32.583Z,着席,あ,false,336.70000000000005,82.4,84,-2,-1.4000000000000001,-2.2,-0.7000000000000001,-11.100000000000001,-2.3000000000000003,64.50000000000001,-12.299999999999999,-53.300000000000004
Chrome Mobile,90.0.4430.82,Asus X01AD,Asus,Blink,[object Object],Chrome Mobile 90.0.4430.82 on Asus X01AD (Android 9),2021-05-06T05:21:32.785Z,着席,あ,false,74.4,71.9,-11.200000000000001,5.4,27.6,7.5,4.800000000000001,18.400000000000002,4.5,-44.8,-14.700000000000001,53.50000000000001
Chrome Mobile,90.0.4430.82,Asus X01AD,Asus,Blink,[object Object],Chrome Mobile 90.0.4430.82 on Asus X01AD (Android 9),2021-05-06T05:21:32.985Z,着席,あ,false,344.5,85.9,74.8,-1.1,0.1,0.8,-0.5,-9.8,0.5,76,-41.900000000000006,-41.7
Chrome Mobile,90.0.4430.82,Asus X01AD,Asus,Blink,[object Object],Chrome Mobile 90.0.4430.82 on Asus X01AD (Android 9),2021-05-06T05:21:33.186Z,着席,あ,false,68.4,73.2,-5,0.4,23,5.800000000000001,0.2,14,3.1,-103.89999999999999,5.300000000000001,48.9
Chrome Mobile,90.0.4430.82,Asus X01AD,Asus,Blink,[object Object],Chrome Mobile 90.0.4430.82 on Asus X01AD (Android 9),2021-05-06T05:21:33.387Z,着席,あ,false,9.600000000000001,85.9,52.800000000000004,-1.3,0.7000000000000001,0.4,-0.8,-9.1,0,70.2,2.8,-46.7
Chrome Mobile,90.0.4430.82,Asus X01AD,Asus,Blink,[object Object],Chrome Mobile 90.0.4430.82 on Asus X01AD (Android 9),2021-05-06T05:21:33.588Z,着席,あ,false,60.6,75.10000000000001,4.2,-3.9000000000000004,20.5,4.9,-3.7,11.4,2.5,-169.29999999999998,60.5,23.2
Chrome Mobile,90.0.4430.82,Asus X01AD,Asus,Blink,[object Object],Chrome Mobile 90.0.4430.82 on Asus X01AD (Android 9),2021-05-06T05:21:33.788Z,着席,あ,false,27.1,85,35.300000000000004,-0.4,1.5,0.2,0.1,-8.3,-0.5,81.4,-13.700000000000001,-49.699999999999996
Chrome Mobile,90.0.4430.82,Asus X01AD,Asus,Blink,[object Object],Chrome Mobile 90.0.4430.82 on Asus X01AD (Android 9),2021-05-06T05:21:33.989Z,着席,あ,false,59.800000000000004,73.60000000000001,1.6,-1.3,19.6,5,-1.2000000000000002,10.600000000000001,2.3000000000000003,-165.00000000000003,28.800000000000004,43.2
Chrome Mobile,90.0.4430.82,Asus X01AD,Asus,Blink,[object Object],Chrome Mobile 90.0.4430.82 on Asus X01AD (Android 9),2021-05-06T05:21:34.190Z,着席,あ,false,11,84.60000000000001,48.6,-1.5,1,0.6000000000000001,-0.8,-8.9,0,94.5,-17.1,-51.50000000000001
Chrome Mobile,90.0.4430.82,Asus X01AD,Asus,Blink,[object Object],Chrome Mobile 90.0.4430.82 on Asus X01AD (Android 9),2021-05-06T05:21:34.391Z,着席,あ,false,64.2,77.4,-5.5,-0.5,10.3,-0.6000000000000001,-0.6000000000000001,1.2000000000000002,-2.3000000000000003,-161.20000000000002,7.1000000000000005,58.60000000000001
Chrome Mobile,90.0.4430.82,Asus X01AD,Asus,Blink,[object Object],Chrome Mobile 90.0.4430.82 on Asus X01AD (Android 9),2021-05-06T05:21:34.592Z,着席,あ,false,59.5,80.9,-0.1,-1,4.6000000000000005,2.3000000000000003,-1,-5.300000000000001,0.7000000000000001,118.40000000000002,-7.300000000000001,-67.00000000000001
Chrome Mobile,90.0.4430.82,Asus X01AD,Asus,Blink,[object Object],Chrome Mobile 90.0.4430.82 on Asus X01AD (Android 9),2021-05-06T05:21:34.792Z,着席,あ,false,57,82.60000000000001,-1.5,0.4,5.2,-0.8,0.4,-4.1000000000000005,-2,-85.30000000000001,3.6000000000000005,55.1
Chrome Mobile,90.0.4430.82,Asus X01AD,Asus,Blink,[object Object],Chrome Mobile 90.0.4430.82 on Asus X01AD (Android 9),2021-05-06T05:21:34.993Z,着席,あ,false,68.3,79.2,-8.3,0.2,8.5,3,-0.1,-1.4000000000000001,1.1,129.10000000000002,34,-83.80000000000001
Chrome Mobile,90.0.4430.82,Asus X01AD,Asus,Blink,[object Object],Chrome Mobile 90.0.4430.82 on Asus X01AD (Android 9),2021-05-06T05:21:35.194Z,着席,あ,false,35.800000000000004,84.80000000000001,21.1,-0.2,2.8000000000000003,0.5,0.1,-6.5,-0.30000000000000004,-83.30000000000001,-20,42.2
Chrome Mobile,90.0.4430.82,Asus X01AD,Asus,Blink,[object Object],Chrome Mobile 90.0.4430.82 on Asus X01AD (Android 9),2021-05-06T05:21:35.395Z,着席,あ,false,61.7,78.60000000000001,-3.1,0.7000000000000001,9.5,4,0.6000000000000001,-0.4,2,114.80000000000001,19.200000000000003,-96.5
Chrome Mobile,90.0.4430.82,Asus X01AD,Asus,Blink,[object Object],Chrome Mobile 90.0.4430.82 on Asus X01AD (Android 9),2021-05-06T05:21:35.595Z,着席,あ,false,7.2,85.2,51.2,-0.5,1.1,2.2,0.1,-8.200000000000001,1.8,-61.50000000000001,-6.4,42.5
Chrome Mobile,90.0.4430.82,Asus X01AD,Asus,Blink,[object Object],Chrome Mobile 90.0.4430.82 on Asus X01AD (Android 9),2021-05-06T05:21:35.796Z,着席,あ,false,69.60000000000001,72.9,-9.1,4.5,20.700000000000003,3.8000000000000003,4.1000000000000005,11.100000000000001,0.9,81.2,-4.7,-58.900000000000006
Chrome Mobile,90.0.4430.82,Asus X01AD,Asus,Blink,[object Object],Chrome Mobile 90.0.4430.82 on Asus X01AD (Android 9),2021-05-06T05:21:35.997Z,着席,あ,false,359.70000000000005,83.4,58.300000000000004,0.30000000000000004,-0.9,2.7,1.2000000000000002,-10.4,2.1,-13.5,-2.4000000000000004,21.200000000000003
Chrome Mobile,90.0.4430.82,Asus X01AD,Asus,Blink,[object Object],Chrome Mobile 90.0.4430.82 on Asus X01AD (Android 9),2021-05-06T05:21:36.198Z,着席,あ,false,73.8,71.5,-13.3,7.1000000000000005,28.400000000000002,2.2,6.4,19,-0.9,71.19999999999999,-34.50000000000001,14.900000000000002
Chrome Mobile,90.0.4430.82,Asus X01AD,Asus,Blink,[object Object],Chrome Mobile 90.0.4430.82 on Asus X01AD (Android 9),2021-05-06T05:21:36.398Z,着席,あ,false,341,85,79.10000000000001,-1.1,-2.2,0.5,-0.30000000000000004,-11.9,0.30000000000000004,27,3.2,4.7
Chrome Mobile,90.0.4430.82,Asus X01AD,Asus,Blink,[object Object],Chrome Mobile 90.0.4430.82 on Asus X01AD (Android 9),2021-05-06T05:21:36.604Z,着席,あ,false,64.9,68.7,-3,-0.9,25.400000000000002,8.1,-1.1,16.5,4.7,-108.10000000000001,5.500000000000001,19
Chrome Mobile,90.0.4430.82,Asus X01AD,Asus,Blink,[object Object],Chrome Mobile 90.0.4430.82 on Asus X01AD (Android 9),2021-05-06T05:21:36.805Z,着席,あ,false,5.1000000000000005,85.2,56.6,-1.6,-0.1,0.30000000000000004,-0.9,-10,-0.1,96.4,7.8,-32.6
Chrome Mobile,90.0.4430.82,Asus X01AD,Asus,Blink,[object Object],Chrome Mobile 90.0.4430.82 on Asus X01AD (Android 9),2021-05-06T05:21:37.006Z,着席,あ,false,68.4,75.5,-4.800000000000001,-1.5,20.900000000000002,4.4,-1.7000000000000002,11.700000000000001,2,-150.3,43.900000000000006,47.5
Chrome Mobile,90.0.4430.82,Asus X01AD,Asus,Blink,[object Object],Chrome Mobile 90.0.4430.82 on Asus X01AD (Android 9),2021-05-06T05:21:37.214Z,着席,あ,false,74.4,85.2,-11,2.1,2.4000000000000004,3.9000000000000004,1.9000000000000001,-7.4,3.1,84.9,-55.7,-26.9
Chrome Mobile,90.0.4430.82,Asus X01AD,Asus,Blink,[object Object],Chrome Mobile 90.0.4430.82 on Asus X01AD (Android 9),2021-05-06T05:21:37.416Z,着席,あ,false,83,72.7,-20.200000000000003,5.5,27.400000000000002,4.1000000000000005,4.5,18.3,1.5,-90.4,-25.200000000000003,44.7
Chrome Mobile,90.0.4430.82,Asus X01AD,Asus,Blink,[object Object],Chrome Mobile 90.0.4430.82 on Asus X01AD (Android 9),2021-05-06T05:21:37.616Z,着席,あ,false,340.90000000000003,87.10000000000001,79.5,-0.5,-0.2,-0.5,0,-10.100000000000001,-0.6000000000000001,104.60000000000001,-9.700000000000001,-28.900000000000002
Chrome Mobile,90.0.4430.82,Asus X01AD,Asus,Blink,[object Object],Chrome Mobile 90.0.4430.82 on Asus X01AD (Android 9),2021-05-06T05:21:37.817Z,着席,あ,false,74.8,78.80000000000001,-16.1,-0.30000000000000004,15.9,3.7,-0.8,6.7,1.9000000000000001,-197.70000000000002,43.1,72.4
Chrome Mobile,90.0.4430.82,Asus X01AD,Asus,Blink,[object Object],Chrome Mobile 90.0.4430.82 on Asus X01AD (Android 9),2021-05-06T05:21:38.018Z,着席,あ,false,52.900000000000006,85.9,7.1000000000000005,-0.5,1.7000000000000002,0.8,-0.4,-8.200000000000001,0,111.9,-0.30000000000000004,-65.7
Chrome Mobile,90.0.4430.82,Asus X01AD,Asus,Blink,[object Object],Chrome Mobile 90.0.4430.82 on Asus X01AD (Android 9),2021-05-06T05:21:38.219Z,着席,あ,false,61.2,78.9,-0.8,-3,11.100000000000001,0.2,-3,2,-1.6,-207.10000000000002,57.400000000000006,44.4
Chrome Mobile,90.0.4430.82,Asus X01AD,Asus,Blink,[object Object],Chrome Mobile 90.0.4430.82 on Asus X01AD (Android 9),2021-05-06T05:21:38.419Z,着席,あ,false,47.800000000000004,81.9,13.100000000000001,-1.7000000000000002,3,3.1,-1.4000000000000001,-6.9,1.7000000000000002,125.60000000000001,-9.3,-69.4
Chrome Mobile,90.0.4430.82,Asus X01AD,Asus,Blink,[object Object],Chrome Mobile 90.0.4430.82 on Asus X01AD (Android 9),2021-05-06T05:21:38.620Z,着席,あ,false,74.10000000000001,84.9,-17.7,1.6,3.4000000000000004,-1.2000000000000002,1.4000000000000001,-5.800000000000001,-2,-97.50000000000001,-6,81.10000000000001
Chrome Mobile,90.0.4430.82,Asus X01AD,Asus,Blink,[object Object],Chrome Mobile 90.0.4430.82 on Asus X01AD (Android 9),2021-05-06T05:21:38.820Z,着席,あ,false,75.7,79.80000000000001,-15.9,0.30000000000000004,8.8,5.4,-0.2,-1.2000000000000002,3.6,111.6,18.4,-129.4
Chrome Mobile,90.0.4430.82,Asus X01AD,Asus,Blink,[object Object],Chrome Mobile 90.0.4430.82 on Asus X01AD (Android 9),2021-05-06T05:21:39.021Z,着席,あ,false,342.3,84.30000000000001,76.7,-1.5,-0.5,-1,-0.5,-9.8,-1.2000000000000002,-83.70000000000002,-9.4,68.4
Chrome Mobile,90.0.4430.82,Asus X01AD,Asus,Blink,[object Object],Chrome Mobile 90.0.4430.82 on Asus X01AD (Android 9),2021-05-06T05:21:39.221Z,着席,あ,false,73.3,78.2,-12.700000000000001,2.7,13.3,2,2.2,3.4000000000000004,0,120.9,13.900000000000002,-77.20000000000002
Chrome Mobile,90.0.4430.82,Asus X01AD,Asus,Blink,[object Object],Chrome Mobile 90.0.4430.82 on Asus X01AD (Android 9),2021-05-06T05:21:39.422Z,着席,あ,false,356.70000000000005,86.10000000000001,63.7,1,1,1.1,1.6,-8.4,0.8,-42.400000000000006,28.500000000000004,38.1
Chrome Mobile,90.0.4430.82,Asus X01AD,Asus,Blink,[object Object],Chrome Mobile 90.0.4430.82 on Asus X01AD (Android 9),2021-05-06T05:21:39.623Z,着席,あ,false,82,78,-19.6,6.4,18.900000000000002,3.8000000000000003,5.7,9.1,1.8,73.9,-14.900000000000002,-53.7
Chrome Mobile,90.0.4430.82,Asus X01AD,Asus,Blink,[object Object],Chrome Mobile 90.0.4430.82 on Asus X01AD (Android 9),2021-05-06T05:21:39.823Z,着席,あ,false,334.8,84.30000000000001,85.2,-1.2000000000000002,-1.1,1.5,-0.2,-10.5,1.4000000000000001,-57.9,-23.5,46.1
Chrome Mobile,90.0.4430.82,Asus X01AD,Asus,Blink,[object Object],Chrome Mobile 90.0.4430.82 on Asus X01AD (Android 9),2021-05-06T05:21:40.029Z,着席,あ,false,74.3,73.8,-14.600000000000001,2.8000000000000003,19.200000000000003,7.9,2.1,9.700000000000001,5.2,63.30000000000001,-19.400000000000002,-15.8
Chrome Mobile,90.0.4430.82,Asus X01AD,Asus,Blink,[object Object],Chrome Mobile 90.0.4430.82 on Asus X01AD (Android 9),2021-05-06T05:21:40.231Z,着席,あ,false,50.5,85.5,7.1000000000000005,0,-0.6000000000000001,2,0.1,-10.100000000000001,1.3,-51,19.200000000000003,21.900000000000002
Chrome Mobile,90.0.4430.82,Asus X01AD,Asus,Blink,[object Object],Chrome Mobile 90.0.4430.82 on Asus X01AD (Android 9),2021-05-06T05:21:40.432Z,着席,あ,false,78.4,75.7,-18.2,4.7,18.8,3.6,3.9000000000000004,9.1,1.3,75.4,-13.3,-51.1
Chrome Mobile,90.0.4430.82,Asus X01AD,Asus,Blink,[object Object],Chrome Mobile 90.0.4430.82 on Asus X01AD (Android 9),2021-05-06T05:21:40.632Z,着席,あ,false,4.2,86.9,53.5,-0.30000000000000004,-0.2,1.9000000000000001,0.1,-9.600000000000001,1.6,-35.599999999999994,-28.700000000000003,43.6
Chrome Mobile,90.0.4430.82,Asus X01AD,Asus,Blink,[object Object],Chrome Mobile 90.0.4430.82 on Asus X01AD (Android 9),2021-05-06T05:21:40.833Z,着席,あ,false,84.7,72.3,-27,6.6000000000000005,23.3,6.2,5.2,13.8,3.5,60.00000000000001,-39.8,1.2000000000000002
Chrome Mobile,90.0.4430.82,Asus X01AD,Asus,Blink,[object Object],Chrome Mobile 90.0.4430.82 on Asus X01AD (Android 9),2021-05-06T05:21:41.034Z,着席,あ,false,351,86.80000000000001,64.10000000000001,-0.5,-1.3,0.8,0,-10.9,0.6000000000000001,6.8,-27.099999999999998,-11.1
Chrome Mobile,90.0.4430.82,Asus X01AD,Asus,Blink,[object Object],Chrome Mobile 90.0.4430.82 on Asus X01AD (Android 9),2021-05-06T05:21:41.234Z,着席,あ,false,80.10000000000001,73.4,-23.5,4,26.400000000000002,4.5,2.9000000000000004,17,1.9000000000000001,11.8,-22.8,19.300000000000004
Chrome Mobile,90.0.4430.82,Asus X01AD,Asus,Blink,[object Object],Chrome Mobile 90.0.4430.82 on Asus X01AD (Android 9),2021-05-06T05:21:41.435Z,着席,あ,false,96.30000000000001,93.30000000000001,-42,-0.2,-1.4000000000000001,1.2000000000000002,0.2,-11.100000000000001,1.7000000000000002,16,-28.3,-22.8
Chrome Mobile,90.0.4430.82,Asus X01AD,Asus,Blink,[object Object],Chrome Mobile 90.0.4430.82 on Asus X01AD (Android 9),2021-05-06T05:21:41.635Z,着席,あ,false,77.4,73.3,-19.6,3.9000000000000004,25.200000000000003,5.300000000000001,3,16.1,2.8000000000000003,-82.8,-6,70.6
Chrome Mobile,90.0.4430.82,Asus X01AD,Asus,Blink,[object Object],Chrome Mobile 90.0.4430.82 on Asus X01AD (Android 9),2021-05-06T05:21:41.836Z,着席,あ,false,91.9,91.80000000000001,-39.1,-1.8,0.8,0.7000000000000001,-1.6,-9.1,0.9,56,10.1,-79.7
Chrome Mobile,90.0.4430.82,Asus X01AD,Asus,Blink,[object Object],Chrome Mobile 90.0.4430.82 on Asus X01AD (Android 9),2021-05-06T05:21:42.036Z,着席,あ,false,82.7,75.8,-27.700000000000003,2.8000000000000003,16.7,3.5,1.7000000000000002,7.7,1.5,-158.50000000000003,47.1,124.3
Chrome Mobile,90.0.4430.82,Asus X01AD,Asus,Blink,[object Object],Chrome Mobile 90.0.4430.82 on Asus X01AD (Android 9),2021-05-06T05:21:42.237Z,着席,あ,false,28.1,86.2,25.700000000000003,-2.4000000000000004,1.7000000000000002,0.2,-2.1,-8.3,-0.4,127.1,-24.1,-93.00000000000001
Chrome Mobile,90.0.4430.82,Asus X01AD,Asus,Blink,[object Object],Chrome Mobile 90.0.4430.82 on Asus X01AD (Android 9),2021-05-06T05:21:42.437Z,着席,あ,false,64.2,86.2,-14.100000000000001,-1.5,8,-1.5,-1.7000000000000002,-1.3,-2.1,-107.19999999999999,43.70000000000001,83.4
Chrome Mobile,90.0.4430.82,Asus X01AD,Asus,Blink,[object Object],Chrome Mobile 90.0.4430.82 on Asus X01AD (Android 9),2021-05-06T05:21:42.638Z,着席,あ,false,34.6,87.7,20.6,-1.4000000000000001,5,2.1,-1.2000000000000002,-5,1.7000000000000002,100.70000000000002,22.4,-125.10000000000001
Chrome Mobile,90.0.4430.82,Asus X01AD,Asus,Blink,[object Object],Chrome Mobile 90.0.4430.82 on Asus X01AD (Android 9),2021-05-06T05:21:42.838Z,着席,あ,false,100.2,94.5,-47.900000000000006,-1,0.5,-0.8,-0.4,-8.700000000000001,-0.30000000000000004,-82,9.2,80.8
Chrome Mobile,90.0.4430.82,Asus X01AD,Asus,Blink,[object Object],Chrome Mobile 90.0.4430.82 on Asus X01AD (Android 9),2021-05-06T05:21:43.039Z,着席,あ,false,78.60000000000001,83.80000000000001,-27.400000000000002,4.1000000000000005,14.3,1.9000000000000001,3.6,4.2,0.9,108.2,-7.699999999999999,-150.3
Chrome Mobile,90.0.4430.82,Asus X01AD,Asus,Blink,[object Object],Chrome Mobile 90.0.4430.82 on Asus X01AD (Android 9),2021-05-06T05:21:43.245Z,着席,あ,false,120.10000000000001,98.4,-68.10000000000001,-3.1,-3.3000000000000003,0.2,-1.8,-12.5,0.7000000000000001,-65.8,31.9,80.50000000000001
Chrome Mobile,90.0.4430.82,Asus X01AD,Asus,Blink,[object Object],Chrome Mobile 90.0.4430.82 on Asus X01AD (Android 9),2021-05-06T05:21:43.445Z,着席,あ,false,66.9,44.6,-4.3,0,11.9,12.100000000000001,-0.5,5.2,5.300000000000001,-228.4,15.6,29.400000000000002
Chrome Mobile,90.0.4430.82,Asus X01AD,Asus,Blink,[object Object],Chrome Mobile 90.0.4430.82 on Asus X01AD (Android 9),2021-05-06T05:21:43.646Z,着席,あ,false,67.7,29.6,-3,0.9,2.9000000000000004,11,0.4,-1.9000000000000001,2.5,-30.3,-1.2000000000000002,4.9