platform_name,platform_version,platform_product,platform_manufacturer,platform_layout,platform_os,platform_description,date,label,s_movement,do_absolute,do_alpha,do_beta,do_gamma,acc_g_x,acc_g_y,acc_g_z,acc_x,acc_y,acc_z,rot_alpha,rot_beta,rot_gamma
Chrome Mobile,90.0.4430.82,Asus X01AD,Asus,Blink,[object Object],Chrome Mobile 90.0.4430.82 on Asus X01AD (Android 9),2021-05-06T06:15:31.569Z,歩行,あ,false,323.5,23.5,14.100000000000001,-1.8,3.5,8.3,0.5,-0.4,-0.5,-1.1,-6.4,-1.4
Chrome Mobile,90.0.4430.82,Asus X01AD,Asus,Blink,[object Object],Chrome Mobile 90.0.4430.82 on Asus X01AD (Android 9),2021-05-06T06:15:31.774Z,歩行,あ,false,251.5,81.9,15.100000000000001,1.2000000000000002,5.9,4.6000000000000005,1.6,-4.4,3.2,132.8,-57.9,-70.3
Chrome Mobile,90.0.4430.82,Asus X01AD,Asus,Blink,[object Object],Chrome Mobile 90.0.4430.82 on Asus X01AD (Android 9),2021-05-06T06:15:31.975Z,歩行,あ,false,320.40000000000003,103.9,-62.7,-1.2000000000000002,-4.6000000000000005,3.7,0.8,-13.8,4.800000000000001,-16.900000000000002,-43.900000000000006,25.900000000000002
Chrome Mobile,90.0.4430.82,Asus X01AD,Asus,Blink,[object Object],Chrome Mobile 90.0.4430.82 on Asus X01AD (Android 9),2021-05-06T06:15:32.175Z,歩行,あ,false,300.7,62.900000000000006,-39.6,20.8,31.700000000000003,2,18.2,23.700000000000003,-1.2000000000000002,-250.00000000000003,79.19999999999999,103.60000000000001
Chrome Mobile,90.0.4430.82,Asus X01AD,Asus,Blink,[object Object],Chrome Mobile 90.0.4430.82 on Asus X01AD (Android 9),2021-05-06T06:15:32.376Z,歩行,あ,false,194,84.80000000000001,61.2,2.1,-1.5,0.9,2.9000000000000004,-12,0.4,166.9,20.8,-210.9
Chrome Mobile,90.0.4430.82,Asus X01AD,Asus,Blink,[object Object],Chrome Mobile 90.0.4430.82 on Asus X01AD (Android 9),2021-05-06T06:15:32.576Z,歩行,あ,false,322,110.80000000000001,-61.2,-2.2,-5.4,0,0.7000000000000001,-14.100000000000001,1.6,-54.800000000000004,68.80000000000001,51
Chrome Mobile,90.0.4430.82,Asus X01AD,Asus,Blink,[object Object],Chrome Mobile 90.0.4430.82 on Asus X01AD (Android 9),2021-05-06T06:15:32.777Z,歩行,あ,false,284.8,64.8,-21.700000000000003,10.600000000000001,34,16.3,9.200000000000001,25.8,12.8,-248,-74.89999999999999,73.4
Chrome Mobile,90.0.4430.82,Asus X01AD,Asus,Blink,[object Object],Chrome Mobile 90.0.4430.82 on Asus X01AD (Android 9),2021-05-06T06:15:32.977Z,歩行,あ,false,199.3,83.9,62.5,2.8000000000000003,-0.2,3.2,3.8000000000000003,-10.700000000000001,2.6,189.50000000000003,-28.1,-164.5
Chrome Mobile,90.0.4430.82,Asus X01AD,Asus,Blink,[object Object],Chrome Mobile 90.0.4430.82 on Asus X01AD (Android 9),2021-05-06T06:15:33.178Z,歩行,あ,false,310.5,116.5,-58.1,-2,-3.9000000000000004,-1,1.6,-12.4,1.2000000000000002,-23.700000000000003,16.900000000000002,43.50000000000001
Chrome Mobile,90.0.4430.82,Asus X01AD,Asus,Blink,[object Object],Chrome Mobile 90.0.4430.82 on Asus X01AD (Android 9),2021-05-06T06:15:33.379Z,歩行,あ,false,280.8,75.9,-18,8.3,10.9,19.6,7.6000000000000005,2.5,17.6,-250.00000000000003,30.5,250.10000000000002
Chrome Mobile,90.0.4430.82,Asus X01AD,Asus,Blink,[object Object],Chrome Mobile 90.0.4430.82 on Asus X01AD (Android 9),2021-05-06T06:15:33.579Z,歩行,あ,false,298,77.4,-31,1.4000000000000001,6.800000000000001,6.2,0.5,-5.2,4.9,213.20000000000002,-12.9,-119.89999999999999
Chrome Mobile,90.0.4430.82,Asus X01AD,Asus,Blink,[object Object],Chrome Mobile 90.0.4430.82 on Asus X01AD (Android 9),2021-05-06T06:15:33.780Z,歩行,あ,false,302.90000000000003,101.60000000000001,-39.1,-2.7,-3.2,-0.5,-1.5,-12.600000000000001,1,17.7,5.6,-1.9
Chrome Mobile,90.0.4430.82,Asus X01AD,Asus,Blink,[object Object],Chrome Mobile 90.0.4430.82 on Asus X01AD (Android 9),2021-05-06T06:15:33.980Z,歩行,あ,false,298.7,76.5,-33.1,2.5,-0.6000000000000001,2.3000000000000003,1.4000000000000001,-6.9,3.3000000000000003,-238.7,9,95.69999999999999
Chrome Mobile,90.0.4430.82,Asus X01AD,Asus,Blink,[object Object],Chrome Mobile 90.0.4430.82 on Asus X01AD (Android 9),2021-05-06T06:15:34.181Z,歩行,あ,false,287.5,62.6,-16.2,7.800000000000001,13.100000000000001,12.700000000000001,6.5,3.7,8,250.00000000000003,42,-123.1
Chrome Mobile,90.0.4430.82,Asus X01AD,Asus,Blink,[object Object],Chrome Mobile 90.0.4430.82 on Asus X01AD (Android 9),2021-05-06T06:15:34.381Z,歩行,あ,false,335.5,111.30000000000001,-72.7,-3.6,-4.800000000000001,-0.6000000000000001,-0.2,-13.9,0.5,134.10000000000002,-44.7,-34.60000000000001
Chrome Mobile,90.0.4430.82,Asus X01AD,Asus,Blink,[object Object],Chrome Mobile 90.0.4430.82 on Asus X01AD (Android 9),2021-05-06T06:15:34.582Z,歩行,あ,false,309.6,97.80000000000001,-54.7,1,-1,-3.1,1.9000000000000001,-9.700000000000001,-2.4000000000000004,-161.70000000000002,-13.6,179
Chrome Mobile,90.0.4430.82,Asus X01AD,Asus,Blink,[object Object],Chrome Mobile 90.0.4430.82 on Asus X01AD (Android 9),2021-05-06T06:15:34.783Z,歩行,あ,false,286.40000000000003,65.10000000000001,-30.700000000000003,11,29.400000000000002,11,9.700000000000001,24.8,11.100000000000001,250.00000000000003,6.8,-106.9
Chrome Mobile,90.0.4430.82,Asus X01AD,Asus,Blink,[object Object],Chrome Mobile 90.0.4430.82 on Asus X01AD (Android 9),2021-05-06T06:15:34.983Z,歩行,あ,false,320.1,112.60000000000001,-67.5,-3.3000000000000003,-5,2.3000000000000003,0.30000000000000004,-14.200000000000001,3.8000000000000003,134.8,-7,-98.10000000000001
Chrome Mobile,90.0.4430.82,Asus X01AD,Asus,Blink,[object Object],Chrome Mobile 90.0.4430.82 on Asus X01AD (Android 9),2021-05-06T06:15:35.184Z,歩行,あ,false,298.5,112,-50.300000000000004,-1.2000000000000002,-3.7,0,1.4000000000000001,-12,2.1,-31.6,-10.700000000000001,132.9
Chrome Mobile,90.0.4430.82,Asus X01AD,Asus,Blink,[object Object],Chrome Mobile 90.0.4430.82 on Asus X01AD (Android 9),2021-05-06T06:15:35.385Z,歩行,あ,false,296.6,64.5,-52.5,10.8,39.1,23.400000000000002,7.5,30.400000000000002,20.900000000000002,-59.1,-3.5,72
Chrome Mobile,90.0.4430.82,Asus X01AD,Asus,Blink,[object Object],Chrome Mobile 90.0.4430.82 on Asus X01AD (Android 9),2021-05-06T06:15:35.585Z,歩行,あ,false,298.5,110.5,-54.400000000000006,-0.2,-3.4000000000000004,-0.7000000000000001,2.5,-13,1.3,82.60000000000001,6.2,-166.3
Chrome Mobile,90.0.4430.82,Asus X01AD,Asus,Blink,[object Object],Chrome Mobile 90.0.4430.82 on Asus X01AD (Android 9),2021-05-06T06:15:35.786Z,歩行,あ,false,294.2,117.30000000000001,-48.6,-1.2000000000000002,-4.5,1.5,1.9000000000000001,-12.5,4.2,-4.2,24.599999999999998,91.90000000000002
Chrome Mobile,90.0.4430.82,Asus X01AD,Asus,Blink,[object Object],Chrome Mobile 90.0.4430.82 on Asus X01AD (Android 9),2021-05-06T06:15:35.987Z,歩行,あ,false,308.40000000000003,69.10000000000001,-66.4,18.2,39,4.7,15.3,30.6,3.4000000000000004,-250.00000000000003,-17.9,97.40000000000002
Chrome Mobile,90.0.4430.82,Asus X01AD,Asus,Blink,[object Object],Chrome Mobile 90.0.4430.82 on Asus X01AD (Android 9),2021-05-06T06:15:36.188Z,歩行,あ,false,319.5,105.4,-75.60000000000001,-0.7000000000000001,-3.9000000000000004,5.800000000000001,1.5,-13.5,6.300000000000001,100.5,10.5,-229.40000000000003
Chrome Mobile,90.0.4430.82,Asus X01AD,Asus,Blink,[object Object],Chrome Mobile 90.0.4430.82 on Asus X01AD (Android 9),2021-05-06T06:15:36.389Z,歩行,あ,false,309.70000000000005,114.7,-64.2,-0.9,-4.1000000000000005,0.8,2.4000000000000004,-12,2.3000000000000003,-18.1,13.5,84.4
Chrome Mobile,90.0.4430.82,Asus X01AD,Asus,Blink,[object Object],Chrome Mobile 90.0.4430.82 on Asus X01AD (Android 9),2021-05-06T06:15:36.589Z,歩行,あ,false,283.2,67.60000000000001,-42.2,10.3,39,7.2,8.1,31,4.800000000000001,-250.00000000000003,-17.9,146.5
Chrome Mobile,90.0.4430.82,Asus X01AD,Asus,Blink,[object Object],Chrome Mobile 90.0.4430.82 on Asus X01AD (Android 9),2021-05-06T06:15:36.790Z,歩行,あ,false,150.5,74.2,88.4,-0.5,-3.1,3.2,2.1,-12.4,3.2,75.7,21.1,-197.3
Chrome Mobile,90.0.4430.82,Asus X01AD,Asus,Blink,[object Object],Chrome Mobile 90.0.4430.82 on Asus X01AD (Android 9),2021-05-06T06:15:36.991Z,歩行,あ,false,309.8,119.2,-71.4,-2,-3.4000000000000004,1.6,2,-11,3,-11.2,47.2,47.60000000000001
Chrome Mobile,90.0.4430.82,Asus X01AD,Asus,Blink,[object Object],Chrome Mobile 90.0.4430.82 on Asus X01AD (Android 9),2021-05-06T06:15:37.191Z,歩行,あ,false,295.90000000000003,84.10000000000001,-58.1,7.5,24.400000000000002,-3.7,6.800000000000001,16.3,-4.2,-153.70000000000002,14,250.10000000000002
Chrome Mobile,90.0.4430.82,Asus X01AD,Asus,Blink,[object Object],Chrome Mobile 90.0.4430.82 on Asus X01AD (Android 9),2021-05-06T06:15:37.392Z,歩行,あ,false,175.3,82.60000000000001,57,2.3000000000000003,3.7,10.700000000000001,3.4000000000000004,-5.9,10,54.699999999999996,-52.400000000000006,-239.1
Chrome Mobile,90.0.4430.82,Asus X01AD,Asus,Blink,[object Object],Chrome Mobile 90.0.4430.82 on Asus X01AD (Android 9),2021-05-06T06:15:37.602Z,歩行,あ,false,307.3,121.30000000000001,-73.5,-3.5,-3.5,0.5,0.9,-11.100000000000001,1.8,34.7,47,-10.299999999999999
Chrome Mobile,90.0.4430.82,Asus X01AD,Asus,Blink,[object Object],Chrome Mobile 90.0.4430.82 on Asus X01AD (Android 9),2021-05-06T06:15:37.804Z,歩行,あ,false,303.8,101.10000000000001,-64.7,1.1,2.3000000000000003,1.3,2.5,-5.6000000000000005,2,-93.60000000000001,-23.6,217.5
Chrome Mobile,90.0.4430.82,Asus X01AD,Asus,Blink,[object Object],Chrome Mobile 90.0.4430.82 on Asus X01AD (Android 9),2021-05-06T06:15:38.006Z,歩行,あ,false,293.40000000000003,94.2,-60.7,3.8000000000000003,7.9,4,4.4,-1.9000000000000001,4.4,150.4,-30.9,-235.8
Chrome Mobile,90.0.4430.82,Asus X01AD,Asus,Blink,[object Object],Chrome Mobile 90.0.4430.82 on Asus X01AD (Android 9),2021-05-06T06:15:38.206Z,歩行,あ,false,291.7,124.30000000000001,-57.6,-3.2,-5,-2,0.9,-12.200000000000001,0.7000000000000001,64.60000000000001,-3.3000000000000007,-14.100000000000001
Chrome Mobile,90.0.4430.82,Asus X01AD,Asus,Blink,[object Object],Chrome Mobile 90.0.4430.82 on Asus X01AD (Android 9),2021-05-06T06:15:38.407Z,歩行,あ,false,231.8,94.2,2.2,9.4,5.9,4,9.4,-2,4.6000000000000005,-170.40000000000003,-6.300000000000001,250.10000000000002
Chrome Mobile,90.0.4430.82,Asus X01AD,Asus,Blink,[object Object],Chrome Mobile 90.0.4430.82 on Asus X01AD (Android 9),2021-05-06T06:15:38.608Z,歩行,あ,false,204.3,85.7,30.200000000000003,4.5,8.200000000000001,2.5,4.800000000000001,-1.5,1.9000000000000001,114.2,36.6,-235.70000000000002
Chrome Mobile,90.0.4430.82,Asus X01AD,Asus,Blink,[object Object],Chrome Mobile 90.0.4430.82 on Asus X01AD (Android 9),2021-05-06T06:15:38.808Z,歩行,あ,false,316.8,121.7,-78.9,-1.9000000000000001,-1.8,1.7000000000000002,2.7,-9.5,2.6,15.299999999999999,2.5,6.4
Chrome Mobile,90.0.4430.82,Asus X01AD,Asus,Blink,[object Object],Chrome Mobile 90.0.4430.82 on Asus X01AD (Android 9),2021-05-06T06:15:39.009Z,歩行,あ,false,315.70000000000005,97.60000000000001,-78.4,4,16.900000000000002,-0.4,5.1000000000000005,8.6,-0.2,-55.2,-11.2,248.9
Chrome Mobile,90.0.4430.82,Asus X01AD,Asus,Blink,[object Object],Chrome Mobile 90.0.4430.82 on Asus X01AD (Android 9),2021-05-06T06:15:39.209Z,歩行,あ,false,291.8,104.4,-61.400000000000006,0.1,5.9,-0.30000000000000004,2.2,-3.4000000000000004,0.9,100.4,-57.400000000000006,-195.1
Chrome Mobile,90.0.4430.82,Asus X01AD,Asus,Blink,[object Object],Chrome Mobile 90.0.4430.82 on Asus X01AD (Android 9),2021-05-06T06:15:39.410Z,歩行,あ,false,286.8,125.30000000000001,-57.5,-3.4000000000000004,-4.7,-1.6,0.9,-11.9,1.1,-8.8,44.2,46
Chrome Mobile,90.0.4430.82,Asus X01AD,Asus,Blink,[object Object],Chrome Mobile 90.0.4430.82 on Asus X01AD (Android 9),2021-05-06T06:15:39.611Z,歩行,あ,false,313.1,80.2,-79.9,19.400000000000002,39.1,2,18,30.5,1.7000000000000002,-169.9,-8.4,213.40000000000003
Chrome Mobile,90.0.4430.82,Asus X01AD,Asus,Blink,[object Object],Chrome Mobile 90.0.4430.82 on Asus X01AD (Android 9),2021-05-06T06:15:39.812Z,歩行,あ,false,310.70000000000005,110.30000000000001,-70.3,-2.7,0.4,0.8,0.5,-8.700000000000001,2,72.30000000000001,97.50000000000001,-172.6
Chrome Mobile,90.0.4430.82,Asus X01AD,Asus,Blink,[object Object],Chrome Mobile 90.0.4430.82 on Asus X01AD (Android 9),2021-05-06T06:15:40.013Z,歩行,あ,false,296,122.4,-53.300000000000004,-0.6000000000000001,-3.4000000000000004,0.4,3.1,-10.8,3.2,16.200000000000003,-20.400000000000002,42.7
Chrome Mobile,90.0.4430.82,Asus X01AD,Asus,Blink,[object Object],Chrome Mobile 90.0.4430.82 on Asus X01AD (Android 9),2021-05-06T06:15:40.213Z,歩行,あ,false,169,94.60000000000001,70.7,11.700000000000001,16.1,6.300000000000001,11.100000000000001,8,6.5,-249.80000000000004,16.900000000000002,250.10000000000002
Chrome Mobile,90.0.4430.82,Asus X01AD,Asus,Blink,[object Object],Chrome Mobile 90.0.4430.82 on Asus X01AD (Android 9),2021-05-06T06:15:40.414Z,歩行,あ,false,197.20000000000002,84.2,45.400000000000006,8.3,4.3,3.6,9,-5.6000000000000005,2.9000000000000004,116.1,13.000000000000002,-249.90000000000003
Chrome Mobile,90.0.4430.82,Asus X01AD,Asus,Blink,[object Object],Chrome Mobile 90.0.4430.82 on Asus X01AD (Android 9),2021-05-06T06:15:40.614Z,歩行,あ,false,313.40000000000003,122.7,-67.2,-1.6,-3.6,1.1,2.9000000000000004,-11.200000000000001,3,46.6,-6,18.5
Chrome Mobile,90.0.4430.82,Asus X01AD,Asus,Blink,[object Object],Chrome Mobile 90.0.4430.82 on Asus X01AD (Android 9),2021-05-06T06:15:40.815Z,歩行,あ,false,289.40000000000003,105.5,-47.300000000000004,-0.4,-2.9000000000000004,-0.30000000000000004,1.1,-10.700000000000001,1.1,-80.7,3.1,219.9
Chrome Mobile,90.0.4430.82,Asus X01AD,Asus,Blink,[object Object],Chrome Mobile 90.0.4430.82 on Asus X01AD (Android 9),2021-05-06T06:15:41.016Z,歩行,あ,false,277.3,58.2,-43.5,20.8,37.9,25.200000000000003,17.3,29.6,21.400000000000002,171.60000000000002,-16.700000000000003,-123.1
Chrome Mobile,90.0.4430.82,Asus X01AD,Asus,Blink,[object Object],Chrome Mobile 90.0.4430.82 on Asus X01AD (Android 9),2021-05-06T06:15:41.217Z,歩行,あ,false,316.1,112.7,-72,-1,-5.5,0.9,2.6,-14.4,2,21.7,89.30000000000001,-103.60000000000001
Chrome Mobile,90.0.4430.82,Asus X01AD,Asus,Blink,[object Object],Chrome Mobile 90.0.4430.82 on Asus X01AD (Android 9),2021-05-06T06:15:41.417Z,歩行,あ,false,303.2,115.60000000000001,-59.900000000000006,-1.7000000000000002,-4.6000000000000005,-0.6000000000000001,1.6,-12.200000000000001,1.5,-7.500000000000001,-18.200000000000003,75.8
Chrome Mobile,90.0.4430.82,Asus X01AD,Asus,Blink,[object Object],Chrome Mobile 90.0.4430.82 on Asus X01AD (Android 9),2021-05-06T06:15:41.618Z,歩行,あ,false,287.5,68.10000000000001,-53.400000000000006,23.8,39.1,11.4,21.3,31.1,9.5,-249.5,-63.8,187.10000000000002
Chrome Mobile,90.0.4430.82,Asus X01AD,Asus,Blink,[object Object],Chrome Mobile 90.0.4430.82 on Asus X01AD (Android 9),2021-05-06T06:15:41.819Z,歩行,あ,false,160.5,77.7,79.7,1.4000000000000001,-0.7000000000000001,4.3,3.5,-10.200000000000001,3.9000000000000004,7.8,81.60000000000001,-214.29999999999998
Chrome Mobile,90.0.4430.82,Asus X01AD,Asus,Blink,[object Object],Chrome Mobile 90.0.4430.82 on Asus X01AD (Android 9),2021-05-06T06:15:42.020Z,歩行,あ,false,309.1,118.60000000000001,-69.8,-1.4000000000000001,-4.5,-0.8,2.5,-12.200000000000001,0.7000000000000001,-10.600000000000001,24.1,25.200000000000003
Chrome Mobile,90.0.4430.82,Asus X01AD,Asus,Blink,[object Object],Chrome Mobile 90.0.4430.82 on Asus X01AD (Android 9),2021-05-06T06:15:42.221Z,歩行,あ,false,298.40000000000003,85.30000000000001,-63.1,9,14.700000000000001,1.1,8.4,6.800000000000001,0.8,-164.20000000000002,28.200000000000003,249.80000000000004
Chrome Mobile,90.0.4430.82,Asus X01AD,Asus,Blink,[object Object],Chrome Mobile 90.0.4430.82 on Asus X01AD (Android 9),2021-05-06T06:15:42.424Z,歩行,あ,false,181.20000000000002,84.60000000000001,51.7,8,-0.1,2.1,8.700000000000001,-9.8,1.6,81.7,7.699999999999999,-249.90000000000003
Chrome Mobile,90.0.4430.82,Asus X01AD,Asus,Blink,[object Object],Chrome Mobile 90.0.4430.82 on Asus X01AD (Android 9),2021-05-06T06:15:42.625Z,歩行,あ,false,316.20000000000005,120.60000000000001,-76.3,-1.2000000000000002,-4.5,0.2,3.1,-12,1.3,11.4,38.300000000000004,9.3
Chrome Mobile,90.0.4430.82,Asus X01AD,Asus,Blink,[object Object],Chrome Mobile 90.0.4430.82 on Asus X01AD (Android 9),2021-05-06T06:15:42.825Z,歩行,あ,false,310.40000000000003,98.9,-72.2,0.9,-3.3000000000000003,-0.5,2.1,-11,-0.1,-111.10000000000002,-47.80000000000001,249.90000000000003
Chrome Mobile,90.0.4430.82,Asus X01AD,Asus,Blink,[object Object],Chrome Mobile 90.0.4430.82 on Asus X01AD (Android 9),2021-05-06T06:15:43.027Z,歩行,あ,false,234.3,81.4,7.9,8.6,8.3,-1.7000000000000002,8.8,-1.2000000000000002,-3.1,211,-18,-249.80000000000004
Chrome Mobile,90.0.4430.82,Asus X01AD,Asus,Blink,[object Object],Chrome Mobile 90.0.4430.82 on Asus X01AD (Android 9),2021-05-06T06:15:43.227Z,歩行,あ,false,323.70000000000005,123.7,-83.80000000000001,-1.4000000000000001,-4,0.6000000000000001,3.4000000000000004,-11.200000000000001,1.1,34.7,-4.9,-23.400000000000002
Chrome Mobile,90.0.4430.82,Asus X01AD,Asus,Blink,[object Object],Chrome Mobile 90.0.4430.82 on Asus X01AD (Android 9),2021-05-06T06:15:43.428Z,歩行,あ,false,324.90000000000003,108.60000000000001,-86.30000000000001,0.2,-5.9,0.4,2.7,-13.3,0.6000000000000001,-75.3,-42,238.29999999999998
Chrome Mobile,90.0.4430.82,Asus X01AD,Asus,Blink,[object Object],Chrome Mobile 90.0.4430.82 on Asus X01AD (Android 9),2021-05-06T06:15:43.639Z,歩行,あ,false,230.70000000000002,73.8,7.2,8.8,15.9,3.3000000000000003,9.1,6.7,0.6000000000000001,250.00000000000003,17.5,-202.49999999999997
Chrome Mobile,90.0.4430.82,Asus X01AD,Asus,Blink,[object Object],Chrome Mobile 90.0.4430.82 on Asus X01AD (Android 9),2021-05-06T06:15:43.840Z,歩行,あ,false,311.8,126.5,-80.5,-1.8,-3.6,-0.7000000000000001,3.3000000000000003,-10.5,0.2,92.2,-19,-6
Chrome Mobile,90.0.4430.82,Asus X01AD,Asus,Blink,[object Object],Chrome Mobile 90.0.4430.82 on Asus X01AD (Android 9),2021-05-06T06:15:44.041Z,歩行,あ,false,306.7,115.2,-73,-2.8000000000000003,-5.1000000000000005,0.2,0.4,-12.200000000000001,1.1,-83.80000000000001,22.000000000000004,178.4
Chrome Mobile,90.0.4430.82,Asus X01AD,Asus,Blink,[object Object],Chrome Mobile 90.0.4430.82 on Asus X01AD (Android 9),2021-05-06T06:15:44.241Z,歩行,あ,false,264.7,66.7,-28.5,24.8,37.9,10.100000000000001,23,29.400000000000002,6.9,250.00000000000003,6.8,-166.70000000000002
Chrome Mobile,90.0.4430.82,Asus X01AD,Asus,Blink,[object Object],Chrome Mobile 90.0.4430.82 on Asus X01AD (Android 9),2021-05-06T06:15:44.442Z,歩行,あ,false,311.70000000000005,120.9,-78.30000000000001,-3.2,-5,3.2,1.3,-12.600000000000001,4.1000000000000005,42.900000000000006,57.1,-76
Chrome Mobile,90.0.4430.82,Asus X01AD,Asus,Blink,[object Object],Chrome Mobile 90.0.4430.82 on Asus X01AD (Android 9),2021-05-06T06:15:44.643Z,歩行,あ,false,296,115.30000000000001,-62.400000000000006,-2.7,-4.3,0.7000000000000001,0.30000000000000004,-11.5,2.2,-32.6,27.099999999999998,140.8
Chrome Mobile,90.0.4430.82,Asus X01AD,Asus,Blink,[object Object],Chrome Mobile 90.0.4430.82 on Asus X01AD (Android 9),2021-05-06T06:15:44.844Z,歩行,あ,false,281.8,64.7,-46.2,20.700000000000003,39.1,16.7,18.1,31.3,14.200000000000001,-117.30000000000001,47,5.6
Chrome Mobile,90.0.4430.82,Asus X01AD,Asus,Blink,[object Object],Chrome Mobile 90.0.4430.82 on Asus X01AD (Android 9),2021-05-06T06:15:45.044Z,歩行,あ,false,314.70000000000005,111,-82.60000000000001,-2.3000000000000003,-4.6000000000000005,2.1,0.9,-12.9,2.5,85.30000000000001,23.800000000000004,-145.4
Chrome Mobile,90.0.4430.82,Asus X01AD,Asus,Blink,[object Object],Chrome Mobile 90.0.4430.82 on Asus X01AD (Android 9),2021-05-06T06:15:45.245Z,歩行,あ,false,304.40000000000003,113.30000000000001,-68.5,-2.5,-4,-0.2,0.4,-11.3,0.9,-30.799999999999997,8.8,120.10000000000001
Chrome Mobile,90.0.4430.82,Asus X01AD,Asus,Blink,[object Object],Chrome Mobile 90.0.4430.82 on Asus X01AD (Android 9),2021-05-06T06:15:45.446Z,歩行,あ,false,267.90000000000003,59.400000000000006,-32.800000000000004,15.3,39.1,31.8,12.9,31.6,28.1,-9.2,50.1,30.000000000000004
Chrome Mobile,90.0.4430.82,Asus X01AD,Asus,Blink,[object Object],Chrome Mobile 90.0.4430.82 on Asus X01AD (Android 9),2021-05-06T06:15:45.647Z,歩行,あ,false,314.1,112.30000000000001,-80.80000000000001,-2.7,-5.300000000000001,0.8,0.4,-13.5,2.4000000000000004,48.10000000000001,61.300000000000004,-188.9
Chrome Mobile,90.0.4430.82,Asus X01AD,Asus,Blink,[object Object],Chrome Mobile 90.0.4430.82 on Asus X01AD (Android 9),2021-05-06T06:15:45.847Z,歩行,あ,false,300.90000000000003,118.2,-65.10000000000001,-3.5,-4.7,-0.5,-0.1,-11.8,1.1,-15.6,18,105.60000000000002
Chrome Mobile,90.0.4430.82,Asus X01AD,Asus,Blink,[object Object],Chrome Mobile 90.0.4430.82 on Asus X01AD (Android 9),2021-05-06T06:15:46.048Z,歩行,あ,false,266.5,64.9,-29.200000000000003,3.1,39.1,28.5,1.3,31.5,25.400000000000002,-218.7,91.10000000000001,28.400000000000002
Chrome Mobile,90.0.4430.82,Asus X01AD,Asus,Blink,[object Object],Chrome Mobile 90.0.4430.82 on Asus X01AD (Android 9),2021-05-06T06:15:46.249Z,歩行,あ,false,319.20000000000005,106.60000000000001,-88.30000000000001,1.1,-3,2.2,3.7,-11.600000000000001,2.3000000000000003,92,-61.599999999999994,-128.70000000000002
Chrome Mobile,90.0.4430.82,Asus X01AD,Asus,Blink,[object Object],Chrome Mobile 90.0.4430.82 on Asus X01AD (Android 9),2021-05-06T06:15:46.450Z,歩行,あ,false,310.1,113.60000000000001,-77.80000000000001,-2.9000000000000004,-4,0.5,0.2,-11.3,1.2000000000000002,-12.9,22.9,59.40000000000001
Chrome Mobile,90.0.4430.82,Asus X01AD,Asus,Blink,[object Object],Chrome Mobile 90.0.4430.82 on Asus X01AD (Android 9),2021-05-06T06:15:46.651Z,歩行,あ,false,269.5,61.900000000000006,-34.7,24.3,39.1,18.5,22.200000000000003,32.1,15.4,-248.4,-15.2,188
Chrome Mobile,90.0.4430.82,Asus X01AD,Asus,Blink,[object Object],Chrome Mobile 90.0.4430.82 on Asus X01AD (Android 9),2021-05-06T06:15:46.852Z,歩行,あ,false,148.8,75.3,82.60000000000001,-1.6,-2.9000000000000004,1.8,0.7000000000000001,-11.700000000000001,1.5,110.9,-12.600000000000001,-244.20000000000005
Chrome Mobile,90.0.4430.82,Asus X01AD,Asus,Blink,[object Object],Chrome Mobile 90.0.4430.82 on Asus X01AD (Android 9),2021-05-06T06:15:47.053Z,歩行,あ,false,307.90000000000003,118.4,-74.4,-2.8000000000000003,-4,0.1,0.9,-11.100000000000001,1.2000000000000002,2.8,22.8,67.10000000000001
Chrome Mobile,90.0.4430.82,Asus X01AD,Asus,Blink,[object Object],Chrome Mobile 90.0.4430.82 on Asus X01AD (Android 9),2021-05-06T06:15:47.254Z,歩行,あ,false,260.90000000000003,74.3,-24.400000000000002,17.3,29.900000000000002,18.2,16.400000000000002,22.5,16.3,-247.6,19.5,245.39999999999998
Chrome Mobile,90.0.4430.82,Asus X01AD,Asus,Blink,[object Object],Chrome Mobile 90.0.4430.82 on Asus X01AD (Android 9),2021-05-06T06:15:47.456Z,歩行,あ,false,303.6,107.2,-72.4,-0.4,-3.3000000000000003,-0.2,2.2,-12,0.6000000000000001,140.8,-26.000000000000004,-231.10000000000005
Chrome Mobile,90.0.4430.82,Asus X01AD,Asus,Blink,[object Object],Chrome Mobile 90.0.4430.82 on Asus X01AD (Android 9),2021-05-06T06:15:47.661Z,歩行,あ,false,293.5,120,-63,-1.1,-4.1000000000000005,0.6000000000000001,2.5,-11,2.3000000000000003,2.9,0.1,64
Chrome Mobile,90.0.4430.82,Asus X01AD,Asus,Blink,[object Object],Chrome Mobile 90.0.4430.82 on Asus X01AD (Android 9),2021-05-06T06:15:47.862Z,歩行,あ,false,274.2,80.60000000000001,-37.4,13.600000000000001,24.1,9,12.9,16.6,8,-193.4,15.399999999999999,250.10000000000002
Chrome Mobile,90.0.4430.82,Asus X01AD,Asus,Blink,[object Object],Chrome Mobile 90.0.4430.82 on Asus X01AD (Android 9),2021-05-06T06:15:48.063Z,歩行,あ,false,178.10000000000002,82.5,60.2,5.800000000000001,0.6000000000000001,6.1000000000000005,6.9,-8.700000000000001,5.5,109.50000000000001,24.400000000000002,-249.90000000000003
Chrome Mobile,90.0.4430.82,Asus X01AD,Asus,Blink,[object Object],Chrome Mobile 90.0.4430.82 on Asus X01AD (Android 9),2021-05-06T06:15:48.264Z,歩行,あ,false,305.5,120.60000000000001,-69.9,-1.4000000000000001,-5.7,0.2,2.6,-12.8,1.6,29.800000000000004,-1.9,43.4
Chrome Mobile,90.0.4430.82,Asus X01AD,Asus,Blink,[object Object],Chrome Mobile 90.0.4430.82 on Asus X01AD (Android 9),2021-05-06T06:15:48.467Z,歩行,あ,false,306,95.4,-70.7,1.7000000000000002,0.30000000000000004,0.30000000000000004,2.3000000000000003,-7,0.6000000000000001,-243.1,24.900000000000002,250.10000000000002
Chrome Mobile,90.0.4430.82,Asus X01AD,Asus,Blink,[object Object],Chrome Mobile 90.0.4430.82 on Asus X01AD (Android 9),2021-05-06T06:15:48.667Z,歩行,あ,false,275.40000000000003,78.2,-36.9,7.9,9.600000000000001,8.4,6.7,0.30000000000000004,6.9,102,57.3,-249.90000000000003
Chrome Mobile,90.0.4430.82,Asus X01AD,Asus,Blink,[object Object],Chrome Mobile 90.0.4430.82 on Asus X01AD (Android 9),2021-05-06T06:15:48.868Z,歩行,あ,false,302,119,-64.5,-1,-5.300000000000001,0.8,2.7,-12.700000000000001,2.6,48.6,-10.200000000000001,-9
Chrome Mobile,90.0.4430.82,Asus X01AD,Asus,Blink,[object Object],Chrome Mobile 90.0.4430.82 on Asus X01AD (Android 9),2021-05-06T06:15:49.069Z,歩行,あ,false,314.6,97.30000000000001,-74.5,1.3,0.5,1.4000000000000001,2.2,-6.9,1.6,-236.6,-4.6,237.80000000000004
Chrome Mobile,90.0.4430.82,Asus X01AD,Asus,Blink,[object Object],Chrome Mobile 90.0.4430.82 on Asus X01AD (Android 9),2021-05-06T06:15:49.270Z,歩行,あ,false,266.7,80.2,-23.3,6.6000000000000005,15.100000000000001,0.4,6,5.9,-1.1,77.20000000000002,48.300000000000004,-249.90000000000003
Chrome Mobile,90.0.4430.82,Asus X01AD,Asus,Blink,[object Object],Chrome Mobile 90.0.4430.82 on Asus X01AD (Android 9),2021-05-06T06:15:49.471Z,歩行,あ,false,316.5,112.60000000000001,-70.3,-1.5,-4.5,2.7,1.6,-12.4,3.8000000000000003,19,10.600000000000001,-7.6
Chrome Mobile,90.0.4430.82,Asus X01AD,Asus,Blink,[object Object],Chrome Mobile 90.0.4430.82 on Asus X01AD (Android 9),2021-05-06T06:15:49.677Z,歩行,あ,false,249.60000000000002,84.9,-0.1,2.1,0.6000000000000001,-0.2,2.1,-7,-0.9,-249.7,37.1,233.39999999999998
Chrome Mobile,90.0.4430.82,Asus X01AD,Asus,Blink,[object Object],Chrome Mobile 90.0.4430.82 on Asus X01AD (Android 9),2021-05-06T06:15:49.884Z,歩行,あ,false,283.90000000000003,76.5,-23.200000000000003,6.7,9.600000000000001,2.6,5.800000000000001,0.30000000000000004,0.5,204.70000000000002,35.8,-219.10000000000002
Chrome Mobile,90.0.4430.82,Asus X01AD,Asus,Blink,[object Object],Chrome Mobile 90.0.4430.82 on Asus X01AD (Android 9),2021-05-06T06:15:50.085Z,歩行,あ,false,315.5,113.4,-61.1,-1.7000000000000002,-3.9000000000000004,-0.1,1.4000000000000001,-11.9,1.5,39,10.9,-6.699999999999999
Chrome Mobile,90.0.4430.82,Asus X01AD,Asus,Blink,[object Object],Chrome Mobile 90.0.4430.82 on Asus X01AD (Android 9),2021-05-06T06:15:50.285Z,歩行,あ,false,177.4,87.5,81.10000000000001,1,-3.1,1.5,1.4000000000000001,-10.9,1.4000000000000001,-248.20000000000002,48.400000000000006,208.10000000000002
Chrome Mobile,90.0.4430.82,Asus X01AD,Asus,Blink,[object Object],Chrome Mobile 90.0.4430.82 on Asus X01AD (Android 9),2021-05-06T06:15:50.487Z,歩行,あ,false,318.8,65.10000000000001,-45.7,12.4,17.8,4.4,9.8,8.8,1.8,168.5,11.6,-240.6
Chrome Mobile,90.0.4430.82,Asus X01AD,Asus,Blink,[object Object],Chrome Mobile 90.0.4430.82 on Asus X01AD (Android 9),2021-05-06T06:15:50.688Z,歩行,あ,false,312.3,110,-47.6,-2.7,-3.6,1.1,-0.4,-12,3.1,59.80000000000001,-31.3,-4.9
Chrome Mobile,90.0.4430.82,Asus X01AD,Asus,Blink,[object Object],Chrome Mobile 90.0.4430.82 on Asus X01AD (Android 9),2021-05-06T06:15:50.889Z,歩行,あ,false,289.90000000000003,99.30000000000001,-27.200000000000003,-1.4000000000000001,-1.1,-1.3,-0.7000000000000001,-10.200000000000001,0,-146.3,-32.8,133.50000000000003
Chrome Mobile,90.0.4430.82,Asus X01AD,Asus,Blink,[object Object],Chrome Mobile 90.0.4430.82 on Asus X01AD (Android 9),2021-05-06T06:15:51.090Z,歩行,あ,false,322.70000000000005,76.5,-56.2,10.3,21.400000000000002,-0.8,8.4,12,-2.1,208.9,-6.4,-170.2
Chrome Mobile,90.0.4430.82,Asus X01AD,Asus,Blink,[object Object],Chrome Mobile 90.0.4430.82 on Asus X01AD (Android 9),2021-05-06T06:15:51.291Z,歩行,あ,false,312.3,109.60000000000001,-46.2,-0.2,-4.2,0,1.9000000000000001,-12.600000000000001,2.1,55.3,-13.6,4.5
Chrome Mobile,90.0.4430.82,Asus X01AD,Asus,Blink,[object Object],Chrome Mobile 90.0.4430.82 on Asus X01AD (Android 9),2021-05-06T06:15:51.492Z,歩行,あ,false,299.7,100,-30.400000000000002,-2.5,-3.7,-5.1000000000000005,-1.8,-11.600000000000001,-3.9000000000000004,-162.20000000000002,50.2,128.9
Chrome Mobile,90.0.4430.82,Asus X01AD,Asus,Blink,[object Object],Chrome Mobile 90.0.4430.82 on Asus X01AD (Android 9),2021-05-06T06:15:51.693Z,歩行,あ,false,324.1,76.80000000000001,-55,7.800000000000001,20.6,-0.6000000000000001,5.9,11.200000000000001,-1.8,250.00000000000003,-36.6,-151.5
Chrome Mobile,90.0.4430.82,Asus X01AD,Asus,Blink,[object Object],Chrome Mobile 90.0.4430.82 on Asus X01AD (Android 9),2021-05-06T06:15:51.893Z,歩行,あ,false,304.6,112.80000000000001,-47.900000000000006,-0.5,-3.1,0.6000000000000001,2.1,-11.4,3,60.7,-59.20000000000001,-4.800000000000001
Chrome Mobile,90.0.4430.82,Asus X01AD,Asus,Blink,[object Object],Chrome Mobile 90.0.4430.82 on Asus X01AD (Android 9),2021-05-06T06:15:52.094Z,歩行,あ,false,292.7,104.7,-33.7,-2.1,-4.4,-0.30000000000000004,-1,-12.100000000000001,1.4000000000000001,-93.4,48.800000000000004,125.30000000000001
Chrome Mobile,90.0.4430.82,Asus X01AD,Asus,Blink,[object Object],Chrome Mobile 90.0.4430.82 on Asus X01AD (Android 9),2021-05-06T06:15:52.294Z,歩行,あ,false,303.1,68.3,-47.800000000000004,8.6,25.700000000000003,4.9,6,16.8,2.6,249.10000000000002,-39.2,-94.3
Chrome Mobile,90.0.4430.82,Asus X01AD,Asus,Blink,[object Object],Chrome Mobile 90.0.4430.82 on Asus X01AD (Android 9),2021-05-06T06:15:52.495Z,歩行,あ,false,308.3,107.4,-56.800000000000004,-2.5,-3.5,4,-0.2,-12.100000000000001,5.5,50.7,1.7,-38.800000000000004
Chrome Mobile,90.0.4430.82,Asus X01AD,Asus,Blink,[object Object],Chrome Mobile 90.0.4430.82 on Asus X01AD (Android 9),2021-05-06T06:15:52.696Z,歩行,あ,false,306.1,101.60000000000001,-53.2,-2.7,-3.5,-1.2000000000000002,-1.8,-11.3,-0.6000000000000001,-70.10000000000001,-5,113.8
Chrome Mobile,90.0.4430.82,Asus X01AD,Asus,Blink,[object Object],Chrome Mobile 90.0.4430.82 on Asus X01AD (Android 9),2021-05-06T06:15:52.896Z,歩行,あ,false,287.7,62.400000000000006,-37.5,17.5,38.5,13.8,14.8,30.200000000000003,10.3,250.00000000000003,5.7,-11.5
Chrome Mobile,90.0.4430.82,Asus X01AD,Asus,Blink,[object Object],Chrome Mobile 90.0.4430.82 on Asus X01AD (Android 9),2021-05-06T06:15:53.097Z,歩行,あ,false,320.40000000000003,112.80000000000001,-68,-3.6,-4.1000000000000005,2.3000000000000003,-0.30000000000000004,-12.600000000000001,3.6,85.30000000000001,6.1000000000000005,-73.6
Chrome Mobile,90.0.4430.82,Asus X01AD,Asus,Blink,[object Object],Chrome Mobile 90.0.4430.82 on Asus X01AD (Android 9),2021-05-06T06:15:53.297Z,歩行,あ,false,304.7,112.4,-54.6,-2.5,-4.1000000000000005,-2.3000000000000003,0,-11.700000000000001,-0.5,-34.800000000000004,-14.400000000000002,105.80000000000001
Chrome Mobile,90.0.4430.82,Asus X01AD,Asus,Blink,[object Object],Chrome Mobile 90.0.4430.82 on Asus X01AD (Android 9),2021-05-06T06:15:53.498Z,歩行,あ,false,277.5,60.5,-28.900000000000002,3.3000000000000003,39.1,39,1.1,31.3,35.1,-112,124.39999999999999,42
Chrome Mobile,90.0.4430.82,Asus X01AD,Asus,Blink,[object Object],Chrome Mobile 90.0.4430.82 on Asus X01AD (Android 9),2021-05-06T06:15:53.699Z,歩行,あ,false,317.70000000000005,107.80000000000001,-73.2,-2,-3.5,4.6000000000000005,0.7000000000000001,-12.4,5.5,103.40000000000002,-16.700000000000003,-105.9
Chrome Mobile,90.0.4430.82,Asus X01AD,Asus,Blink,[object Object],Chrome Mobile 90.0.4430.82 on Asus X01AD (Android 9),2021-05-06T06:15:53.900Z,歩行,あ,false,299.90000000000003,112.80000000000001,-56,-2.6,-3.6,-1.6,0.1,-11.200000000000001,0.2,-4.6,15.399999999999999,82.7
Chrome Mobile,90.0.4430.82,Asus X01AD,Asus,Blink,[object Object],Chrome Mobile 90.0.4430.82 on Asus X01AD (Android 9),2021-05-06T06:15:54.101Z,歩行,あ,false,283.8,63.400000000000006,-35.300000000000004,11.8,39.1,18.2,9.5,31.200000000000003,14.9,-106.1,100,75.00000000000001
Chrome Mobile,90.0.4430.82,Asus X01AD,Asus,Blink,[object Object],Chrome Mobile 90.0.4430.82 on Asus X01AD (Android 9),2021-05-06T06:15:54.302Z,歩行,あ,false,303.1,110.30000000000001,-60.1,-2.2,-3.5,1.2000000000000002,0.6000000000000001,-12.4,2.8000000000000003,101.10000000000001,7.300000000000001,-169.9
Chrome Mobile,90.0.4430.82,Asus X01AD,Asus,Blink,[object Object],Chrome Mobile 90.0.4430.82 on Asus X01AD (Android 9),2021-05-06T06:15:54.502Z,歩行,あ,false,296.5,121,-51,-2.9000000000000004,-4.3,-1.2000000000000002,0.5,-11.5,1.6,-13.6,45,54.4
Chrome Mobile,90.0.4430.82,Asus X01AD,Asus,Blink,[object Object],Chrome Mobile 90.0.4430.82 on Asus X01AD (Android 9),2021-05-06T06:15:54.703Z,歩行,あ,false,274.3,73.4,-21.5,5,38.300000000000004,4.9,4.1000000000000005,30.200000000000003,2.6,-236.6,60.6,101.9
Chrome Mobile,90.0.4430.82,Asus X01AD,Asus,Blink,[object Object],Chrome Mobile 90.0.4430.82 on Asus X01AD (Android 9),2021-05-06T06:15:54.904Z,歩行,あ,false,293.8,98.10000000000001,-40,-1.6,-0.7000000000000001,0.9,-0.7000000000000001,-10.200000000000001,1.9000000000000001,215.7,-75.5,-98.50000000000001
Chrome Mobile,90.0.4430.82,Asus X01AD,Asus,Blink,[object Object],Chrome Mobile 90.0.4430.82 on Asus X01AD (Android 9),2021-05-06T06:15:55.105Z,歩行,あ,false,286.7,111.80000000000001,-38.900000000000006,-1.2000000000000002,-3.2,0.30000000000000004,0.8,-11.100000000000001,2.8000000000000003,-12.9,31.2,16
Chrome Mobile,90.0.4430.82,Asus X01AD,Asus,Blink,[object Object],Chrome Mobile 90.0.4430.82 on Asus X01AD (Android 9),2021-05-06T06:15:55.306Z,歩行,あ,false,287.2,73.5,-34,8.4,37.7,7.4,7.1000000000000005,29.700000000000003,5.4,-250.00000000000003,5.8,113.89999999999999
Chrome Mobile,90.0.4430.82,Asus X01AD,Asus,Blink,[object Object],Chrome Mobile 90.0.4430.82 on Asus X01AD (Android 9),2021-05-06T06:15:55.506Z,歩行,あ,false,318.3,99.9,-63.800000000000004,-1.8,0.5,3.3000000000000003,-0.5,-9.1,3.8000000000000003,153.20000000000002,-20.3,-152.1
Chrome Mobile,90.0.4430.82,Asus X01AD,Asus,Blink,[object Object],Chrome Mobile 90.0.4430.82 on Asus X01AD (Android 9),2021-05-06T06:15:55.715Z,歩行,あ,false,300,109.5,-47.400000000000006,0.5,-2.8000000000000003,1.7000000000000002,2.7,-11,3.7,-3.7000000000000006,-10.299999999999999,38.900000000000006
Chrome Mobile,90.0.4430.82,Asus X01AD,Asus,Blink,[object Object],Chrome Mobile 90.0.4430.82 on Asus X01AD (Android 9),2021-05-06T06:15:55.917Z,歩行,あ,false,283.7,79.2,-27.900000000000002,0.7000000000000001,18.2,10,0,10.3,8.700000000000001,-250.00000000000003,-5.4,205.79999999999998
Chrome Mobile,90.0.4430.82,Asus X01AD,Asus,Blink,[object Object],Chrome Mobile 90.0.4430.82 on Asus X01AD (Android 9),2021-05-06T06:15:56.117Z,歩行,あ,false,207.70000000000002,92.30000000000001,45.5,1.5,1.3,5.1000000000000005,1.2000000000000002,-8.5,5.300000000000001,52.80000000000001,-14.600000000000001,-227.20000000000002
Chrome Mobile,90.0.4430.82,Asus X01AD,Asus,Blink,[object Object],Chrome Mobile 90.0.4430.82 on Asus X01AD (Android 9),2021-05-06T06:15:56.318Z,歩行,あ,false,281.1,115.30000000000001,-35.800000000000004,-0.1,-2.5,-0.30000000000000004,2.2,-10.4,3.1,10.600000000000001,13.8,14.700000000000001
Chrome Mobile,90.0.4430.82,Asus X01AD,Asus,Blink,[object Object],Chrome Mobile 90.0.4430.82 on Asus X01AD (Android 9),2021-05-06T06:15:56.519Z,歩行,あ,false,242.3,88,11.4,0,6.2,2.3000000000000003,0,-1.9000000000000001,2,-249.90000000000003,-50.7,122.30000000000001
Chrome Mobile,90.0.4430.82,Asus X01AD,Asus,Blink,[object Object],Chrome Mobile 90.0.4430.82 on Asus X01AD (Android 9),2021-05-06T06:15:56.719Z,歩行,あ,false,282.2,81.2,-32.7,4.7,9.600000000000001,4.2,3.9000000000000004,-0.2,2.9000000000000004,188.6,-7.9,-159.4
Chrome Mobile,90.0.4430.82,Asus X01AD,Asus,Blink,[object Object],Chrome Mobile 90.0.4430.82 on Asus X01AD (Android 9),2021-05-06T06:15:56.924Z,歩行,あ,false,298.7,111.2,-46.6,-1.3,-4.6000000000000005,1,1,-13,3.2,45.9,-16.700000000000003,1.7
Chrome Mobile,90.0.4430.82,Asus X01AD,Asus,Blink,[object Object],Chrome Mobile 90.0.4430.82 on Asus X01AD (Android 9),2021-05-06T06:15:57.124Z,歩行,あ,false,308.8,91.7,-57.6,-0.30000000000000004,6,-1.2000000000000002,-0.1,-2.1,-1,-211.70000000000002,-47.3,201.1
Chrome Mobile,90.0.4430.82,Asus X01AD,Asus,Blink,[object Object],Chrome Mobile 90.0.4430.82 on Asus X01AD (Android 9),2021-05-06T06:15:57.325Z,歩行,あ,false,292.5,82.4,-45.7,3.8000000000000003,9.700000000000001,2.3000000000000003,2.9000000000000004,-0.1,1.4000000000000001,182.20000000000002,-9,-156.3
Chrome Mobile,90.0.4430.82,Asus X01AD,Asus,Blink,[object Object],Chrome Mobile 90.0.4430.82 on Asus X01AD (Android 9),2021-05-06T06:15:57.526Z,歩行,あ,false,284.8,111,-42.400000000000006,0,-3.1,-0.1,2.2,-11.600000000000001,2.3000000000000003,34.900000000000006,-28.500000000000004,-25.4
Chrome Mobile,90.0.4430.82,Asus X01AD,Asus,Blink,[object Object],Chrome Mobile 90.0.4430.82 on Asus X01AD (Android 9),2021-05-06T06:15:57.727Z,歩行,あ,false,291.7,99.4,-45.2,-1.8,-3,0.8,-0.8,-11.100000000000001,1.7000000000000002,-132.8,6.1000000000000005,130
Chrome Mobile,90.0.4430.82,Asus X01AD,Asus,Blink,[object Object],Chrome Mobile 90.0.4430.82 on Asus X01AD (Android 9),2021-05-06T06:15:57.927Z,歩行,あ,false,288.40000000000003,72.4,-49.300000000000004,14.600000000000001,29.400000000000002,1,12.4,20.1,-1,250.00000000000003,58.5,-117.20000000000002
Chrome Mobile,90.0.4430.82,Asus X01AD,Asus,Blink,[object Object],Chrome Mobile 90.0.4430.82 on Asus X01AD (Android 9),2021-05-06T06:15:58.128Z,歩行,あ,false,302.6,116.30000000000001,-58,-2.9000000000000004,-4.7,3.1,0.6000000000000001,-13.100000000000001,5.300000000000001,109.60000000000001,5.8,-20
Chrome Mobile,90.0.4430.82,Asus X01AD,Asus,Blink,[object Object],Chrome Mobile 90.0.4430.82 on Asus X01AD (Android 9),2021-05-06T06:15:58.329Z,歩行,あ,false,295.6,107.80000000000001,-48,-1.9000000000000001,-4.1000000000000005,0.1,0,-12,1.8,-89.8,-1.5,103.3
Chrome Mobile,90.0.4430.82,Asus X01AD,Asus,Blink,[object Object],Chrome Mobile 90.0.4430.82 on Asus X01AD (Android 9),2021-05-06T06:15:58.530Z,歩行,あ,false,292.2,73.5,-49.400000000000006,12.600000000000001,38.6,18.2,11.4,25.8,8.700000000000001,250.00000000000003,3.3000000000000007,-64.7
Chrome Mobile,90.0.4430.82,Asus X01AD,Asus,Blink,[object Object],Chrome Mobile 90.0.4430.82 on Asus X01AD (Android 9),2021-05-06T06:15:58.731Z,歩行,あ,false,302,116,-58.1,-3.6,-4.2,3.4000000000000004,-0.1,-12.700000000000001,5.6000000000000005,73.9,22.3,-86.7
Chrome Mobile,90.0.4430.82,Asus X01AD,Asus,Blink,[object Object],Chrome Mobile 90.0.4430.82 on Asus X01AD (Android 9),2021-05-06T06:15:58.932Z,歩行,あ,false,279.5,117.2,-40.2,-2.2,-3.8000000000000003,0.9,0.30000000000000004,-11.3,3.8000000000000003,-20.2,-1.2000000000000002,104.50000000000001
Chrome Mobile,90.0.4430.82,Asus X01AD,Asus,Blink,[object Object],Chrome Mobile 90.0.4430.82 on Asus X01AD (Android 9),2021-05-06T06:15:59.133Z,歩行,あ,false,286.5,70.60000000000001,-44.1,10.700000000000001,39.1,17.8,8.6,30.3,15.5,-12.5,-26.000000000000004,-14.700000000000001
Chrome Mobile,90.0.4430.82,Asus X01AD,Asus,Blink,[object Object],Chrome Mobile 90.0.4430.82 on Asus X01AD (Android 9),2021-05-06T06:15:59.334Z,歩行,あ,false,297.90000000000003,119.60000000000001,-57.5,-2.7,-5.6000000000000005,0.4,1.2000000000000002,-13.8,2.9000000000000004,161.00000000000003,47.400000000000006,-111.6
Chrome Mobile,90.0.4430.82,Asus X01AD,Asus,Blink,[object Object],Chrome Mobile 90.0.4430.82 on Asus X01AD (Android 9),2021-05-06T06:15:59.535Z,歩行,あ,false,283.5,124.80000000000001,-45.1,-2.2,-5.1000000000000005,2.3000000000000003,1.2000000000000002,-12,5.7,7.300000000000001,-44.00000000000001,116.6
Chrome Mobile,90.0.4430.82,Asus X01AD,Asus,Blink,[object Object],Chrome Mobile 90.0.4430.82 on Asus X01AD (Android 9),2021-05-06T06:15:59.736Z,歩行,あ,false,303.3,74.5,-65.9,5.2,39,13.100000000000001,3.1,30.8,12.200000000000001,-236.20000000000002,29.900000000000006,143
Chrome Mobile,90.0.4430.82,Asus X01AD,Asus,Blink,[object Object],Chrome Mobile 90.0.4430.82 on Asus X01AD (Android 9),2021-05-06T06:15:59.942Z,歩行,あ,false,282.40000000000003,108,-45.300000000000004,-1.1,-2,-1,1,-11,1,220.10000000000002,-66.80000000000001,-120.7
Chrome Mobile,90.0.4430.82,Asus X01AD,Asus,Blink,[object Object],Chrome Mobile 90.0.4430.82 on Asus X01AD (Android 9),2021-05-06T06:16:00.143Z,歩行,あ,false,271.5,117.2,-29.700000000000003,-0.30000000000000004,-2.6,0.4,1.6,-10.100000000000001,3.7,-16.700000000000003,66,49.50000000000001
Chrome Mobile,90.0.4430.82,Asus X01AD,Asus,Blink,[object Object],Chrome Mobile 90.0.4430.82 on Asus X01AD (Android 9),2021-05-06T06:16:00.344Z,歩行,あ,false,321.5,75.9,-71.3,13.3,35.800000000000004,8.6,11.4,27.900000000000002,7.9,-250.00000000000003,-109.9,229.70000000000002
Chrome Mobile,90.0.4430.82,Asus X01AD,Asus,Blink,[object Object],Chrome Mobile 90.0.4430.82 on Asus X01AD (Android 9),2021-05-06T06:16:00.544Z,歩行,あ,false,274.90000000000003,101.2,-32,-1.2000000000000002,1.6,3.3000000000000003,-0.5,-7.800000000000001,4.7,133.9,-51.1,-177.6
Chrome Mobile,90.0.4430.82,Asus X01AD,Asus,Blink,[object Object],Chrome Mobile 90.0.4430.82 on Asus X01AD (Android 9),2021-05-06T06:16:00.745Z,歩行,あ,false,279.7,113.7,-38.6,1.7000000000000002,-3.3000000000000003,0.6000000000000001,3.8000000000000003,-11.200000000000001,3.3000000000000003,-13.6,36.400000000000006,22.4
Chrome Mobile,90.0.4430.82,Asus X01AD,Asus,Blink,[object Object],Chrome Mobile 90.0.4430.82 on Asus X01AD (Android 9),2021-05-06T06:16:00.946Z,歩行,あ,false,314.3,83.7,-64.60000000000001,5.2,15.9,2.1,4.4,8,1.7000000000000002,-237.10000000000002,-17.799999999999997,230.6
Chrome Mobile,90.0.4430.82,Asus X01AD,Asus,Blink,[object Object],Chrome Mobile 90.0.4430.82 on Asus X01AD (Android 9),2021-05-06T06:16:01.147Z,歩行,あ,false,203.70000000000002,94.10000000000001,42.5,-0.1,5.1000000000000005,0,-0.6000000000000001,-4.5,0.5,141.2,16.5,-212.2
Chrome Mobile,90.0.4430.82,Asus X01AD,Asus,Blink,[object Object],Chrome Mobile 90.0.4430.82 on Asus X01AD (Android 9),2021-05-06T06:16:01.348Z,歩行,あ,false,287.8,112.60000000000001,-45.2,-0.30000000000000004,-3.3000000000000003,0.9,2.8000000000000003,-11.200000000000001,2.8000000000000003,29.800000000000004,-12.5,35.599999999999994
Chrome Mobile,90.0.4430.82,Asus X01AD,Asus,Blink,[object Object],Chrome Mobile 90.0.4430.82 on Asus X01AD (Android 9),2021-05-06T06:16:01.549Z,歩行,あ,false,164.8,94.60000000000001,83.5,1.6,2.5,0.8,0.9,-5.5,0.9,-232.5,64.2,211.20000000000005
Chrome Mobile,90.0.4430.82,Asus X01AD,Asus,Blink,[object Object],Chrome Mobile 90.0.4430.82 on Asus X01AD (Android 9),2021-05-06T06:16:01.755Z,歩行,あ,false,297.5,75.9,-44.5,5.6000000000000005,11,3.6,4,1.4000000000000001,1.9000000000000001,250.00000000000003,8.700000000000001,-212.60000000000002
Chrome Mobile,90.0.4430.82,Asus X01AD,Asus,Blink,[object Object],Chrome Mobile 90.0.4430.82 on Asus X01AD (Android 9),2021-05-06T06:16:01.956Z,歩行,あ,false,297.40000000000003,107.10000000000001,-46.400000000000006,-1.2000000000000002,-3.6,3.3000000000000003,0.7000000000000001,-12.200000000000001,5.1000000000000005,10.700000000000001,25.5,9.600000000000001
Chrome Mobile,90.0.4430.82,Asus X01AD,Asus,Blink,[object Object],Chrome Mobile 90.0.4430.82 on Asus X01AD (Android 9),2021-05-06T06:16:02.157Z,歩行,あ,false,221.70000000000002,95.7,34,2,1,-2.4000000000000004,1.5,-7.1000000000000005,-1.8,-194.10000000000002,64.7,149
Chrome Mobile,90.0.4430.82,Asus X01AD,Asus,Blink,[object Object],Chrome Mobile 90.0.4430.82 on Asus X01AD (Android 9),2021-05-06T06:16:02.358Z,歩行,あ,false,298.6,77.30000000000001,-39.7,7,17,3.6,5.6000000000000005,7.2,2,202.49999999999997,24.599999999999998,-191.8
Chrome Mobile,90.0.4430.82,Asus X01AD,Asus,Blink,[object Object],Chrome Mobile 90.0.4430.82 on Asus X01AD (Android 9),2021-05-06T06:16:02.559Z,歩行,あ,false,297.90000000000003,112.10000000000001,-40,-0.9,-2.9000000000000004,1.3,1.3,-11.600000000000001,3.9000000000000004,79.6,-55.1,22.000000000000004
Chrome Mobile,90.0.4430.82,Asus X01AD,Asus,Blink,[object Object],Chrome Mobile 90.0.4430.82 on Asus X01AD (Android 9),2021-05-06T06:16:02.759Z,歩行,あ,false,274.3,109,-21.3,-2.2,-2.6,-1.2000000000000002,-1.2000000000000002,-10.5,1.4000000000000001,-50.1,-16.200000000000003,126.20000000000002
Chrome Mobile,90.0.4430.82,Asus X01AD,Asus,Blink,[object Object],Chrome Mobile 90.0.4430.82 on Asus X01AD (Android 9),2021-05-06T06:16:02.960Z,歩行,あ,false,319.90000000000003,74.8,-62.2,16.2,31.5,0.2,14,22,-1,249.6,4.2,-140.5
Chrome Mobile,90.0.4430.82,Asus X01AD,Asus,Blink,[object Object],Chrome Mobile 90.0.4430.82 on Asus X01AD (Android 9),2021-05-06T06:16:03.161Z,歩行,あ,false,303.40000000000003,115.4,-47.300000000000004,-0.6000000000000001,-4.6000000000000005,1.6,2.3000000000000003,-13,4.3,36.9,-11.5,-12.9
Chrome Mobile,90.0.4430.82,Asus X01AD,Asus,Blink,[object Object],Chrome Mobile 90.0.4430.82 on Asus X01AD (Android 9),2021-05-06T06:16:03.368Z,歩行,あ,false,284.2,110.7,-30.5,-3.2,-4.800000000000001,0,-2,-12.600000000000001,2,-36.5,-6.8,117.80000000000001
Chrome Mobile,90.0.4430.82,Asus X01AD,Asus,Blink,[object Object],Chrome Mobile 90.0.4430.82 on Asus X01AD (Android 9),2021-05-06T06:16:03.569Z,歩行,あ,false,306.2,70.60000000000001,-49.7,11.4,38.1,12.5,9,29.200000000000003,10.5,250.00000000000003,56.800000000000004,-70.2
Chrome Mobile,90.0.4430.82,Asus X01AD,Asus,Blink,[object Object],Chrome Mobile 90.0.4430.82 on Asus X01AD (Android 9),2021-05-06T06:16:03.769Z,歩行,あ,false,304.2,115.30000000000001,-50.800000000000004,-2,-4.3,2.7,1.1,-12.700000000000001,5.2,142.7,-105.9,-32.7
Chrome Mobile,90.0.4430.82,Asus X01AD,Asus,Blink,[object Object],Chrome Mobile 90.0.4430.82 on Asus X01AD (Android 9),2021-05-06T06:16:03.970Z,歩行,あ,false,299.6,114.80000000000001,-44,-3.1,-4.3,0.8,-0.7000000000000001,-11.700000000000001,3.2,-27.099999999999998,20.1,83.70000000000002
Chrome Mobile,90.0.4430.82,Asus X01AD,Asus,Blink,[object Object],Chrome Mobile 90.0.4430.82 on Asus X01AD (Android 9),2021-05-06T06:16:04.173Z,歩行,あ,false,304.2,64.8,-50,24.200000000000003,39.1,34.4,21.200000000000003,30.900000000000002,31.900000000000002,218.3,-17.1,88.7
Chrome Mobile,90.0.4430.82,Asus X01AD,Asus,Blink,[object Object],Chrome Mobile 90.0.4430.82 on Asus X01AD (Android 9),2021-05-06T06:16:04.374Z,歩行,あ,false,305.3,115,-49,-4.800000000000001,-3.8000000000000003,3.3000000000000003,-1.9000000000000001,-12.200000000000001,5.9,84.5,51.9,-95.4
Chrome Mobile,90.0.4430.82,Asus X01AD,Asus,Blink,[object Object],Chrome Mobile 90.0.4430.82 on Asus X01AD (Android 9),2021-05-06T06:16:04.574Z,歩行,あ,false,283,119.80000000000001,-30.900000000000002,-0.4,-3.4000000000000004,2.3000000000000003,2.5,-10.5,5.4,-27.6,9.700000000000001,50.1
Chrome Mobile,90.0.4430.82,Asus X01AD,Asus,Blink,[object Object],Chrome Mobile 90.0.4430.82 on Asus X01AD (Android 9),2021-05-06T06:16:04.775Z,歩行,あ,false,168.10000000000002,106.2,88.2,7.2,39.1,5.4,4.9,31.1,5.5,-250.00000000000003,53.9,152.4
Chrome Mobile,90.0.4430.82,Asus X01AD,Asus,Blink,[object Object],Chrome Mobile 90.0.4430.82 on Asus X01AD (Android 9),2021-05-06T06:16:04.976Z,歩行,あ,false,279.90000000000003,107.80000000000001,-24.8,-0.4,-2.8000000000000003,5.800000000000001,0.8,-11.9,8.4,82.39999999999999,-23.2,-183.7
Chrome Mobile,90.0.4430.82,Asus X01AD,Asus,Blink,[object Object],Chrome Mobile 90.0.4430.82 on Asus X01AD (Android 9),2021-05-06T06:16:05.176Z,歩行,あ,false,289.90000000000003,118.7,-33.5,-0.4,-5.5,1.7000000000000002,1.8,-12.700000000000001,5,-21,42.1,53.300000000000004
Chrome Mobile,90.0.4430.82,Asus X01AD,Asus,Blink,[object Object],Chrome Mobile 90.0.4430.82 on Asus X01AD (Android 9),2021-05-06T06:16:05.377Z,歩行,あ,false,329.3,71.4,-75.8,21.200000000000003,39.1,10.5,18.6,31.200000000000003,9.9,-250.00000000000003,-23.6,137.9
Chrome Mobile,90.0.4430.82,Asus X01AD,Asus,Blink,[object Object],Chrome Mobile 90.0.4430.82 on Asus X01AD (Android 9),2021-05-06T06:16:05.578Z,歩行,あ,false,281.5,103.80000000000001,-27.900000000000002,0.5,-2.3000000000000003,4.4,1.6,-11.3,6.300000000000001,90.30000000000001,-10.600000000000001,-160.4
Chrome Mobile,90.0.4430.82,Asus X01AD,Asus,Blink,[object Object],Chrome Mobile 90.0.4430.82 on Asus X01AD (Android 9),2021-05-06T06:16:05.779Z,歩行,あ,false,287.6,118.7,-33.6,-0.30000000000000004,-5.1000000000000005,1.8,1.9000000000000001,-12.4,5.2,26.6,5,14.700000000000001
Chrome Mobile,90.0.4430.82,Asus X01AD,Asus,Blink,[object Object],Chrome Mobile 90.0.4430.82 on Asus X01AD (Android 9),2021-05-06T06:16:05.979Z,歩行,あ,false,182.4,106.30000000000001,72.8,25,34.9,5.2,22.900000000000002,27.3,5.9,-250.00000000000003,-104.00000000000001,212
Chrome Mobile,90.0.4430.82,Asus X01AD,Asus,Blink,[object Object],Chrome Mobile 90.0.4430.82 on Asus X01AD (Android 9),2021-05-06T06:16:06.180Z,歩行,あ,false,299.6,105.7,-36.7,-4.6000000000000005,-0.30000000000000004,4.800000000000001,-3.4000000000000004,-9.600000000000001,6.6000000000000005,137,-23.700000000000003,-238.99999999999997
Chrome Mobile,90.0.4430.82,Asus X01AD,Asus,Blink,[object Object],Chrome Mobile 90.0.4430.82 on Asus X01AD (Android 9),2021-05-06T06:16:06.381Z,歩行,あ,false,297.5,117.7,-39,1.2000000000000002,-5.6000000000000005,3.3000000000000003,3.6,-13,6.300000000000001,-13.3,12.8,0.4
Chrome Mobile,90.0.4430.82,Asus X01AD,Asus,Blink,[object Object],Chrome Mobile 90.0.4430.82 on Asus X01AD (Android 9),2021-05-06T06:16:06.582Z,歩行,あ,false,219.8,97.9,39.400000000000006,9.1,16.8,2.8000000000000003,8.4,9.4,3.6,-249.80000000000004,-42.900000000000006,249.80000000000004
Chrome Mobile,90.0.4430.82,Asus X01AD,Asus,Blink,[object Object],Chrome Mobile 90.0.4430.82 on Asus X01AD (Android 9),2021-05-06T06:16:06.783Z,歩行,あ,false,264.40000000000003,99.5,-4,5,2.8000000000000003,-0.1,5.1000000000000005,-6.4,1.4000000000000001,250.00000000000003,-93.3,-215.7
Chrome Mobile,90.0.4430.82,Asus X01AD,Asus,Blink,[object Object],Chrome Mobile 90.0.4430.82 on Asus X01AD (Android 9),2021-05-06T06:16:06.984Z,歩行,あ,false,298.7,119,-42.1,1,-5.7,4.5,3.7,-12.9,7.4,-23.6,38.300000000000004,12.200000000000001
Chrome Mobile,90.0.4430.82,Asus X01AD,Asus,Blink,[object Object],Chrome Mobile 90.0.4430.82 on Asus X01AD (Android 9),2021-05-06T06:16:07.184Z,歩行,あ,false,264.6,105.60000000000001,-4.800000000000001,0.1,0.2,-3.1,0.30000000000000004,-6.9,-1.2000000000000002,-222.20000000000005,32.1,169.2
Chrome Mobile,90.0.4430.82,Asus X01AD,Asus,Blink,[object Object],Chrome Mobile 90.0.4430.82 on Asus X01AD (Android 9),2021-05-06T06:16:07.385Z,歩行,あ,false,171.8,98.30000000000001,88.7,6.9,13.5,8.6,5.6000000000000005,4.3,8.6,86.89999999999999,-0.9000000000000001,-249.5
Chrome Mobile,90.0.4430.82,Asus X01AD,Asus,Blink,[object Object],Chrome Mobile 90.0.4430.82 on Asus X01AD (Android 9),2021-05-06T06:16:07.586Z,歩行,あ,false,304.3,116.5,-41.900000000000006,0.6000000000000001,-3.8000000000000003,1.9000000000000001,3.1,-11.4,4.7,62.800000000000004,-15.5,37.9
Chrome Mobile,90.0.4430.82,Asus X01AD,Asus,Blink,[object Object],Chrome Mobile 90.0.4430.82 on Asus X01AD (Android 9),2021-05-06T06:16:07.793Z,歩行,あ,false,272.40000000000003,110.7,-7.800000000000001,0.7000000000000001,-2.3000000000000003,-4.6000000000000005,1,-9.200000000000001,-2.1,-99.5,43.50000000000001,177.6
Chrome Mobile,90.0.4430.82,Asus X01AD,Asus,Blink,[object Object],Chrome Mobile 90.0.4430.82 on Asus X01AD (Android 9),2021-05-06T06:16:07.996Z,歩行,あ,false,208.60000000000002,100.80000000000001,60.5,9.700000000000001,22.200000000000003,1.8,8.200000000000001,13,2.7,250.00000000000003,-83.4,-159.8
Chrome Mobile,90.0.4430.82,Asus X01AD,Asus,Blink,[object Object],Chrome Mobile 90.0.4430.82 on Asus X01AD (Android 9),2021-05-06T06:16:08.197Z,歩行,あ,false,310.8,123.10000000000001,-43.6,-0.7000000000000001,-10,1.8,2.5,-17.1,5.1000000000000005,19,-25.5,-42.60000000000001
Chrome Mobile,90.0.4430.82,Asus X01AD,Asus,Blink,[object Object],Chrome Mobile 90.0.4430.82 on Asus X01AD (Android 9),2021-05-06T06:16:08.398Z,歩行,あ,false,290.40000000000003,112.60000000000001,-25.700000000000003,4.4,-5.1000000000000005,-4.2,6.7,-10,-0.9,-176.5,65.89999999999999,136.4
Chrome Mobile,90.0.4430.82,Asus X01AD,Asus,Blink,[object Object],Chrome Mobile 90.0.4430.82 on Asus X01AD (Android 9),2021-05-06T06:16:08.599Z,歩行,あ,false,181.5,98.60000000000001,85.2,11.700000000000001,29,-0.9,10.4,19.900000000000002,-0.8,180.60000000000002,26.400000000000006,-238.50000000000003
Chrome Mobile,90.0.4430.82,Asus X01AD,Asus,Blink,[object Object],Chrome Mobile 90.0.4430.82 on Asus X01AD (Android 9),2021-05-06T06:16:08.800Z,歩行,あ,false,300,120.5,-29.700000000000003,0.7000000000000001,-4.4,3.6,2.8000000000000003,-11.700000000000001,7.4,92.8,21.7,41.6
Chrome Mobile,90.0.4430.82,Asus X01AD,Asus,Blink,[object Object],Chrome Mobile 90.0.4430.82 on Asus X01AD (Android 9),2021-05-06T06:16:09.000Z,歩行,あ,false,280.90000000000003,121.5,-11.8,-3,-4.6000000000000005,-1.5,-2.2,-10.9,2.3000000000000003,-92.60000000000001,41.199999999999996,102.10000000000001
Chrome Mobile,90.0.4430.82,Asus X01AD,Asus,Blink,[object Object],Chrome Mobile 90.0.4430.82 on Asus X01AD (Android 9),2021-05-06T06:16:09.201Z,歩行,あ,false,340.20000000000005,64.60000000000001,-69.4,25.6,39.1,22.8,22.1,31.400000000000002,21.5,245.3,-39.2,88.9
Chrome Mobile,90.0.4430.82,Asus X01AD,Asus,Blink,[object Object],Chrome Mobile 90.0.4430.82 on Asus X01AD (Android 9),2021-05-06T06:16:09.402Z,歩行,あ,false,298.8,116.5,-23.700000000000003,-0.9,-5.6000000000000005,4.9,0.6000000000000001,-13.3,8.4,43.800000000000004,63.2,-85
Chrome Mobile,90.0.4430.82,Asus X01AD,Asus,Blink,[object Object],Chrome Mobile 90.0.4430.82 on Asus X01AD (Android 9),2021-05-06T06:16:09.602Z,歩行,あ,false,297.6,124.80000000000001,-26,-0.1,-3.4000000000000004,2.1,1.8,-9.5,6,-9.3,-12,63.30000000000001
Chrome Mobile,90.0.4430.82,Asus X01AD,Asus,Blink,[object Object],Chrome Mobile 90.0.4430.82 on Asus X01AD (Android 9),2021-05-06T06:16:09.803Z,歩行,あ,false,358.40000000000003,76.7,-83.10000000000001,4,39,27.400000000000002,2.2,31.200000000000003,27.200000000000003,-136,-32,218.00000000000003
Chrome Mobile,90.0.4430.82,Asus X01AD,Asus,Blink,[object Object],Chrome Mobile 90.0.4430.82 on Asus X01AD (Android 9),2021-05-06T06:16:10.005Z,歩行,あ,false,299.6,115.4,-22.8,0.5,-3.8000000000000003,10.200000000000001,1.9000000000000001,-11.600000000000001,13.600000000000001,-48.2,54.199999999999996,-18.4
Chrome Mobile,90.0.4430.82,Asus X01AD,Asus,Blink,[object Object],Chrome Mobile 90.0.4430.82 on Asus X01AD (Android 9),2021-05-06T06:16:10.206Z,歩行,あ,false,288.7,119.7,-15.200000000000001,0.4,-2.3000000000000003,0.4,2.1,-9,5.4,3.2,-26.9,30.9
Chrome Mobile,90.0.4430.82,Asus X01AD,Asus,Blink,[object Object],Chrome Mobile 90.0.4430.82 on Asus X01AD (Android 9),2021-05-06T06:16:10.406Z,歩行,あ,false,340,71,-63.2,8.200000000000001,39.1,29.900000000000002,5.800000000000001,31.200000000000003,28.6,16,-2.8,99.2
Chrome Mobile,90.0.4430.82,Asus X01AD,Asus,Blink,[object Object],Chrome Mobile 90.0.4430.82 on Asus X01AD (Android 9),2021-05-06T06:16:10.607Z,歩行,あ,false,290.6,113.60000000000001,-14.700000000000001,-2.4000000000000004,-0.1,-0.1,-1.5,-8.1,3.3000000000000003,38.60000000000001,39,-58.7
Chrome Mobile,90.0.4430.82,Asus X01AD,Asus,Blink,[object Object],Chrome Mobile 90.0.4430.82 on Asus X01AD (Android 9),2021-05-06T06:16:10.808Z,歩行,あ,false,291.3,118.2,-15.8,0.6000000000000001,-3.5,1,1.6,-10.4,4.6000000000000005,-16.1,31.5,4.4
Chrome Mobile,90.0.4430.82,Asus X01AD,Asus,Blink,[object Object],Chrome Mobile 90.0.4430.82 on Asus X01AD (Android 9),2021-05-06T06:16:11.009Z,歩行,あ,false,186.3,102.10000000000001,88.80000000000001,4.800000000000001,34.800000000000004,6.2,3.2,27.3,6.2,-250.00000000000003,-28.500000000000004,90.4
Chrome Mobile,90.0.4430.82,Asus X01AD,Asus,Blink,[object Object],Chrome Mobile 90.0.4430.82 on Asus X01AD (Android 9),2021-05-06T06:16:11.210Z,歩行,あ,false,295,106.30000000000001,-21.1,-2.9000000000000004,0,3,-1.9000000000000001,-8.8,5.4,201.60000000000002,-57.20000000000001,-228.6
Chrome Mobile,90.0.4430.82,Asus X01AD,Asus,Blink,[object Object],Chrome Mobile 90.0.4430.82 on Asus X01AD (Android 9),2021-05-06T06:16:11.411Z,歩行,あ,false,300.6,118.5,-26.8,2.2,-4.9,3,3.9000000000000004,-11.9,6.4,-56,27.400000000000002,32.2
Chrome Mobile,90.0.4430.82,Asus X01AD,Asus,Blink,[object Object],Chrome Mobile 90.0.4430.82 on Asus X01AD (Android 9),2021-05-06T06:16:11.611Z,歩行,あ,false,236.4,102.10000000000001,40.1,5.6000000000000005,21.400000000000002,5.300000000000001,4.6000000000000005,14.100000000000001,6.5,-250.00000000000003,-3.8,181.3
Chrome Mobile,90.0.4430.82,Asus X01AD,Asus,Blink,[object Object],Chrome Mobile 90.0.4430.82 on Asus X01AD (Android 9),2021-05-06T06:16:11.812Z,歩行,あ,false,271.1,101.9,4.800000000000001,0.8,4.6000000000000005,0.8,0.7000000000000001,-4.5,2.7,137.4,3.9,-225.70000000000002
Chrome Mobile,90.0.4430.82,Asus X01AD,Asus,Blink,[object Object],Chrome Mobile 90.0.4430.82 on Asus X01AD (Android 9),2021-05-06T06:16:12.013Z,歩行,あ,false,297.8,121.9,-27.700000000000003,2.4000000000000004,-4,2.7,4.4,-11,6.5,-5.9,1.3,0.8
Chrome Mobile,90.0.4430.82,Asus X01AD,Asus,Blink,[object Object],Chrome Mobile 90.0.4430.82 on Asus X01AD (Android 9),2021-05-06T06:16:12.214Z,歩行,あ,false,272.90000000000003,109.60000000000001,4.6000000000000005,-0.7000000000000001,0.9,-2.5,-0.9,-6,-0.1,-250.00000000000003,117,154.00000000000003
Chrome Mobile,90.0.4430.82,Asus X01AD,Asus,Blink,[object Object],Chrome Mobile 90.0.4430.82 on Asus X01AD (Android 9),2021-05-06T06:16:12.414Z,歩行,あ,false,218.5,99.2,58.2,6.2,16.8,3.8000000000000003,5,7.6000000000000005,4.6000000000000005,101.80000000000001,5.500000000000001,-249.90000000000003
Chrome Mobile,90.0.4430.82,Asus X01AD,Asus,Blink,[object Object],Chrome Mobile 90.0.4430.82 on Asus X01AD (Android 9),2021-05-06T06:16:12.615Z,歩行,あ,false,306.8,119.60000000000001,-29.6,1.2000000000000002,-5.2,-0.30000000000000004,3.3000000000000003,-12.5,3.2,88.3,-54.6,16.8
Chrome Mobile,90.0.4430.82,Asus X01AD,Asus,Blink,[object Object],Chrome Mobile 90.0.4430.82 on Asus X01AD (Android 9),2021-05-06T06:16:12.816Z,歩行,あ,false,289.6,112.60000000000001,-8.6,-1.2000000000000002,-2.4000000000000004,-1.9000000000000001,-0.7000000000000001,-9.3,1,-98.39999999999999,63.500000000000014,116.30000000000001
Chrome Mobile,90.0.4430.82,Asus X01AD,Asus,Blink,[object Object],Chrome Mobile 90.0.4430.82 on Asus X01AD (Android 9),2021-05-06T06:16:13.017Z,歩行,あ,false,6.4,79.10000000000001,-84.30000000000001,10.3,24,-0.2,8.6,15,-0.30000000000000004,246.70000000000002,-35.1,-169
Chrome Mobile,90.0.4430.82,Asus X01AD,Asus,Blink,[object Object],Chrome Mobile 90.0.4430.82 on Asus X01AD (Android 9),2021-05-06T06:16:13.218Z,歩行,あ,false,309.90000000000003,119,-27.700000000000003,0.6000000000000001,-3.5,-0.4,2.6,-11,3.3000000000000003,24.599999999999998,-12.100000000000001,38.1
Chrome Mobile,90.0.4430.82,Asus X01AD,Asus,Blink,[object Object],Chrome Mobile 90.0.4430.82 on Asus X01AD (Android 9),2021-05-06T06:16:13.420Z,歩行,あ,false,293.2,113.30000000000001,-10.3,-2.1,-2.8000000000000003,-1.5,-1.6,-9.8,1.4000000000000001,-68.2,73.2,95.20000000000002
Chrome Mobile,90.0.4430.82,Asus X01AD,Asus,Blink,[object Object],Chrome Mobile 90.0.4430.82 on Asus X01AD (Android 9),2021-05-06T06:16:13.621Z,歩行,あ,false,12.5,80.80000000000001,-88.60000000000001,10.8,25.400000000000002,-2.7,9.3,16.400000000000002,-2.7,249.5,-77.3,-171.3
Chrome Mobile,90.0.4430.82,Asus X01AD,Asus,Blink,[object Object],Chrome Mobile 90.0.4430.82 on Asus X01AD (Android 9),2021-05-06T06:16:13.834Z,歩行,あ,false,321,121,-37.7,-1.2000000000000002,-5,-0.4,1.5,-12.3,3.1,41,-14.5,17.6
Chrome Mobile,90.0.4430.82,Asus X01AD,Asus,Blink,[object Object],Chrome Mobile 90.0.4430.82 on Asus X01AD (Android 9),2021-05-06T06:16:14.036Z,歩行,あ,false,303.90000000000003,106.5,-9.5,-3.9000000000000004,-2.8000000000000003,-4.3,-3.5,-10,-2.2,-124.90000000000002,160.50000000000003,104.50000000000001
Chrome Mobile,90.0.4430.82,Asus X01AD,Asus,Blink,[object Object],Chrome Mobile 90.0.4430.82 on Asus X01AD (Android 9),2021-05-06T06:16:14.236Z,歩行,あ,false,341.20000000000005,78.80000000000001,-48.300000000000004,11,27.1,4.800000000000001,9.700000000000001,18,3.6,249.6,-9.100000000000001,-36.5
Chrome Mobile,90.0.4430.82,Asus X01AD,Asus,Blink,[object Object],Chrome Mobile 90.0.4430.82 on Asus X01AD (Android 9),2021-05-06T06:16:14.438Z,歩行,あ,false,314,118.9,-34.2,1.3,-3.5,0.4,3.6,-11,3.9000000000000004,22.000000000000004,-29.400000000000002,-5.9
Chrome Mobile,90.0.4430.82,Asus X01AD,Asus,Blink,[object Object],Chrome Mobile 90.0.4430.82 on Asus X01AD (Android 9),2021-05-06T06:16:14.638Z,歩行,あ,false,305.40000000000003,116.30000000000001,-25.8,-3.1,-4.2,-0.8,-1.6,-11,2.2,-44.00000000000001,57.20000000000001,131.7
Chrome Mobile,90.0.4430.82,Asus X01AD,Asus,Blink,[object Object],Chrome Mobile 90.0.4430.82 on Asus X01AD (Android 9),2021-05-06T06:16:14.839Z,歩行,あ,false,348.1,75.7,-62.300000000000004,12.4,32.5,2,10.4,23.700000000000003,0.9,250.00000000000003,-35.3,-3.5
Chrome Mobile,90.0.4430.82,Asus X01AD,Asus,Blink,[object Object],Chrome Mobile 90.0.4430.82 on Asus X01AD (Android 9),2021-05-06T06:16:15.040Z,歩行,あ,false,332.20000000000005,114.4,-49.2,-3.9000000000000004,-3.3000000000000003,2.7,-1.1,-11.3,5.1000000000000005,99.9,-17.9,-5
Chrome Mobile,90.0.4430.82,Asus X01AD,Asus,Blink,[object Object],Chrome Mobile 90.0.4430.82 on Asus X01AD (Android 9),2021-05-06T06:16:15.241Z,歩行,あ,false,304.6,113,-22.700000000000003,-0.2,-3,0.5,1,-10.100000000000001,3.3000000000000003,-16.900000000000002,21.900000000000002,70
Chrome Mobile,90.0.4430.82,Asus X01AD,Asus,Blink,[object Object],Chrome Mobile 90.0.4430.82 on Asus X01AD (Android 9),2021-05-06T06:16:15.442Z,歩行,あ,false,339.1,68,-50.800000000000004,13.4,39.1,24.1,10.9,31.200000000000003,22.1,-163.90000000000003,73.7,-27.9
Chrome Mobile,90.0.4430.82,Asus X01AD,Asus,Blink,[object Object],Chrome Mobile 90.0.4430.82 on Asus X01AD (Android 9),2021-05-06T06:16:15.647Z,歩行,あ,false,332.40000000000003,107.5,-46.800000000000004,-4,-4.9,4.3,-2,-13.4,6.2,47.80000000000001,44.7,-120.3
Chrome Mobile,90.0.4430.82,Asus X01AD,Asus,Blink,[object Object],Chrome Mobile 90.0.4430.82 on Asus X01AD (Android 9),2021-05-06T06:16:15.848Z,歩行,あ,false,328.20000000000005,109.80000000000001,-43.400000000000006,-3.1,-4.3,1.8,-1.2000000000000002,-11.700000000000001,3.7,-47.1,34.1,71
Chrome Mobile,90.0.4430.82,Asus X01AD,Asus,Blink,[object Object],Chrome Mobile 90.0.4430.82 on Asus X01AD (Android 9),2021-05-06T06:16:16.051Z,歩行,あ,false,311.3,68.3,-27.1,3.1,39.1,33.300000000000004,1.7000000000000002,31.1,30.5,-108.2,-41.199999999999996,15.000000000000002
Chrome Mobile,90.0.4430.82,Asus X01AD,Asus,Blink,[object Object],Chrome Mobile 90.0.4430.82 on Asus X01AD (Android 9),2021-05-06T06:16:16.252Z,歩行,あ,false,336.1,105.4,-50.300000000000004,-3.8000000000000003,-5,1.8,-2,-13.600000000000001,3.3000000000000003,109.30000000000001,37.7,-70.5
Chrome Mobile,90.0.4430.82,Asus X01AD,Asus,Blink,[object Object],Chrome Mobile 90.0.4430.82 on Asus X01AD (Android 9),2021-05-06T06:16:16.453Z,歩行,あ,false,318.70000000000005,105.30000000000001,-31.700000000000003,-1.9000000000000001,-4,0,-0.8,-11.5,1.8,-67.7,11.8,70
Chrome Mobile,90.0.4430.82,Asus X01AD,Asus,Blink,[object Object],Chrome Mobile 90.0.4430.82 on Asus X01AD (Android 9),2021-05-06T06:16:16.654Z,歩行,あ,false,323,63.7,-31.1,21.1,39.1,22.1,19.1,31,18.7,250.00000000000003,-95.5,83.2
Chrome Mobile,90.0.4430.82,Asus X01AD,Asus,Blink,[object Object],Chrome Mobile 90.0.4430.82 on Asus X01AD (Android 9),2021-05-06T06:16:16.855Z,歩行,あ,false,348.20000000000005,104.9,-53.400000000000006,-2,-3.8000000000000003,4.1000000000000005,-0.1,-12.5,5.4,62,8.3,-31.7
Chrome Mobile,90.0.4430.82,Asus X01AD,Asus,Blink,[object Object],Chrome Mobile 90.0.4430.82 on Asus X01AD (Android 9),2021-05-06T06:16:17.055Z,歩行,あ,false,322.8,106,-32.1,-2,-4,-0.1,-0.9,-11.600000000000001,1.7000000000000002,-24.5,6.500000000000001,77.1
Chrome Mobile,90.0.4430.82,Asus X01AD,Asus,Blink,[object Object],Chrome Mobile 90.0.4430.82 on Asus X01AD (Android 9),2021-05-06T06:16:17.256Z,歩行,あ,false,324.1,65.5,-33.5,10.9,39.1,27.8,8.9,31.200000000000003,24.8,-82.9,45.6,74.10000000000001
Chrome Mobile,90.0.4430.82,Asus X01AD,Asus,Blink,[object Object],Chrome Mobile 90.0.4430.82 on Asus X01AD (Android 9),2021-05-06T06:16:17.456Z,歩行,あ,false,320.20000000000005,106.2,-30,-2.4000000000000004,-2.9000000000000004,1.1,-1.1,-11.700000000000001,3.3000000000000003,76.89999999999999,25.200000000000003,-39.1
Chrome Mobile,90.0.4430.82,Asus X01AD,Asus,Blink,[object Object],Chrome Mobile 90.0.4430.82 on Asus X01AD (Android 9),2021-05-06T06:16:17.657Z,歩行,あ,false,305,114.60000000000001,-23.3,-0.6000000000000001,-3.5,0.6000000000000001,0.8,-10.9,3.7,45,-21.900000000000002,42.2
Chrome Mobile,90.0.4430.82,Asus X01AD,Asus,Blink,[object Object],Chrome Mobile 90.0.4430.82 on Asus X01AD (Android 9),2021-05-06T06:16:17.858Z,歩行,あ,false,8.5,73,-86.10000000000001,20.200000000000003,36.9,-6.4,17.8,29.200000000000003,-6.6000000000000005,-249.7,-17.7,49.1
Chrome Mobile,90.0.4430.82,Asus X01AD,Asus,Blink,[object Object],Chrome Mobile 90.0.4430.82 on Asus X01AD (Android 9),2021-05-06T06:16:18.059Z,歩行,あ,false,321.90000000000003,104.5,-39.6,-1.8,-1.5,4.800000000000001,-0.30000000000000004,-10.700000000000001,6.7,193.70000000000002,-41.4,-218.60000000000002
Chrome Mobile,90.0.4430.82,Asus X01AD,Asus,Blink,[object Object],Chrome Mobile 90.0.4430.82 on Asus X01AD (Android 9),2021-05-06T06:16:18.260Z,歩行,あ,false,316.20000000000005,121.7,-35.5,0.1,-3.8000000000000003,0.2,2.7,-11.100000000000001,3.9000000000000004,-10,13.900000000000002,26.5
Chrome Mobile,90.0.4430.82,Asus X01AD,Asus,Blink,[object Object],Chrome Mobile 90.0.4430.82 on Asus X01AD (Android 9),2021-05-06T06:16:18.460Z,歩行,あ,false,242,100.4,37.4,15.5,14.200000000000001,3.1,11.5,0.6000000000000001,3.5,-250.00000000000003,64,239.4
Chrome Mobile,90.0.4430.82,Asus X01AD,Asus,Blink,[object Object],Chrome Mobile 90.0.4430.82 on Asus X01AD (Android 9),2021-05-06T06:16:18.661Z,歩行,あ,false,225.4,95.9,63.6,2.1,7,9.600000000000001,1.2000000000000002,-2.6,10,205.7,-36.9,-209.5
Chrome Mobile,90.0.4430.82,Asus X01AD,Asus,Blink,[object Object],Chrome Mobile 90.0.4430.82 on Asus X01AD (Android 9),2021-05-06T06:16:18.862Z,歩行,あ,false,311.5,123.7,-29.5,-0.1,-3.5,1,2.3000000000000003,-10.8,5.2,29.500000000000004,-27.700000000000003,-5.500000000000001
Chrome Mobile,90.0.4430.82,Asus X01AD,Asus,Blink,[object Object],Chrome Mobile 90.0.4430.82 on Asus X01AD (Android 9),2021-05-06T06:16:19.063Z,歩行,あ,false,291.8,109.10000000000001,-3.8000000000000003,-3.5,0.6000000000000001,-6.2,-3.4000000000000004,-6.9,-3.7,-221.2,149.10000000000002,153.60000000000002
Chrome Mobile,90.0.4430.82,Asus X01AD,Asus,Blink,[object Object],Chrome Mobile 90.0.4430.82 on Asus X01AD (Android 9),2021-05-06T06:16:19.263Z,歩行,あ,false,19.1,81.60000000000001,-86,10.200000000000001,16.8,-1.4000000000000001,8.8,7.300000000000001,-1.5,250.00000000000003,-1.5,-138.50000000000003
Chrome Mobile,90.0.4430.82,Asus X01AD,Asus,Blink,[object Object],Chrome Mobile 90.0.4430.82 on Asus X01AD (Android 9),2021-05-06T06:16:19.464Z,歩行,あ,false,321.8,123.2,-37.300000000000004,-1.2000000000000002,-3.6,0.5,1.8,-11,4.4,86.3,-89.70000000000002,30.5
Chrome Mobile,90.0.4430.82,Asus X01AD,Asus,Blink,[object Object],Chrome Mobile 90.0.4430.82 on Asus X01AD (Android 9),2021-05-06T06:16:19.665Z,歩行,あ,false,298.1,112.9,-15.8,-2.8000000000000003,-2.8000000000000003,-3.3000000000000003,-2,-10.100000000000001,-0.30000000000000004,-117.30000000000001,49.50000000000001,162.50000000000003
Chrome Mobile,90.0.4430.82,Asus X01AD,Asus,Blink,[object Object],Chrome Mobile 90.0.4430.82 on Asus X01AD (Android 9),2021-05-06T06:16:19.871Z,歩行,あ,false,13.600000000000001,78.60000000000001,-84.80000000000001,11.4,23.8,-6.800000000000001,12.600000000000001,18.8,-7.2,195.1,0.4,-157.20000000000002
Chrome Mobile,90.0.4430.82,Asus X01AD,Asus,Blink,[object Object],Chrome Mobile 90.0.4430.82 on Asus X01AD (Android 9),2021-05-06T06:16:20.077Z,歩行,あ,false,320.90000000000003,120.7,-39.800000000000004,0.7000000000000001,-2.7,2.4000000000000004,3.6,-10.4,5.9,41.4,-23.800000000000004,-21.300000000000004
Chrome Mobile,90.0.4430.82,Asus X01AD,Asus,Blink,[object Object],Chrome Mobile 90.0.4430.82 on Asus X01AD (Android 9),2021-05-06T06:16:20.278Z,歩行,あ,false,308.6,111.60000000000001,-25.1,-3.5,-3.2,-3.3000000000000003,-2.3000000000000003,-10.600000000000001,-0.6000000000000001,-167,160.9,177.8
Chrome Mobile,90.0.4430.82,Asus X01AD,Asus,Blink,[object Object],Chrome Mobile 90.0.4430.82 on Asus X01AD (Android 9),2021-05-06T06:16:20.479Z,歩行,あ,false,346.90000000000003,81.10000000000001,-56.5,11.8,30.1,5.5,10.4,20.700000000000003,4.3,250.00000000000003,-17.7,-86.60000000000001
Chrome Mobile,90.0.4430.82,Asus X01AD,Asus,Blink,[object Object],Chrome Mobile 90.0.4430.82 on Asus X01AD (Android 9),2021-05-06T06:16:20.680Z,歩行,あ,false,319.40000000000003,116.4,-36.2,-1.2000000000000002,-3.3000000000000003,-0.7000000000000001,1.2000000000000002,-11.600000000000001,2.6,140.8,-123.4,-6.9
Chrome Mobile,90.0.4430.82,Asus X01AD,Asus,Blink,[object Object],Chrome Mobile 90.0.4430.82 on Asus X01AD (Android 9),2021-05-06T06:16:20.881Z,歩行,あ,false,304.2,114.80000000000001,-22.6,-2.2,-2.7,-1.5,-0.9,-10.200000000000001,1.7000000000000002,-56.7,41.199999999999996,50.7
Chrome Mobile,90.0.4430.82,Asus X01AD,Asus,Blink,[object Object],Chrome Mobile 90.0.4430.82 on Asus X01AD (Android 9),2021-05-06T06:16:21.082Z,歩行,あ,false,335.1,69.4,-50.900000000000006,21.700000000000003,39.1,18.2,19.200000000000003,30.400000000000002,16.1,205.3,39.699999999999996,66.80000000000001
Chrome Mobile,90.0.4430.82,Asus X01AD,Asus,Blink,[object Object],Chrome Mobile 90.0.4430.82 on Asus X01AD (Android 9),2021-05-06T06:16:21.283Z,歩行,あ,false,327.6,110.9,-41.1,-2.5,-3.5,3.9000000000000004,-0.30000000000000004,-12.3,6.4,76,4.300000000000001,-69.7
Chrome Mobile,90.0.4430.82,Asus X01AD,Asus,Blink,[object Object],Chrome Mobile 90.0.4430.82 on Asus X01AD (Android 9),2021-05-06T06:16:21.484Z,歩行,あ,false,311.20000000000005,114,-23.900000000000002,0.30000000000000004,-3.2,0.8,1.6,-10.8,3.9000000000000004,-27.3,8.100000000000001,89.10000000000001
Chrome Mobile,90.0.4430.82,Asus X01AD,Asus,Blink,[object Object],Chrome Mobile 90.0.4430.82 on Asus X01AD (Android 9),2021-05-06T06:16:21.685Z,歩行,あ,false,331.1,71.7,-36.800000000000004,8.700000000000001,39.1,27.400000000000002,7,30.5,25.200000000000003,-64.50000000000001,-9.100000000000001,47
Chrome Mobile,90.0.4430.82,Asus X01AD,Asus,Blink,[object Object],Chrome Mobile 90.0.4430.82 on Asus X01AD (Android 9),2021-05-06T06:16:21.886Z,歩行,あ,false,334.40000000000003,113.5,-43.2,-4.5,-4.1000000000000005,2.6,-1.9000000000000001,-12.8,5.300000000000001,111.80000000000001,-12.299999999999999,-52.1
Chrome Mobile,90.0.4430.82,Asus X01AD,Asus,Blink,[object Object],Chrome Mobile 90.0.4430.82 on Asus X01AD (Android 9),2021-05-06T06:16:22.087Z,歩行,あ,false,311.1,116.5,-23.1,-1.2000000000000002,-3.2,0.9,0.30000000000000004,-10.700000000000001,4.4,-70.10000000000001,39.1,63.8
Chrome Mobile,90.0.4430.82,Asus X01AD,Asus,Blink,[object Object],Chrome Mobile 90.0.4430.82 on Asus X01AD (Android 9),2021-05-06T06:16:22.288Z,歩行,あ,false,342.90000000000003,68.5,-48.400000000000006,13.200000000000001,39.1,22.900000000000002,10.8,30.8,20.8,-232.60000000000002,97.89999999999999,-35.3
Chrome Mobile,90.0.4430.82,Asus X01AD,Asus,Blink,[object Object],Chrome Mobile 90.0.4430.82 on Asus X01AD (Android 9),2021-05-06T06:16:22.495Z,歩行,あ,false,334.6,110.10000000000001,-43.400000000000006,-4,-2.9000000000000004,1.1,-1.8,-11.8,3.5,158.6,-18.3,-124.50000000000001
Chrome Mobile,90.0.4430.82,Asus X01AD,Asus,Blink,[object Object],Chrome Mobile 90.0.4430.82 on Asus X01AD (Android 9),2021-05-06T06:16:22.700Z,歩行,あ,false,322,117.80000000000001,-34.9,-0.7000000000000001,-3,2.9000000000000004,1.6,-10.5,6.2,-40.800000000000004,39.699999999999996,24.200000000000003
Chrome Mobile,90.0.4430.82,Asus X01AD,Asus,Blink,[object Object],Chrome Mobile 90.0.4430.82 on Asus X01AD (Android 9),2021-05-06T06:16:22.902Z,歩行,あ,false,350.90000000000003,79.2,-59.900000000000006,5.2,39.1,10.200000000000001,3.8000000000000003,30.700000000000003,9.4,-250.00000000000003,-54.1,97.2
Chrome Mobile,90.0.4430.82,Asus X01AD,Asus,Blink,[object Object],Chrome Mobile 90.0.4430.82 on Asus X01AD (Android 9),2021-05-06T06:16:23.102Z,歩行,あ,false,331.5,106.10000000000001,-38.2,-5.5,-2.9000000000000004,3.4000000000000004,-3.9000000000000004,-12.100000000000001,5.5,125.30000000000001,-19.1,-129.00000000000003
Chrome Mobile,90.0.4430.82,Asus X01AD,Asus,Blink,[object Object],Chrome Mobile 90.0.4430.82 on Asus X01AD (Android 9),2021-05-06T06:16:23.304Z,歩行,あ,false,318.20000000000005,114.5,-32.4,0.7000000000000001,-3.7,-0.4,2.6,-11.3,2.5,-3.5,36.6,50.3
Chrome Mobile,90.0.4430.82,Asus X01AD,Asus,Blink,[object Object],Chrome Mobile 90.0.4430.82 on Asus X01AD (Android 9),2021-05-06T06:16:23.504Z,歩行,あ,false,343.3,76.4,-53,4.9,39.1,-0.7000000000000001,3.3000000000000003,30.8,-1.9000000000000001,-249.6,36.5,-12.8
Chrome Mobile,90.0.4430.82,Asus X01AD,Asus,Blink,[object Object],Chrome Mobile 90.0.4430.82 on Asus X01AD (Android 9),2021-05-06T06:16:23.705Z,歩行,あ,false,324.90000000000003,107,-37.9,-2.5,-0.6000000000000001,0,-0.7000000000000001,-9.9,2.2,153,-15.000000000000002,-134.00000000000003
Chrome Mobile,90.0.4430.82,Asus X01AD,Asus,Blink,[object Object],Chrome Mobile 90.0.4430.82 on Asus X01AD (Android 9),2021-05-06T06:16:23.905Z,歩行,あ,false,318.40000000000003,116.7,-33.800000000000004,1.2000000000000002,-3.7,2.6,3.4000000000000004,-11.5,5.9,-41,35.8,11.3
Chrome Mobile,90.0.4430.82,Asus X01AD,Asus,Blink,[object Object],Chrome Mobile 90.0.4430.82 on Asus X01AD (Android 9),2021-05-06T06:16:24.106Z,歩行,あ,false,244.4,95.2,46,6.5,15,0.8,6,7.1000000000000005,1.3,-241.70000000000002,18.6,250.10000000000002
Chrome Mobile,90.0.4430.82,Asus X01AD,Asus,Blink,[object Object],Chrome Mobile 90.0.4430.82 on Asus X01AD (Android 9),2021-05-06T06:16:24.307Z,歩行,あ,false,310.3,92.60000000000001,-19.5,0.2,2.7,8.4,0.4,-7.1000000000000005,8.8,60.6,-26.700000000000003,-249.90000000000003
Chrome Mobile,90.0.4430.82,Asus X01AD,Asus,Blink,[object Object],Chrome Mobile 90.0.4430.82 on Asus X01AD (Android 9),2021-05-06T06:16:24.508Z,歩行,あ,false,331.8,115.9,-46.300000000000004,0.9,-4.3,1.2000000000000002,3.9000000000000004,-12.100000000000001,3.5,6.500000000000001,4.7,-5.6
Chrome Mobile,90.0.4430.82,Asus X01AD,Asus,Blink,[object Object],Chrome Mobile 90.0.4430.82 on Asus X01AD (Android 9),2021-05-06T06:16:24.708Z,歩行,あ,false,282.7,98.9,9.9,3.1,5.800000000000001,-2.8000000000000003,3.2,-2,-1.3,-200.3,95,218.50000000000003
Chrome Mobile,90.0.4430.82,Asus X01AD,Asus,Blink,[object Object],Chrome Mobile 90.0.4430.82 on Asus X01AD (Android 9),2021-05-06T06:16:24.909Z,歩行,あ,false,268.2,93.10000000000001,21.400000000000002,3.2,10.100000000000001,4.4,3,0.30000000000000004,4.9,99.60000000000001,8.100000000000001,-249.90000000000003
Chrome Mobile,90.0.4430.82,Asus X01AD,Asus,Blink,[object Object],Chrome Mobile 90.0.4430.82 on Asus X01AD (Android 9),2021-05-06T06:16:25.110Z,歩行,あ,false,322.1,115.5,-37,1.5,-4.3,0.5,3.8000000000000003,-12.3,3.6,35.9,-13.900000000000002,43.4
Chrome Mobile,90.0.4430.82,Asus X01AD,Asus,Blink,[object Object],Chrome Mobile 90.0.4430.82 on Asus X01AD (Android 9),2021-05-06T06:16:25.311Z,歩行,あ,false,276.1,101.80000000000001,13.700000000000001,4.4,8.3,-3.6,4,0.5,-2,-214.70000000000002,148.1,141.2
Chrome Mobile,90.0.4430.82,Asus X01AD,Asus,Blink,[object Object],Chrome Mobile 90.0.4430.82 on Asus X01AD (Android 9),2021-05-06T06:16:25.512Z,歩行,あ,false,275.2,96.2,14,-1.2000000000000002,7.7,2.7,-1.5,-2,3.7,117.80000000000001,-5.500000000000001,-188.8
Chrome Mobile,90.0.4430.82,Asus X01AD,Asus,Blink,[object Object],Chrome Mobile 90.0.4430.82 on Asus X01AD (Android 9),2021-05-06T06:16:25.713Z,歩行,あ,false,316.5,112.4,-32.4,0.8,-3.1,1.3,2.6,-11.3,4.2,31.6,-29.200000000000003,-11.3
Chrome Mobile,90.0.4430.82,Asus X01AD,Asus,Blink,[object Object],Chrome Mobile 90.0.4430.82 on Asus X01AD (Android 9),2021-05-06T06:16:25.920Z,歩行,あ,false,293.40000000000003,105.80000000000001,-10.600000000000001,-1.4000000000000001,-2.8000000000000003,-3.4000000000000004,-1,-10.4,-1.3,-117.7,-51.50000000000001,153.60000000000002
Chrome Mobile,90.0.4430.82,Asus X01AD,Asus,Blink,[object Object],Chrome Mobile 90.0.4430.82 on Asus X01AD (Android 9),2021-05-06T06:16:26.125Z,歩行,あ,false,254.70000000000002,94.4,29.700000000000003,5.7,10.9,2.2,3.4000000000000004,-2.4000000000000004,3.6,158.2,-6.300000000000001,-249.80000000000004
Chrome Mobile,90.0.4430.82,Asus X01AD,Asus,Blink,[object Object],Chrome Mobile 90.0.4430.82 on Asus X01AD (Android 9),2021-05-06T06:16:26.325Z,歩行,あ,false,324.1,118.5,-39.400000000000006,0.30000000000000004,-4.2,2,3,-12,5.2,57.9,-27,25
Chrome Mobile,90.0.4430.82,Asus X01AD,Asus,Blink,[object Object],Chrome Mobile 90.0.4430.82 on Asus X01AD (Android 9),2021-05-06T06:16:26.526Z,歩行,あ,false,288.7,105.60000000000001,0.9,-1.3,-0.4,-3.1,-1.3,-7.9,-1,-179.70000000000002,63.900000000000006,172.00000000000003
Chrome Mobile,90.0.4430.82,Asus X01AD,Asus,Blink,[object Object],Chrome Mobile 90.0.4430.82 on Asus X01AD (Android 9),2021-05-06T06:16:26.728Z,歩行,あ,false,356.3,79.5,-66.5,8,19.1,3.8000000000000003,6.4,9.600000000000001,3,185.90000000000003,10.600000000000001,-209.10000000000002
Chrome Mobile,90.0.4430.82,Asus X01AD,Asus,Blink,[object Object],Chrome Mobile 90.0.4430.82 on Asus X01AD (Android 9),2021-05-06T06:16:26.929Z,歩行,あ,false,324,117.80000000000001,-35.4,-1.1,-3.9000000000000004,0.8,1.3,-11.8,4.2,71.5,-28.700000000000003,48.400000000000006
Chrome Mobile,90.0.4430.82,Asus X01AD,Asus,Blink,[object Object],Chrome Mobile 90.0.4430.82 on Asus X01AD (Android 9),2021-05-06T06:16:27.129Z,歩行,あ,false,289.8,110.9,-3.1,-1.4000000000000001,-1.1,-3.6,-1.2000000000000002,-8.6,-0.8,-150.4,73.9,143.9
Chrome Mobile,90.0.4430.82,Asus X01AD,Asus,Blink,[object Object],Chrome Mobile 90.0.4430.82 on Asus X01AD (Android 9),2021-05-06T06:16:27.330Z,歩行,あ,false,350.70000000000005,74,-59.400000000000006,11.9,25.6,10.100000000000001,9.600000000000001,16.3,8.8,250.00000000000003,11.1,-173
Chrome Mobile,90.0.4430.82,Asus X01AD,Asus,Blink,[object Object],Chrome Mobile 90.0.4430.82 on Asus X01AD (Android 9),2021-05-06T06:16:27.530Z,歩行,あ,false,331.70000000000005,117.9,-44.300000000000004,-1.5,-5.7,-0.5,1.5,-13.700000000000001,2.6,102.5,-93.8,-29.200000000000003
Chrome Mobile,90.0.4430.82,Asus X01AD,Asus,Blink,[object Object],Chrome Mobile 90.0.4430.82 on Asus X01AD (Android 9),2021-05-06T06:16:27.731Z,歩行,あ,false,313.3,113.80000000000001,-32.9,-3.3000000000000003,-4.6000000000000005,-0.9,-1.6,-11.9,1.8,-56.7,29.500000000000004,138.40000000000003
Chrome Mobile,90.0.4430.82,Asus X01AD,Asus,Blink,[object Object],Chrome Mobile 90.0.4430.82 on Asus X01AD (Android 9),2021-05-06T06:16:27.932Z,歩行,あ,false,352.40000000000003,67.8,-64.5,21.900000000000002,29,-1.5,18.7,20.200000000000003,-3,247.5,-41.300000000000004,-113.3
Chrome Mobile,90.0.4430.82,Asus X01AD,Asus,Blink,[object Object],Chrome Mobile 90.0.4430.82 on Asus X01AD (Android 9),2021-05-06T06:16:28.133Z,歩行,あ,false,325,117.30000000000001,-43.300000000000004,-2.3000000000000003,-4.1000000000000005,-2.6,0.5,-12,0.4,188.5,-101.10000000000001,-54
Chrome Mobile,90.0.4430.82,Asus X01AD,Asus,Blink,[object Object],Chrome Mobile 90.0.4430.82 on Asus X01AD (Android 9),2021-05-06T06:16:28.334Z,歩行,あ,false,320.40000000000003,116.5,-36.2,-3.4000000000000004,-4.5,0.9,-1.3,-11.700000000000001,3.8000000000000003,-61.7,43.00000000000001,110.5
Chrome Mobile,90.0.4430.82,Asus X01AD,Asus,Blink,[object Object],Chrome Mobile 90.0.4430.82 on Asus X01AD (Android 9),2021-05-06T06:16:28.534Z,歩行,あ,false,326.8,69,-33.800000000000004,7.6000000000000005,39.1,23.900000000000002,5.9,30.8,21.200000000000003,-22.8,21.7,68.7
Chrome Mobile,90.0.4430.82,Asus X01AD,Asus,Blink,[object Object],Chrome Mobile 90.0.4430.82 on Asus X01AD (Android 9),2021-05-06T06:16:28.735Z,歩行,あ,false,331.20000000000005,113.80000000000001,-47,-2.9000000000000004,-2.4000000000000004,0.9,-0.2,-10.8,3.4000000000000004,104.60000000000001,-45.9,-86.4
Chrome Mobile,90.0.4430.82,Asus X01AD,Asus,Blink,[object Object],Chrome Mobile 90.0.4430.82 on Asus X01AD (Android 9),2021-05-06T06:16:28.936Z,歩行,あ,false,322.3,119.2,-42.5,-1.4000000000000001,-4.6000000000000005,1,0.6000000000000001,-11.8,4,3.9,-18.6,85.69999999999999
Chrome Mobile,90.0.4430.82,Asus X01AD,Asus,Blink,[object Object],Chrome Mobile 90.0.4430.82 on Asus X01AD (Android 9),2021-05-06T06:16:29.137Z,歩行,あ,false,335.40000000000003,70.2,-56.1,9,39.1,12.4,6.7,31.200000000000003,10.8,-250.00000000000003,26.000000000000004,81.10000000000001
Chrome Mobile,90.0.4430.82,Asus X01AD,Asus,Blink,[object Object],Chrome Mobile 90.0.4430.82 on Asus X01AD (Android 9),2021-05-06T06:16:29.338Z,歩行,あ,false,326.5,108.5,-50.7,-3.3000000000000003,-1.1,1.2000000000000002,-1,-10,3.1,237.10000000000002,-22.000000000000004,-165.3
Chrome Mobile,90.0.4430.82,Asus X01AD,Asus,Blink,[object Object],Chrome Mobile 90.0.4430.82 on Asus X01AD (Android 9),2021-05-06T06:16:29.538Z,歩行,あ,false,308.8,123.7,-36.9,0.4,-3.3000000000000003,0.8,3.3000000000000003,-10.4,4.6000000000000005,42.7,42.5,52.60000000000001
Chrome Mobile,90.0.4430.82,Asus X01AD,Asus,Blink,[object Object],Chrome Mobile 90.0.4430.82 on Asus X01AD (Android 9),2021-05-06T06:16:29.739Z,歩行,あ,false,250.4,103.80000000000001,35.4,4.7,13.9,-1.1,3.6,6.300000000000001,0.4,-223.70000000000002,103.89999999999999,250.10000000000002
Chrome Mobile,90.0.4430.82,Asus X01AD,Asus,Blink,[object Object],Chrome Mobile 90.0.4430.82 on Asus X01AD (Android 9),2021-05-06T06:16:29.940Z,歩行,あ,false,234.5,92.60000000000001,48.7,3.7,6.7,5.5,3.4000000000000004,-2.9000000000000004,5.800000000000001,101.20000000000002,-37.2,-249.5
Chrome Mobile,90.0.4430.82,Asus X01AD,Asus,Blink,[object Object],Chrome Mobile 90.0.4430.82 on Asus X01AD (Android 9),2021-05-06T06:16:30.141Z,歩行,あ,false,336.40000000000003,118.10000000000001,-51.900000000000006,-1.9000000000000001,-4.5,1.3,1.3,-12.100000000000001,3.8000000000000003,37.6,14.900000000000002,23.2
Chrome Mobile,90.0.4430.82,Asus X01AD,Asus,Blink,[object Object],Chrome Mobile 90.0.4430.82 on Asus X01AD (Android 9),2021-05-06T06:16:30.341Z,歩行,あ,false,303,98,-14.700000000000001,-4.800000000000001,8.6,-7,-4.2,0.9,-5.7,-250.00000000000003,140,208.9
Chrome Mobile,90.0.4430.82,Asus X01AD,Asus,Blink,[object Object],Chrome Mobile 90.0.4430.82 on Asus X01AD (Android 9),2021-05-06T06:16:30.542Z,歩行,あ,false,320.1,91.7,-33,3,7.9,6.6000000000000005,3.1,-1.8,6.9,207.20000000000002,-30.9,-213.3
Chrome Mobile,90.0.4430.82,Asus X01AD,Asus,Blink,[object Object],Chrome Mobile 90.0.4430.82 on Asus X01AD (Android 9),2021-05-06T06:16:30.743Z,歩行,あ,false,334.1,124.80000000000001,-49.1,-2.5,-4.800000000000001,-0.7000000000000001,1.3,-11.9,2.5,80.7,-8.5,10.700000000000001
Chrome Mobile,90.0.4430.82,Asus X01AD,Asus,Blink,[object Object],Chrome Mobile 90.0.4430.82 on Asus X01AD (Android 9),2021-05-06T06:16:30.943Z,歩行,あ,false,296.7,108.80000000000001,-16.3,0.8,3.6,-1.5,1.5,-3.8000000000000003,0.9,-194.5,49.199999999999996,247.8
Chrome Mobile,90.0.4430.82,Asus X01AD,Asus,Blink,[object Object],Chrome Mobile 90.0.4430.82 on Asus X01AD (Android 9),2021-05-06T06:16:31.144Z,歩行,あ,false,255.3,97.30000000000001,27.8,7.7,14.100000000000001,-0.30000000000000004,6.4,1.6,2,235.8,-40.7,-209.20000000000002
Chrome Mobile,90.0.4430.82,Asus X01AD,Asus,Blink,[object Object],Chrome Mobile 90.0.4430.82 on Asus X01AD (Android 9),2021-05-06T06:16:31.345Z,歩行,あ,false,328.90000000000003,125,-48.2,-2.1,-5.5,0,1.6,-12.600000000000001,3.4000000000000004,15.899999999999999,7.500000000000001,-23.3
Chrome Mobile,90.0.4430.82,Asus X01AD,Asus,Blink,[object Object],Chrome Mobile 90.0.4430.82 on Asus X01AD (Android 9),2021-05-06T06:16:31.547Z,歩行,あ,false,302.5,99.80000000000001,-16.7,3.6,-2.1,-4.7,4,-9.700000000000001,-3.5,-247.6,48.400000000000006,250.10000000000002
Chrome Mobile,90.0.4430.82,Asus X01AD,Asus,Blink,[object Object],Chrome Mobile 90.0.4430.82 on Asus X01AD (Android 9),2021-05-06T06:16:31.748Z,歩行,あ,false,337.8,73.2,-50.5,12.8,21.1,4.4,10.600000000000001,11.700000000000001,2.6,250.00000000000003,15.299999999999999,-232.70000000000002
Chrome Mobile,90.0.4430.82,Asus X01AD,Asus,Blink,[object Object],Chrome Mobile 90.0.4430.82 on Asus X01AD (Android 9),2021-05-06T06:16:31.954Z,歩行,あ,false,326.6,119.2,-48.7,0.6000000000000001,-2.6,3.6,3.9000000000000004,-10.5,6.5,36.1,-34.50000000000001,-48.800000000000004
Chrome Mobile,90.0.4430.82,Asus X01AD,Asus,Blink,[object Object],Chrome Mobile 90.0.4430.82 on Asus X01AD (Android 9),2021-05-06T06:16:32.156Z,歩行,あ,false,352.3,96.7,-52.5,-1,3.6,1.3,-0.30000000000000004,-4.5,1.9000000000000001,-233,135.20000000000002,142.7
Chrome Mobile,90.0.4430.82,Asus X01AD,Asus,Blink,[object Object],Chrome Mobile 90.0.4430.82 on Asus X01AD (Android 9),2021-05-06T06:16:32.356Z,歩行,あ,false,315.70000000000005,40.7,-10.3,2.2,8,20.6,1.1,2.4000000000000004,14.200000000000001,-218.50000000000003,-113.2,1.8000000000000003
Chrome Mobile,90.0.4430.82,Asus X01AD,Asus,Blink,[object Object],Chrome Mobile 90.0.4430.82 on Asus X01AD (Android 9),2021-05-06T06:16:32.557Z,歩行,あ,false,314.3,31.900000000000002,-9.5,1.8,2.6,11.200000000000001,0.5,-2.1,3.7,-10.8,44.6,-12.600000000000001