platform_name,platform_version,platform_product,platform_manufacturer,platform_layout,platform_os,platform_description,date,label,s_movement,do_absolute,do_alpha,do_beta,do_gamma,acc_g_x,acc_g_y,acc_g_z,acc_x,acc_y,acc_z,rot_alpha,rot_beta,rot_gamma
Chrome Mobile,90.0.4430.82,Asus X01AD,Asus,Blink,[object Object],Chrome Mobile 90.0.4430.82 on Asus X01AD (Android 9),2021-05-06T06:11:22.198Z,歩行,あ,false,200.70000000000002,19.900000000000002,4.3,-0.8,2.8000000000000003,8.700000000000001,-0.1,-0.6000000000000001,-0.4,-1.3,-25.4,-3.2
Chrome Mobile,90.0.4430.82,Asus X01AD,Asus,Blink,[object Object],Chrome Mobile 90.0.4430.82 on Asus X01AD (Android 9),2021-05-06T06:11:22.402Z,歩行,あ,false,172,103,-17.400000000000002,-0.4,-3.5,-3,0.30000000000000004,-13.4,-0.8,112.5,-35,7.200000000000001
Chrome Mobile,90.0.4430.82,Asus X01AD,Asus,Blink,[object Object],Chrome Mobile 90.0.4430.82 on Asus X01AD (Android 9),2021-05-06T06:11:22.603Z,歩行,あ,false,111.5,95.2,35.9,2.1,-2.3000000000000003,7.4,1.6,-11.200000000000001,8.1,-100.5,-72.9,91.4
Chrome Mobile,90.0.4430.82,Asus X01AD,Asus,Blink,[object Object],Chrome Mobile 90.0.4430.82 on Asus X01AD (Android 9),2021-05-06T06:11:22.803Z,歩行,あ,false,179.20000000000002,56.900000000000006,-31.6,17.400000000000002,37.1,17.8,14.4,28.400000000000002,12.9,250.00000000000003,18.8,-31.3
Chrome Mobile,90.0.4430.82,Asus X01AD,Asus,Blink,[object Object],Chrome Mobile 90.0.4430.82 on Asus X01AD (Android 9),2021-05-06T06:11:23.005Z,歩行,あ,false,184,104.5,-30.3,0.1,-4.6000000000000005,-1.8,1.4000000000000001,-14.4,0.4,114.99999999999999,16.200000000000003,-66.5
Chrome Mobile,90.0.4430.82,Asus X01AD,Asus,Blink,[object Object],Chrome Mobile 90.0.4430.82 on Asus X01AD (Android 9),2021-05-06T06:11:23.206Z,歩行,あ,false,158.9,103.7,-10,-1.9000000000000001,-5.800000000000001,-1,-1.5,-14.4,1.1,-118.60000000000001,21.400000000000002,120.60000000000001
Chrome Mobile,90.0.4430.82,Asus X01AD,Asus,Blink,[object Object],Chrome Mobile 90.0.4430.82 on Asus X01AD (Android 9),2021-05-06T06:11:23.406Z,歩行,あ,false,189.70000000000002,57.7,-33.4,19,39.1,22.900000000000002,16,30.700000000000003,18.5,215.2,32.5,102
Chrome Mobile,90.0.4430.82,Asus X01AD,Asus,Blink,[object Object],Chrome Mobile 90.0.4430.82 on Asus X01AD (Android 9),2021-05-06T06:11:23.608Z,歩行,あ,false,190.8,106.80000000000001,-34.2,0,-6.1000000000000005,2.1,1.6,-15.700000000000001,4.5,121.70000000000002,50.5,-99.60000000000001
Chrome Mobile,90.0.4430.82,Asus X01AD,Asus,Blink,[object Object],Chrome Mobile 90.0.4430.82 on Asus X01AD (Android 9),2021-05-06T06:11:23.809Z,歩行,あ,false,174,108.2,-20.1,-2.1,-5.6000000000000005,-1.1,-1.2000000000000002,-13.9,1.5,-142.3,17.1,115.50000000000003
Chrome Mobile,90.0.4430.82,Asus X01AD,Asus,Blink,[object Object],Chrome Mobile 90.0.4430.82 on Asus X01AD (Android 9),2021-05-06T06:11:24.009Z,歩行,あ,false,172.5,57.900000000000006,-14.9,-2,39.1,32.2,-3.3000000000000003,31.1,27.400000000000002,-93.00000000000001,32.1,55.3
Chrome Mobile,90.0.4430.82,Asus X01AD,Asus,Blink,[object Object],Chrome Mobile 90.0.4430.82 on Asus X01AD (Android 9),2021-05-06T06:11:24.210Z,歩行,あ,false,188.3,99.5,-28,-0.9,-5.1000000000000005,1.6,-0.1,-14.9,3,160.20000000000002,36.7,-69.9
Chrome Mobile,90.0.4430.82,Asus X01AD,Asus,Blink,[object Object],Chrome Mobile 90.0.4430.82 on Asus X01AD (Android 9),2021-05-06T06:11:24.411Z,歩行,あ,false,179.10000000000002,108.10000000000001,-20.1,-2.8000000000000003,-4.5,-2.4000000000000004,-1.8,-12.9,0.2,-70.2,3.7000000000000006,66.60000000000001
Chrome Mobile,90.0.4430.82,Asus X01AD,Asus,Blink,[object Object],Chrome Mobile 90.0.4430.82 on Asus X01AD (Android 9),2021-05-06T06:11:24.612Z,歩行,あ,false,187.3,60.400000000000006,-30.700000000000003,4.5,39,29.5,2.2,31.1,25.6,-146.3,75.5,90
Chrome Mobile,90.0.4430.82,Asus X01AD,Asus,Blink,[object Object],Chrome Mobile 90.0.4430.82 on Asus X01AD (Android 9),2021-05-06T06:11:24.813Z,歩行,あ,false,196.20000000000002,103.60000000000001,-36.5,-1.7000000000000002,-5.300000000000001,-2,-0.30000000000000004,-15,-0.1,165.3,39.2,-167.9
Chrome Mobile,90.0.4430.82,Asus X01AD,Asus,Blink,[object Object],Chrome Mobile 90.0.4430.82 on Asus X01AD (Android 9),2021-05-06T06:11:25.014Z,歩行,あ,false,192.20000000000002,117.60000000000001,-32.6,-2.5,-5.6000000000000005,-2.8000000000000003,-0.30000000000000004,-13.3,0.7000000000000001,-38.300000000000004,5.1000000000000005,63.8
Chrome Mobile,90.0.4430.82,Asus X01AD,Asus,Blink,[object Object],Chrome Mobile 90.0.4430.82 on Asus X01AD (Android 9),2021-05-06T06:11:25.215Z,歩行,あ,false,197.4,69,-45.5,8.200000000000001,39.1,25.3,6,31,23.1,-250.00000000000003,65.3,-26.6
Chrome Mobile,90.0.4430.82,Asus X01AD,Asus,Blink,[object Object],Chrome Mobile 90.0.4430.82 on Asus X01AD (Android 9),2021-05-06T06:11:25.415Z,歩行,あ,false,189.70000000000002,107.2,-34.800000000000004,0,-4.3,-0.8,1.6,-13.600000000000001,1.6,192,40.5,-199.1
Chrome Mobile,90.0.4430.82,Asus X01AD,Asus,Blink,[object Object],Chrome Mobile 90.0.4430.82 on Asus X01AD (Android 9),2021-05-06T06:11:25.616Z,歩行,あ,false,183.3,125.10000000000001,-28.1,-0.7000000000000001,-5.800000000000001,-0.5,1.6,-12.9,3.9000000000000004,6.9,20.5,27.5
Chrome Mobile,90.0.4430.82,Asus X01AD,Asus,Blink,[object Object],Chrome Mobile 90.0.4430.82 on Asus X01AD (Android 9),2021-05-06T06:11:25.816Z,歩行,あ,false,84.60000000000001,102.2,61.6,9.200000000000001,7.800000000000001,15.100000000000001,7.7,0.4,15.9,-250.00000000000003,-91.4,250.10000000000002
Chrome Mobile,90.0.4430.82,Asus X01AD,Asus,Blink,[object Object],Chrome Mobile 90.0.4430.82 on Asus X01AD (Android 9),2021-05-06T06:11:26.017Z,歩行,あ,false,91.4,99.7,55,6.9,-4.3,11.9,5.5,-13.9,12.8,250.00000000000003,-42.2,-249.90000000000003
Chrome Mobile,90.0.4430.82,Asus X01AD,Asus,Blink,[object Object],Chrome Mobile 90.0.4430.82 on Asus X01AD (Android 9),2021-05-06T06:11:26.218Z,歩行,あ,false,178.20000000000002,124.60000000000001,-25.1,-1.1,-7.5,0.2,0.9,-14.4,4.5,11.4,-12.7,55.1
Chrome Mobile,90.0.4430.82,Asus X01AD,Asus,Blink,[object Object],Chrome Mobile 90.0.4430.82 on Asus X01AD (Android 9),2021-05-06T06:11:26.419Z,歩行,あ,false,94.9,106.2,52.7,6,0.30000000000000004,4.800000000000001,4.4,-6.7,6,-249.7,7.8,201.70000000000002
Chrome Mobile,90.0.4430.82,Asus X01AD,Asus,Blink,[object Object],Chrome Mobile 90.0.4430.82 on Asus X01AD (Android 9),2021-05-06T06:11:26.620Z,歩行,あ,false,233.10000000000002,69.2,-80.4,8,6.300000000000001,15,4.6000000000000005,-2.6,14.4,191.30000000000004,-6.600000000000001,-249.90000000000003
Chrome Mobile,90.0.4430.82,Asus X01AD,Asus,Blink,[object Object],Chrome Mobile 90.0.4430.82 on Asus X01AD (Android 9),2021-05-06T06:11:26.821Z,歩行,あ,false,176.20000000000002,115.60000000000001,-20.1,-0.1,-7.5,0,1.1,-15,3.4000000000000004,42.800000000000004,-33.1,-10.1
Chrome Mobile,90.0.4430.82,Asus X01AD,Asus,Blink,[object Object],Chrome Mobile 90.0.4430.82 on Asus X01AD (Android 9),2021-05-06T06:11:27.022Z,歩行,あ,false,132.4,109.9,19.900000000000002,-0.7000000000000001,-5,-2.5,-1.1,-12.3,1.6,-157.70000000000002,-22.700000000000003,184.4
Chrome Mobile,90.0.4430.82,Asus X01AD,Asus,Blink,[object Object],Chrome Mobile 90.0.4430.82 on Asus X01AD (Android 9),2021-05-06T06:11:27.223Z,歩行,あ,false,226.4,65.10000000000001,-80.4,17.6,28.8,0.5,13.8,20.5,-0.2,250.00000000000003,-16.1,-179.6
Chrome Mobile,90.0.4430.82,Asus X01AD,Asus,Blink,[object Object],Chrome Mobile 90.0.4430.82 on Asus X01AD (Android 9),2021-05-06T06:11:27.430Z,歩行,あ,false,180.10000000000002,116.5,-30.3,-1.2000000000000002,-5.9,1.9000000000000001,0.7000000000000001,-13.5,5.2,83.2,-27.400000000000002,-59.60000000000001
Chrome Mobile,90.0.4430.82,Asus X01AD,Asus,Blink,[object Object],Chrome Mobile 90.0.4430.82 on Asus X01AD (Android 9),2021-05-06T06:11:27.632Z,歩行,あ,false,154.5,115.4,-8,-1.5,-5.7,-2.4000000000000004,-1,-12.3,0.7000000000000001,-115.50000000000003,12.7,154.9
Chrome Mobile,90.0.4430.82,Asus X01AD,Asus,Blink,[object Object],Chrome Mobile 90.0.4430.82 on Asus X01AD (Android 9),2021-05-06T06:11:27.833Z,歩行,あ,false,200.60000000000002,62.6,-60.6,20.5,39.1,20.400000000000002,16.900000000000002,31.3,18.400000000000002,250.00000000000003,50.5,-13.6
Chrome Mobile,90.0.4430.82,Asus X01AD,Asus,Blink,[object Object],Chrome Mobile 90.0.4430.82 on Asus X01AD (Android 9),2021-05-06T06:11:28.034Z,歩行,あ,false,177.4,115.5,-34.1,-1.2000000000000002,-5.5,1.7000000000000002,0.9,-13.200000000000001,4.800000000000001,95.9,-0.4,-101.10000000000001
Chrome Mobile,90.0.4430.82,Asus X01AD,Asus,Blink,[object Object],Chrome Mobile 90.0.4430.82 on Asus X01AD (Android 9),2021-05-06T06:11:28.245Z,歩行,あ,false,165.10000000000002,121.30000000000001,-22.5,-0.4,-5.4,-1.2000000000000002,1.1,-11.9,2.4000000000000004,-15.8,0.30000000000000004,114.10000000000001
Chrome Mobile,90.0.4430.82,Asus X01AD,Asus,Blink,[object Object],Chrome Mobile 90.0.4430.82 on Asus X01AD (Android 9),2021-05-06T06:11:28.449Z,歩行,あ,false,203.70000000000002,68.2,-65.3,5.1000000000000005,39.1,25.3,2.5,31.700000000000003,24.1,-226.70000000000005,93.10000000000001,96.30000000000001
Chrome Mobile,90.0.4430.82,Asus X01AD,Asus,Blink,[object Object],Chrome Mobile 90.0.4430.82 on Asus X01AD (Android 9),2021-05-06T06:11:28.650Z,歩行,あ,false,166.10000000000002,111.80000000000001,-20.8,-0.1,-5.6000000000000005,2.9000000000000004,1,-13.5,5.9,68.3,38.2,-154.5
Chrome Mobile,90.0.4430.82,Asus X01AD,Asus,Blink,[object Object],Chrome Mobile 90.0.4430.82 on Asus X01AD (Android 9),2021-05-06T06:11:28.851Z,歩行,あ,false,171.9,121,-23.6,-2.8000000000000003,-5.1000000000000005,-2.5,-1.3,-11.5,1,-44.9,7.300000000000001,59.60000000000001
Chrome Mobile,90.0.4430.82,Asus X01AD,Asus,Blink,[object Object],Chrome Mobile 90.0.4430.82 on Asus X01AD (Android 9),2021-05-06T06:11:29.052Z,歩行,あ,false,197.3,65.4,-55.5,7.5,39,35.800000000000004,4.800000000000001,32,34,-248.3,16.700000000000003,78
Chrome Mobile,90.0.4430.82,Asus X01AD,Asus,Blink,[object Object],Chrome Mobile 90.0.4430.82 on Asus X01AD (Android 9),2021-05-06T06:11:29.253Z,歩行,あ,false,166.3,104.9,-19.900000000000002,-0.4,-4.4,6.800000000000001,0.4,-12.9,8.9,178.70000000000002,7.300000000000001,-196.6
Chrome Mobile,90.0.4430.82,Asus X01AD,Asus,Blink,[object Object],Chrome Mobile 90.0.4430.82 on Asus X01AD (Android 9),2021-05-06T06:11:29.454Z,歩行,あ,false,178.70000000000002,124.7,-30.200000000000003,-2.1,-5.4,-1,0.1,-11.700000000000001,2.8000000000000003,16.900000000000002,-18.700000000000003,25.8
Chrome Mobile,90.0.4430.82,Asus X01AD,Asus,Blink,[object Object],Chrome Mobile 90.0.4430.82 on Asus X01AD (Android 9),2021-05-06T06:11:29.657Z,歩行,あ,false,59.2,105.10000000000001,80.4,29.3,31.8,9,27.5,24.900000000000002,9.4,-250.00000000000003,-26.200000000000003,250.10000000000002
Chrome Mobile,90.0.4430.82,Asus X01AD,Asus,Blink,[object Object],Chrome Mobile 90.0.4430.82 on Asus X01AD (Android 9),2021-05-06T06:11:29.858Z,歩行,あ,false,141.1,99.80000000000001,0.8,2,-0.7000000000000001,10.600000000000001,2,-9.4,12.100000000000001,216.6,-30.3,-249.90000000000003
Chrome Mobile,90.0.4430.82,Asus X01AD,Asus,Blink,[object Object],Chrome Mobile 90.0.4430.82 on Asus X01AD (Android 9),2021-05-06T06:11:30.059Z,歩行,あ,false,175.8,127.5,-35.800000000000004,-0.4,-5,0.30000000000000004,2.4000000000000004,-11.200000000000001,4.1000000000000005,0.2,9.8,29.200000000000003
Chrome Mobile,90.0.4430.82,Asus X01AD,Asus,Blink,[object Object],Chrome Mobile 90.0.4430.82 on Asus X01AD (Android 9),2021-05-06T06:11:30.260Z,歩行,あ,false,136.5,105.4,0.8,2.5,-0.4,3.5,2.5,-7,5.300000000000001,-250.00000000000003,-6,249.7
Chrome Mobile,90.0.4430.82,Asus X01AD,Asus,Blink,[object Object],Chrome Mobile 90.0.4430.82 on Asus X01AD (Android 9),2021-05-06T06:11:30.461Z,歩行,あ,false,67.10000000000001,98.4,70,6.9,10,5.800000000000001,5.7,1.2000000000000002,6.2,220.5,-42.900000000000006,-249.90000000000003
Chrome Mobile,90.0.4430.82,Asus X01AD,Asus,Blink,[object Object],Chrome Mobile 90.0.4430.82 on Asus X01AD (Android 9),2021-05-06T06:11:30.662Z,歩行,あ,false,172,124.5,-37.2,-1.8,-5.300000000000001,0.6000000000000001,0.9,-12,4.2,57.60000000000001,-11.900000000000002,-23.099999999999998
Chrome Mobile,90.0.4430.82,Asus X01AD,Asus,Blink,[object Object],Chrome Mobile 90.0.4430.82 on Asus X01AD (Android 9),2021-05-06T06:11:30.863Z,歩行,あ,false,153.60000000000002,112.7,-19.700000000000003,0,-5.1000000000000005,0.7000000000000001,1,-11.600000000000001,3.3000000000000003,-160.60000000000002,7.699999999999999,172.00000000000003
Chrome Mobile,90.0.4430.82,Asus X01AD,Asus,Blink,[object Object],Chrome Mobile 90.0.4430.82 on Asus X01AD (Android 9),2021-05-06T06:11:31.064Z,歩行,あ,false,198.60000000000002,74.2,-64.60000000000001,15.700000000000001,25.8,-0.4,11.200000000000001,13,-2.6,249.6,-64.9,-183.4
Chrome Mobile,90.0.4430.82,Asus X01AD,Asus,Blink,[object Object],Chrome Mobile 90.0.4430.82 on Asus X01AD (Android 9),2021-05-06T06:11:31.264Z,歩行,あ,false,177.20000000000002,120.2,-40.800000000000004,-2.7,-6.300000000000001,-1.5,0,-13.3,1.6,114.00000000000001,-19.200000000000003,-45.099999999999994
Chrome Mobile,90.0.4430.82,Asus X01AD,Asus,Blink,[object Object],Chrome Mobile 90.0.4430.82 on Asus X01AD (Android 9),2021-05-06T06:11:31.465Z,歩行,あ,false,160.60000000000002,114.60000000000001,-27.6,-2.8000000000000003,-5.5,0.2,-1.4000000000000001,-12.100000000000001,2.8000000000000003,-88.00000000000001,3.3000000000000007,161.6
Chrome Mobile,90.0.4430.82,Asus X01AD,Asus,Blink,[object Object],Chrome Mobile 90.0.4430.82 on Asus X01AD (Android 9),2021-05-06T06:11:31.665Z,歩行,あ,false,172.9,62,-45.7,17.8,39.1,30,15,31.6,27.3,186.6,34.7,27.700000000000003
Chrome Mobile,90.0.4430.82,Asus X01AD,Asus,Blink,[object Object],Chrome Mobile 90.0.4430.82 on Asus X01AD (Android 9),2021-05-06T06:11:31.866Z,歩行,あ,false,163.8,114.9,-35.6,-0.6000000000000001,-4.5,4.2,1.4000000000000001,-12.4,6.9,121,8.100000000000001,-105.20000000000002
Chrome Mobile,90.0.4430.82,Asus X01AD,Asus,Blink,[object Object],Chrome Mobile 90.0.4430.82 on Asus X01AD (Android 9),2021-05-06T06:11:32.067Z,歩行,あ,false,155.20000000000002,124.4,-31.700000000000003,-3.6,-5.1000000000000005,-0.6000000000000001,-1.4000000000000001,-11.3,3,-19.6,1.5,66.60000000000001
Chrome Mobile,90.0.4430.82,Asus X01AD,Asus,Blink,[object Object],Chrome Mobile 90.0.4430.82 on Asus X01AD (Android 9),2021-05-06T06:11:32.267Z,歩行,あ,false,182.5,71.3,-66.7,13.4,39.1,17.1,11.100000000000001,31.700000000000003,16.1,-250.00000000000003,19.5,46.1
Chrome Mobile,90.0.4430.82,Asus X01AD,Asus,Blink,[object Object],Chrome Mobile 90.0.4430.82 on Asus X01AD (Android 9),2021-05-06T06:11:32.469Z,歩行,あ,false,162,111.4,-43.900000000000006,-1.5,-3.9000000000000004,4.9,0.7000000000000001,-12,7.2,139.60000000000002,-25.5,-197.5
Chrome Mobile,90.0.4430.82,Asus X01AD,Asus,Blink,[object Object],Chrome Mobile 90.0.4430.82 on Asus X01AD (Android 9),2021-05-06T06:11:32.670Z,歩行,あ,false,157.9,126.2,-41.900000000000006,-1.1,-4.7,-0.30000000000000004,2,-10.9,3,11.000000000000002,24.3,27.6
Chrome Mobile,90.0.4430.82,Asus X01AD,Asus,Blink,[object Object],Chrome Mobile 90.0.4430.82 on Asus X01AD (Android 9),2021-05-06T06:11:32.871Z,歩行,あ,false,47.300000000000004,96,60.400000000000006,25.3,28.200000000000003,3.9000000000000004,24.700000000000003,21.1,4.3,-249.80000000000004,-59.40000000000001,250.10000000000002
Chrome Mobile,90.0.4430.82,Asus X01AD,Asus,Blink,[object Object],Chrome Mobile 90.0.4430.82 on Asus X01AD (Android 9),2021-05-06T06:11:33.072Z,歩行,あ,false,143.1,102.80000000000001,-34.5,4.9,0.5,7.4,6,-8.200000000000001,9.1,200.9,-35.4,-249.90000000000003
Chrome Mobile,90.0.4430.82,Asus X01AD,Asus,Blink,[object Object],Chrome Mobile 90.0.4430.82 on Asus X01AD (Android 9),2021-05-06T06:11:33.273Z,歩行,あ,false,158.8,130.1,-50.5,-1.3,-6.2,0.6000000000000001,2.6,-12.200000000000001,3.9000000000000004,-19.5,22.6,10
Chrome Mobile,90.0.4430.82,Asus X01AD,Asus,Blink,[object Object],Chrome Mobile 90.0.4430.82 on Asus X01AD (Android 9),2021-05-06T06:11:33.480Z,歩行,あ,false,130.1,98,-9.1,2.8000000000000003,-2.5,1.7000000000000002,2.9000000000000004,-9.3,2.7,-249.5,142.10000000000002,241.20000000000002
Chrome Mobile,90.0.4430.82,Asus X01AD,Asus,Blink,[object Object],Chrome Mobile 90.0.4430.82 on Asus X01AD (Android 9),2021-05-06T06:11:33.680Z,歩行,あ,false,182.70000000000002,84,-58.900000000000006,4.9,6.9,10.8,4.1000000000000005,-2.2,10.3,250.00000000000003,-45.400000000000006,-249.90000000000003
Chrome Mobile,90.0.4430.82,Asus X01AD,Asus,Blink,[object Object],Chrome Mobile 90.0.4430.82 on Asus X01AD (Android 9),2021-05-06T06:11:33.881Z,歩行,あ,false,154.5,125.4,-35.800000000000004,-1.2000000000000002,-4.5,-0.2,1.2000000000000002,-11.4,3.5,73.30000000000001,-32.300000000000004,22.000000000000004
Chrome Mobile,90.0.4430.82,Asus X01AD,Asus,Blink,[object Object],Chrome Mobile 90.0.4430.82 on Asus X01AD (Android 9),2021-05-06T06:11:34.082Z,歩行,あ,false,137.20000000000002,117.80000000000001,-23.1,-0.5,-5.7,-0.1,0.8,-12.100000000000001,3,-127.40000000000002,15.8,154.29999999999998
Chrome Mobile,90.0.4430.82,Asus X01AD,Asus,Blink,[object Object],Chrome Mobile 90.0.4430.82 on Asus X01AD (Android 9),2021-05-06T06:11:34.288Z,歩行,あ,false,179,70,-62.800000000000004,15.3,37.7,8.5,12.600000000000001,29.5,7.1000000000000005,226.2,27.2,-111.50000000000001
Chrome Mobile,90.0.4430.82,Asus X01AD,Asus,Blink,[object Object],Chrome Mobile 90.0.4430.82 on Asus X01AD (Android 9),2021-05-06T06:11:34.488Z,歩行,あ,false,159,123.60000000000001,-41.6,-2.4000000000000004,-6.4,1,0.7000000000000001,-13.4,4.5,109.50000000000001,30.1,-117.60000000000001
Chrome Mobile,90.0.4430.82,Asus X01AD,Asus,Blink,[object Object],Chrome Mobile 90.0.4430.82 on Asus X01AD (Android 9),2021-05-06T06:11:34.689Z,歩行,あ,false,154,126.60000000000001,-35.6,-1.8,-5.2,-0.2,0.8,-11.200000000000001,3.4000000000000004,-80.2,-5.500000000000001,112.20000000000002
Chrome Mobile,90.0.4430.82,Asus X01AD,Asus,Blink,[object Object],Chrome Mobile 90.0.4430.82 on Asus X01AD (Android 9),2021-05-06T06:11:34.890Z,歩行,あ,false,153.4,72.5,-37.800000000000004,-0.9,39.1,21,-2.4000000000000004,31.400000000000002,19.1,-160.8,79.6,60.1
Chrome Mobile,90.0.4430.82,Asus X01AD,Asus,Blink,[object Object],Chrome Mobile 90.0.4430.82 on Asus X01AD (Android 9),2021-05-06T06:11:35.091Z,歩行,あ,false,147.8,111.2,-37.2,0,-3.1,0,1.9000000000000001,-11.200000000000001,2.6,111.70000000000002,-23.5,-130.20000000000002
Chrome Mobile,90.0.4430.82,Asus X01AD,Asus,Blink,[object Object],Chrome Mobile 90.0.4430.82 on Asus X01AD (Android 9),2021-05-06T06:11:35.292Z,歩行,あ,false,156.60000000000002,120.10000000000001,-41.900000000000006,-3.3000000000000003,-5.1000000000000005,0,-0.7000000000000001,-11.9,2.9000000000000004,-23.700000000000003,35.1,36.9
Chrome Mobile,90.0.4430.82,Asus X01AD,Asus,Blink,[object Object],Chrome Mobile 90.0.4430.82 on Asus X01AD (Android 9),2021-05-06T06:11:35.493Z,歩行,あ,false,164.20000000000002,70.10000000000001,-53,18.8,38.2,6.2,16.8,31.1,4.7,-250.00000000000003,35,158.2
Chrome Mobile,90.0.4430.82,Asus X01AD,Asus,Blink,[object Object],Chrome Mobile 90.0.4430.82 on Asus X01AD (Android 9),2021-05-06T06:11:35.695Z,歩行,あ,false,180.5,94.60000000000001,-67.9,3.3000000000000003,0.1,6.800000000000001,4,-9.1,7.1000000000000005,210.9,-26.799999999999997,-241.9
Chrome Mobile,90.0.4430.82,Asus X01AD,Asus,Blink,[object Object],Chrome Mobile 90.0.4430.82 on Asus X01AD (Android 9),2021-05-06T06:11:35.895Z,歩行,あ,false,161.70000000000002,120.10000000000001,-48.5,0,-5,0.9,3.1,-12,3.6,14.5,3.3000000000000007,28.900000000000002
Chrome Mobile,90.0.4430.82,Asus X01AD,Asus,Blink,[object Object],Chrome Mobile 90.0.4430.82 on Asus X01AD (Android 9),2021-05-06T06:11:36.097Z,歩行,あ,false,33.2,97.2,75.10000000000001,6.6000000000000005,9.200000000000001,8.200000000000001,13.9,10.200000000000001,12.3,-250.00000000000003,-11.700000000000001,249.80000000000004
Chrome Mobile,90.0.4430.82,Asus X01AD,Asus,Blink,[object Object],Chrome Mobile 90.0.4430.82 on Asus X01AD (Android 9),2021-05-06T06:11:36.303Z,歩行,あ,false,49.400000000000006,92.9,61.900000000000006,5.4,4.6000000000000005,11.3,5,-4.7,11.5,149.70000000000002,-5,-249.90000000000003
Chrome Mobile,90.0.4430.82,Asus X01AD,Asus,Blink,[object Object],Chrome Mobile 90.0.4430.82 on Asus X01AD (Android 9),2021-05-06T06:11:36.504Z,歩行,あ,false,157.60000000000002,124.9,-49.6,-1.2000000000000002,-5,0.5,2.4000000000000004,-11.8,3.6,31.5,5,-12.7
Chrome Mobile,90.0.4430.82,Asus X01AD,Asus,Blink,[object Object],Chrome Mobile 90.0.4430.82 on Asus X01AD (Android 9),2021-05-06T06:11:36.705Z,歩行,あ,false,132,106.10000000000001,-24.900000000000002,1.2000000000000002,-2.8000000000000003,-2.1,2.1,-9.8,-0.30000000000000004,-208.9,-29.400000000000002,247.6
Chrome Mobile,90.0.4430.82,Asus X01AD,Asus,Blink,[object Object],Chrome Mobile 90.0.4430.82 on Asus X01AD (Android 9),2021-05-06T06:11:36.906Z,歩行,あ,false,164.10000000000002,81.30000000000001,-53.2,11.100000000000001,18.900000000000002,0,10,9.8,-0.8,245.59999999999997,11.6,-209.20000000000002
Chrome Mobile,90.0.4430.82,Asus X01AD,Asus,Blink,[object Object],Chrome Mobile 90.0.4430.82 on Asus X01AD (Android 9),2021-05-06T06:11:37.107Z,歩行,あ,false,170.4,119.7,-51.1,-1.1,-4.9,1.6,2.2,-12.200000000000001,4.2,50.2,20,-16.3
Chrome Mobile,90.0.4430.82,Asus X01AD,Asus,Blink,[object Object],Chrome Mobile 90.0.4430.82 on Asus X01AD (Android 9),2021-05-06T06:11:37.308Z,歩行,あ,false,151.5,113.2,-35.5,-1.5,-5.1000000000000005,-3.4000000000000004,0.2,-12,-1,-55.3,-46.199999999999996,181.60000000000002
Chrome Mobile,90.0.4430.82,Asus X01AD,Asus,Blink,[object Object],Chrome Mobile 90.0.4430.82 on Asus X01AD (Android 9),2021-05-06T06:11:37.509Z,歩行,あ,false,153.60000000000002,59.1,-44.2,15,39.1,24.1,10.600000000000001,31.8,24.1,80,43.70000000000001,-3.9
Chrome Mobile,90.0.4430.82,Asus X01AD,Asus,Blink,[object Object],Chrome Mobile 90.0.4430.82 on Asus X01AD (Android 9),2021-05-06T06:11:37.709Z,歩行,あ,false,149.70000000000002,109.5,-39.1,1.3,-2.9000000000000004,0.6000000000000001,3.2,-11.5,3,158.50000000000003,25.8,-157.1
Chrome Mobile,90.0.4430.82,Asus X01AD,Asus,Blink,[object Object],Chrome Mobile 90.0.4430.82 on Asus X01AD (Android 9),2021-05-06T06:11:37.910Z,歩行,あ,false,149.20000000000002,126.4,-37.7,-2.2,-5.9,-0.30000000000000004,0.8,-12.5,3.5,39.9,-29.800000000000004,35.2
Chrome Mobile,90.0.4430.82,Asus X01AD,Asus,Blink,[object Object],Chrome Mobile 90.0.4430.82 on Asus X01AD (Android 9),2021-05-06T06:11:38.111Z,歩行,あ,false,26.200000000000003,94,72,23.8,31.1,8,23.3,23.5,8.1,-250.00000000000003,-11.5,248.6
Chrome Mobile,90.0.4430.82,Asus X01AD,Asus,Blink,[object Object],Chrome Mobile 90.0.4430.82 on Asus X01AD (Android 9),2021-05-06T06:11:38.312Z,歩行,あ,false,150.1,99.7,-43.300000000000004,5.5,4.9,9.8,6.9,-6.6000000000000005,10.3,212.70000000000002,34,-203.8
Chrome Mobile,90.0.4430.82,Asus X01AD,Asus,Blink,[object Object],Chrome Mobile 90.0.4430.82 on Asus X01AD (Android 9),2021-05-06T06:11:38.513Z,歩行,あ,false,150,128.6,-41.1,-1.6,-6.800000000000001,0.4,1.8,-13.3,4.3,-5.9,32.1,20.900000000000002
Chrome Mobile,90.0.4430.82,Asus X01AD,Asus,Blink,[object Object],Chrome Mobile 90.0.4430.82 on Asus X01AD (Android 9),2021-05-06T06:11:38.714Z,歩行,あ,false,58.900000000000006,95.9,45.800000000000004,12.100000000000001,10.100000000000001,12.200000000000001,11.600000000000001,2.8000000000000003,12.700000000000001,-250.00000000000003,-75.00000000000001,250.10000000000002
Chrome Mobile,90.0.4430.82,Asus X01AD,Asus,Blink,[object Object],Chrome Mobile 90.0.4430.82 on Asus X01AD (Android 9),2021-05-06T06:11:38.914Z,歩行,あ,false,170,85.10000000000001,-62.5,9.200000000000001,10.600000000000001,9,8.1,1.2000000000000002,8.4,148.20000000000002,21.400000000000002,-249.6
Chrome Mobile,90.0.4430.82,Asus X01AD,Asus,Blink,[object Object],Chrome Mobile 90.0.4430.82 on Asus X01AD (Android 9),2021-05-06T06:11:39.115Z,歩行,あ,false,148.20000000000002,122.10000000000001,-39.1,-0.4,-4.3,0.5,2.5,-11.600000000000001,4,81.3,-49.6,-0.6000000000000001
Chrome Mobile,90.0.4430.82,Asus X01AD,Asus,Blink,[object Object],Chrome Mobile 90.0.4430.82 on Asus X01AD (Android 9),2021-05-06T06:11:39.316Z,歩行,あ,false,134.5,115.2,-28.6,-3.1,-6.9,-2,-1.5,-13.700000000000001,0.8,-131.2,14.100000000000001,197.00000000000003
Chrome Mobile,90.0.4430.82,Asus X01AD,Asus,Blink,[object Object],Chrome Mobile 90.0.4430.82 on Asus X01AD (Android 9),2021-05-06T06:11:39.517Z,歩行,あ,false,147.1,61.2,-47.300000000000004,19.5,37.9,21.8,16.2,29.900000000000002,18.8,245.70000000000005,49.9,-111.10000000000002
Chrome Mobile,90.0.4430.82,Asus X01AD,Asus,Blink,[object Object],Chrome Mobile 90.0.4430.82 on Asus X01AD (Android 9),2021-05-06T06:11:39.720Z,歩行,あ,false,165.20000000000002,115.9,-50.400000000000006,-2.3000000000000003,-6.1000000000000005,1.6,0.7000000000000001,-14.200000000000001,4,86.1,46.199999999999996,-93.00000000000001
Chrome Mobile,90.0.4430.82,Asus X01AD,Asus,Blink,[object Object],Chrome Mobile 90.0.4430.82 on Asus X01AD (Android 9),2021-05-06T06:11:39.921Z,歩行,あ,false,149.6,119,-36.5,-2.5,-4.800000000000001,-0.5,-0.2,-11.8,2.6,-40.300000000000004,7.699999999999999,109.10000000000001
Chrome Mobile,90.0.4430.82,Asus X01AD,Asus,Blink,[object Object],Chrome Mobile 90.0.4430.82 on Asus X01AD (Android 9),2021-05-06T06:11:40.122Z,歩行,あ,false,157.3,63.800000000000004,-42.1,1.8,39.1,16.3,-0.6000000000000001,31.6,13.600000000000001,-250.00000000000003,125.2,1.1
Chrome Mobile,90.0.4430.82,Asus X01AD,Asus,Blink,[object Object],Chrome Mobile 90.0.4430.82 on Asus X01AD (Android 9),2021-05-06T06:11:40.335Z,歩行,あ,false,156.60000000000002,103.5,-44.1,-0.8,-3,0.1,0.7000000000000001,-12.100000000000001,1.6,238.60000000000005,-23.5,-178.70000000000002
Chrome Mobile,90.0.4430.82,Asus X01AD,Asus,Blink,[object Object],Chrome Mobile 90.0.4430.82 on Asus X01AD (Android 9),2021-05-06T06:11:40.536Z,歩行,あ,false,155.20000000000002,121.10000000000001,-41.400000000000006,-2,-5.300000000000001,-1.1,0.8,-12.3,2.1,-17.200000000000003,24.7,34.400000000000006
Chrome Mobile,90.0.4430.82,Asus X01AD,Asus,Blink,[object Object],Chrome Mobile 90.0.4430.82 on Asus X01AD (Android 9),2021-05-06T06:11:40.736Z,歩行,あ,false,170.8,72.7,-64,21,33,20.1,18.900000000000002,25.5,19.1,-250.00000000000003,-9,212.2
Chrome Mobile,90.0.4430.82,Asus X01AD,Asus,Blink,[object Object],Chrome Mobile 90.0.4430.82 on Asus X01AD (Android 9),2021-05-06T06:11:40.937Z,歩行,あ,false,147.3,94.10000000000001,-35,3.3000000000000003,-2.6,9.9,3.7,-12.100000000000001,10.4,250.00000000000003,-3.4,-249.90000000000003
Chrome Mobile,90.0.4430.82,Asus X01AD,Asus,Blink,[object Object],Chrome Mobile 90.0.4430.82 on Asus X01AD (Android 9),2021-05-06T06:11:41.138Z,歩行,あ,false,156.20000000000002,123.30000000000001,-40.300000000000004,-0.8,-4.7,-0.30000000000000004,2.1,-11.700000000000001,3.2,0.6000000000000001,28.700000000000003,43.6
Chrome Mobile,90.0.4430.82,Asus X01AD,Asus,Blink,[object Object],Chrome Mobile 90.0.4430.82 on Asus X01AD (Android 9),2021-05-06T06:11:41.339Z,歩行,あ,false,52.400000000000006,99.2,63.900000000000006,9,-1.1,4.3,7.9,-8.4,4.9,-250.00000000000003,-4.4,250.10000000000002
Chrome Mobile,90.0.4430.82,Asus X01AD,Asus,Blink,[object Object],Chrome Mobile 90.0.4430.82 on Asus X01AD (Android 9),2021-05-06T06:11:41.540Z,歩行,あ,false,168.60000000000002,75.10000000000001,-55.5,7.9,9,15.3,5.800000000000001,-0.30000000000000004,13.8,164.89999999999998,63,-249.90000000000003
Chrome Mobile,90.0.4430.82,Asus X01AD,Asus,Blink,[object Object],Chrome Mobile 90.0.4430.82 on Asus X01AD (Android 9),2021-05-06T06:11:41.741Z,歩行,あ,false,159.5,119.80000000000001,-40.800000000000004,-2,-4.800000000000001,1.7000000000000002,0.8,-12.4,5,86.7,-24.200000000000003,-18.1
Chrome Mobile,90.0.4430.82,Asus X01AD,Asus,Blink,[object Object],Chrome Mobile 90.0.4430.82 on Asus X01AD (Android 9),2021-05-06T06:11:41.942Z,歩行,あ,false,121.9,115.7,-13.8,-0.4,-3.6,0.7000000000000001,0.4,-10.5,4,19.400000000000002,-72.10000000000001,232
Chrome Mobile,90.0.4430.82,Asus X01AD,Asus,Blink,[object Object],Chrome Mobile 90.0.4430.82 on Asus X01AD (Android 9),2021-05-06T06:11:42.143Z,歩行,あ,false,18,113.10000000000001,88.80000000000001,17.5,34.300000000000004,-9.8,13.8,25.700000000000003,-9.700000000000001,215.2,-11.700000000000001,-186.70000000000002
Chrome Mobile,90.0.4430.82,Asus X01AD,Asus,Blink,[object Object],Chrome Mobile 90.0.4430.82 on Asus X01AD (Android 9),2021-05-06T06:11:42.344Z,歩行,あ,false,144.1,118.30000000000001,-32.2,-2.2,-4.1000000000000005,2.5,0.1,-12,6.1000000000000005,34.300000000000004,52.00000000000001,-104.00000000000001
Chrome Mobile,90.0.4430.82,Asus X01AD,Asus,Blink,[object Object],Chrome Mobile 90.0.4430.82 on Asus X01AD (Android 9),2021-05-06T06:11:42.545Z,歩行,あ,false,134,121.4,-21.8,-2.3000000000000003,-4.800000000000001,0,-0.2,-11.5,3.7,-46.199999999999996,17.1,104.2
Chrome Mobile,90.0.4430.82,Asus X01AD,Asus,Blink,[object Object],Chrome Mobile 90.0.4430.82 on Asus X01AD (Android 9),2021-05-06T06:11:42.747Z,歩行,あ,false,169.5,57.7,-61.800000000000004,12,39.1,39,8.1,31.900000000000002,36.800000000000004,-118.40000000000002,62.7,190
Chrome Mobile,90.0.4430.82,Asus X01AD,Asus,Blink,[object Object],Chrome Mobile 90.0.4430.82 on Asus X01AD (Android 9),2021-05-06T06:11:42.947Z,歩行,あ,false,110.7,108.7,-5.1000000000000005,1.1,0.1,-0.4,1.4000000000000001,-8.700000000000001,2.6,144.60000000000002,-45,-169.29999999999998
Chrome Mobile,90.0.4430.82,Asus X01AD,Asus,Blink,[object Object],Chrome Mobile 90.0.4430.82 on Asus X01AD (Android 9),2021-05-06T06:11:43.155Z,歩行,あ,false,138.8,123.10000000000001,-28.900000000000002,-1.7000000000000002,-4.7,-1.2000000000000002,0.5,-11.700000000000001,2.8000000000000003,6.4,25.7,23.5
Chrome Mobile,90.0.4430.82,Asus X01AD,Asus,Blink,[object Object],Chrome Mobile 90.0.4430.82 on Asus X01AD (Android 9),2021-05-06T06:11:43.355Z,歩行,あ,false,43.6,103.5,65.9,7.5,12.700000000000001,5.7,5.9,5.4,6.4,-249.90000000000003,45.8,231.8
Chrome Mobile,90.0.4430.82,Asus X01AD,Asus,Blink,[object Object],Chrome Mobile 90.0.4430.82 on Asus X01AD (Android 9),2021-05-06T06:11:43.556Z,歩行,あ,false,32.5,101.30000000000001,72.60000000000001,4.800000000000001,3.6,13.4,3,-5.7,13.9,233,-33.6,-225.70000000000002
Chrome Mobile,90.0.4430.82,Asus X01AD,Asus,Blink,[object Object],Chrome Mobile 90.0.4430.82 on Asus X01AD (Android 9),2021-05-06T06:11:43.757Z,歩行,あ,false,131.20000000000002,124.5,-23.700000000000003,-1.9000000000000001,-5.1000000000000005,0.5,0,-12,4.9,61.300000000000004,9,-20.5
Chrome Mobile,90.0.4430.82,Asus X01AD,Asus,Blink,[object Object],Chrome Mobile 90.0.4430.82 on Asus X01AD (Android 9),2021-05-06T06:11:43.958Z,歩行,あ,false,106.7,114.80000000000001,-0.30000000000000004,2.7,-3.5,-0.9,2.8000000000000003,-10.3,2.5,-172.00000000000003,-40.1,122.60000000000001
Chrome Mobile,90.0.4430.82,Asus X01AD,Asus,Blink,[object Object],Chrome Mobile 90.0.4430.82 on Asus X01AD (Android 9),2021-05-06T06:11:44.159Z,歩行,あ,false,12.700000000000001,113.80000000000001,89.30000000000001,17.2,34.1,-2.2,13.5,25.6,-2.2,209.3,1,-178.50000000000003
Chrome Mobile,90.0.4430.82,Asus X01AD,Asus,Blink,[object Object],Chrome Mobile 90.0.4430.82 on Asus X01AD (Android 9),2021-05-06T06:11:44.360Z,歩行,あ,false,129.3,121.30000000000001,-28.400000000000002,0.2,-5.2,2.3000000000000003,2.4000000000000004,-12.600000000000001,6.300000000000001,110.5,-47.5,-88.7
Chrome Mobile,90.0.4430.82,Asus X01AD,Asus,Blink,[object Object],Chrome Mobile 90.0.4430.82 on Asus X01AD (Android 9),2021-05-06T06:11:44.561Z,歩行,あ,false,120,121.4,-16,-0.6000000000000001,-4.9,-0.1,0.5,-11.4,3.8000000000000003,-92.3,25.7,124.3
Chrome Mobile,90.0.4430.82,Asus X01AD,Asus,Blink,[object Object],Chrome Mobile 90.0.4430.82 on Asus X01AD (Android 9),2021-05-06T06:11:44.762Z,歩行,あ,false,162.10000000000002,60,-62.900000000000006,9.200000000000001,39.1,34.7,5.6000000000000005,32,32.800000000000004,-230.20000000000005,32.2,99.39999999999999
Chrome Mobile,90.0.4430.82,Asus X01AD,Asus,Blink,[object Object],Chrome Mobile 90.0.4430.82 on Asus X01AD (Android 9),2021-05-06T06:11:44.963Z,歩行,あ,false,115.9,113.60000000000001,-12.700000000000001,-0.2,-3.5,-0.6000000000000001,0.6000000000000001,-11.700000000000001,2.9000000000000004,111,21.8,-152.8
Chrome Mobile,90.0.4430.82,Asus X01AD,Asus,Blink,[object Object],Chrome Mobile 90.0.4430.82 on Asus X01AD (Android 9),2021-05-06T06:11:45.164Z,歩行,あ,false,125.10000000000001,120.2,-17.2,-1.7000000000000002,-4.2,-1,-0.5,-11.100000000000001,2.8000000000000003,-48.10000000000001,13.5,53.400000000000006
Chrome Mobile,90.0.4430.82,Asus X01AD,Asus,Blink,[object Object],Chrome Mobile 90.0.4430.82 on Asus X01AD (Android 9),2021-05-06T06:11:45.365Z,歩行,あ,false,175.5,74.9,-74.3,5.9,39.1,10.700000000000001,3.9000000000000004,31.400000000000002,10.100000000000001,-169,-49.1,117.9
Chrome Mobile,90.0.4430.82,Asus X01AD,Asus,Blink,[object Object],Chrome Mobile 90.0.4430.82 on Asus X01AD (Android 9),2021-05-06T06:11:45.566Z,歩行,あ,false,107.60000000000001,107.60000000000001,-8.4,0.30000000000000004,0.30000000000000004,6.2,0.7000000000000001,-8.4,8.9,250.00000000000003,-53.599999999999994,-123.4
Chrome Mobile,90.0.4430.82,Asus X01AD,Asus,Blink,[object Object],Chrome Mobile 90.0.4430.82 on Asus X01AD (Android 9),2021-05-06T06:11:45.766Z,歩行,あ,false,115.60000000000001,125.5,-15.9,-1.8,-5,-0.6000000000000001,-0.5,-11.700000000000001,4,-18.8,2.3,9.8
Chrome Mobile,90.0.4430.82,Asus X01AD,Asus,Blink,[object Object],Chrome Mobile 90.0.4430.82 on Asus X01AD (Android 9),2021-05-06T06:11:45.967Z,歩行,あ,false,21.8,105.60000000000001,73.9,15.4,17.7,13.5,17.3,18.1,13.100000000000001,-250.00000000000003,0.2,248.6
Chrome Mobile,90.0.4430.82,Asus X01AD,Asus,Blink,[object Object],Chrome Mobile 90.0.4430.82 on Asus X01AD (Android 9),2021-05-06T06:11:46.168Z,歩行,あ,false,73.4,95.80000000000001,21.3,2.5,5.300000000000001,8.700000000000001,2.1,-4,9.600000000000001,193,-32.400000000000006,-240.20000000000002
Chrome Mobile,90.0.4430.82,Asus X01AD,Asus,Blink,[object Object],Chrome Mobile 90.0.4430.82 on Asus X01AD (Android 9),2021-05-06T06:11:46.374Z,歩行,あ,false,129.3,123.4,-34.5,-0.8,-4.1000000000000005,1,1.8,-11.100000000000001,4.9,17.7,1.3,-0.6000000000000001
Chrome Mobile,90.0.4430.82,Asus X01AD,Asus,Blink,[object Object],Chrome Mobile 90.0.4430.82 on Asus X01AD (Android 9),2021-05-06T06:11:46.578Z,歩行,あ,false,94.60000000000001,111.10000000000001,-4,0.30000000000000004,-2.4000000000000004,-4.1000000000000005,0.5,-9.4,-1.4000000000000001,-159.6,0.9000000000000001,233.39999999999998
Chrome Mobile,90.0.4430.82,Asus X01AD,Asus,Blink,[object Object],Chrome Mobile 90.0.4430.82 on Asus X01AD (Android 9),2021-05-06T06:11:46.780Z,歩行,あ,false,12,103,81.30000000000001,8.700000000000001,14.700000000000001,8.3,6.6000000000000005,5.5,8.6,113.5,1.8000000000000003,-249.90000000000003
Chrome Mobile,90.0.4430.82,Asus X01AD,Asus,Blink,[object Object],Chrome Mobile 90.0.4430.82 on Asus X01AD (Android 9),2021-05-06T06:11:46.980Z,歩行,あ,false,125.10000000000001,121.60000000000001,-29.6,-1.8,-4.5,0.2,0.4,-11.8,4.1000000000000005,95.1,-26.400000000000006,-4.5
Chrome Mobile,90.0.4430.82,Asus X01AD,Asus,Blink,[object Object],Chrome Mobile 90.0.4430.82 on Asus X01AD (Android 9),2021-05-06T06:11:47.182Z,歩行,あ,false,102.9,115.10000000000001,-7.5,0,-4.1000000000000005,-1.8,0.4,-11.100000000000001,1.4000000000000001,-143.3,30.200000000000003,141.3
Chrome Mobile,90.0.4430.82,Asus X01AD,Asus,Blink,[object Object],Chrome Mobile 90.0.4430.82 on Asus X01AD (Android 9),2021-05-06T06:11:47.383Z,歩行,あ,false,163.8,66.10000000000001,-72.9,13.4,36.4,8.4,9.9,28.1,7.4,227.7,-41.300000000000004,-73.4
Chrome Mobile,90.0.4430.82,Asus X01AD,Asus,Blink,[object Object],Chrome Mobile 90.0.4430.82 on Asus X01AD (Android 9),2021-05-06T06:11:47.584Z,歩行,あ,false,116.4,118.30000000000001,-23.400000000000002,-2.3000000000000003,-4.9,1.3,-0.30000000000000004,-12.700000000000001,4.800000000000001,76,32.300000000000004,-104.2
Chrome Mobile,90.0.4430.82,Asus X01AD,Asus,Blink,[object Object],Chrome Mobile 90.0.4430.82 on Asus X01AD (Android 9),2021-05-06T06:11:47.785Z,歩行,あ,false,113.30000000000001,121.5,-18.3,-1,-4.3,-0.2,0.30000000000000004,-11.100000000000001,3.7,-84.6,13.3,78.10000000000001
Chrome Mobile,90.0.4430.82,Asus X01AD,Asus,Blink,[object Object],Chrome Mobile 90.0.4430.82 on Asus X01AD (Android 9),2021-05-06T06:11:47.986Z,歩行,あ,false,145,69.10000000000001,-53.7,8.3,39.1,22,5.800000000000001,31.1,20.200000000000003,-39.699999999999996,75.2,61.300000000000004
Chrome Mobile,90.0.4430.82,Asus X01AD,Asus,Blink,[object Object],Chrome Mobile 90.0.4430.82 on Asus X01AD (Android 9),2021-05-06T06:11:48.187Z,歩行,あ,false,107.7,111.4,-18.900000000000002,2.1,-2,2.9000000000000004,3.2,-10.5,6,59.5,17.300000000000004,-148.60000000000002
Chrome Mobile,90.0.4430.82,Asus X01AD,Asus,Blink,[object Object],Chrome Mobile 90.0.4430.82 on Asus X01AD (Android 9),2021-05-06T06:11:48.387Z,歩行,あ,false,117.30000000000001,125,-26.8,-4.3,-5.7,-1.8,-2.2,-12.4,2.4000000000000004,-46.7,-14.100000000000001,88.3
Chrome Mobile,90.0.4430.82,Asus X01AD,Asus,Blink,[object Object],Chrome Mobile 90.0.4430.82 on Asus X01AD (Android 9),2021-05-06T06:11:48.588Z,歩行,あ,false,157.10000000000002,74.60000000000001,-84.10000000000001,12,38.6,10.100000000000001,9.9,30.8,9.8,-249.6,2.8,132.70000000000002
Chrome Mobile,90.0.4430.82,Asus X01AD,Asus,Blink,[object Object],Chrome Mobile 90.0.4430.82 on Asus X01AD (Android 9),2021-05-06T06:11:48.789Z,歩行,あ,false,97.7,106.80000000000001,-21.1,0.1,1.9000000000000001,0.4,1.1,-7,2.9000000000000004,244.10000000000002,-52.80000000000001,-137.60000000000002
Chrome Mobile,90.0.4430.82,Asus X01AD,Asus,Blink,[object Object],Chrome Mobile 90.0.4430.82 on Asus X01AD (Android 9),2021-05-06T06:11:48.989Z,歩行,あ,false,110.7,124.10000000000001,-33.800000000000004,-2.2,-4.800000000000001,2.2,0.4,-11.700000000000001,6.1000000000000005,8,18.200000000000003,9.899999999999999
Chrome Mobile,90.0.4430.82,Asus X01AD,Asus,Blink,[object Object],Chrome Mobile 90.0.4430.82 on Asus X01AD (Android 9),2021-05-06T06:11:49.190Z,歩行,あ,false,48.400000000000006,101.7,27.400000000000002,6.7,11.8,1.9000000000000001,6,4.3,3.2,-219.20000000000002,-36.9,250.10000000000002
Chrome Mobile,90.0.4430.82,Asus X01AD,Asus,Blink,[object Object],Chrome Mobile 90.0.4430.82 on Asus X01AD (Android 9),2021-05-06T06:11:49.391Z,歩行,あ,false,8.200000000000001,96.60000000000001,69.4,3.8000000000000003,7.9,15,2.8000000000000003,-1.5,15.4,88.20000000000002,5.4,-249.90000000000003
Chrome Mobile,90.0.4430.82,Asus X01AD,Asus,Blink,[object Object],Chrome Mobile 90.0.4430.82 on Asus X01AD (Android 9),2021-05-06T06:11:49.592Z,歩行,あ,false,119.9,122.5,-38.1,-0.8,-3.9000000000000004,-1.1,2.1,-11.200000000000001,2.5,66.3,-19.1,-6
Chrome Mobile,90.0.4430.82,Asus X01AD,Asus,Blink,[object Object],Chrome Mobile 90.0.4430.82 on Asus X01AD (Android 9),2021-05-06T06:11:49.793Z,歩行,あ,false,104.10000000000001,111.10000000000001,-22.200000000000003,-1,-5.300000000000001,-1.7000000000000002,0.1,-12.5,0.8,-128.4,-24.3,168.1
Chrome Mobile,90.0.4430.82,Asus X01AD,Asus,Blink,[object Object],Chrome Mobile 90.0.4430.82 on Asus X01AD (Android 9),2021-05-06T06:11:49.994Z,歩行,あ,false,143.5,64.2,-67.10000000000001,19.3,36.1,-2.8000000000000003,15.600000000000001,27.8,-4.3,250.00000000000003,-13.6,-85.9
Chrome Mobile,90.0.4430.82,Asus X01AD,Asus,Blink,[object Object],Chrome Mobile 90.0.4430.82 on Asus X01AD (Android 9),2021-05-06T06:11:50.195Z,歩行,あ,false,121.7,112.10000000000001,-45.900000000000006,-1,-3.5,0.7000000000000001,1.4000000000000001,-11.9,3,27,43.70000000000001,-116.69999999999999
Chrome Mobile,90.0.4430.82,Asus X01AD,Asus,Blink,[object Object],Chrome Mobile 90.0.4430.82 on Asus X01AD (Android 9),2021-05-06T06:11:50.397Z,歩行,あ,false,119.2,110.10000000000001,-38.7,-3,-5.2,-1.5,-1.3,-12.700000000000001,0.6000000000000001,-85.80000000000001,-20,153.10000000000002
Chrome Mobile,90.0.4430.82,Asus X01AD,Asus,Blink,[object Object],Chrome Mobile 90.0.4430.82 on Asus X01AD (Android 9),2021-05-06T06:11:50.597Z,歩行,あ,false,118.5,61.800000000000004,-38.6,11.5,39.1,20.5,8.8,31.1,17.1,140,45.400000000000006,43.300000000000004
Chrome Mobile,90.0.4430.82,Asus X01AD,Asus,Blink,[object Object],Chrome Mobile 90.0.4430.82 on Asus X01AD (Android 9),2021-05-06T06:11:50.798Z,歩行,あ,false,136.9,109.9,-53.1,-2.5,-1.6,0,0,-10.3,1.8,118.00000000000001,34.400000000000006,-90.80000000000001
Chrome Mobile,90.0.4430.82,Asus X01AD,Asus,Blink,[object Object],Chrome Mobile 90.0.4430.82 on Asus X01AD (Android 9),2021-05-06T06:11:50.999Z,歩行,あ,false,114.2,117.4,-33.4,-1.9000000000000001,-4.1000000000000005,-1.2000000000000002,0.2,-11.5,2,-43.4,16.4,99.10000000000001
Chrome Mobile,90.0.4430.82,Asus X01AD,Asus,Blink,[object Object],Chrome Mobile 90.0.4430.82 on Asus X01AD (Android 9),2021-05-06T06:11:51.205Z,歩行,あ,false,140.6,66.9,-62.1,14.8,34.1,10.3,11.9,26.5,8.8,-151.4,-22.700000000000003,144.8
Chrome Mobile,90.0.4430.82,Asus X01AD,Asus,Blink,[object Object],Chrome Mobile 90.0.4430.82 on Asus X01AD (Android 9),2021-05-06T06:11:51.407Z,歩行,あ,false,98.60000000000001,100.4,-17.6,1.7000000000000002,-0.2,5.300000000000001,2.2,-9.700000000000001,6.9,217.10000000000002,-6.1000000000000005,-217.5
Chrome Mobile,90.0.4430.82,Asus X01AD,Asus,Blink,[object Object],Chrome Mobile 90.0.4430.82 on Asus X01AD (Android 9),2021-05-06T06:11:51.608Z,歩行,あ,false,120,125.60000000000001,-37.2,-1.6,-3.9000000000000004,-1,1.4000000000000001,-10.8,3,25.1,14.5,30.1
Chrome Mobile,90.0.4430.82,Asus X01AD,Asus,Blink,[object Object],Chrome Mobile 90.0.4430.82 on Asus X01AD (Android 9),2021-05-06T06:11:51.810Z,歩行,あ,false,59.1,101.10000000000001,16.6,8,0.6000000000000001,0,7.6000000000000005,-6.9,1.4000000000000001,-250.00000000000003,-28.200000000000003,250.10000000000002
Chrome Mobile,90.0.4430.82,Asus X01AD,Asus,Blink,[object Object],Chrome Mobile 90.0.4430.82 on Asus X01AD (Android 9),2021-05-06T06:11:52.010Z,歩行,あ,false,348.1,99.80000000000001,86.80000000000001,7.7,10.600000000000001,7,6,1,7.1000000000000005,136.8,32.300000000000004,-249.90000000000003
Chrome Mobile,90.0.4430.82,Asus X01AD,Asus,Blink,[object Object],Chrome Mobile 90.0.4430.82 on Asus X01AD (Android 9),2021-05-06T06:11:52.211Z,歩行,あ,false,120.80000000000001,123.60000000000001,-37.6,-1.4000000000000001,-6,-1.2000000000000002,1.5,-13.3,2.7,52.1,12.8,-27.099999999999998
Chrome Mobile,90.0.4430.82,Asus X01AD,Asus,Blink,[object Object],Chrome Mobile 90.0.4430.82 on Asus X01AD (Android 9),2021-05-06T06:11:52.417Z,歩行,あ,false,105.60000000000001,106.5,-26.700000000000003,0.8,-1.1,1.5,1.8,-8.700000000000001,3.5,-162.8,-51.9,204.4
Chrome Mobile,90.0.4430.82,Asus X01AD,Asus,Blink,[object Object],Chrome Mobile 90.0.4430.82 on Asus X01AD (Android 9),2021-05-06T06:11:52.618Z,歩行,あ,false,153.9,73.3,-76,10.600000000000001,22.700000000000003,-0.30000000000000004,7.9,13.4,-1,238.50000000000003,-13.000000000000002,-163.90000000000003
Chrome Mobile,90.0.4430.82,Asus X01AD,Asus,Blink,[object Object],Chrome Mobile 90.0.4430.82 on Asus X01AD (Android 9),2021-05-06T06:11:52.819Z,歩行,あ,false,111.5,118.5,-36.800000000000004,-1.3,-4.2,2,1.3,-12.200000000000001,5.5,81.90000000000002,-35.699999999999996,-90.4
Chrome Mobile,90.0.4430.82,Asus X01AD,Asus,Blink,[object Object],Chrome Mobile 90.0.4430.82 on Asus X01AD (Android 9),2021-05-06T06:11:53.020Z,歩行,あ,false,105.30000000000001,116.9,-30.6,-3.7,-5,-0.8,-1.8,-12.200000000000001,2.4000000000000004,-114.00000000000001,30.9,148.9
Chrome Mobile,90.0.4430.82,Asus X01AD,Asus,Blink,[object Object],Chrome Mobile 90.0.4430.82 on Asus X01AD (Android 9),2021-05-06T06:11:53.221Z,歩行,あ,false,125.9,57.800000000000004,-49.300000000000004,17.5,39.1,37.4,13.8,31.5,34.300000000000004,58.2,36.8,93.3
Chrome Mobile,90.0.4430.82,Asus X01AD,Asus,Blink,[object Object],Chrome Mobile 90.0.4430.82 on Asus X01AD (Android 9),2021-05-06T06:11:53.421Z,歩行,あ,false,104.4,108.30000000000001,-28.900000000000002,0.6000000000000001,-3,0.2,2.1,-12,2.8000000000000003,164.4,-38,-150.1
Chrome Mobile,90.0.4430.82,Asus X01AD,Asus,Blink,[object Object],Chrome Mobile 90.0.4430.82 on Asus X01AD (Android 9),2021-05-06T06:11:53.622Z,歩行,あ,false,116.30000000000001,121.80000000000001,-38.7,-2.6,-4.5,-0.8,0.1,-11.700000000000001,2.7,-37.9,31.3,40.6
Chrome Mobile,90.0.4430.82,Asus X01AD,Asus,Blink,[object Object],Chrome Mobile 90.0.4430.82 on Asus X01AD (Android 9),2021-05-06T06:11:53.828Z,歩行,あ,false,133.8,76.3,-54.2,9.8,27.400000000000002,18.8,8.3,19.700000000000003,17.6,-250.00000000000003,-35,244.30000000000004
Chrome Mobile,90.0.4430.82,Asus X01AD,Asus,Blink,[object Object],Chrome Mobile 90.0.4430.82 on Asus X01AD (Android 9),2021-05-06T06:11:54.031Z,歩行,あ,false,13.4,87.9,69.9,0.8,2.9000000000000004,17.2,1.1,-6.9,17.1,203.50000000000003,-107.00000000000001,-172.6
Chrome Mobile,90.0.4430.82,Asus X01AD,Asus,Blink,[object Object],Chrome Mobile 90.0.4430.82 on Asus X01AD (Android 9),2021-05-06T06:11:54.233Z,歩行,あ,false,119.30000000000001,130.3,-42.400000000000006,-4,-6.2,-1.9000000000000001,-0.2,-12.9,2.3000000000000003,30.799999999999997,-13.000000000000002,-27.099999999999998
Chrome Mobile,90.0.4430.82,Asus X01AD,Asus,Blink,[object Object],Chrome Mobile 90.0.4430.82 on Asus X01AD (Android 9),2021-05-06T06:11:54.433Z,歩行,あ,false,79.30000000000001,105.2,-10.4,6,-1.5,2.6,6.4,-8.9,4.6000000000000005,-248.79999999999998,21.300000000000004,250.10000000000002
Chrome Mobile,90.0.4430.82,Asus X01AD,Asus,Blink,[object Object],Chrome Mobile 90.0.4430.82 on Asus X01AD (Android 9),2021-05-06T06:11:54.634Z,歩行,あ,false,138.4,76.9,-65.3,13.4,23,2.1,9.3,9,4.2,187.3,9.700000000000001,-234.1
Chrome Mobile,90.0.4430.82,Asus X01AD,Asus,Blink,[object Object],Chrome Mobile 90.0.4430.82 on Asus X01AD (Android 9),2021-05-06T06:11:54.834Z,歩行,あ,false,116.5,118.9,-43.800000000000004,-0.9,-4.2,1.7000000000000002,2.2,-12.100000000000001,4.9,108.50000000000001,-27.800000000000004,-43.800000000000004
Chrome Mobile,90.0.4430.82,Asus X01AD,Asus,Blink,[object Object],Chrome Mobile 90.0.4430.82 on Asus X01AD (Android 9),2021-05-06T06:11:55.035Z,歩行,あ,false,102.2,120,-30.200000000000003,-2,-4,0.2,0,-11,3.7,-70.2,2.8,114.2
Chrome Mobile,90.0.4430.82,Asus X01AD,Asus,Blink,[object Object],Chrome Mobile 90.0.4430.82 on Asus X01AD (Android 9),2021-05-06T06:11:55.236Z,歩行,あ,false,126.60000000000001,63.5,-57.400000000000006,17.6,39.1,20.700000000000003,14.200000000000001,31.200000000000003,18.6,-171.60000000000002,-46.800000000000004,62.4
Chrome Mobile,90.0.4430.82,Asus X01AD,Asus,Blink,[object Object],Chrome Mobile 90.0.4430.82 on Asus X01AD (Android 9),2021-05-06T06:11:55.438Z,歩行,あ,false,126.5,106.9,-52.900000000000006,1,-4,1,3.2,-13.100000000000001,2.6,146.8,39.400000000000006,-230.40000000000003
Chrome Mobile,90.0.4430.82,Asus X01AD,Asus,Blink,[object Object],Chrome Mobile 90.0.4430.82 on Asus X01AD (Android 9),2021-05-06T06:11:55.638Z,歩行,あ,false,121.4,124.5,-44.6,-2.4000000000000004,-4.2,-1.1,1,-11.200000000000001,2.3000000000000003,-30.1,31,45.5
Chrome Mobile,90.0.4430.82,Asus X01AD,Asus,Blink,[object Object],Chrome Mobile 90.0.4430.82 on Asus X01AD (Android 9),2021-05-06T06:11:55.839Z,歩行,あ,false,147.9,79,-75,19.700000000000003,28,10.600000000000001,18.2,20.1,10.200000000000001,-227.10000000000002,-5,245.70000000000005
Chrome Mobile,90.0.4430.82,Asus X01AD,Asus,Blink,[object Object],Chrome Mobile 90.0.4430.82 on Asus X01AD (Android 9),2021-05-06T06:11:56.040Z,歩行,あ,false,92.10000000000001,93.60000000000001,-21.700000000000003,5.2,4.3,9.8,5.4,-3.8000000000000003,10.9,164.89999999999998,-81.7,-231.8
Chrome Mobile,90.0.4430.82,Asus X01AD,Asus,Blink,[object Object],Chrome Mobile 90.0.4430.82 on Asus X01AD (Android 9),2021-05-06T06:11:56.241Z,歩行,あ,false,118,127.9,-44.900000000000006,-3.7,-6.4,-5.5,0.1,-13.4,-1.7000000000000002,24.8,14,-4.1
Chrome Mobile,90.0.4430.82,Asus X01AD,Asus,Blink,[object Object],Chrome Mobile 90.0.4430.82 on Asus X01AD (Android 9),2021-05-06T06:11:56.442Z,歩行,あ,false,101.7,93.9,-33.6,2.5,6.4,4.1000000000000005,2.8000000000000003,-1.5,4.5,-246.1,-30.200000000000003,250.10000000000002
Chrome Mobile,90.0.4430.82,Asus X01AD,Asus,Blink,[object Object],Chrome Mobile 90.0.4430.82 on Asus X01AD (Android 9),2021-05-06T06:11:56.642Z,歩行,あ,false,124.10000000000001,87.7,-50.900000000000006,6.5,7,3.2,6.2,-2.8000000000000003,3,241.4,17.6,-231.00000000000006
Chrome Mobile,90.0.4430.82,Asus X01AD,Asus,Blink,[object Object],Chrome Mobile 90.0.4430.82 on Asus X01AD (Android 9),2021-05-06T06:11:56.843Z,歩行,あ,false,126.60000000000001,121.60000000000001,-51.900000000000006,-0.2,-4.3,-0.7000000000000001,3.5,-11.9,2.2,78.7,-22.6,-19.1
Chrome Mobile,90.0.4430.82,Asus X01AD,Asus,Blink,[object Object],Chrome Mobile 90.0.4430.82 on Asus X01AD (Android 9),2021-05-06T06:11:57.044Z,歩行,あ,false,131.8,105.4,-53.300000000000004,-3.9000000000000004,-5.300000000000001,-1.9000000000000001,-2.2,-13,-0.6000000000000001,-202.70000000000002,-98.10000000000001,220.70000000000002
Chrome Mobile,90.0.4430.82,Asus X01AD,Asus,Blink,[object Object],Chrome Mobile 90.0.4430.82 on Asus X01AD (Android 9),2021-05-06T06:11:57.245Z,歩行,あ,false,116.30000000000001,74,-46.2,12.200000000000001,21.700000000000003,4.1000000000000005,10.3,12.3,2.2,249.80000000000004,8.600000000000001,-165.6
Chrome Mobile,90.0.4430.82,Asus X01AD,Asus,Blink,[object Object],Chrome Mobile 90.0.4430.82 on Asus X01AD (Android 9),2021-05-06T06:11:57.446Z,歩行,あ,false,123.10000000000001,123.2,-53.900000000000006,-2.2,-5.7,-0.2,1.9000000000000001,-13.3,2.8000000000000003,108.90000000000002,-43.1,-94.80000000000001
Chrome Mobile,90.0.4430.82,Asus X01AD,Asus,Blink,[object Object],Chrome Mobile 90.0.4430.82 on Asus X01AD (Android 9),2021-05-06T06:11:57.647Z,歩行,あ,false,112.10000000000001,119.4,-49.2,-1,-6.800000000000001,-1.8,2,-13.9,0.8,-42.900000000000006,-57.00000000000001,194.6
Chrome Mobile,90.0.4430.82,Asus X01AD,Asus,Blink,[object Object],Chrome Mobile 90.0.4430.82 on Asus X01AD (Android 9),2021-05-06T06:11:57.848Z,歩行,あ,false,132,74.5,-66.7,19,38.900000000000006,-2.3000000000000003,16.6,29.700000000000003,-3.3000000000000003,204.3,51.50000000000001,-130.3
Chrome Mobile,90.0.4430.82,Asus X01AD,Asus,Blink,[object Object],Chrome Mobile 90.0.4430.82 on Asus X01AD (Android 9),2021-05-06T06:11:58.049Z,歩行,あ,false,128.4,122.80000000000001,-58.5,-1.8,-5.6000000000000005,2.9000000000000004,2.4000000000000004,-13.3,5.5,81.8,43.00000000000001,-137.20000000000002
Chrome Mobile,90.0.4430.82,Asus X01AD,Asus,Blink,[object Object],Chrome Mobile 90.0.4430.82 on Asus X01AD (Android 9),2021-05-06T06:11:58.250Z,歩行,あ,false,118,127.80000000000001,-51.5,-2.9000000000000004,-5.7,-0.30000000000000004,1.1,-12.3,2.9000000000000004,6.600000000000001,-31.2,130.4
Chrome Mobile,90.0.4430.82,Asus X01AD,Asus,Blink,[object Object],Chrome Mobile 90.0.4430.82 on Asus X01AD (Android 9),2021-05-06T06:11:58.457Z,歩行,あ,false,126.30000000000001,75.60000000000001,-67.3,17.1,39.1,14.700000000000001,15.100000000000001,30.700000000000003,13.9,-138.7,121.5,-28.1
Chrome Mobile,90.0.4430.82,Asus X01AD,Asus,Blink,[object Object],Chrome Mobile 90.0.4430.82 on Asus X01AD (Android 9),2021-05-06T06:11:58.659Z,歩行,あ,false,122.7,121.60000000000001,-52.7,-0.9,-2.9000000000000004,5,2.9000000000000004,-10.700000000000001,7.9,81.8,49.1,-182.20000000000002
Chrome Mobile,90.0.4430.82,Asus X01AD,Asus,Blink,[object Object],Chrome Mobile 90.0.4430.82 on Asus X01AD (Android 9),2021-05-06T06:11:58.859Z,歩行,あ,false,118.5,135.6,-50,-2.7,-5.5,-1.5,1.8,-11.3,2.3000000000000003,-29.1,-5,48.800000000000004
Chrome Mobile,90.0.4430.82,Asus X01AD,Asus,Blink,[object Object],Chrome Mobile 90.0.4430.82 on Asus X01AD (Android 9),2021-05-06T06:11:59.060Z,歩行,あ,false,346,91.2,80,25.200000000000003,27.900000000000002,7.2,25,20.200000000000003,7.300000000000001,-250.00000000000003,-22.6,250.10000000000002
Chrome Mobile,90.0.4430.82,Asus X01AD,Asus,Blink,[object Object],Chrome Mobile 90.0.4430.82 on Asus X01AD (Android 9),2021-05-06T06:11:59.261Z,歩行,あ,false,139.5,101.4,-66.8,1.9000000000000001,-2.6,10.200000000000001,3.6,-11.9,10.9,250.00000000000003,-56.50000000000001,-249.90000000000003
Chrome Mobile,90.0.4430.82,Asus X01AD,Asus,Blink,[object Object],Chrome Mobile 90.0.4430.82 on Asus X01AD (Android 9),2021-05-06T06:11:59.463Z,歩行,あ,false,118,132.5,-48.300000000000004,-0.30000000000000004,-4.4,0.2,3.9000000000000004,-10.600000000000001,4,22.2,38.60000000000001,-7.9
Chrome Mobile,90.0.4430.82,Asus X01AD,Asus,Blink,[object Object],Chrome Mobile 90.0.4430.82 on Asus X01AD (Android 9),2021-05-06T06:11:59.663Z,歩行,あ,false,110.2,119.7,-40.900000000000006,-2.1,0.1,-4.800000000000001,0.30000000000000004,-6.4,-2,-248.6,11.000000000000002,250.10000000000002
Chrome Mobile,90.0.4430.82,Asus X01AD,Asus,Blink,[object Object],Chrome Mobile 90.0.4430.82 on Asus X01AD (Android 9),2021-05-06T06:11:59.864Z,歩行,あ,false,71,92.4,2.7,5.7,18.900000000000002,5.2,5.7,9.600000000000001,5.5,107.10000000000001,30.4,-181.3
Chrome Mobile,90.0.4430.82,Asus X01AD,Asus,Blink,[object Object],Chrome Mobile 90.0.4430.82 on Asus X01AD (Android 9),2021-05-06T06:12:00.065Z,歩行,あ,false,124.7,127.10000000000001,-51,0.2,-6.2,-4.6000000000000005,4.2,-13,-1.4000000000000001,96.20000000000002,-38.2,-94.80000000000001
Chrome Mobile,90.0.4430.82,Asus X01AD,Asus,Blink,[object Object],Chrome Mobile 90.0.4430.82 on Asus X01AD (Android 9),2021-05-06T06:12:00.265Z,歩行,あ,false,115.10000000000001,119.60000000000001,-46.7,1.4000000000000001,-6.7,-1.2000000000000002,2.5,-13.5,0.7000000000000001,-96.60000000000001,-4.2,250.10000000000002
Chrome Mobile,90.0.4430.82,Asus X01AD,Asus,Blink,[object Object],Chrome Mobile 90.0.4430.82 on Asus X01AD (Android 9),2021-05-06T06:12:00.466Z,歩行,あ,false,98.2,73.4,-34.300000000000004,13.3,38.6,13.700000000000001,11.8,30,11.600000000000001,163.00000000000003,73.5,-77.3
Chrome Mobile,90.0.4430.82,Asus X01AD,Asus,Blink,[object Object],Chrome Mobile 90.0.4430.82 on Asus X01AD (Android 9),2021-05-06T06:12:00.667Z,歩行,あ,false,114.30000000000001,128.20000000000002,-50.900000000000006,-2.3000000000000003,-5.5,0.8,1.9000000000000001,-12.4,4.3,95.5,25.4,-124.39999999999999
Chrome Mobile,90.0.4430.82,Asus X01AD,Asus,Blink,[object Object],Chrome Mobile 90.0.4430.82 on Asus X01AD (Android 9),2021-05-06T06:12:00.867Z,歩行,あ,false,111.60000000000001,133.70000000000002,-49.900000000000006,-2.2,-5.1000000000000005,0.5,2,-10.9,4,-51.50000000000001,-4.7,102.7
Chrome Mobile,90.0.4430.82,Asus X01AD,Asus,Blink,[object Object],Chrome Mobile 90.0.4430.82 on Asus X01AD (Android 9),2021-05-06T06:12:01.068Z,歩行,あ,false,101.5,80.9,-45.1,26.6,39.1,12.3,25.700000000000003,31.400000000000002,11.4,-250.00000000000003,-65.2,244.40000000000003
Chrome Mobile,90.0.4430.82,Asus X01AD,Asus,Blink,[object Object],Chrome Mobile 90.0.4430.82 on Asus X01AD (Android 9),2021-05-06T06:12:01.269Z,歩行,あ,false,107.9,108.10000000000001,-50,2.5,-0.6000000000000001,4.9,4.7,-9.4,6.800000000000001,249.6,-40,-233.70000000000002
Chrome Mobile,90.0.4430.82,Asus X01AD,Asus,Blink,[object Object],Chrome Mobile 90.0.4430.82 on Asus X01AD (Android 9),2021-05-06T06:12:01.470Z,歩行,あ,false,107.5,135.4,-45.7,-1.3,-5.2,-3.4000000000000004,2.9000000000000004,-11,0.7000000000000001,26.6,12.5,-6
Chrome Mobile,90.0.4430.82,Asus X01AD,Asus,Blink,[object Object],Chrome Mobile 90.0.4430.82 on Asus X01AD (Android 9),2021-05-06T06:12:01.672Z,歩行,あ,false,115.2,103.10000000000001,-51.6,0.30000000000000004,1.7000000000000002,14.600000000000001,1.6,-5.5,15.600000000000001,-250.00000000000003,-71.9,243.9
Chrome Mobile,90.0.4430.82,Asus X01AD,Asus,Blink,[object Object],Chrome Mobile 90.0.4430.82 on Asus X01AD (Android 9),2021-05-06T06:12:01.873Z,歩行,あ,false,93.60000000000001,85.9,-31,7.9,12.4,9.1,7.6000000000000005,3,8.6,111.20000000000002,31.799999999999997,-249.90000000000003
Chrome Mobile,90.0.4430.82,Asus X01AD,Asus,Blink,[object Object],Chrome Mobile 90.0.4430.82 on Asus X01AD (Android 9),2021-05-06T06:12:02.073Z,歩行,あ,false,116.9,128.20000000000002,-56.300000000000004,-1.4000000000000001,-4.9,1.2000000000000002,3,-11.700000000000001,4.1000000000000005,19.799999999999997,27.700000000000003,-56.50000000000001
Chrome Mobile,90.0.4430.82,Asus X01AD,Asus,Blink,[object Object],Chrome Mobile 90.0.4430.82 on Asus X01AD (Android 9),2021-05-06T06:12:02.274Z,歩行,あ,false,114.5,118.4,-53,0.7000000000000001,-5.6000000000000005,-1,3.6,-12.3,1.2000000000000002,-117.80000000000001,-40.7,168.8
Chrome Mobile,90.0.4430.82,Asus X01AD,Asus,Blink,[object Object],Chrome Mobile 90.0.4430.82 on Asus X01AD (Android 9),2021-05-06T06:12:02.475Z,歩行,あ,false,88,68.60000000000001,-37,21.5,39.1,29.8,19.6,30.900000000000002,26.900000000000002,237.20000000000002,-27.6,50.3
Chrome Mobile,90.0.4430.82,Asus X01AD,Asus,Blink,[object Object],Chrome Mobile 90.0.4430.82 on Asus X01AD (Android 9),2021-05-06T06:12:02.676Z,歩行,あ,false,102.80000000000001,121.5,-50.6,0.2,-3.5,-0.5,3.8000000000000003,-11.200000000000001,2.5,105.7,53.599999999999994,-158.6
Chrome Mobile,90.0.4430.82,Asus X01AD,Asus,Blink,[object Object],Chrome Mobile 90.0.4430.82 on Asus X01AD (Android 9),2021-05-06T06:12:02.877Z,歩行,あ,false,101.10000000000001,138,-50.300000000000004,-5.2,-6.4,-2.2,-0.5,-11.9,1.7000000000000002,-13.6,-9.3,79.1
Chrome Mobile,90.0.4430.82,Asus X01AD,Asus,Blink,[object Object],Chrome Mobile 90.0.4430.82 on Asus X01AD (Android 9),2021-05-06T06:12:03.081Z,歩行,あ,false,106.60000000000001,82.60000000000001,-60.300000000000004,19.200000000000003,35.2,7.5,18.3,27.5,7,-249.90000000000003,71.30000000000001,208.70000000000002
Chrome Mobile,90.0.4430.82,Asus X01AD,Asus,Blink,[object Object],Chrome Mobile 90.0.4430.82 on Asus X01AD (Android 9),2021-05-06T06:12:03.287Z,歩行,あ,false,125.60000000000001,106.2,-77.30000000000001,2.3000000000000003,-2.4000000000000004,10.8,4.800000000000001,-11.3,11.3,203.29999999999998,-32.2,-248
Chrome Mobile,90.0.4430.82,Asus X01AD,Asus,Blink,[object Object],Chrome Mobile 90.0.4430.82 on Asus X01AD (Android 9),2021-05-06T06:12:03.488Z,歩行,あ,false,107.2,135.70000000000002,-57.400000000000006,-3.3000000000000003,-7.4,-1.5,1.6,-13.200000000000001,1.7000000000000002,4.800000000000001,15.000000000000002,11.000000000000002
Chrome Mobile,90.0.4430.82,Asus X01AD,Asus,Blink,[object Object],Chrome Mobile 90.0.4430.82 on Asus X01AD (Android 9),2021-05-06T06:12:03.688Z,歩行,あ,false,91.30000000000001,97.2,-41.6,10.4,4,2.9000000000000004,11.100000000000001,-3.2,3.6,-250.00000000000003,70.5,250.10000000000002
Chrome Mobile,90.0.4430.82,Asus X01AD,Asus,Blink,[object Object],Chrome Mobile 90.0.4430.82 on Asus X01AD (Android 9),2021-05-06T06:12:03.890Z,歩行,あ,false,110.9,78.30000000000001,-53.300000000000004,10.5,16.400000000000002,7.2,8.9,7,6.1000000000000005,120.2,6.9,-249.90000000000003
Chrome Mobile,90.0.4430.82,Asus X01AD,Asus,Blink,[object Object],Chrome Mobile 90.0.4430.82 on Asus X01AD (Android 9),2021-05-06T06:12:04.090Z,歩行,あ,false,104.4,124.30000000000001,-50.800000000000004,0.5,-5.2,-0.9,4.3,-12.3,2.2,61.8,11.900000000000002,-71.7
Chrome Mobile,90.0.4430.82,Asus X01AD,Asus,Blink,[object Object],Chrome Mobile 90.0.4430.82 on Asus X01AD (Android 9),2021-05-06T06:12:04.291Z,歩行,あ,false,111.7,117,-53.300000000000004,-2.2,-5.5,1,0.6000000000000001,-12.4,3,-114.3,-51.300000000000004,156.9
Chrome Mobile,90.0.4430.82,Asus X01AD,Asus,Blink,[object Object],Chrome Mobile 90.0.4430.82 on Asus X01AD (Android 9),2021-05-06T06:12:04.501Z,歩行,あ,false,87.7,64.10000000000001,-33.300000000000004,21.1,39.1,20,19,31.1,16.7,240.20000000000002,-40.5,60.8
Chrome Mobile,90.0.4430.82,Asus X01AD,Asus,Blink,[object Object],Chrome Mobile 90.0.4430.82 on Asus X01AD (Android 9),2021-05-06T06:12:04.707Z,歩行,あ,false,113.7,115,-60.5,-3.2,-4.3,0.2,0.1,-12.4,2,82.50000000000001,25.900000000000002,-110.4
Chrome Mobile,90.0.4430.82,Asus X01AD,Asus,Blink,[object Object],Chrome Mobile 90.0.4430.82 on Asus X01AD (Android 9),2021-05-06T06:12:04.908Z,歩行,あ,false,112.7,118.80000000000001,-56.900000000000006,-2.6,-4.5,0.2,0.6000000000000001,-11.4,2.3000000000000003,-54.300000000000004,44.00000000000001,76.1
Chrome Mobile,90.0.4430.82,Asus X01AD,Asus,Blink,[object Object],Chrome Mobile 90.0.4430.82 on Asus X01AD (Android 9),2021-05-06T06:12:05.109Z,歩行,あ,false,92,63.900000000000006,-38.800000000000004,17.3,39.1,21.8,11.4,31.8,25.5,-250.00000000000003,35.9,141.5
Chrome Mobile,90.0.4430.82,Asus X01AD,Asus,Blink,[object Object],Chrome Mobile 90.0.4430.82 on Asus X01AD (Android 9),2021-05-06T06:12:05.310Z,歩行,あ,false,124.60000000000001,100,-67.4,-1.7000000000000002,-0.7000000000000001,4.7,-0.2,-10,5.300000000000001,144.60000000000002,-31.3,-203.70000000000002
Chrome Mobile,90.0.4430.82,Asus X01AD,Asus,Blink,[object Object],Chrome Mobile 90.0.4430.82 on Asus X01AD (Android 9),2021-05-06T06:12:05.511Z,歩行,あ,false,114.30000000000001,116.30000000000001,-60.7,0.7000000000000001,-4,1,3.9000000000000004,-11.5,2.8000000000000003,17,0.30000000000000004,-19.300000000000004
Chrome Mobile,90.0.4430.82,Asus X01AD,Asus,Blink,[object Object],Chrome Mobile 90.0.4430.82 on Asus X01AD (Android 9),2021-05-06T06:12:05.713Z,歩行,あ,false,27.8,84.9,30.400000000000002,4.800000000000001,5.7,2.6,5.2,-1.8,2,-249.7,-27,248.7
Chrome Mobile,90.0.4430.82,Asus X01AD,Asus,Blink,[object Object],Chrome Mobile 90.0.4430.82 on Asus X01AD (Android 9),2021-05-06T06:12:05.913Z,歩行,あ,false,93.80000000000001,78.4,-35.5,1.6,11.600000000000001,8.8,0.4,2.2,7.2,134.5,23.900000000000006,-239.1
Chrome Mobile,90.0.4430.82,Asus X01AD,Asus,Blink,[object Object],Chrome Mobile 90.0.4430.82 on Asus X01AD (Android 9),2021-05-06T06:12:06.114Z,歩行,あ,false,108.80000000000001,116,-57.1,-0.4,-4.1000000000000005,-1.4000000000000001,2.8000000000000003,-12,0.7000000000000001,134.10000000000002,-71.19999999999999,-71.5
Chrome Mobile,90.0.4430.82,Asus X01AD,Asus,Blink,[object Object],Chrome Mobile 90.0.4430.82 on Asus X01AD (Android 9),2021-05-06T06:12:06.315Z,歩行,あ,false,86,109.60000000000001,-37.1,-0.30000000000000004,-3.8000000000000003,0.8,1.3,-11.200000000000001,2.9000000000000004,-22.4,-28.400000000000002,207.7
Chrome Mobile,90.0.4430.82,Asus X01AD,Asus,Blink,[object Object],Chrome Mobile 90.0.4430.82 on Asus X01AD (Android 9),2021-05-06T06:12:06.515Z,歩行,あ,false,106,55.900000000000006,-50.900000000000006,23.3,39.1,16.5,19.3,31.6,13.3,100.1,40.5,-7.9
Chrome Mobile,90.0.4430.82,Asus X01AD,Asus,Blink,[object Object],Chrome Mobile 90.0.4430.82 on Asus X01AD (Android 9),2021-05-06T06:12:06.716Z,歩行,あ,false,111.80000000000001,105,-59.800000000000004,-2.4000000000000004,-4.7,5.4,-0.4,-13.600000000000001,6.6000000000000005,29.800000000000004,12.9,-121.70000000000002
Chrome Mobile,90.0.4430.82,Asus X01AD,Asus,Blink,[object Object],Chrome Mobile 90.0.4430.82 on Asus X01AD (Android 9),2021-05-06T06:12:06.917Z,歩行,あ,false,98.80000000000001,104.60000000000001,-46.2,-0.8,-3.4000000000000004,-0.9,0.7000000000000001,-11.3,0.5,-51.9,1,107.5
Chrome Mobile,90.0.4430.82,Asus X01AD,Asus,Blink,[object Object],Chrome Mobile 90.0.4430.82 on Asus X01AD (Android 9),2021-05-06T06:12:07.118Z,歩行,あ,false,93.2,53.800000000000004,-41.900000000000006,13,39.1,26.6,9.5,32,22.700000000000003,-81.90000000000002,33.1,76.1
Chrome Mobile,90.0.4430.82,Asus X01AD,Asus,Blink,[object Object],Chrome Mobile 90.0.4430.82 on Asus X01AD (Android 9),2021-05-06T06:12:07.319Z,歩行,あ,false,87.60000000000001,98.10000000000001,-36.6,-0.1,-2,-0.7000000000000001,0.7000000000000001,-11.4,0.4,100.70000000000002,27.6,-122.50000000000001
Chrome Mobile,90.0.4430.82,Asus X01AD,Asus,Blink,[object Object],Chrome Mobile 90.0.4430.82 on Asus X01AD (Android 9),2021-05-06T06:12:07.519Z,歩行,あ,false,87.9,106,-34.1,-0.9,-4.800000000000001,-0.7000000000000001,0.4,-12.9,1.2000000000000002,-26.799999999999997,3.1,62.6
Chrome Mobile,90.0.4430.82,Asus X01AD,Asus,Blink,[object Object],Chrome Mobile 90.0.4430.82 on Asus X01AD (Android 9),2021-05-06T06:12:07.720Z,歩行,あ,false,99.5,57,-46,19.3,29.1,19.400000000000002,16.2,22.400000000000002,16.400000000000002,-250.00000000000003,-1.2000000000000002,196.3
Chrome Mobile,90.0.4430.82,Asus X01AD,Asus,Blink,[object Object],Chrome Mobile 90.0.4430.82 on Asus X01AD (Android 9),2021-05-06T06:12:07.921Z,歩行,あ,false,78.4,82,-21.700000000000003,2.5,-1.9000000000000001,6.2,2,-11.600000000000001,4.9,249.7,-8.4,-230.30000000000004
Chrome Mobile,90.0.4430.82,Asus X01AD,Asus,Blink,[object Object],Chrome Mobile 90.0.4430.82 on Asus X01AD (Android 9),2021-05-06T06:12:08.122Z,歩行,あ,false,102.4,109.80000000000001,-43.2,-1.3,-4.6000000000000005,-0.4,0.8,-12.8,1.8,-14.400000000000002,47.5,57.20000000000001
Chrome Mobile,90.0.4430.82,Asus X01AD,Asus,Blink,[object Object],Chrome Mobile 90.0.4430.82 on Asus X01AD (Android 9),2021-05-06T06:12:08.323Z,歩行,あ,false,112.10000000000001,68.3,-50.2,8.4,8.9,7.2,10.600000000000001,6.7,7.800000000000001,-250.00000000000003,-23,229.2
Chrome Mobile,90.0.4430.82,Asus X01AD,Asus,Blink,[object Object],Chrome Mobile 90.0.4430.82 on Asus X01AD (Android 9),2021-05-06T06:12:08.524Z,歩行,あ,false,101.80000000000001,73.4,-38.1,3.3000000000000003,5.4,12.200000000000001,1.5,-4.2,9.9,180.39999999999998,13.5,-219.7
Chrome Mobile,90.0.4430.82,Asus X01AD,Asus,Blink,[object Object],Chrome Mobile 90.0.4430.82 on Asus X01AD (Android 9),2021-05-06T06:12:08.725Z,歩行,あ,false,95.5,103.7,-32.7,0.2,-2.5,-0.6000000000000001,1.3,-11.3,1.2000000000000002,19.799999999999997,-2.8,7.300000000000001
Chrome Mobile,90.0.4430.82,Asus X01AD,Asus,Blink,[object Object],Chrome Mobile 90.0.4430.82 on Asus X01AD (Android 9),2021-05-06T06:12:08.927Z,歩行,あ,false,130.6,80.60000000000001,-69.3,1.9000000000000001,-1.9000000000000001,3.9000000000000004,0.7000000000000001,-10,3.4000000000000004,-204,-46.7,157.5
Chrome Mobile,90.0.4430.82,Asus X01AD,Asus,Blink,[object Object],Chrome Mobile 90.0.4430.82 on Asus X01AD (Android 9),2021-05-06T06:12:09.128Z,歩行,あ,false,101.2,63.2,-42.6,12.4,20.6,9.4,9.4,11.700000000000001,6,73.9,76.80000000000001,-231.6
Chrome Mobile,90.0.4430.82,Asus X01AD,Asus,Blink,[object Object],Chrome Mobile 90.0.4430.82 on Asus X01AD (Android 9),2021-05-06T06:12:09.334Z,歩行,あ,false,99.60000000000001,104.7,-37.9,-2.3000000000000003,-3.3000000000000003,-1.7000000000000002,-0.8,-12.3,0.1,88.3,-29.800000000000004,-13.000000000000002
Chrome Mobile,90.0.4430.82,Asus X01AD,Asus,Blink,[object Object],Chrome Mobile 90.0.4430.82 on Asus X01AD (Android 9),2021-05-06T06:12:09.536Z,歩行,あ,false,10.3,94.2,51.5,0.9,-3.7,2.3000000000000003,0.4,-12,2.7,-159.1,-10.1,145.10000000000002
Chrome Mobile,90.0.4430.82,Asus X01AD,Asus,Blink,[object Object],Chrome Mobile 90.0.4430.82 on Asus X01AD (Android 9),2021-05-06T06:12:09.737Z,歩行,あ,false,104.30000000000001,46.1,-39.2,26.6,38.7,18.8,22.3,31.700000000000003,13.600000000000001,250.00000000000003,-58.800000000000004,57.20000000000001
Chrome Mobile,90.0.4430.82,Asus X01AD,Asus,Blink,[object Object],Chrome Mobile 90.0.4430.82 on Asus X01AD (Android 9),2021-05-06T06:12:09.938Z,歩行,あ,false,116.7,94,-52.800000000000004,-0.1,-3.4000000000000004,2.6,0.5,-13.100000000000001,3,86.00000000000001,30.4,-77.7
Chrome Mobile,90.0.4430.82,Asus X01AD,Asus,Blink,[object Object],Chrome Mobile 90.0.4430.82 on Asus X01AD (Android 9),2021-05-06T06:12:10.139Z,歩行,あ,false,89.4,98.4,-25.200000000000003,-2.5,-3.8000000000000003,2.3000000000000003,-1.9000000000000001,-12.5,2.7,-57.49999999999999,-28.3,88.50000000000001
Chrome Mobile,90.0.4430.82,Asus X01AD,Asus,Blink,[object Object],Chrome Mobile 90.0.4430.82 on Asus X01AD (Android 9),2021-05-06T06:12:10.340Z,歩行,あ,false,103.80000000000001,53,-38.400000000000006,9.4,39.1,23.6,6,31.900000000000002,19.400000000000002,-194.00000000000003,49.199999999999996,89.5
Chrome Mobile,90.0.4430.82,Asus X01AD,Asus,Blink,[object Object],Chrome Mobile 90.0.4430.82 on Asus X01AD (Android 9),2021-05-06T06:12:10.551Z,歩行,あ,false,91.4,97.9,-23.400000000000002,-1,-4.2,3.1,-0.7000000000000001,-14.100000000000001,4.2,114.70000000000002,-4.800000000000001,-155.5
Chrome Mobile,90.0.4430.82,Asus X01AD,Asus,Blink,[object Object],Chrome Mobile 90.0.4430.82 on Asus X01AD (Android 9),2021-05-06T06:12:10.751Z,歩行,あ,false,98.30000000000001,105.5,-29.5,-2.5,-4.2,-1.5,-1.3,-12.600000000000001,0.5,-27.700000000000003,-24.5,79.5
Chrome Mobile,90.0.4430.82,Asus X01AD,Asus,Blink,[object Object],Chrome Mobile 90.0.4430.82 on Asus X01AD (Android 9),2021-05-06T06:12:10.952Z,歩行,あ,false,116.10000000000001,54,-52.2,22.6,31.8,15.9,18.6,24.900000000000002,12.9,-250.00000000000003,48.50000000000001,162.10000000000002
Chrome Mobile,90.0.4430.82,Asus X01AD,Asus,Blink,[object Object],Chrome Mobile 90.0.4430.82 on Asus X01AD (Android 9),2021-05-06T06:12:11.153Z,歩行,あ,false,136.1,84.80000000000001,-69.3,2.8000000000000003,-1.6,6.4,1.9000000000000001,-11.9,6.1000000000000005,218.3,-29.900000000000006,-249.90000000000003
Chrome Mobile,90.0.4430.82,Asus X01AD,Asus,Blink,[object Object],Chrome Mobile 90.0.4430.82 on Asus X01AD (Android 9),2021-05-06T06:12:11.356Z,歩行,あ,false,108.7,115,-38.800000000000004,-2.1,-3.8000000000000003,-1.8,0.30000000000000004,-12.100000000000001,1.2000000000000002,3.8,30.4,27.2
Chrome Mobile,90.0.4430.82,Asus X01AD,Asus,Blink,[object Object],Chrome Mobile 90.0.4430.82 on Asus X01AD (Android 9),2021-05-06T06:12:11.556Z,歩行,あ,false,129.1,83.4,-57.400000000000006,3.4000000000000004,-1.3,10.100000000000001,2.6,-9.4,9.600000000000001,-245.10000000000002,-99.5,164
Chrome Mobile,90.0.4430.82,Asus X01AD,Asus,Blink,[object Object],Chrome Mobile 90.0.4430.82 on Asus X01AD (Android 9),2021-05-06T06:12:11.758Z,歩行,あ,false,114.10000000000001,67.7,-43.1,9.3,13.700000000000001,9,6.6000000000000005,4.1000000000000005,6.2,176.20000000000002,36,-224.9
Chrome Mobile,90.0.4430.82,Asus X01AD,Asus,Blink,[object Object],Chrome Mobile 90.0.4430.82 on Asus X01AD (Android 9),2021-05-06T06:12:11.958Z,歩行,あ,false,107,106.60000000000001,-35.2,-2.4000000000000004,-4.2,-0.9,-0.9,-13.200000000000001,1.2000000000000002,91,-56.800000000000004,26.799999999999997
Chrome Mobile,90.0.4430.82,Asus X01AD,Asus,Blink,[object Object],Chrome Mobile 90.0.4430.82 on Asus X01AD (Android 9),2021-05-06T06:12:12.159Z,歩行,あ,false,352.70000000000005,97,78.10000000000001,-0.7000000000000001,-3.4000000000000004,3.1,-1.7000000000000002,-11.700000000000001,3.3000000000000003,-168.5,-16.700000000000003,166.9
Chrome Mobile,90.0.4430.82,Asus X01AD,Asus,Blink,[object Object],Chrome Mobile 90.0.4430.82 on Asus X01AD (Android 9),2021-05-06T06:12:12.360Z,歩行,あ,false,119.60000000000001,55.7,-46.1,18,27.3,8.700000000000001,13.9,18.900000000000002,4.7,211.20000000000005,0.1,-101.30000000000001
Chrome Mobile,90.0.4430.82,Asus X01AD,Asus,Blink,[object Object],Chrome Mobile 90.0.4430.82 on Asus X01AD (Android 9),2021-05-06T06:12:12.561Z,歩行,あ,false,104,99.10000000000001,-29.1,0.5,-2.1,0.4,1.3,-11.8,1.7000000000000002,65.8,27.800000000000004,-94.10000000000001
Chrome Mobile,90.0.4430.82,Asus X01AD,Asus,Blink,[object Object],Chrome Mobile 90.0.4430.82 on Asus X01AD (Android 9),2021-05-06T06:12:12.762Z,歩行,あ,false,91.9,99.30000000000001,-17.7,-0.4,-4.5,0.6000000000000001,0,-13.100000000000001,1.9000000000000001,-146,-11.000000000000002,125.00000000000001
Chrome Mobile,90.0.4430.82,Asus X01AD,Asus,Blink,[object Object],Chrome Mobile 90.0.4430.82 on Asus X01AD (Android 9),2021-05-06T06:12:12.964Z,歩行,あ,false,109.2,49.7,-30.8,12.5,39.1,33.5,9.3,31.700000000000003,28.1,44.7,12.600000000000001,27
Chrome Mobile,90.0.4430.82,Asus X01AD,Asus,Blink,[object Object],Chrome Mobile 90.0.4430.82 on Asus X01AD (Android 9),2021-05-06T06:12:13.165Z,歩行,あ,false,114.7,98,-36,-2,-4.6000000000000005,0.5,-1.1,-14.4,1.6,120.10000000000001,31.799999999999997,-99.39999999999999
Chrome Mobile,90.0.4430.82,Asus X01AD,Asus,Blink,[object Object],Chrome Mobile 90.0.4430.82 on Asus X01AD (Android 9),2021-05-06T06:12:13.365Z,歩行,あ,false,104.5,104,-27.6,-1.2000000000000002,-3.7,-0.8,-0.2,-12.3,1.1,-43.70000000000001,-46.300000000000004,82.9
Chrome Mobile,90.0.4430.82,Asus X01AD,Asus,Blink,[object Object],Chrome Mobile 90.0.4430.82 on Asus X01AD (Android 9),2021-05-06T06:12:13.566Z,歩行,あ,false,108.5,53.1,-36.4,8,37,18.900000000000002,3.3000000000000003,31.900000000000002,22.400000000000002,-250.00000000000003,54.4,90.70000000000002
Chrome Mobile,90.0.4430.82,Asus X01AD,Asus,Blink,[object Object],Chrome Mobile 90.0.4430.82 on Asus X01AD (Android 9),2021-05-06T06:12:13.767Z,歩行,あ,false,31.700000000000003,87.30000000000001,45.400000000000006,-0.6000000000000001,-3.1,1.8,-0.30000000000000004,-13.3,1.5,249.5,1.4,-169.70000000000002
Chrome Mobile,90.0.4430.82,Asus X01AD,Asus,Blink,[object Object],Chrome Mobile 90.0.4430.82 on Asus X01AD (Android 9),2021-05-06T06:12:13.967Z,歩行,あ,false,119.2,109.60000000000001,-45,-1.6,-3.5,-0.30000000000000004,0.5,-12.100000000000001,1.9000000000000001,-3.6000000000000005,37.400000000000006,34.900000000000006
Chrome Mobile,90.0.4430.82,Asus X01AD,Asus,Blink,[object Object],Chrome Mobile 90.0.4430.82 on Asus X01AD (Android 9),2021-05-06T06:12:14.168Z,歩行,あ,false,125.60000000000001,65.7,-45.6,9.3,4.2,18.5,6.9,-3.2,16.2,-250.00000000000003,-11.700000000000001,166.4
Chrome Mobile,90.0.4430.82,Asus X01AD,Asus,Blink,[object Object],Chrome Mobile 90.0.4430.82 on Asus X01AD (Android 9),2021-05-06T06:12:14.369Z,歩行,あ,false,117.10000000000001,74.3,-32.800000000000004,2.4000000000000004,1.8,16.3,0.8,-8.200000000000001,13.9,241.60000000000002,38.50000000000001,-248.6
Chrome Mobile,90.0.4430.82,Asus X01AD,Asus,Blink,[object Object],Chrome Mobile 90.0.4430.82 on Asus X01AD (Android 9),2021-05-06T06:12:14.570Z,歩行,あ,false,127.60000000000001,114.5,-44.800000000000004,-2.6,-4.4,1.2000000000000002,0.2,-12.9,4,52.2,-21.400000000000002,-13.900000000000002
Chrome Mobile,90.0.4430.82,Asus X01AD,Asus,Blink,[object Object],Chrome Mobile 90.0.4430.82 on Asus X01AD (Android 9),2021-05-06T06:12:14.770Z,歩行,あ,false,77.80000000000001,100.9,0.2,2.1,-6.300000000000001,-0.30000000000000004,2.1,-14.5,1.3,-165.6,-28.500000000000004,216.10000000000002
Chrome Mobile,90.0.4430.82,Asus X01AD,Asus,Blink,[object Object],Chrome Mobile 90.0.4430.82 on Asus X01AD (Android 9),2021-05-06T06:12:14.971Z,歩行,あ,false,126.60000000000001,59.6,-54.900000000000006,20.400000000000002,36.9,4.2,16.3,28.3,1.3,221.70000000000002,30.1,-160.50000000000003
Chrome Mobile,90.0.4430.82,Asus X01AD,Asus,Blink,[object Object],Chrome Mobile 90.0.4430.82 on Asus X01AD (Android 9),2021-05-06T06:12:15.172Z,歩行,あ,false,130,107.5,-51.400000000000006,-1.5,-4.5,2.4000000000000004,0.7000000000000001,-13.600000000000001,4.1000000000000005,13.000000000000002,69.20000000000002,-73.7
Chrome Mobile,90.0.4430.82,Asus X01AD,Asus,Blink,[object Object],Chrome Mobile 90.0.4430.82 on Asus X01AD (Android 9),2021-05-06T06:12:15.373Z,歩行,あ,false,106.30000000000001,102.30000000000001,-23.3,-2.2,-5.1000000000000005,0.8,-1.5,-13.3,2.5,-70.4,40,158.29999999999998
Chrome Mobile,90.0.4430.82,Asus X01AD,Asus,Blink,[object Object],Chrome Mobile 90.0.4430.82 on Asus X01AD (Android 9),2021-05-06T06:12:15.574Z,歩行,あ,false,129.8,48.6,-34.800000000000004,11.4,39,35.7,8,32.300000000000004,30.900000000000002,-128.70000000000002,-13.5,115.60000000000001
Chrome Mobile,90.0.4430.82,Asus X01AD,Asus,Blink,[object Object],Chrome Mobile 90.0.4430.82 on Asus X01AD (Android 9),2021-05-06T06:12:15.775Z,歩行,あ,false,101.9,96.9,-7.5,0.30000000000000004,-1.7000000000000002,-0.2,0.4,-11.5,1,185.6,-14.700000000000001,-112
Chrome Mobile,90.0.4430.82,Asus X01AD,Asus,Blink,[object Object],Chrome Mobile 90.0.4430.82 on Asus X01AD (Android 9),2021-05-06T06:12:15.976Z,歩行,あ,false,112.4,107.2,-17.2,-0.6000000000000001,-3.5,0.9,0.2,-11.9,3.4000000000000004,4.4,-8.3,78
Chrome Mobile,90.0.4430.82,Asus X01AD,Asus,Blink,[object Object],Chrome Mobile 90.0.4430.82 on Asus X01AD (Android 9),2021-05-06T06:12:16.177Z,歩行,あ,false,151.9,62.2,-55.7,12.200000000000001,20.400000000000002,19.400000000000002,9,13.100000000000001,17.2,-250.00000000000003,-5.2,92.60000000000001
Chrome Mobile,90.0.4430.82,Asus X01AD,Asus,Blink,[object Object],Chrome Mobile 90.0.4430.82 on Asus X01AD (Android 9),2021-05-06T06:12:16.378Z,歩行,あ,false,167.10000000000002,84.60000000000001,-67.2,-1.7000000000000002,-1.5,10,-2.5,-11.5,9.700000000000001,249.80000000000004,-87.7,-177.70000000000002
Chrome Mobile,90.0.4430.82,Asus X01AD,Asus,Blink,[object Object],Chrome Mobile 90.0.4430.82 on Asus X01AD (Android 9),2021-05-06T06:12:16.584Z,歩行,あ,false,127.4,115.30000000000001,-27.700000000000003,-1.7000000000000002,-4.3,0.2,0.1,-12.4,3.6,38.2,-31.6,50.8
Chrome Mobile,90.0.4430.82,Asus X01AD,Asus,Blink,[object Object],Chrome Mobile 90.0.4430.82 on Asus X01AD (Android 9),2021-05-06T06:12:16.787Z,歩行,あ,false,25.900000000000002,100.4,69.10000000000001,4.5,4.6000000000000005,6.2,3.2,-3.4000000000000004,6.7,-250.00000000000003,57.800000000000004,186.8
Chrome Mobile,90.0.4430.82,Asus X01AD,Asus,Blink,[object Object],Chrome Mobile 90.0.4430.82 on Asus X01AD (Android 9),2021-05-06T06:12:16.987Z,歩行,あ,false,172.70000000000002,76.5,-78.9,7.4,12.9,4.4,5.1000000000000005,3.1,3.9000000000000004,212.8,-13.5,-188
Chrome Mobile,90.0.4430.82,Asus X01AD,Asus,Blink,[object Object],Chrome Mobile 90.0.4430.82 on Asus X01AD (Android 9),2021-05-06T06:12:17.188Z,歩行,あ,false,126.9,114.7,-33.1,-1.1,-4,0.5,1,-12.4,3.7,47.1,-14.100000000000001,-38.800000000000004
Chrome Mobile,90.0.4430.82,Asus X01AD,Asus,Blink,[object Object],Chrome Mobile 90.0.4430.82 on Asus X01AD (Android 9),2021-05-06T06:12:17.390Z,歩行,あ,false,107.4,108.4,-14.200000000000001,-0.4,-2.7,2.6,0.2,-10.5,5.1000000000000005,-93.00000000000001,-41.800000000000004,131.7
Chrome Mobile,90.0.4430.82,Asus X01AD,Asus,Blink,[object Object],Chrome Mobile 90.0.4430.82 on Asus X01AD (Android 9),2021-05-06T06:12:17.590Z,歩行,あ,false,145.5,65.3,-53.7,17.2,38.6,7,13.9,29.8,4.6000000000000005,210.3,30.200000000000003,-31.6
Chrome Mobile,90.0.4430.82,Asus X01AD,Asus,Blink,[object Object],Chrome Mobile 90.0.4430.82 on Asus X01AD (Android 9),2021-05-06T06:12:17.791Z,歩行,あ,false,131.5,110.30000000000001,-35.7,-2.2,-3.2,3.3000000000000003,-0.2,-12.3,6,60.5,69.60000000000001,-136.1
Chrome Mobile,90.0.4430.82,Asus X01AD,Asus,Blink,[object Object],Chrome Mobile 90.0.4430.82 on Asus X01AD (Android 9),2021-05-06T06:12:17.992Z,歩行,あ,false,122.5,118.10000000000001,-28.8,-2.3000000000000003,-4.4,-1,-0.6000000000000001,-12.100000000000001,2.6,-29.400000000000002,9.5,78.3
Chrome Mobile,90.0.4430.82,Asus X01AD,Asus,Blink,[object Object],Chrome Mobile 90.0.4430.82 on Asus X01AD (Android 9),2021-05-06T06:12:18.193Z,歩行,あ,false,159.4,66.60000000000001,-65.7,14.100000000000001,35.4,28.900000000000002,11.100000000000001,27.700000000000003,27.6,-250.00000000000003,27.099999999999998,29.400000000000002
Chrome Mobile,90.0.4430.82,Asus X01AD,Asus,Blink,[object Object],Chrome Mobile 90.0.4430.82 on Asus X01AD (Android 9),2021-05-06T06:12:18.393Z,歩行,あ,false,104.7,103.60000000000001,-5.800000000000001,0.5,-0.6000000000000001,3.5,0.7000000000000001,-10.200000000000001,5.800000000000001,249.5,-53.7,-179.40000000000003
Chrome Mobile,90.0.4430.82,Asus X01AD,Asus,Blink,[object Object],Chrome Mobile 90.0.4430.82 on Asus X01AD (Android 9),2021-05-06T06:12:18.596Z,歩行,あ,false,128.20000000000002,124.7,-29.700000000000003,-1.2000000000000002,-3.5,0.1,1.3,-10.8,4.5,12.600000000000001,-1.3,40.5
Chrome Mobile,90.0.4430.82,Asus X01AD,Asus,Blink,[object Object],Chrome Mobile 90.0.4430.82 on Asus X01AD (Android 9),2021-05-06T06:12:18.797Z,歩行,あ,false,61.1,109.2,35.7,4.6000000000000005,3.3000000000000003,-2.3000000000000003,3.1,-4.2,-0.1,-243.9,88.10000000000001,214.10000000000002
Chrome Mobile,90.0.4430.82,Asus X01AD,Asus,Blink,[object Object],Chrome Mobile 90.0.4430.82 on Asus X01AD (Android 9),2021-05-06T06:12:18.998Z,歩行,あ,false,19.900000000000002,104.80000000000001,83.30000000000001,6.6000000000000005,12.200000000000001,9.5,4.1000000000000005,2.6,9.8,206.70000000000005,-47.900000000000006,-249.90000000000003
Chrome Mobile,90.0.4430.82,Asus X01AD,Asus,Blink,[object Object],Chrome Mobile 90.0.4430.82 on Asus X01AD (Android 9),2021-05-06T06:12:19.199Z,歩行,あ,false,132.8,122.30000000000001,-30,-1.2000000000000002,-3.6,-1.7000000000000002,1.5,-11.100000000000001,2.4000000000000004,96,-50.3,-31.6
Chrome Mobile,90.0.4430.82,Asus X01AD,Asus,Blink,[object Object],Chrome Mobile 90.0.4430.82 on Asus X01AD (Android 9),2021-05-06T06:12:19.399Z,歩行,あ,false,115.30000000000001,112.7,-10.700000000000001,-1.5,-4.6000000000000005,0.1,-1,-12.100000000000001,3.2,-126.4,14,155.8
Chrome Mobile,90.0.4430.82,Asus X01AD,Asus,Blink,[object Object],Chrome Mobile 90.0.4430.82 on Asus X01AD (Android 9),2021-05-06T06:12:19.600Z,歩行,あ,false,157.5,58.300000000000004,-58.6,22.200000000000003,39.1,22.400000000000002,18,31.200000000000003,19.8,172.9,-19.700000000000003,64.60000000000001
Chrome Mobile,90.0.4430.82,Asus X01AD,Asus,Blink,[object Object],Chrome Mobile 90.0.4430.82 on Asus X01AD (Android 9),2021-05-06T06:12:19.801Z,歩行,あ,false,124.9,114.4,-23.1,-0.9,-2.3000000000000003,1.6,0.7000000000000001,-10.9,5.2,72.80000000000001,18.900000000000002,-142.50000000000003
Chrome Mobile,90.0.4430.82,Asus X01AD,Asus,Blink,[object Object],Chrome Mobile 90.0.4430.82 on Asus X01AD (Android 9),2021-05-06T06:12:20.002Z,歩行,あ,false,130.3,121.2,-23.700000000000003,-2.7,-3.4000000000000004,-2.2,-0.9,-10.700000000000001,1.8,-13.200000000000003,14.300000000000002,90.5
Chrome Mobile,90.0.4430.82,Asus X01AD,Asus,Blink,[object Object],Chrome Mobile 90.0.4430.82 on Asus X01AD (Android 9),2021-05-06T06:12:20.203Z,歩行,あ,false,22.1,110.30000000000001,68.4,16.2,23.200000000000003,9.9,13.600000000000001,15.600000000000001,10.9,-238.7,-70.8,235.8
Chrome Mobile,90.0.4430.82,Asus X01AD,Asus,Blink,[object Object],Chrome Mobile 90.0.4430.82 on Asus X01AD (Android 9),2021-05-06T06:12:20.404Z,歩行,あ,false,46.2,99.10000000000001,47.900000000000006,2.4000000000000004,3.1,13.9,1.2000000000000002,-6.6000000000000005,14.9,134.20000000000002,-1.4,-249.90000000000003
Chrome Mobile,90.0.4430.82,Asus X01AD,Asus,Blink,[object Object],Chrome Mobile 90.0.4430.82 on Asus X01AD (Android 9),2021-05-06T06:12:20.605Z,歩行,あ,false,140.4,120.10000000000001,-38.400000000000006,-2.9000000000000004,-4.1000000000000005,-1,-0.1,-11.700000000000001,2.5,36.7,-15.100000000000001,4.5
Chrome Mobile,90.0.4430.82,Asus X01AD,Asus,Blink,[object Object],Chrome Mobile 90.0.4430.82 on Asus X01AD (Android 9),2021-05-06T06:12:20.806Z,歩行,あ,false,67.4,95.2,33.4,2.8000000000000003,-2.4000000000000004,4.5,2.4000000000000004,-10.200000000000001,5.1000000000000005,-250.00000000000003,-46.199999999999996,200.8
Chrome Mobile,90.0.4430.82,Asus X01AD,Asus,Blink,[object Object],Chrome Mobile 90.0.4430.82 on Asus X01AD (Android 9),2021-05-06T06:12:21.007Z,歩行,あ,false,154.5,74,-51.7,9.200000000000001,11.9,7.1000000000000005,7.1000000000000005,2.4000000000000004,5.4,188.3,17.1,-232.3
Chrome Mobile,90.0.4430.82,Asus X01AD,Asus,Blink,[object Object],Chrome Mobile 90.0.4430.82 on Asus X01AD (Android 9),2021-05-06T06:12:21.207Z,歩行,あ,false,147,115.60000000000001,-40.900000000000006,-3.6,-4.6000000000000005,0.9,-1,-12.700000000000001,3.8000000000000003,99.7,-16.8,-9
Chrome Mobile,90.0.4430.82,Asus X01AD,Asus,Blink,[object Object],Chrome Mobile 90.0.4430.82 on Asus X01AD (Android 9),2021-05-06T06:12:21.413Z,歩行,あ,false,112.30000000000001,113.5,-13.600000000000001,-2.4000000000000004,-5.5,-3.5,-1.7000000000000002,-13,-0.30000000000000004,-136.1,-26.9,142.7
Chrome Mobile,90.0.4430.82,Asus X01AD,Asus,Blink,[object Object],Chrome Mobile 90.0.4430.82 on Asus X01AD (Android 9),2021-05-06T06:12:21.615Z,歩行,あ,false,162.60000000000002,61.6,-57.900000000000006,18.5,32.2,7.5,14.600000000000001,23.700000000000003,5.1000000000000005,232.2,17.300000000000004,-121.2
Chrome Mobile,90.0.4430.82,Asus X01AD,Asus,Blink,[object Object],Chrome Mobile 90.0.4430.82 on Asus X01AD (Android 9),2021-05-06T06:12:21.818Z,歩行,あ,false,142.9,119,-34.9,-3.5,-3.8000000000000003,0.5,-1,-12.100000000000001,3.9000000000000004,82.10000000000001,67.4,-117.80000000000001
Chrome Mobile,90.0.4430.82,Asus X01AD,Asus,Blink,[object Object],Chrome Mobile 90.0.4430.82 on Asus X01AD (Android 9),2021-05-06T06:12:22.018Z,歩行,あ,false,138.8,125.10000000000001,-30.3,-2.4000000000000004,-3.8000000000000003,-1.4000000000000001,0.1,-10.700000000000001,2.8000000000000003,-59.80000000000001,-13.3,68.1
Chrome Mobile,90.0.4430.82,Asus X01AD,Asus,Blink,[object Object],Chrome Mobile 90.0.4430.82 on Asus X01AD (Android 9),2021-05-06T06:12:22.219Z,歩行,あ,false,167.9,71,-67.9,15.9,30.1,11.100000000000001,13.5,22.400000000000002,10.100000000000001,-250.00000000000003,101.20000000000002,127.1
Chrome Mobile,90.0.4430.82,Asus X01AD,Asus,Blink,[object Object],Chrome Mobile 90.0.4430.82 on Asus X01AD (Android 9),2021-05-06T06:12:22.420Z,歩行,あ,false,15.8,93.5,87.4,1.1,0.8,12.600000000000001,0.5,-9.1,12.600000000000001,232.2,-42.3,-249.4
Chrome Mobile,90.0.4430.82,Asus X01AD,Asus,Blink,[object Object],Chrome Mobile 90.0.4430.82 on Asus X01AD (Android 9),2021-05-06T06:12:22.625Z,歩行,あ,false,143.5,122.60000000000001,-42.1,-1.9000000000000001,-3.9000000000000004,-0.6000000000000001,1.3,-11.3,3,44.9,1.6,-0.30000000000000004
Chrome Mobile,90.0.4430.82,Asus X01AD,Asus,Blink,[object Object],Chrome Mobile 90.0.4430.82 on Asus X01AD (Android 9),2021-05-06T06:12:22.826Z,歩行,あ,false,93.7,98.7,11.8,2.8000000000000003,-0.2,0.2,2.5,-8.1,1.4000000000000001,-250.00000000000003,74.2,250.10000000000002
Chrome Mobile,90.0.4430.82,Asus X01AD,Asus,Blink,[object Object],Chrome Mobile 90.0.4430.82 on Asus X01AD (Android 9),2021-05-06T06:12:23.027Z,歩行,あ,false,148.20000000000002,39.7,-21.200000000000003,5.6000000000000005,5.800000000000001,24,3.3000000000000003,0.1,17.5,-12.100000000000001,-30.000000000000004,175.70000000000002
Chrome Mobile,90.0.4430.82,Asus X01AD,Asus,Blink,[object Object],Chrome Mobile 90.0.4430.82 on Asus X01AD (Android 9),2021-05-06T06:12:23.229Z,歩行,あ,false,156.8,39.5,-18.1,0,2.8000000000000003,10,-2.1,-2.9000000000000004,3.4000000000000004,44.2,58.3,-18.200000000000003