platform_name,platform_version,platform_product,platform_manufacturer,platform_layout,platform_os,platform_description,date,label,s_movement,do_absolute,do_alpha,do_beta,do_gamma,acc_g_x,acc_g_y,acc_g_z,acc_x,acc_y,acc_z,rot_alpha,rot_beta,rot_gamma
Chrome Mobile,90.0.4430.82,Asus X01AD,Asus,Blink,[object Object],Chrome Mobile 90.0.4430.82 on Asus X01AD (Android 9),2021-05-06T05:37:07.713Z,直立,あ,false,97.30000000000001,23,-0.1,0.2,3.6,9.700000000000001,0.2,-0.30000000000000004,0.5,-1.3,-5.6,-9.4
Chrome Mobile,90.0.4430.82,Asus X01AD,Asus,Blink,[object Object],Chrome Mobile 90.0.4430.82 on Asus X01AD (Android 9),2021-05-06T05:37:07.915Z,直立,あ,false,76.9,62.900000000000006,-22,-0.7000000000000001,9.3,6.6000000000000005,-2.4000000000000004,0.5,2.5,-49,57.3,-7.9
Chrome Mobile,90.0.4430.82,Asus X01AD,Asus,Blink,[object Object],Chrome Mobile 90.0.4430.82 on Asus X01AD (Android 9),2021-05-06T05:37:08.116Z,直立,あ,false,84,63.5,-26.200000000000003,3.2,7.4,2.5,1.3,-1.4000000000000001,-1.5,35.2,-59.80000000000001,22.8
Chrome Mobile,90.0.4430.82,Asus X01AD,Asus,Blink,[object Object],Chrome Mobile 90.0.4430.82 on Asus X01AD (Android 9),2021-05-06T05:37:08.320Z,直立,あ,false,78.2,62.800000000000004,-14.200000000000001,4.5,9.9,3.4000000000000004,3.3000000000000003,1.1,-1,33.800000000000004,89.9,-50.60000000000001
Chrome Mobile,90.0.4430.82,Asus X01AD,Asus,Blink,[object Object],Chrome Mobile 90.0.4430.82 on Asus X01AD (Android 9),2021-05-06T05:37:08.521Z,直立,あ,false,87.30000000000001,67.9,-27.700000000000003,-4.3,10,5.4,-6,0.9,2.1,-15.000000000000002,-28.900000000000002,33.6
Chrome Mobile,90.0.4430.82,Asus X01AD,Asus,Blink,[object Object],Chrome Mobile 90.0.4430.82 on Asus X01AD (Android 9),2021-05-06T05:37:08.722Z,直立,あ,false,68.8,69,3.3000000000000003,9.4,10.100000000000001,4.1000000000000005,9.600000000000001,0.9,0.5,36.400000000000006,-10.600000000000001,-1.2000000000000002
Chrome Mobile,90.0.4430.82,Asus X01AD,Asus,Blink,[object Object],Chrome Mobile 90.0.4430.82 on Asus X01AD (Android 9),2021-05-06T05:37:08.923Z,直立,あ,false,100.7,70,-38.7,-5.2,12,4.3,-7.300000000000001,2.7,1.6,-101.9,-25.8,23.6
Chrome Mobile,90.0.4430.82,Asus X01AD,Asus,Blink,[object Object],Chrome Mobile 90.0.4430.82 on Asus X01AD (Android 9),2021-05-06T05:37:09.124Z,直立,あ,false,71.60000000000001,70.3,3.7,10.4,10.3,2.9000000000000004,10.600000000000001,1,-0.4,22.4,-16.1,-11.000000000000002
Chrome Mobile,90.0.4430.82,Asus X01AD,Asus,Blink,[object Object],Chrome Mobile 90.0.4430.82 on Asus X01AD (Android 9),2021-05-06T05:37:09.325Z,直立,あ,false,90.9,68.2,-25.8,-8.9,12.200000000000001,8.3,-10.5,3.1,5,-88.3,-39.8,11.6
Chrome Mobile,90.0.4430.82,Asus X01AD,Asus,Blink,[object Object],Chrome Mobile 90.0.4430.82 on Asus X01AD (Android 9),2021-05-06T05:37:09.526Z,直立,あ,false,76.60000000000001,70.2,3.4000000000000004,11.5,10,2.4000000000000004,11.700000000000001,0.8,-0.9,-11.5,27.9,-20.5
Chrome Mobile,90.0.4430.82,Asus X01AD,Asus,Blink,[object Object],Chrome Mobile 90.0.4430.82 on Asus X01AD (Android 9),2021-05-06T05:37:09.737Z,直立,あ,false,87.80000000000001,65.10000000000001,-17.5,-9.700000000000001,11.4,10,-11,2.5,6,-75.60000000000001,-31.7,-15.8
Chrome Mobile,90.0.4430.82,Asus X01AD,Asus,Blink,[object Object],Chrome Mobile 90.0.4430.82 on Asus X01AD (Android 9),2021-05-06T05:37:09.938Z,直立,あ,false,71.10000000000001,70.8,10.600000000000001,7.6000000000000005,9.5,1.9000000000000001,8.200000000000001,0.2,-1.3,-0.4,25.6,-22.700000000000003
Chrome Mobile,90.0.4430.82,Asus X01AD,Asus,Blink,[object Object],Chrome Mobile 90.0.4430.82 on Asus X01AD (Android 9),2021-05-06T05:37:10.139Z,直立,あ,false,91.80000000000001,67.10000000000001,-17.1,-5.7,11.9,4.800000000000001,-6.7,2.8000000000000003,1.3,-56.9,-62,31.799999999999997
Chrome Mobile,90.0.4430.82,Asus X01AD,Asus,Blink,[object Object],Chrome Mobile 90.0.4430.82 on Asus X01AD (Android 9),2021-05-06T05:37:10.340Z,直立,あ,false,75.2,71.5,8.6,4.5,8.4,1.7000000000000002,5,-0.9,-1.4000000000000001,41,78.80000000000001,-28.600000000000005
Chrome Mobile,90.0.4430.82,Asus X01AD,Asus,Blink,[object Object],Chrome Mobile 90.0.4430.82 on Asus X01AD (Android 9),2021-05-06T05:37:10.541Z,直立,あ,false,96.7,69.7,-20.200000000000003,-5.4,11.4,8.4,-6.6000000000000005,2.3000000000000003,5.2,-86.5,-66.3,12.4
Chrome Mobile,90.0.4430.82,Asus X01AD,Asus,Blink,[object Object],Chrome Mobile 90.0.4430.82 on Asus X01AD (Android 9),2021-05-06T05:37:10.741Z,直立,あ,false,74.4,73.5,10.100000000000001,5.9,9.1,0.1,6.300000000000001,-0.30000000000000004,-2.6,-19.400000000000002,44.5,-40.9
Chrome Mobile,90.0.4430.82,Asus X01AD,Asus,Blink,[object Object],Chrome Mobile 90.0.4430.82 on Asus X01AD (Android 9),2021-05-06T05:37:10.942Z,直立,あ,false,97.4,70.8,-21.900000000000002,-4.5,11.4,4.5,-5.7,2.2,1.5,-39.8,-78.10000000000001,38.900000000000006
Chrome Mobile,90.0.4430.82,Asus X01AD,Asus,Blink,[object Object],Chrome Mobile 90.0.4430.82 on Asus X01AD (Android 9),2021-05-06T05:37:11.143Z,直立,あ,false,77.30000000000001,72.60000000000001,5.9,4.2,9.200000000000001,0.7000000000000001,4.5,-0.2,-2.2,10.5,76.3,-36.7
Chrome Mobile,90.0.4430.82,Asus X01AD,Asus,Blink,[object Object],Chrome Mobile 90.0.4430.82 on Asus X01AD (Android 9),2021-05-06T05:37:11.344Z,直立,あ,false,101,70.60000000000001,-27,-6,11.8,5.5,-6.300000000000001,1.7000000000000002,2.2,-52.300000000000004,-76.5,51.50000000000001
Chrome Mobile,90.0.4430.82,Asus X01AD,Asus,Blink,[object Object],Chrome Mobile 90.0.4430.82 on Asus X01AD (Android 9),2021-05-06T05:37:11.545Z,直立,あ,false,83.5,73.3,-0.8,4.1000000000000005,9.600000000000001,-1,4,0.2,-3.8000000000000003,5.1000000000000005,87.60000000000001,-51.9
Chrome Mobile,90.0.4430.82,Asus X01AD,Asus,Blink,[object Object],Chrome Mobile 90.0.4430.82 on Asus X01AD (Android 9),2021-05-06T05:37:11.746Z,直立,あ,false,103.80000000000001,72.8,-27,-0.9,8.4,1.5,-2.2,-0.8,-1.1,-66.7,-76.7,35
Chrome Mobile,90.0.4430.82,Asus X01AD,Asus,Blink,[object Object],Chrome Mobile 90.0.4430.82 on Asus X01AD (Android 9),2021-05-06T05:37:11.947Z,直立,あ,false,87.10000000000001,73.2,-6.300000000000001,2.1,8,-1.2000000000000002,1.8,-1.3,-4,73.8,79.7,-39.9
Chrome Mobile,90.0.4430.82,Asus X01AD,Asus,Blink,[object Object],Chrome Mobile 90.0.4430.82 on Asus X01AD (Android 9),2021-05-06T05:37:12.147Z,直立,あ,false,110.5,74.2,-30.900000000000002,0.2,8.5,1,-1.3,-0.9,-1.3,-37.1,-93.3,38.800000000000004
Chrome Mobile,90.0.4430.82,Asus X01AD,Asus,Blink,[object Object],Chrome Mobile 90.0.4430.82 on Asus X01AD (Android 9),2021-05-06T05:37:12.348Z,直立,あ,false,93.30000000000001,72.2,-12.700000000000001,1.5,9.700000000000001,-0.7000000000000001,0.8,0.4,-3.6,37.6,107.10000000000001,-52.1
Chrome Mobile,90.0.4430.82,Asus X01AD,Asus,Blink,[object Object],Chrome Mobile 90.0.4430.82 on Asus X01AD (Android 9),2021-05-06T05:37:12.549Z,直立,あ,false,113.80000000000001,77.5,-34.7,3,6.9,-4.2,1.8,-2.6,-5.9,-11.000000000000002,-72.60000000000001,49.800000000000004
Chrome Mobile,90.0.4430.82,Asus X01AD,Asus,Blink,[object Object],Chrome Mobile 90.0.4430.82 on Asus X01AD (Android 9),2021-05-06T05:37:12.751Z,直立,あ,false,94.80000000000001,70.4,-17.6,-0.4,10.100000000000001,1.3,-1.4000000000000001,0.8,-1.9000000000000001,62.50000000000001,95.69999999999999,-41.1
Chrome Mobile,90.0.4430.82,Asus X01AD,Asus,Blink,[object Object],Chrome Mobile 90.0.4430.82 on Asus X01AD (Android 9),2021-05-06T05:37:12.952Z,直立,あ,false,99.5,76,-16.5,4.5,7,-1.9000000000000001,3.8000000000000003,-2.4000000000000004,-4.1000000000000005,25.4,-66.60000000000001,58.800000000000004
Chrome Mobile,90.0.4430.82,Asus X01AD,Asus,Blink,[object Object],Chrome Mobile 90.0.4430.82 on Asus X01AD (Android 9),2021-05-06T05:37:13.153Z,直立,あ,false,95.5,69.60000000000001,-16.7,-4,9.700000000000001,5,-5,0.5,1.7000000000000002,43.4,83.60000000000001,-33.1
Chrome Mobile,90.0.4430.82,Asus X01AD,Asus,Blink,[object Object],Chrome Mobile 90.0.4430.82 on Asus X01AD (Android 9),2021-05-06T05:37:13.354Z,直立,あ,false,100.10000000000001,75.60000000000001,-15.100000000000001,6.1000000000000005,7.4,0.30000000000000004,5.5,-2,-2.1,48.2,-18.4,37.50000000000001
Chrome Mobile,90.0.4430.82,Asus X01AD,Asus,Blink,[object Object],Chrome Mobile 90.0.4430.82 on Asus X01AD (Android 9),2021-05-06T05:37:13.560Z,直立,あ,false,101.9,71.7,-22.8,-6.4,9.3,5,-7.6000000000000005,0,2.1,19.200000000000003,95.30000000000001,-59.40000000000001
Chrome Mobile,90.0.4430.82,Asus X01AD,Asus,Blink,[object Object],Chrome Mobile 90.0.4430.82 on Asus X01AD (Android 9),2021-05-06T05:37:13.766Z,直立,あ,false,104.7,76.9,-19.5,5.1000000000000005,7.1000000000000005,-2.5,4.3,-2.4000000000000004,-4.6000000000000005,57.699999999999996,-18.200000000000003,40.2
Chrome Mobile,90.0.4430.82,Asus X01AD,Asus,Blink,[object Object],Chrome Mobile 90.0.4430.82 on Asus X01AD (Android 9),2021-05-06T05:37:13.967Z,直立,あ,false,100.10000000000001,71,-19.6,-5.5,10.200000000000001,5.300000000000001,-6.5,1,2.2,36.9,84.1,-38.800000000000004
Chrome Mobile,90.0.4430.82,Asus X01AD,Asus,Blink,[object Object],Chrome Mobile 90.0.4430.82 on Asus X01AD (Android 9),2021-05-06T05:37:14.167Z,直立,あ,false,104.7,78.2,-17.5,5.4,6.9,0,4.800000000000001,-2.6,-1.9000000000000001,34.300000000000004,-0.6000000000000001,21.7
Chrome Mobile,90.0.4430.82,Asus X01AD,Asus,Blink,[object Object],Chrome Mobile 90.0.4430.82 on Asus X01AD (Android 9),2021-05-06T05:37:14.379Z,直立,あ,false,107.30000000000001,73.4,-28.5,-7.300000000000001,9.600000000000001,6.1000000000000005,-8.6,0.2,3.6,14.900000000000002,70.9,-45.400000000000006
Chrome Mobile,90.0.4430.82,Asus X01AD,Asus,Blink,[object Object],Chrome Mobile 90.0.4430.82 on Asus X01AD (Android 9),2021-05-06T05:37:14.584Z,直立,あ,false,108.9,79.80000000000001,-20,8.1,7.5,0.9,7.5,-2.2,-0.7000000000000001,38.7,9.5,17.7
Chrome Mobile,90.0.4430.82,Asus X01AD,Asus,Blink,[object Object],Chrome Mobile 90.0.4430.82 on Asus X01AD (Android 9),2021-05-06T05:37:14.785Z,直立,あ,false,112.9,73.2,-33.7,-6.6000000000000005,11.600000000000001,7.1000000000000005,-8.4,3.1,5.2,-26.200000000000003,42.5,-32.9
Chrome Mobile,90.0.4430.82,Asus X01AD,Asus,Blink,[object Object],Chrome Mobile 90.0.4430.82 on Asus X01AD (Android 9),2021-05-06T05:37:14.986Z,直立,あ,false,111.7,78.2,-20.6,12.5,8.200000000000001,1.4000000000000001,11.8,-1.4000000000000001,-0.5,2.2,56.400000000000006,-19.300000000000004
Chrome Mobile,90.0.4430.82,Asus X01AD,Asus,Blink,[object Object],Chrome Mobile 90.0.4430.82 on Asus X01AD (Android 9),2021-05-06T05:37:15.187Z,直立,あ,false,106.9,70.8,-25.6,-8.9,12.200000000000001,12.700000000000001,-10.200000000000001,3,9.9,-22.9,3.5,-3.4
Chrome Mobile,90.0.4430.82,Asus X01AD,Asus,Blink,[object Object],Chrome Mobile 90.0.4430.82 on Asus X01AD (Android 9),2021-05-06T05:37:15.388Z,直立,あ,false,103.60000000000001,75.2,-11.9,10.4,7.6000000000000005,8.3,9.9,-1.9000000000000001,5.800000000000001,-16.200000000000003,26.5,-13.8
Chrome Mobile,90.0.4430.82,Asus X01AD,Asus,Blink,[object Object],Chrome Mobile 90.0.4430.82 on Asus X01AD (Android 9),2021-05-06T05:37:15.589Z,直立,あ,false,116.9,69.60000000000001,-37.1,-6.2,14.700000000000001,7.5,-8.200000000000001,5.6000000000000005,4.800000000000001,-66.7,-12.100000000000001,19.1
Chrome Mobile,90.0.4430.82,Asus X01AD,Asus,Blink,[object Object],Chrome Mobile 90.0.4430.82 on Asus X01AD (Android 9),2021-05-06T05:37:15.789Z,直立,あ,false,93.9,75.10000000000001,-4.6000000000000005,13.8,9.8,7.1000000000000005,13.600000000000001,0.4,4.6000000000000005,-0.7,-6,-6.9
Chrome Mobile,90.0.4430.82,Asus X01AD,Asus,Blink,[object Object],Chrome Mobile 90.0.4430.82 on Asus X01AD (Android 9),2021-05-06T05:37:15.990Z,直立,あ,false,112,70.10000000000001,-29.6,-10.100000000000001,13.3,7.6000000000000005,-11.8,4.2,4.7,-44.8,-76.4,54.9
Chrome Mobile,90.0.4430.82,Asus X01AD,Asus,Blink,[object Object],Chrome Mobile 90.0.4430.82 on Asus X01AD (Android 9),2021-05-06T05:37:16.191Z,直立,あ,false,92.9,74.60000000000001,-0.8,11,9.200000000000001,9.1,10.9,-0.2,6.5,-14.300000000000002,12.600000000000001,-8.700000000000001
Chrome Mobile,90.0.4430.82,Asus X01AD,Asus,Blink,[object Object],Chrome Mobile 90.0.4430.82 on Asus X01AD (Android 9),2021-05-06T05:37:16.392Z,直立,あ,false,117.10000000000001,72.3,-34.800000000000004,-6.9,13.100000000000001,9.5,-8.6,3.8000000000000003,7.1000000000000005,-96,-40.6,-0.8
Chrome Mobile,90.0.4430.82,Asus X01AD,Asus,Blink,[object Object],Chrome Mobile 90.0.4430.82 on Asus X01AD (Android 9),2021-05-06T05:37:16.594Z,直立,あ,false,97.4,76.7,-5.2,13.9,9.4,6.1000000000000005,13.700000000000001,-0.1,3.9000000000000004,-8.700000000000001,-3.8,-1.5
Chrome Mobile,90.0.4430.82,Asus X01AD,Asus,Blink,[object Object],Chrome Mobile 90.0.4430.82 on Asus X01AD (Android 9),2021-05-06T05:37:16.794Z,直立,あ,false,105,67.7,-24.6,-10.4,12.8,14.200000000000001,-11.9,3.8000000000000003,10.9,-54.1,-33.6,-6
Chrome Mobile,90.0.4430.82,Asus X01AD,Asus,Blink,[object Object],Chrome Mobile 90.0.4430.82 on Asus X01AD (Android 9),2021-05-06T05:37:16.995Z,直立,あ,false,98.60000000000001,75.4,-8,13.9,10.200000000000001,5,13.5,0.7000000000000001,2.5,9.899999999999999,-20.5,-5.4
Chrome Mobile,90.0.4430.82,Asus X01AD,Asus,Blink,[object Object],Chrome Mobile 90.0.4430.82 on Asus X01AD (Android 9),2021-05-06T05:37:17.195Z,直立,あ,false,111.30000000000001,69.7,-33.1,-8.5,12.5,12.100000000000001,-10.4,3.4000000000000004,9.200000000000001,-89.5,-37.1,-0.8
Chrome Mobile,90.0.4430.82,Asus X01AD,Asus,Blink,[object Object],Chrome Mobile 90.0.4430.82 on Asus X01AD (Android 9),2021-05-06T05:37:17.396Z,直立,あ,false,107.10000000000001,76.7,-17.8,14.5,10.3,5,13.8,0.8,2.8000000000000003,-9.600000000000001,-13.200000000000003,-16.5
Chrome Mobile,90.0.4430.82,Asus X01AD,Asus,Blink,[object Object],Chrome Mobile 90.0.4430.82 on Asus X01AD (Android 9),2021-05-06T05:37:17.597Z,直立,あ,false,111.7,70.8,-33.7,-7.7,11.200000000000001,6.9,-9.4,2,4.2,-102,-62.1,12.299999999999999
Chrome Mobile,90.0.4430.82,Asus X01AD,Asus,Blink,[object Object],Chrome Mobile 90.0.4430.82 on Asus X01AD (Android 9),2021-05-06T05:37:17.798Z,直立,あ,false,100.10000000000001,76.4,-11.700000000000001,8.700000000000001,11.8,3.4000000000000004,8.3,2.3000000000000003,1.2000000000000002,42.800000000000004,32.6,-0.30000000000000004
Chrome Mobile,90.0.4430.82,Asus X01AD,Asus,Blink,[object Object],Chrome Mobile 90.0.4430.82 on Asus X01AD (Android 9),2021-05-06T05:37:17.999Z,直立,あ,false,127.80000000000001,73.10000000000001,-47.400000000000006,-1.5,10.3,-0.2,-3.6,1.1,-2.1,-72.50000000000001,-107.30000000000001,49.9
Chrome Mobile,90.0.4430.82,Asus X01AD,Asus,Blink,[object Object],Chrome Mobile 90.0.4430.82 on Asus X01AD (Android 9),2021-05-06T05:37:18.201Z,直立,あ,false,87.30000000000001,75.7,-1.8,2.7,9,-0.2,2.7,-0.5,-2.7,30.4,46.199999999999996,-52.00000000000001
Chrome Mobile,90.0.4430.82,Asus X01AD,Asus,Blink,[object Object],Chrome Mobile 90.0.4430.82 on Asus X01AD (Android 9),2021-05-06T05:37:18.402Z,直立,あ,false,118.5,73.8,-38.300000000000004,-0.8,8.9,0.9,-2.4000000000000004,-0.30000000000000004,-1.3,-52.00000000000001,-81.10000000000001,55.2
Chrome Mobile,90.0.4430.82,Asus X01AD,Asus,Blink,[object Object],Chrome Mobile 90.0.4430.82 on Asus X01AD (Android 9),2021-05-06T05:37:18.607Z,直立,あ,false,104.9,76.5,-19,3.3000000000000003,9.3,-2.5,2.6,-0.2,-4.7,63.500000000000014,82.9,-45.7
Chrome Mobile,90.0.4430.82,Asus X01AD,Asus,Blink,[object Object],Chrome Mobile 90.0.4430.82 on Asus X01AD (Android 9),2021-05-06T05:37:18.812Z,直立,あ,false,123.2,75.2,-41.300000000000004,-1,9.200000000000001,-0.30000000000000004,-2.7,-0.2,-2.2,-55.1,-98.2,50.400000000000006
Chrome Mobile,90.0.4430.82,Asus X01AD,Asus,Blink,[object Object],Chrome Mobile 90.0.4430.82 on Asus X01AD (Android 9),2021-05-06T05:37:19.015Z,直立,あ,false,95.4,77.60000000000001,-10.600000000000001,5.4,9.9,-3.4000000000000004,5,0.4,-5.4,20.900000000000002,55.400000000000006,-41.50000000000001
Chrome Mobile,90.0.4430.82,Asus X01AD,Asus,Blink,[object Object],Chrome Mobile 90.0.4430.82 on Asus X01AD (Android 9),2021-05-06T05:37:19.216Z,直立,あ,false,113.4,73.2,-34.300000000000004,-0.7000000000000001,8.8,3.7,-2.3000000000000003,-0.4,1.4000000000000001,-47.5,-103.7,45.2
Chrome Mobile,90.0.4430.82,Asus X01AD,Asus,Blink,[object Object],Chrome Mobile 90.0.4430.82 on Asus X01AD (Android 9),2021-05-06T05:37:19.417Z,直立,あ,false,97.80000000000001,74,-15.4,0.9,9.600000000000001,1.6,0.2,0.2,-1,44.6,97.50000000000001,-59.80000000000001
Chrome Mobile,90.0.4430.82,Asus X01AD,Asus,Blink,[object Object],Chrome Mobile 90.0.4430.82 on Asus X01AD (Android 9),2021-05-06T05:37:19.618Z,直立,あ,false,124.10000000000001,77,-39.900000000000006,4.2,7,-0.5,2.9000000000000004,-2.4000000000000004,-2.1,-34.50000000000001,-94,63.10000000000001
Chrome Mobile,90.0.4430.82,Asus X01AD,Asus,Blink,[object Object],Chrome Mobile 90.0.4430.82 on Asus X01AD (Android 9),2021-05-06T05:37:19.832Z,直立,あ,false,106.30000000000001,70.2,-26.6,-1.9000000000000001,9.5,2.1,-3.4000000000000004,0.30000000000000004,-0.8,58,98.7,-48.400000000000006
Chrome Mobile,90.0.4430.82,Asus X01AD,Asus,Blink,[object Object],Chrome Mobile 90.0.4430.82 on Asus X01AD (Android 9),2021-05-06T05:37:20.033Z,直立,あ,false,123,75.60000000000001,-37.2,4.2,6,-2.6,2.7,-3.3000000000000003,-4.5,-11.6,-80.4,69.80000000000001
Chrome Mobile,90.0.4430.82,Asus X01AD,Asus,Blink,[object Object],Chrome Mobile 90.0.4430.82 on Asus X01AD (Android 9),2021-05-06T05:37:20.235Z,直立,あ,false,103.80000000000001,68.8,-22.3,-3.5,9.600000000000001,3.1,-4.800000000000001,0.5,-0.2,58.7,104.00000000000001,-48
Chrome Mobile,90.0.4430.82,Asus X01AD,Asus,Blink,[object Object],Chrome Mobile 90.0.4430.82 on Asus X01AD (Android 9),2021-05-06T05:37:20.436Z,直立,あ,false,105.30000000000001,76.3,-17.7,3.9000000000000004,5.9,-1.7000000000000002,3.2,-3.6,-3.9000000000000004,34.1,-44.300000000000004,48.400000000000006
Chrome Mobile,90.0.4430.82,Asus X01AD,Asus,Blink,[object Object],Chrome Mobile 90.0.4430.82 on Asus X01AD (Android 9),2021-05-06T05:37:20.637Z,直立,あ,false,107.10000000000001,68.10000000000001,-31.3,-5.5,12.9,7.9,-7.4,3.8000000000000003,4.800000000000001,4.1,26.6,-23.3
Chrome Mobile,90.0.4430.82,Asus X01AD,Asus,Blink,[object Object],Chrome Mobile 90.0.4430.82 on Asus X01AD (Android 9),2021-05-06T05:37:20.838Z,直立,あ,false,106.7,78.30000000000001,-18.900000000000002,10.4,7.1000000000000005,2.4000000000000004,9.8,-2.5,0.5,45.9,15.299999999999999,22.9
Chrome Mobile,90.0.4430.82,Asus X01AD,Asus,Blink,[object Object],Chrome Mobile 90.0.4430.82 on Asus X01AD (Android 9),2021-05-06T05:37:21.039Z,直立,あ,false,114.5,68.8,-38.900000000000006,-5.6000000000000005,13.4,11.100000000000001,-7.800000000000001,4.3,8.4,-105.20000000000002,-61.599999999999994,-25.6
Chrome Mobile,90.0.4430.82,Asus X01AD,Asus,Blink,[object Object],Chrome Mobile 90.0.4430.82 on Asus X01AD (Android 9),2021-05-06T05:37:21.240Z,直立,あ,false,84.60000000000001,75.60000000000001,3.1,7.4,9.3,0.2,7.5,-0.1,-2.2,0.30000000000000004,15.100000000000001,-37.9
Chrome Mobile,90.0.4430.82,Asus X01AD,Asus,Blink,[object Object],Chrome Mobile 90.0.4430.82 on Asus X01AD (Android 9),2021-05-06T05:37:21.441Z,直立,あ,false,108.5,70.60000000000001,-29.200000000000003,-3,9.200000000000001,3.5,-4.6000000000000005,0.1,0.7000000000000001,-71.5,-97.7,43.00000000000001
Chrome Mobile,90.0.4430.82,Asus X01AD,Asus,Blink,[object Object],Chrome Mobile 90.0.4430.82 on Asus X01AD (Android 9),2021-05-06T05:37:21.642Z,直立,あ,false,95.80000000000001,72.9,-8.5,3.9000000000000004,9.5,0.30000000000000004,3.4000000000000004,0.2,-2.5,36.400000000000006,66.60000000000001,-39.300000000000004
Chrome Mobile,90.0.4430.82,Asus X01AD,Asus,Blink,[object Object],Chrome Mobile 90.0.4430.82 on Asus X01AD (Android 9),2021-05-06T05:37:21.844Z,直立,あ,false,107.4,68.7,-27.900000000000002,-1.9000000000000001,9,3.1,-3.6,0,0,-26.400000000000006,-114.3,63.2
Chrome Mobile,90.0.4430.82,Asus X01AD,Asus,Blink,[object Object],Chrome Mobile 90.0.4430.82 on Asus X01AD (Android 9),2021-05-06T05:37:22.051Z,直立,あ,false,95.80000000000001,73.3,-9.4,4.7,10.5,-0.5,4.2,1.1,-3.3000000000000003,36.8,85.20000000000002,-48.70000000000001
Chrome Mobile,90.0.4430.82,Asus X01AD,Asus,Blink,[object Object],Chrome Mobile 90.0.4430.82 on Asus X01AD (Android 9),2021-05-06T05:37:22.252Z,直立,あ,false,110.80000000000001,73.60000000000001,-27.5,2,7.1000000000000005,0.7000000000000001,0.8,-2.2,-1.8,-43.70000000000001,-102.8,66.3
Chrome Mobile,90.0.4430.82,Asus X01AD,Asus,Blink,[object Object],Chrome Mobile 90.0.4430.82 on Asus X01AD (Android 9),2021-05-06T05:37:22.453Z,直立,あ,false,101.4,68.7,-19.6,-0.1,9.200000000000001,1.8,-1.3,0.1,-1.5,82.3,108.3,-45.3
Chrome Mobile,90.0.4430.82,Asus X01AD,Asus,Blink,[object Object],Chrome Mobile 90.0.4430.82 on Asus X01AD (Android 9),2021-05-06T05:37:22.654Z,直立,あ,false,104.80000000000001,74.4,-16.7,4.6000000000000005,6.7,-0.30000000000000004,3.8000000000000003,-2.7,-2.8000000000000003,27.2,-65,61.599999999999994
Chrome Mobile,90.0.4430.82,Asus X01AD,Asus,Blink,[object Object],Chrome Mobile 90.0.4430.82 on Asus X01AD (Android 9),2021-05-06T05:37:22.855Z,直立,あ,false,102.5,65.60000000000001,-25.1,-5.2,11.700000000000001,8.700000000000001,-6.9,2.7,5.1000000000000005,51.70000000000001,57.699999999999996,-3.8
Chrome Mobile,90.0.4430.82,Asus X01AD,Asus,Blink,[object Object],Chrome Mobile 90.0.4430.82 on Asus X01AD (Android 9),2021-05-06T05:37:23.055Z,直立,あ,false,98.4,74.9,-8.200000000000001,6.7,5.6000000000000005,1.8,6.300000000000001,-3.8000000000000003,-0.7000000000000001,5.1000000000000005,24.7,4.6
Chrome Mobile,90.0.4430.82,Asus X01AD,Asus,Blink,[object Object],Chrome Mobile 90.0.4430.82 on Asus X01AD (Android 9),2021-05-06T05:37:23.256Z,直立,あ,false,109,65.10000000000001,-30.6,-5.800000000000001,14.3,12.9,-8,5.4,9.4,-49.9,-33.400000000000006,-9.899999999999999
Chrome Mobile,90.0.4430.82,Asus X01AD,Asus,Blink,[object Object],Chrome Mobile 90.0.4430.82 on Asus X01AD (Android 9),2021-05-06T05:37:23.457Z,直立,あ,false,104.80000000000001,76.4,-16.900000000000002,9.3,8.3,2.2,8.6,-1.2000000000000002,0,14.400000000000002,15.100000000000001,-7.300000000000001
Chrome Mobile,90.0.4430.82,Asus X01AD,Asus,Blink,[object Object],Chrome Mobile 90.0.4430.82 on Asus X01AD (Android 9),2021-05-06T05:37:23.658Z,直立,あ,false,112.80000000000001,68.2,-33.2,-5.7,11.4,6.6000000000000005,-7.7,2.5,3.6,-93.3,-39.9,17.400000000000002
Chrome Mobile,90.0.4430.82,Asus X01AD,Asus,Blink,[object Object],Chrome Mobile 90.0.4430.82 on Asus X01AD (Android 9),2021-05-06T05:37:23.859Z,直立,あ,false,99.4,75,-11.700000000000001,8.9,9.700000000000001,3,8.4,0.2,0.5,31.9,21.8,-26.300000000000004
Chrome Mobile,90.0.4430.82,Asus X01AD,Asus,Blink,[object Object],Chrome Mobile 90.0.4430.82 on Asus X01AD (Android 9),2021-05-06T05:37:24.060Z,直立,あ,false,119,71,-41.5,-1.2000000000000002,9.200000000000001,2.2,-3.3000000000000003,0.1,-0.2,-55.2,-93.10000000000001,51.9
Chrome Mobile,90.0.4430.82,Asus X01AD,Asus,Blink,[object Object],Chrome Mobile 90.0.4430.82 on Asus X01AD (Android 9),2021-05-06T05:37:24.260Z,直立,あ,false,97,74.60000000000001,-13.600000000000001,3.4000000000000004,9,0.1,2.8000000000000003,-0.5,-2.5,65.3,71.5,-58.3
Chrome Mobile,90.0.4430.82,Asus X01AD,Asus,Blink,[object Object],Chrome Mobile 90.0.4430.82 on Asus X01AD (Android 9),2021-05-06T05:37:24.472Z,直立,あ,false,123.60000000000001,73.3,-43.5,1.6,8.700000000000001,1.7000000000000002,-0.30000000000000004,-0.6000000000000001,-0.30000000000000004,-66.4,-86.7,46.4
Chrome Mobile,90.0.4430.82,Asus X01AD,Asus,Blink,[object Object],Chrome Mobile 90.0.4430.82 on Asus X01AD (Android 9),2021-05-06T05:37:24.674Z,直立,あ,false,105.10000000000001,71.7,-27.700000000000003,0.4,9.700000000000001,2.3000000000000003,-1,0.4,-0.4,61.9,93.10000000000001,-72.2
Chrome Mobile,90.0.4430.82,Asus X01AD,Asus,Blink,[object Object],Chrome Mobile 90.0.4430.82 on Asus X01AD (Android 9),2021-05-06T05:37:24.880Z,直立,あ,false,117.60000000000001,77.9,-36.6,4.9,6.800000000000001,-2.2,3.9000000000000004,-2.7,-3.9000000000000004,24.1,-45.7,61.39999999999999
Chrome Mobile,90.0.4430.82,Asus X01AD,Asus,Blink,[object Object],Chrome Mobile 90.0.4430.82 on Asus X01AD (Android 9),2021-05-06T05:37:25.081Z,直立,あ,false,106.30000000000001,71.3,-29.8,-4.4,10.9,7.300000000000001,-6.1000000000000005,1.7000000000000002,4.4,50.3,71.6,-43.300000000000004
Chrome Mobile,90.0.4430.82,Asus X01AD,Asus,Blink,[object Object],Chrome Mobile 90.0.4430.82 on Asus X01AD (Android 9),2021-05-06T05:37:25.282Z,直立,あ,false,106.10000000000001,78.4,-22.400000000000002,5.2,5.9,-0.8,4.5,-3.6,-2.6,27.5,-21.900000000000002,47.5
Chrome Mobile,90.0.4430.82,Asus X01AD,Asus,Blink,[object Object],Chrome Mobile 90.0.4430.82 on Asus X01AD (Android 9),2021-05-06T05:37:25.484Z,直立,あ,false,101.10000000000001,67.5,-28.6,-7.5,11.5,10.700000000000001,-9.3,2.5,7.4,19.799999999999997,68.7,-34.2
Chrome Mobile,90.0.4430.82,Asus X01AD,Asus,Blink,[object Object],Chrome Mobile 90.0.4430.82 on Asus X01AD (Android 9),2021-05-06T05:37:25.685Z,直立,あ,false,106.30000000000001,76.5,-21.8,6.5,5.1000000000000005,1,5.7,-4.4,-1.1,18,36.5,28.1
Chrome Mobile,90.0.4430.82,Asus X01AD,Asus,Blink,[object Object],Chrome Mobile 90.0.4430.82 on Asus X01AD (Android 9),2021-05-06T05:37:25.895Z,直立,あ,false,119.60000000000001,66,-45.400000000000006,-4.6000000000000005,14.8,9,-7.4,5.9,6.2,-28,19,-4.800000000000001
Chrome Mobile,90.0.4430.82,Asus X01AD,Asus,Blink,[object Object],Chrome Mobile 90.0.4430.82 on Asus X01AD (Android 9),2021-05-06T05:37:26.103Z,直立,あ,false,104.7,76.2,-19.6,11.700000000000001,7.6000000000000005,6.4,12.4,-1.3,4.3,-2,54.199999999999996,-12.299999999999999
Chrome Mobile,90.0.4430.82,Asus X01AD,Asus,Blink,[object Object],Chrome Mobile 90.0.4430.82 on Asus X01AD (Android 9),2021-05-06T05:37:26.310Z,直立,あ,false,120.80000000000001,69,-46.900000000000006,-4.2,14,9,-6.800000000000001,4.9,6.6000000000000005,-104.4,-54.1,-14.100000000000001
Chrome Mobile,90.0.4430.82,Asus X01AD,Asus,Blink,[object Object],Chrome Mobile 90.0.4430.82 on Asus X01AD (Android 9),2021-05-06T05:37:26.513Z,直立,あ,false,93.30000000000001,77.9,-8.1,12.5,10.100000000000001,4.9,12.200000000000001,0.6000000000000001,2.8000000000000003,17.6,-1.3,0.4
Chrome Mobile,90.0.4430.82,Asus X01AD,Asus,Blink,[object Object],Chrome Mobile 90.0.4430.82 on Asus X01AD (Android 9),2021-05-06T05:37:26.714Z,直立,あ,false,122.2,72,-46.2,-4.5,11.700000000000001,2.6,-6.6000000000000005,2.5,0.5,-112.5,-73,42
Chrome Mobile,90.0.4430.82,Asus X01AD,Asus,Blink,[object Object],Chrome Mobile 90.0.4430.82 on Asus X01AD (Android 9),2021-05-06T05:37:26.915Z,直立,あ,false,96.9,76.60000000000001,-10.8,7.1000000000000005,9.8,-0.4,6.7,0.30000000000000004,-2.6,5.9,36.6,-47.7
Chrome Mobile,90.0.4430.82,Asus X01AD,Asus,Blink,[object Object],Chrome Mobile 90.0.4430.82 on Asus X01AD (Android 9),2021-05-06T05:37:27.115Z,直立,あ,false,119.7,72.9,-40.1,-1.2000000000000002,9.8,0.1,-3,0.6000000000000001,-2.1,-88.20000000000002,-84.1,46.300000000000004
Chrome Mobile,90.0.4430.82,Asus X01AD,Asus,Blink,[object Object],Chrome Mobile 90.0.4430.82 on Asus X01AD (Android 9),2021-05-06T05:37:27.316Z,直立,あ,false,105.80000000000001,76.5,-20.8,3.7,8.9,-1.8,2.9000000000000004,-0.6000000000000001,-4,51.800000000000004,57.00000000000001,-43.800000000000004
Chrome Mobile,90.0.4430.82,Asus X01AD,Asus,Blink,[object Object],Chrome Mobile 90.0.4430.82 on Asus X01AD (Android 9),2021-05-06T05:37:27.517Z,直立,あ,false,121.7,74,-39.300000000000004,2.8000000000000003,7.4,-0.7000000000000001,1.2000000000000002,-1.9000000000000001,-2.7,-40.9,-69.60000000000001,57.49999999999999
Chrome Mobile,90.0.4430.82,Asus X01AD,Asus,Blink,[object Object],Chrome Mobile 90.0.4430.82 on Asus X01AD (Android 9),2021-05-06T05:37:27.718Z,直立,あ,false,104.30000000000001,71.9,-20.200000000000003,2,10.100000000000001,2.9000000000000004,0.9,0.8,0,94.2,94.2,-38.60000000000001
Chrome Mobile,90.0.4430.82,Asus X01AD,Asus,Blink,[object Object],Chrome Mobile 90.0.4430.82 on Asus X01AD (Android 9),2021-05-06T05:37:27.918Z,直立,あ,false,128.3,76.3,-45.400000000000006,3.4000000000000004,7.5,-1.1,1.7000000000000002,-1.9000000000000001,-2.7,-10.200000000000001,-88.60000000000001,72.7
Chrome Mobile,90.0.4430.82,Asus X01AD,Asus,Blink,[object Object],Chrome Mobile 90.0.4430.82 on Asus X01AD (Android 9),2021-05-06T05:37:28.119Z,直立,あ,false,109.60000000000001,73.10000000000001,-30.8,-0.8,8.700000000000001,-0.1,-2.3000000000000003,-0.7000000000000001,-2.6,65.7,95.5,-52.60000000000001
Chrome Mobile,90.0.4430.82,Asus X01AD,Asus,Blink,[object Object],Chrome Mobile 90.0.4430.82 on Asus X01AD (Android 9),2021-05-06T05:37:28.320Z,直立,あ,false,108.10000000000001,79.9,-22.8,3.7,5.7,-3.8000000000000003,3,-3.9000000000000004,-5.300000000000001,41.900000000000006,-56.300000000000004,48.70000000000001
Chrome Mobile,90.0.4430.82,Asus X01AD,Asus,Blink,[object Object],Chrome Mobile 90.0.4430.82 on Asus X01AD (Android 9),2021-05-06T05:37:28.521Z,直立,あ,false,100.80000000000001,73.10000000000001,-21.6,-4.2,10.100000000000001,5,-5.300000000000001,0.7000000000000001,2.3000000000000003,72.30000000000001,79.5,-10.4
Chrome Mobile,90.0.4430.82,Asus X01AD,Asus,Blink,[object Object],Chrome Mobile 90.0.4430.82 on Asus X01AD (Android 9),2021-05-06T05:37:28.722Z,直立,あ,false,117.7,79.4,-29.900000000000002,4.6000000000000005,6,-1.5,3.7,-3.6,-3.1,19.6,-21.7,42.3
Chrome Mobile,90.0.4430.82,Asus X01AD,Asus,Blink,[object Object],Chrome Mobile 90.0.4430.82 on Asus X01AD (Android 9),2021-05-06T05:37:28.923Z,直立,あ,false,109.80000000000001,70.10000000000001,-30.5,-4.1000000000000005,11.5,5.300000000000001,-5.800000000000001,2.3000000000000003,2.4000000000000004,51.6,62,-39.400000000000006
Chrome Mobile,90.0.4430.82,Asus X01AD,Asus,Blink,[object Object],Chrome Mobile 90.0.4430.82 on Asus X01AD (Android 9),2021-05-06T05:37:29.124Z,直立,あ,false,114.30000000000001,78.30000000000001,-27.5,6.5,6.300000000000001,0.2,5.5,-3.3000000000000003,-1.5,4.6,27.2,6.699999999999999
Chrome Mobile,90.0.4430.82,Asus X01AD,Asus,Blink,[object Object],Chrome Mobile 90.0.4430.82 on Asus X01AD (Android 9),2021-05-06T05:37:29.324Z,直立,あ,false,108.80000000000001,69.4,-30.3,-8.200000000000001,11.9,8.700000000000001,-9.9,2.8000000000000003,5.7,-11.700000000000001,60.8,-11.700000000000001
Chrome Mobile,90.0.4430.82,Asus X01AD,Asus,Blink,[object Object],Chrome Mobile 90.0.4430.82 on Asus X01AD (Android 9),2021-05-06T05:37:29.525Z,直立,あ,false,116,75.3,-28.400000000000002,12,8.4,4.6000000000000005,10.9,-1,2.4000000000000004,16.4,-14.700000000000001,-2.7
Chrome Mobile,90.0.4430.82,Asus X01AD,Asus,Blink,[object Object],Chrome Mobile 90.0.4430.82 on Asus X01AD (Android 9),2021-05-06T05:37:29.730Z,直立,あ,false,108,69.10000000000001,-29.8,-8.3,11.4,8.200000000000001,-10,2.2,5.2,10.4,30.1,-36.7
Chrome Mobile,90.0.4430.82,Asus X01AD,Asus,Blink,[object Object],Chrome Mobile 90.0.4430.82 on Asus X01AD (Android 9),2021-05-06T05:37:29.939Z,直立,あ,false,102,76.5,-14.4,9.5,7.1000000000000005,4.5,8.9,-2.4000000000000004,2.3000000000000003,-0.2,35.1,3
Chrome Mobile,90.0.4430.82,Asus X01AD,Asus,Blink,[object Object],Chrome Mobile 90.0.4430.82 on Asus X01AD (Android 9),2021-05-06T05:37:30.140Z,直立,あ,false,112.9,68.3,-34.9,-9.1,13.700000000000001,11.3,-11.100000000000001,4.6000000000000005,8.4,-33.50000000000001,-3.6000000000000005,-6.300000000000001
Chrome Mobile,90.0.4430.82,Asus X01AD,Asus,Blink,[object Object],Chrome Mobile 90.0.4430.82 on Asus X01AD (Android 9),2021-05-06T05:37:30.341Z,直立,あ,false,102,76.9,-13.200000000000001,12.3,8.700000000000001,5.6000000000000005,11.8,-0.8,3.5,0.1,-2.2,-4.6
Chrome Mobile,90.0.4430.82,Asus X01AD,Asus,Blink,[object Object],Chrome Mobile 90.0.4430.82 on Asus X01AD (Android 9),2021-05-06T05:37:30.542Z,直立,あ,false,117.2,70.5,-38.300000000000004,-8.3,11.8,8.6,-8.5,2.7,5.4,-56.10000000000001,-21.6,-26.400000000000006
Chrome Mobile,90.0.4430.82,Asus X01AD,Asus,Blink,[object Object],Chrome Mobile 90.0.4430.82 on Asus X01AD (Android 9),2021-05-06T05:37:30.743Z,直立,あ,false,94.60000000000001,76.60000000000001,-4.800000000000001,12.5,9.200000000000001,7.7,12.3,-0.30000000000000004,5.5,9,11.2,-1
Chrome Mobile,90.0.4430.82,Asus X01AD,Asus,Blink,[object Object],Chrome Mobile 90.0.4430.82 on Asus X01AD (Android 9),2021-05-06T05:37:30.945Z,直立,あ,false,109.7,70.3,-31.3,-6.300000000000001,12.700000000000001,6.9,-8,3.6,4.2,-75.2,-68.1,12.5
Chrome Mobile,90.0.4430.82,Asus X01AD,Asus,Blink,[object Object],Chrome Mobile 90.0.4430.82 on Asus X01AD (Android 9),2021-05-06T05:37:31.146Z,直立,あ,false,85.7,79.10000000000001,-2,6.4,9.8,3.7,6.300000000000001,0.2,1.8,13.000000000000002,1.9,-33.2
Chrome Mobile,90.0.4430.82,Asus X01AD,Asus,Blink,[object Object],Chrome Mobile 90.0.4430.82 on Asus X01AD (Android 9),2021-05-06T05:37:31.348Z,直立,あ,false,117.9,75.7,-39.5,-3.7,9.9,2.9000000000000004,-5.2,0.6000000000000001,1.1,-61.599999999999994,-65.6,46.1
Chrome Mobile,90.0.4430.82,Asus X01AD,Asus,Blink,[object Object],Chrome Mobile 90.0.4430.82 on Asus X01AD (Android 9),2021-05-06T05:37:31.549Z,直立,あ,false,85.80000000000001,79.5,-1.7000000000000002,5.2,9.5,-0.6000000000000001,5.1000000000000005,-0.1,-2.3000000000000003,18.200000000000003,32.6,-44.10000000000001
Chrome Mobile,90.0.4430.82,Asus X01AD,Asus,Blink,[object Object],Chrome Mobile 90.0.4430.82 on Asus X01AD (Android 9),2021-05-06T05:37:31.750Z,直立,あ,false,114.5,76.5,-34,-3.1,9.200000000000001,2.5,-4.4,-0.30000000000000004,0.6000000000000001,-18.6,-76.80000000000001,67.5
Chrome Mobile,90.0.4430.82,Asus X01AD,Asus,Blink,[object Object],Chrome Mobile 90.0.4430.82 on Asus X01AD (Android 9),2021-05-06T05:37:31.961Z,直立,あ,false,106.9,77.60000000000001,-19.3,3,10,-0.5,2.3000000000000003,0.5,-2.5,40.1,71.19999999999999,-44.5
Chrome Mobile,90.0.4430.82,Asus X01AD,Asus,Blink,[object Object],Chrome Mobile 90.0.4430.82 on Asus X01AD (Android 9),2021-05-06T05:37:32.162Z,直立,あ,false,127.60000000000001,79.4,-43.5,-2.4000000000000004,7.9,-0.6000000000000001,-3.6,-1.6,-1.9000000000000001,-34.900000000000006,-73.30000000000001,53
Chrome Mobile,90.0.4430.82,Asus X01AD,Asus,Blink,[object Object],Chrome Mobile 90.0.4430.82 on Asus X01AD (Android 9),2021-05-06T05:37:32.362Z,直立,あ,false,108,79.30000000000001,-20.1,2.7,10.700000000000001,-3.9000000000000004,2.1,1.1,-5.6000000000000005,29.1,46,-64
Chrome Mobile,90.0.4430.82,Asus X01AD,Asus,Blink,[object Object],Chrome Mobile 90.0.4430.82 on Asus X01AD (Android 9),2021-05-06T05:37:32.563Z,直立,あ,false,128.8,78.4,-42.800000000000004,1.4000000000000001,7.7,0.7000000000000001,0.1,-1.7000000000000002,-0.7000000000000001,-41.6,-66.5,65.89999999999999
Chrome Mobile,90.0.4430.82,Asus X01AD,Asus,Blink,[object Object],Chrome Mobile 90.0.4430.82 on Asus X01AD (Android 9),2021-05-06T05:37:32.764Z,直立,あ,false,113.2,76.5,-23.8,-0.6000000000000001,9.5,2.1,-1.5,0,0,27.5,115.8,-60.900000000000006
Chrome Mobile,90.0.4430.82,Asus X01AD,Asus,Blink,[object Object],Chrome Mobile 90.0.4430.82 on Asus X01AD (Android 9),2021-05-06T05:37:32.965Z,直立,あ,false,140.6,80.60000000000001,-47.400000000000006,4.4,7,-3,3.3000000000000003,-2.5,-4.1000000000000005,-45.3,-69.80000000000001,51.50000000000001
Chrome Mobile,90.0.4430.82,Asus X01AD,Asus,Blink,[object Object],Chrome Mobile 90.0.4430.82 on Asus X01AD (Android 9),2021-05-06T05:37:33.166Z,直立,あ,false,108.10000000000001,75.4,-25.900000000000002,-5.9,9.9,6.6000000000000005,-7,0.4,4.3,37.50000000000001,66.2,-79.6
Chrome Mobile,90.0.4430.82,Asus X01AD,Asus,Blink,[object Object],Chrome Mobile 90.0.4430.82 on Asus X01AD (Android 9),2021-05-06T05:37:33.366Z,直立,あ,false,112.2,83,-16.3,7,7.7,-3.8000000000000003,6.7,-2,-4.9,2.3,-26.400000000000006,41
Chrome Mobile,90.0.4430.82,Asus X01AD,Asus,Blink,[object Object],Chrome Mobile 90.0.4430.82 on Asus X01AD (Android 9),2021-05-06T05:37:33.567Z,直立,あ,false,123.2,72.60000000000001,-41.400000000000006,-5.6000000000000005,13.100000000000001,4.800000000000001,-7.6000000000000005,3.8000000000000003,2.6,-5.1000000000000005,25.1,-16
Chrome Mobile,90.0.4430.82,Asus X01AD,Asus,Blink,[object Object],Chrome Mobile 90.0.4430.82 on Asus X01AD (Android 9),2021-05-06T05:37:33.768Z,直立,あ,false,96.80000000000001,80.80000000000001,-6.5,13.700000000000001,10.700000000000001,-0.6000000000000001,13.600000000000001,1,-2.1,15.700000000000001,-20,-30.599999999999998
Chrome Mobile,90.0.4430.82,Asus X01AD,Asus,Blink,[object Object],Chrome Mobile 90.0.4430.82 on Asus X01AD (Android 9),2021-05-06T05:37:33.969Z,直立,あ,false,114.9,75.7,-35.800000000000004,-7.6000000000000005,11.8,6.1000000000000005,-9,2.4000000000000004,4.1000000000000005,-52.60000000000001,-40.1,18.1
Chrome Mobile,90.0.4430.82,Asus X01AD,Asus,Blink,[object Object],Chrome Mobile 90.0.4430.82 on Asus X01AD (Android 9),2021-05-06T05:37:34.170Z,直立,あ,false,86.9,81.80000000000001,2,10.200000000000001,11,1.8,10.200000000000001,1.3,0.4,13.3,7.6,-13.399999999999999
Chrome Mobile,90.0.4430.82,Asus X01AD,Asus,Blink,[object Object],Chrome Mobile 90.0.4430.82 on Asus X01AD (Android 9),2021-05-06T05:37:34.372Z,直立,あ,false,123.9,77,-42.900000000000006,-3,10.5,1.6,-4.4,1.1,0,-59.80000000000001,-82.10000000000001,47.7
Chrome Mobile,90.0.4430.82,Asus X01AD,Asus,Blink,[object Object],Chrome Mobile 90.0.4430.82 on Asus X01AD (Android 9),2021-05-06T05:37:34.573Z,直立,あ,false,87.30000000000001,79.30000000000001,-0.6000000000000001,-0.30000000000000004,8.4,-0.5,-1,-1.3,-3.5,25.5,66,-45.6
Chrome Mobile,90.0.4430.82,Asus X01AD,Asus,Blink,[object Object],Chrome Mobile 90.0.4430.82 on Asus X01AD (Android 9),2021-05-06T05:37:34.774Z,直立,あ,false,127.2,80,-40.800000000000004,3.6,8.700000000000001,0.30000000000000004,2.5,-0.9,-0.9,-39.2,-72.10000000000001,42.800000000000004
Chrome Mobile,90.0.4430.82,Asus X01AD,Asus,Blink,[object Object],Chrome Mobile 90.0.4430.82 on Asus X01AD (Android 9),2021-05-06T05:37:34.975Z,直立,あ,false,104.80000000000001,78.2,-19.5,-1.2000000000000002,9.5,-3,-1.8,0,-4.9,49.699999999999996,63.8,-29.200000000000003
Chrome Mobile,90.0.4430.82,Asus X01AD,Asus,Blink,[object Object],Chrome Mobile 90.0.4430.82 on Asus X01AD (Android 9),2021-05-06T05:37:35.177Z,直立,あ,false,108.2,81,-20.200000000000003,4.2,7.2,-1.8,3.8000000000000003,-2.3000000000000003,-3.3000000000000003,22.3,-55.7,51.70000000000001
Chrome Mobile,90.0.4430.82,Asus X01AD,Asus,Blink,[object Object],Chrome Mobile 90.0.4430.82 on Asus X01AD (Android 9),2021-05-06T05:37:35.378Z,直立,あ,false,106.80000000000001,74.3,-23.900000000000002,-4.2,11.200000000000001,3,-5.300000000000001,1.8,0.6000000000000001,50.400000000000006,60.900000000000006,-40.6
Chrome Mobile,90.0.4430.82,Asus X01AD,Asus,Blink,[object Object],Chrome Mobile 90.0.4430.82 on Asus X01AD (Android 9),2021-05-06T05:37:35.578Z,直立,あ,false,92.9,81.30000000000001,-2.7,6.4,6.9,0.7000000000000001,6.300000000000001,-2.7,-0.7000000000000001,22.3,42.900000000000006,-4.300000000000001
Chrome Mobile,90.0.4430.82,Asus X01AD,Asus,Blink,[object Object],Chrome Mobile 90.0.4430.82 on Asus X01AD (Android 9),2021-05-06T05:37:35.785Z,直立,あ,false,103.60000000000001,70.5,-21.8,-5.2,14.3,5.6000000000000005,-6.4,5.2,2.5,-4.2,-5.300000000000001,25.1
Chrome Mobile,90.0.4430.82,Asus X01AD,Asus,Blink,[object Object],Chrome Mobile 90.0.4430.82 on Asus X01AD (Android 9),2021-05-06T05:37:35.985Z,直立,あ,false,78.80000000000001,78.10000000000001,11.100000000000001,8.6,8.4,1.4000000000000001,9,-1.2000000000000002,-0.5,23.2,19.700000000000003,-11.3
Chrome Mobile,90.0.4430.82,Asus X01AD,Asus,Blink,[object Object],Chrome Mobile 90.0.4430.82 on Asus X01AD (Android 9),2021-05-06T05:37:36.188Z,直立,あ,false,115.7,75.10000000000001,-36,-6,12.9,5.1000000000000005,-7.4,3.5,3.1,-76.1,-55,33.9
Chrome Mobile,90.0.4430.82,Asus X01AD,Asus,Blink,[object Object],Chrome Mobile 90.0.4430.82 on Asus X01AD (Android 9),2021-05-06T05:37:36.389Z,直立,あ,false,86.10000000000001,79.4,4.7,6.6000000000000005,9.9,0.9,6.800000000000001,0.4,-0.9,6.4,29.400000000000002,-18.3
Chrome Mobile,90.0.4430.82,Asus X01AD,Asus,Blink,[object Object],Chrome Mobile 90.0.4430.82 on Asus X01AD (Android 9),2021-05-06T05:37:36.589Z,直立,あ,false,116.4,75,-32.7,-4.6000000000000005,11,3.8000000000000003,-5.9,1.7000000000000002,1.7000000000000002,-71,-79.39999999999999,46.9
Chrome Mobile,90.0.4430.82,Asus X01AD,Asus,Blink,[object Object],Chrome Mobile 90.0.4430.82 on Asus X01AD (Android 9),2021-05-06T05:37:36.790Z,直立,あ,false,91.60000000000001,77.7,-0.8,1.8,9.5,-0.2,1.8,0,-2.3000000000000003,16.3,89,-58
Chrome Mobile,90.0.4430.82,Asus X01AD,Asus,Blink,[object Object],Chrome Mobile 90.0.4430.82 on Asus X01AD (Android 9),2021-05-06T05:37:36.992Z,直立,あ,false,113.60000000000001,77.5,-24.700000000000003,1.8,8.6,2.7,0.9,-0.9,0.8,-44.8,-87.60000000000001,39.300000000000004
Chrome Mobile,90.0.4430.82,Asus X01AD,Asus,Blink,[object Object],Chrome Mobile 90.0.4430.82 on Asus X01AD (Android 9),2021-05-06T05:37:37.194Z,直立,あ,false,100.60000000000001,77.4,-13.100000000000001,-1.4000000000000001,9.3,-0.2,-1.8,-0.30000000000000004,-2.2,33.2,76.89999999999999,-49.1
Chrome Mobile,90.0.4430.82,Asus X01AD,Asus,Blink,[object Object],Chrome Mobile 90.0.4430.82 on Asus X01AD (Android 9),2021-05-06T05:37:37.395Z,直立,あ,false,109.60000000000001,80.5,-17.2,5.5,7.800000000000001,-2.3000000000000003,5.1000000000000005,-1.8,-3.8000000000000003,-11.700000000000001,-54.199999999999996,54.1
Chrome Mobile,90.0.4430.82,Asus X01AD,Asus,Blink,[object Object],Chrome Mobile 90.0.4430.82 on Asus X01AD (Android 9),2021-05-06T05:37:37.596Z,直立,あ,false,106,73.60000000000001,-20.400000000000002,-6.4,9.8,3.3000000000000003,-7.300000000000001,0.4,0.7000000000000001,50,48.70000000000001,-19.799999999999997
Chrome Mobile,90.0.4430.82,Asus X01AD,Asus,Blink,[object Object],Chrome Mobile 90.0.4430.82 on Asus X01AD (Android 9),2021-05-06T05:37:37.796Z,直立,あ,false,97.2,79.4,-5,7.800000000000001,7.4,3.2,7.6000000000000005,-2.2,1.4000000000000001,31.7,7.6,12.200000000000001
Chrome Mobile,90.0.4430.82,Asus X01AD,Asus,Blink,[object Object],Chrome Mobile 90.0.4430.82 on Asus X01AD (Android 9),2021-05-06T05:37:38.008Z,直立,あ,false,111.2,75.2,-28.200000000000003,-8.200000000000001,11.8,6.6000000000000005,-9.5,2.4000000000000004,4.4,-15.5,-2.3,-7.200000000000001
Chrome Mobile,90.0.4430.82,Asus X01AD,Asus,Blink,[object Object],Chrome Mobile 90.0.4430.82 on Asus X01AD (Android 9),2021-05-06T05:37:38.209Z,直立,あ,false,92,79.10000000000001,-0.30000000000000004,11.9,9.5,8.200000000000001,11.9,-0.1,6.4,5.6,-5,-5.9
Chrome Mobile,90.0.4430.82,Asus X01AD,Asus,Blink,[object Object],Chrome Mobile 90.0.4430.82 on Asus X01AD (Android 9),2021-05-06T05:37:38.410Z,直立,あ,false,114.80000000000001,74.2,-32.9,-5,13.100000000000001,6.300000000000001,-6.4,3.7,4.1000000000000005,-59.699999999999996,-43.00000000000001,12.5
Chrome Mobile,90.0.4430.82,Asus X01AD,Asus,Blink,[object Object],Chrome Mobile 90.0.4430.82 on Asus X01AD (Android 9),2021-05-06T05:37:38.610Z,直立,あ,false,89.2,79.5,2.5,4.1000000000000005,9.9,2.5,4.2,0.30000000000000004,0.7000000000000001,16,42.7,-12
Chrome Mobile,90.0.4430.82,Asus X01AD,Asus,Blink,[object Object],Chrome Mobile 90.0.4430.82 on Asus X01AD (Android 9),2021-05-06T05:37:38.811Z,直立,あ,false,119.30000000000001,78.30000000000001,-32.1,-1.7000000000000002,9.1,2,-2.7,-0.30000000000000004,0.4,-46.50000000000001,-80.4,37.7
Chrome Mobile,90.0.4430.82,Asus X01AD,Asus,Blink,[object Object],Chrome Mobile 90.0.4430.82 on Asus X01AD (Android 9),2021-05-06T05:37:39.011Z,直立,あ,false,95.4,77.10000000000001,-3,-0.2,9.3,0.8,-0.30000000000000004,-0.2,-1.4000000000000001,37.9,53,-31.3
Chrome Mobile,90.0.4430.82,Asus X01AD,Asus,Blink,[object Object],Chrome Mobile 90.0.4430.82 on Asus X01AD (Android 9),2021-05-06T05:37:39.216Z,直立,あ,false,120.2,80.10000000000001,-32,3.1,7.7,0,2.2,-1.8,-1.4000000000000001,-23.2,-84.9,47
Chrome Mobile,90.0.4430.82,Asus X01AD,Asus,Blink,[object Object],Chrome Mobile 90.0.4430.82 on Asus X01AD (Android 9),2021-05-06T05:37:39.416Z,直立,あ,false,108.2,78.10000000000001,-22.700000000000003,-2.4000000000000004,9.1,0.4,-3.2,-0.4,-1.5,19.700000000000003,92.60000000000001,-47.80000000000001
Chrome Mobile,90.0.4430.82,Asus X01AD,Asus,Blink,[object Object],Chrome Mobile 90.0.4430.82 on Asus X01AD (Android 9),2021-05-06T05:37:39.618Z,直立,あ,false,95,81.4,-1.8,4.3,7,-1.4000000000000001,4.3,-2.6,-2.8000000000000003,42.800000000000004,-21.500000000000004,38.300000000000004
Chrome Mobile,90.0.4430.82,Asus X01AD,Asus,Blink,[object Object],Chrome Mobile 90.0.4430.82 on Asus X01AD (Android 9),2021-05-06T05:37:39.819Z,直立,あ,false,111,75.5,-26.1,-6.300000000000001,11.3,4.1000000000000005,-7.300000000000001,1.9000000000000001,1.9000000000000001,17.5,57.9,-24.200000000000003
Chrome Mobile,90.0.4430.82,Asus X01AD,Asus,Blink,[object Object],Chrome Mobile 90.0.4430.82 on Asus X01AD (Android 9),2021-05-06T05:37:40.020Z,直立,あ,false,82.9,79.7,13.8,10,7.300000000000001,5,10.4,-2.2,3.3000000000000003,-1.8000000000000003,19.1,5.500000000000001
Chrome Mobile,90.0.4430.82,Asus X01AD,Asus,Blink,[object Object],Chrome Mobile 90.0.4430.82 on Asus X01AD (Android 9),2021-05-06T05:37:40.221Z,直立,あ,false,114.9,74.2,-31.900000000000002,-6.6000000000000005,12.700000000000001,7.1000000000000005,-8,3.3000000000000003,4.9,-33.300000000000004,-11.000000000000002,8.899999999999999
Chrome Mobile,90.0.4430.82,Asus X01AD,Asus,Blink,[object Object],Chrome Mobile 90.0.4430.82 on Asus X01AD (Android 9),2021-05-06T05:37:40.422Z,直立,あ,false,87.7,79.7,5.1000000000000005,6.9,10.600000000000001,4.6000000000000005,7.1000000000000005,1,2.9000000000000004,30.000000000000004,41.1,-16.3
Chrome Mobile,90.0.4430.82,Asus X01AD,Asus,Blink,[object Object],Chrome Mobile 90.0.4430.82 on Asus X01AD (Android 9),2021-05-06T05:37:40.623Z,直立,あ,false,119.4,78,-32.2,-2.2,9,2.1,-3.2,-0.4,0.5,-36.1,-87.2,52.7
Chrome Mobile,90.0.4430.82,Asus X01AD,Asus,Blink,[object Object],Chrome Mobile 90.0.4430.82 on Asus X01AD (Android 9),2021-05-06T05:37:40.824Z,直立,あ,false,98.9,79.80000000000001,-11.200000000000001,-0.4,9.600000000000001,-0.6000000000000001,-0.8,-0.1,-2.3000000000000003,48.300000000000004,72.10000000000001,-51.9
Chrome Mobile,90.0.4430.82,Asus X01AD,Asus,Blink,[object Object],Chrome Mobile 90.0.4430.82 on Asus X01AD (Android 9),2021-05-06T05:37:41.026Z,直立,あ,false,103,81.80000000000001,-11.5,4.1000000000000005,8.4,-0.1,3.8000000000000003,-1.2000000000000002,-1.5,7.6,-71,40
Chrome Mobile,90.0.4430.82,Asus X01AD,Asus,Blink,[object Object],Chrome Mobile 90.0.4430.82 on Asus X01AD (Android 9),2021-05-06T05:37:41.233Z,直立,あ,false,106,76.7,-20.200000000000003,-5.800000000000001,10.5,3.1,-6.6000000000000005,1,1,25.1,46.800000000000004,-14
Chrome Mobile,90.0.4430.82,Asus X01AD,Asus,Blink,[object Object],Chrome Mobile 90.0.4430.82 on Asus X01AD (Android 9),2021-05-06T05:37:41.434Z,直立,あ,false,92.30000000000001,81.4,2.8000000000000003,9.5,8.700000000000001,4.4,9.5,-1,3,1.1,23.6,-23
Chrome Mobile,90.0.4430.82,Asus X01AD,Asus,Blink,[object Object],Chrome Mobile 90.0.4430.82 on Asus X01AD (Android 9),2021-05-06T05:37:41.634Z,直立,あ,false,114.4,75.60000000000001,-29.5,-6.2,13,6.5,-7.4,3.6,4.4,-54.9,-40.5,19.799999999999997
Chrome Mobile,90.0.4430.82,Asus X01AD,Asus,Blink,[object Object],Chrome Mobile 90.0.4430.82 on Asus X01AD (Android 9),2021-05-06T05:37:41.835Z,直立,あ,false,96,83.30000000000001,-1.1,8.700000000000001,10.200000000000001,-1.9000000000000001,8.700000000000001,0.5,-3,42.1,8.5,2.4000000000000004
Chrome Mobile,90.0.4430.82,Asus X01AD,Asus,Blink,[object Object],Chrome Mobile 90.0.4430.82 on Asus X01AD (Android 9),2021-05-06T05:37:42.036Z,直立,あ,false,126.80000000000001,78.5,-38.5,-4.4,11.600000000000001,2,-5.6000000000000005,2.2,0.5,-77.7,-56.9,33.50000000000001
Chrome Mobile,90.0.4430.82,Asus X01AD,Asus,Blink,[object Object],Chrome Mobile 90.0.4430.82 on Asus X01AD (Android 9),2021-05-06T05:37:42.237Z,直立,あ,false,86,80.4,10.200000000000001,3.3000000000000003,9.3,-0.6000000000000001,2.4000000000000004,-0.5,-1.8,30.5,44.7,-20.900000000000002
Chrome Mobile,90.0.4430.82,Asus X01AD,Asus,Blink,[object Object],Chrome Mobile 90.0.4430.82 on Asus X01AD (Android 9),2021-05-06T05:37:42.438Z,直立,あ,false,116.10000000000001,79,-23.700000000000003,-0.6000000000000001,8.8,0.4,-1.3,-0.7000000000000001,-1.3,-46.50000000000001,-72.60000000000001,39.9
Chrome Mobile,90.0.4430.82,Asus X01AD,Asus,Blink,[object Object],Chrome Mobile 90.0.4430.82 on Asus X01AD (Android 9),2021-05-06T05:37:42.638Z,直立,あ,false,94.60000000000001,80.10000000000001,-1.2000000000000002,-1,8.4,-2.5,-1,-1.2000000000000002,-4.2,21.200000000000003,97.40000000000002,-64.30000000000001
Chrome Mobile,90.0.4430.82,Asus X01AD,Asus,Blink,[object Object],Chrome Mobile 90.0.4430.82 on Asus X01AD (Android 9),2021-05-06T05:37:42.839Z,直立,あ,false,106.60000000000001,82.80000000000001,-10.100000000000001,0.6000000000000001,6.5,-0.4,0.4,-3.1,-1.6,4.2,-67.60000000000001,70.7
Chrome Mobile,90.0.4430.82,Asus X01AD,Asus,Blink,[object Object],Chrome Mobile 90.0.4430.82 on Asus X01AD (Android 9),2021-05-06T05:37:43.040Z,直立,あ,false,114.80000000000001,76.60000000000001,-28,-3.9000000000000004,12.200000000000001,3.9000000000000004,-5,2.7,1.9000000000000001,44.10000000000001,42.400000000000006,-47.60000000000001
Chrome Mobile,90.0.4430.82,Asus X01AD,Asus,Blink,[object Object],Chrome Mobile 90.0.4430.82 on Asus X01AD (Android 9),2021-05-06T05:37:43.241Z,直立,あ,false,84.5,83.2,13.600000000000001,6.300000000000001,7.1000000000000005,1.2000000000000002,6.5,-2.5,0.1,5,12.600000000000001,17.200000000000003
Chrome Mobile,90.0.4430.82,Asus X01AD,Asus,Blink,[object Object],Chrome Mobile 90.0.4430.82 on Asus X01AD (Android 9),2021-05-06T05:37:43.442Z,直立,あ,false,115.60000000000001,75.4,-27,-5.1000000000000005,14.100000000000001,6.7,-6.2,4.7,4.5,18.4,2.1,1
Chrome Mobile,90.0.4430.82,Asus X01AD,Asus,Blink,[object Object],Chrome Mobile 90.0.4430.82 on Asus X01AD (Android 9),2021-05-06T05:37:43.642Z,直立,あ,false,89.80000000000001,83.7,7.300000000000001,7.4,7.5,1.2000000000000002,7.5,-2.2,0.2,-6.9,16.5,-19
Chrome Mobile,90.0.4430.82,Asus X01AD,Asus,Blink,[object Object],Chrome Mobile 90.0.4430.82 on Asus X01AD (Android 9),2021-05-06T05:37:43.843Z,直立,あ,false,113.10000000000001,76.2,-26.5,-7.5,12.9,7.6000000000000005,-8.5,3.5,5.5,-13.3,10.9,-2.9
Chrome Mobile,90.0.4430.82,Asus X01AD,Asus,Blink,[object Object],Chrome Mobile 90.0.4430.82 on Asus X01AD (Android 9),2021-05-06T05:37:44.051Z,直立,あ,false,102.4,81.4,-7.1000000000000005,13.8,10.5,3.5,13.600000000000001,0.9,2.1,10,-21.900000000000002,-8.899999999999999
Chrome Mobile,90.0.4430.82,Asus X01AD,Asus,Blink,[object Object],Chrome Mobile 90.0.4430.82 on Asus X01AD (Android 9),2021-05-06T05:37:44.256Z,直立,あ,false,113.9,75.5,-27.400000000000002,-6.6000000000000005,14.100000000000001,6.9,-7.800000000000001,4.6000000000000005,4.800000000000001,-24.599999999999998,-28.1,-19.700000000000003
Chrome Mobile,90.0.4430.82,Asus X01AD,Asus,Blink,[object Object],Chrome Mobile 90.0.4430.82 on Asus X01AD (Android 9),2021-05-06T05:37:44.457Z,直立,あ,false,64.5,80.7,31.200000000000003,7.9,10.3,1.7000000000000002,8.700000000000001,0.7000000000000001,0.4,12.100000000000001,-12.100000000000001,-3.2
Chrome Mobile,90.0.4430.82,Asus X01AD,Asus,Blink,[object Object],Chrome Mobile 90.0.4430.82 on Asus X01AD (Android 9),2021-05-06T05:37:44.658Z,直立,あ,false,106.2,77,-17.6,-4.5,11.700000000000001,4,-5.2,2.3000000000000003,2,-61.10000000000001,-62.800000000000004,49.300000000000004
Chrome Mobile,90.0.4430.82,Asus X01AD,Asus,Blink,[object Object],Chrome Mobile 90.0.4430.82 on Asus X01AD (Android 9),2021-05-06T05:37:44.859Z,直立,あ,false,75.8,82,19.700000000000003,8.9,11.200000000000001,-0.7000000000000001,7.6000000000000005,1.1,-1.6,46.50000000000001,20.1,-11.000000000000002
Chrome Mobile,90.0.4430.82,Asus X01AD,Asus,Blink,[object Object],Chrome Mobile 90.0.4430.82 on Asus X01AD (Android 9),2021-05-06T05:37:45.063Z,直立,あ,false,105.60000000000001,79.5,-19.200000000000003,-6.2,11.8,5.800000000000001,-6.800000000000001,2.3000000000000003,4.1000000000000005,-53.7,-65.5,43.00000000000001
Chrome Mobile,90.0.4430.82,Asus X01AD,Asus,Blink,[object Object],Chrome Mobile 90.0.4430.82 on Asus X01AD (Android 9),2021-05-06T05:37:45.263Z,直立,あ,false,80.7,79.60000000000001,17.6,8,11.9,2.3000000000000003,8.5,2.4000000000000004,0.6000000000000001,41.6,-5.500000000000001,31.9
Chrome Mobile,90.0.4430.82,Asus X01AD,Asus,Blink,[object Object],Chrome Mobile 90.0.4430.82 on Asus X01AD (Android 9),2021-05-06T05:37:45.464Z,直立,あ,false,115.4,78.30000000000001,-25.1,-3.3000000000000003,10.4,2.4000000000000004,-4.1000000000000005,0.9,0.6000000000000001,-45.3,-71.5,53.7
Chrome Mobile,90.0.4430.82,Asus X01AD,Asus,Blink,[object Object],Chrome Mobile 90.0.4430.82 on Asus X01AD (Android 9),2021-05-06T05:37:45.665Z,直立,あ,false,76.60000000000001,79.9,18,2.4000000000000004,11.100000000000001,2.8000000000000003,2.9000000000000004,1.5,1.2000000000000002,38.1,70.3,-59.40000000000001
Chrome Mobile,90.0.4430.82,Asus X01AD,Asus,Blink,[object Object],Chrome Mobile 90.0.4430.82 on Asus X01AD (Android 9),2021-05-06T05:37:45.866Z,直立,あ,false,122.10000000000001,80.7,-30.200000000000003,-1,9.1,1.2000000000000002,-1.8,-0.4,-0.2,-71.5,-79.1,50.60000000000001
Chrome Mobile,90.0.4430.82,Asus X01AD,Asus,Blink,[object Object],Chrome Mobile 90.0.4430.82 on Asus X01AD (Android 9),2021-05-06T05:37:46.066Z,直立,あ,false,100.4,78.7,-5.6000000000000005,-0.2,9.3,0.2,-0.30000000000000004,-0.30000000000000004,-1.7000000000000002,40.6,79.8,-43.300000000000004
Chrome Mobile,90.0.4430.82,Asus X01AD,Asus,Blink,[object Object],Chrome Mobile 90.0.4430.82 on Asus X01AD (Android 9),2021-05-06T05:37:46.267Z,直立,あ,false,109.80000000000001,82.7,-13.8,2.1,6.9,-2,1.8,-2.7,-3.2,-7.200000000000001,-86.1,62.199999999999996
Chrome Mobile,90.0.4430.82,Asus X01AD,Asus,Blink,[object Object],Chrome Mobile 90.0.4430.82 on Asus X01AD (Android 9),2021-05-06T05:37:46.469Z,直立,あ,false,107,77.2,-15.700000000000001,-2.6,9.8,2.5,-3.2,0.30000000000000004,0.4,53.7,72.2,-25.1
Chrome Mobile,90.0.4430.82,Asus X01AD,Asus,Blink,[object Object],Chrome Mobile 90.0.4430.82 on Asus X01AD (Android 9),2021-05-06T05:37:46.670Z,直立,あ,false,106.30000000000001,82.2,-9.9,2.4000000000000004,6.6000000000000005,-0.7000000000000001,2.2,-3.1,-1.9000000000000001,8.8,-28,8.2
Chrome Mobile,90.0.4430.82,Asus X01AD,Asus,Blink,[object Object],Chrome Mobile 90.0.4430.82 on Asus X01AD (Android 9),2021-05-06T05:37:46.871Z,直立,あ,false,96.10000000000001,75.7,-5.7,-7.300000000000001,11,5.7,-7.5,1.5,3.3000000000000003,21.500000000000004,104.60000000000001,-50.7
Chrome Mobile,90.0.4430.82,Asus X01AD,Asus,Blink,[object Object],Chrome Mobile 90.0.4430.82 on Asus X01AD (Android 9),2021-05-06T05:37:47.072Z,直立,あ,false,100,82.10000000000001,-1.6,4.1000000000000005,6.7,-1.8,4,-2.8000000000000003,-3.1,14.300000000000002,-42.400000000000006,53.8
Chrome Mobile,90.0.4430.82,Asus X01AD,Asus,Blink,[object Object],Chrome Mobile 90.0.4430.82 on Asus X01AD (Android 9),2021-05-06T05:37:47.273Z,直立,あ,false,111,74.10000000000001,-21.5,-5.6000000000000005,12,4.6000000000000005,-6.6000000000000005,2.6,2.2,29.300000000000004,51,-25.6
Chrome Mobile,90.0.4430.82,Asus X01AD,Asus,Blink,[object Object],Chrome Mobile 90.0.4430.82 on Asus X01AD (Android 9),2021-05-06T05:37:47.475Z,直立,あ,false,93,81.9,5.1000000000000005,8.1,7.300000000000001,1.6,8.200000000000001,-2.4000000000000004,0.2,-4.5,32.2,-28.800000000000004
Chrome Mobile,90.0.4430.82,Asus X01AD,Asus,Blink,[object Object],Chrome Mobile 90.0.4430.82 on Asus X01AD (Android 9),2021-05-06T05:37:47.681Z,直立,あ,false,117,73.5,-32.1,-7.4,12.4,7.7,-8.9,3.1,5.4,-34.800000000000004,12.299999999999999,14.700000000000001
Chrome Mobile,90.0.4430.82,Asus X01AD,Asus,Blink,[object Object],Chrome Mobile 90.0.4430.82 on Asus X01AD (Android 9),2021-05-06T05:37:47.882Z,直立,あ,false,102.4,82.7,-4.7,10.600000000000001,10.200000000000001,1.3,10.5,0.5,0.1,51.9,6.300000000000001,-19.5
Chrome Mobile,90.0.4430.82,Asus X01AD,Asus,Blink,[object Object],Chrome Mobile 90.0.4430.82 on Asus X01AD (Android 9),2021-05-06T05:37:48.084Z,直立,あ,false,126.9,77,-32.6,-4.5,13.100000000000001,2.9000000000000004,-5.6000000000000005,3.7,1.1,-72.2,-67.60000000000001,58.900000000000006
Chrome Mobile,90.0.4430.82,Asus X01AD,Asus,Blink,[object Object],Chrome Mobile 90.0.4430.82 on Asus X01AD (Android 9),2021-05-06T05:37:48.285Z,直立,あ,false,97.7,82.10000000000001,2.5,3.5,7.9,-0.30000000000000004,3.5,-1.7000000000000002,-1.6,29.400000000000002,50.2,-37.800000000000004
Chrome Mobile,90.0.4430.82,Asus X01AD,Asus,Blink,[object Object],Chrome Mobile 90.0.4430.82 on Asus X01AD (Android 9),2021-05-06T05:37:48.486Z,直立,あ,false,121.2,77.60000000000001,-25.200000000000003,-1.9000000000000001,10.700000000000001,3.5,-2.8000000000000003,1.3,1.6,-63,-57.1,43.300000000000004
Chrome Mobile,90.0.4430.82,Asus X01AD,Asus,Blink,[object Object],Chrome Mobile 90.0.4430.82 on Asus X01AD (Android 9),2021-05-06T05:37:48.687Z,直立,あ,false,99.10000000000001,81,-0.4,0.9,8.8,-0.8,0.9,-0.9,-2.4000000000000004,37.9,47.1,-53
Chrome Mobile,90.0.4430.82,Asus X01AD,Asus,Blink,[object Object],Chrome Mobile 90.0.4430.82 on Asus X01AD (Android 9),2021-05-06T05:37:48.888Z,直立,あ,false,130.70000000000002,79.80000000000001,-33.6,1.2000000000000002,8.4,1.7000000000000002,0.30000000000000004,-1.1,0.30000000000000004,-52.2,-68.5,52.5
Chrome Mobile,90.0.4430.82,Asus X01AD,Asus,Blink,[object Object],Chrome Mobile 90.0.4430.82 on Asus X01AD (Android 9),2021-05-06T05:37:49.089Z,直立,あ,false,112.10000000000001,77.80000000000001,-16.2,0.4,10.3,1.6,-0.1,0.7000000000000001,-0.4,64.30000000000001,43.900000000000006,-41.6
Chrome Mobile,90.0.4430.82,Asus X01AD,Asus,Blink,[object Object],Chrome Mobile 90.0.4430.82 on Asus X01AD (Android 9),2021-05-06T05:37:49.290Z,直立,あ,false,124.60000000000001,82.10000000000001,-27.1,4.3,7.4,-1,3.5,-2.5,-2.2,-6.8,-43.6,70.2
Chrome Mobile,90.0.4430.82,Asus X01AD,Asus,Blink,[object Object],Chrome Mobile 90.0.4430.82 on Asus X01AD (Android 9),2021-05-06T05:37:49.491Z,直立,あ,false,122.80000000000001,73.9,-29.400000000000002,-4.4,11.600000000000001,5.2,-5.800000000000001,2.2,2.8000000000000003,26.000000000000004,35.699999999999996,-26.1
Chrome Mobile,90.0.4430.82,Asus X01AD,Asus,Blink,[object Object],Chrome Mobile 90.0.4430.82 on Asus X01AD (Android 9),2021-05-06T05:37:49.692Z,直立,あ,false,112.60000000000001,82,-15.5,2.7,5.9,-0.8,2.4000000000000004,-3.7,-2.1,-17.1,-25.1,16.3
Chrome Mobile,90.0.4430.82,Asus X01AD,Asus,Blink,[object Object],Chrome Mobile 90.0.4430.82 on Asus X01AD (Android 9),2021-05-06T05:37:49.893Z,直立,あ,false,118.60000000000001,73.2,-28.700000000000003,-4,14.3,6.4,-5.300000000000001,5,4,18.5,14.900000000000002,-20
Chrome Mobile,90.0.4430.82,Asus X01AD,Asus,Blink,[object Object],Chrome Mobile 90.0.4430.82 on Asus X01AD (Android 9),2021-05-06T05:37:50.099Z,直立,あ,false,100.10000000000001,83.30000000000001,-3.1,4.800000000000001,5.300000000000001,2,4.7,-4.3,0.9,-15.6,-8.100000000000001,12.299999999999999
Chrome Mobile,90.0.4430.82,Asus X01AD,Asus,Blink,[object Object],Chrome Mobile 90.0.4430.82 on Asus X01AD (Android 9),2021-05-06T05:37:50.302Z,直立,あ,false,122.80000000000001,71.60000000000001,-32.7,-4.2,15,6.7,-5.9,5.800000000000001,4.1000000000000005,-2.2,3.9,-10.1
Chrome Mobile,90.0.4430.82,Asus X01AD,Asus,Blink,[object Object],Chrome Mobile 90.0.4430.82 on Asus X01AD (Android 9),2021-05-06T05:37:50.504Z,直立,あ,false,104.80000000000001,80.4,-8.1,9.600000000000001,9,3.5,9.4,-0.6000000000000001,1.9000000000000001,13.399999999999999,-3.6000000000000005,-23.6
Chrome Mobile,90.0.4430.82,Asus X01AD,Asus,Blink,[object Object],Chrome Mobile 90.0.4430.82 on Asus X01AD (Android 9),2021-05-06T05:37:50.706Z,直立,あ,false,117.60000000000001,77.60000000000001,-29.400000000000002,-9,10.600000000000001,5.2,-10.100000000000001,1.1,3.4000000000000004,-41.199999999999996,-6.1000000000000005,1.4
Chrome Mobile,90.0.4430.82,Asus X01AD,Asus,Blink,[object Object],Chrome Mobile 90.0.4430.82 on Asus X01AD (Android 9),2021-05-06T05:37:50.907Z,直立,あ,false,113.7,80.60000000000001,-15.8,12,10.100000000000001,4.3,11.600000000000001,0.4,2.8000000000000003,10.299999999999999,-3.4,-12.600000000000001
Chrome Mobile,90.0.4430.82,Asus X01AD,Asus,Blink,[object Object],Chrome Mobile 90.0.4430.82 on Asus X01AD (Android 9),2021-05-06T05:37:51.109Z,直立,あ,false,121,75.10000000000001,-29.400000000000002,-6.5,13.200000000000001,5.4,-7.7,3.8000000000000003,3.2,-37.400000000000006,-24,3.4
Chrome Mobile,90.0.4430.82,Asus X01AD,Asus,Blink,[object Object],Chrome Mobile 90.0.4430.82 on Asus X01AD (Android 9),2021-05-06T05:37:51.311Z,直立,あ,false,107.10000000000001,79.80000000000001,-10.3,12.100000000000001,9.8,5.6000000000000005,11.8,0.2,3.9000000000000004,-14.100000000000001,0.6000000000000001,-27.800000000000004
Chrome Mobile,90.0.4430.82,Asus X01AD,Asus,Blink,[object Object],Chrome Mobile 90.0.4430.82 on Asus X01AD (Android 9),2021-05-06T05:37:51.512Z,直立,あ,false,111.4,72.3,-21.8,-6.7,13.200000000000001,7,-7.800000000000001,4,4.3,-54.4,-16.6,2.2
Chrome Mobile,90.0.4430.82,Asus X01AD,Asus,Blink,[object Object],Chrome Mobile 90.0.4430.82 on Asus X01AD (Android 9),2021-05-06T05:37:51.713Z,直立,あ,false,97.9,79.10000000000001,-1.1,11.100000000000001,10.4,6.800000000000001,11,0.8,5,14.700000000000001,-38,-5.4
Chrome Mobile,90.0.4430.82,Asus X01AD,Asus,Blink,[object Object],Chrome Mobile 90.0.4430.82 on Asus X01AD (Android 9),2021-05-06T05:37:51.914Z,直立,あ,false,117.80000000000001,75,-27.5,-5.4,12.700000000000001,4.3,-6.6000000000000005,3.3000000000000003,2,-83.70000000000002,-51.2,21.6
Chrome Mobile,90.0.4430.82,Asus X01AD,Asus,Blink,[object Object],Chrome Mobile 90.0.4430.82 on Asus X01AD (Android 9),2021-05-06T05:37:52.115Z,直立,あ,false,95.5,81.5,1.8,8.3,10.100000000000001,0.5,8.4,0.4,-1,31.799999999999997,0.5,-3.7000000000000006
Chrome Mobile,90.0.4430.82,Asus X01AD,Asus,Blink,[object Object],Chrome Mobile 90.0.4430.82 on Asus X01AD (Android 9),2021-05-06T05:37:52.316Z,直立,あ,false,115.2,76.7,-24.3,-3.9000000000000004,11.3,2.7,-4.800000000000001,1.9000000000000001,0.7000000000000001,-69.00000000000001,-50.7,38.900000000000006
Chrome Mobile,90.0.4430.82,Asus X01AD,Asus,Blink,[object Object],Chrome Mobile 90.0.4430.82 on Asus X01AD (Android 9),2021-05-06T05:37:52.517Z,直立,あ,false,97.9,79.80000000000001,-2,4.4,10,1.3,4.3,0.4,-0.4,30.4,42.5,-15.100000000000001
Chrome Mobile,90.0.4430.82,Asus X01AD,Asus,Blink,[object Object],Chrome Mobile 90.0.4430.82 on Asus X01AD (Android 9),2021-05-06T05:37:52.717Z,直立,あ,false,117.2,78,-23.900000000000002,-3.7,9.4,1,-4.5,0,-0.9,-63.30000000000001,-31.9,48.6
Chrome Mobile,90.0.4430.82,Asus X01AD,Asus,Blink,[object Object],Chrome Mobile 90.0.4430.82 on Asus X01AD (Android 9),2021-05-06T05:37:52.918Z,直立,あ,false,94.2,79.60000000000001,4.5,0.5,8.1,-1.9000000000000001,0.6000000000000001,-1.4000000000000001,-3.7,45.099999999999994,58.800000000000004,-35.5
Chrome Mobile,90.0.4430.82,Asus X01AD,Asus,Blink,[object Object],Chrome Mobile 90.0.4430.82 on Asus X01AD (Android 9),2021-05-06T05:37:53.120Z,直立,あ,false,114.5,79.30000000000001,-21.3,0.2,8.5,1,-0.5,-1,-0.7000000000000001,-42.2,-79.8,32.8
Chrome Mobile,90.0.4430.82,Asus X01AD,Asus,Blink,[object Object],Chrome Mobile 90.0.4430.82 on Asus X01AD (Android 9),2021-05-06T05:37:53.321Z,直立,あ,false,97.30000000000001,78.80000000000001,-3.1,-1.4000000000000001,8.4,0.7000000000000001,-1.5,-1.2000000000000002,-1.2000000000000002,30.699999999999996,83.2,-34.60000000000001
Chrome Mobile,90.0.4430.82,Asus X01AD,Asus,Blink,[object Object],Chrome Mobile 90.0.4430.82 on Asus X01AD (Android 9),2021-05-06T05:37:53.521Z,直立,あ,false,131.8,82,-38.900000000000006,3.1,7.800000000000001,-1.7000000000000002,2.3000000000000003,-1.8,-2.8000000000000003,-23.800000000000004,-74.7,32.7
Chrome Mobile,90.0.4430.82,Asus X01AD,Asus,Blink,[object Object],Chrome Mobile 90.0.4430.82 on Asus X01AD (Android 9),2021-05-06T05:37:53.723Z,直立,あ,false,102.5,80.60000000000001,-9.9,-1.7000000000000002,8.8,-0.4,-2,-0.9,-2,36.400000000000006,82.39999999999999,-46.4
Chrome Mobile,90.0.4430.82,Asus X01AD,Asus,Blink,[object Object],Chrome Mobile 90.0.4430.82 on Asus X01AD (Android 9),2021-05-06T05:37:53.927Z,直立,あ,false,104.30000000000001,83.2,-7.9,2.9000000000000004,7.2,-1.9000000000000001,2.8000000000000003,-2.4000000000000004,-3,-10.600000000000001,-39.400000000000006,21.900000000000002
Chrome Mobile,90.0.4430.82,Asus X01AD,Asus,Blink,[object Object],Chrome Mobile 90.0.4430.82 on Asus X01AD (Android 9),2021-05-06T05:37:54.129Z,直立,あ,false,91.7,78.4,1.2000000000000002,-3.8000000000000003,9.1,0.4,-3.8000000000000003,-0.5,-1.5,58.3,73.10000000000001,-27.6
Chrome Mobile,90.0.4430.82,Asus X01AD,Asus,Blink,[object Object],Chrome Mobile 90.0.4430.82 on Asus X01AD (Android 9),2021-05-06T05:37:54.330Z,直立,あ,false,99.7,85.60000000000001,-1.9000000000000001,3.6,6.9,-3.9000000000000004,3.6,-2.8000000000000003,-4.6000000000000005,-9.5,-41.199999999999996,37.400000000000006
Chrome Mobile,90.0.4430.82,Asus X01AD,Asus,Blink,[object Object],Chrome Mobile 90.0.4430.82 on Asus X01AD (Android 9),2021-05-06T05:37:54.536Z,直立,あ,false,94.30000000000001,78.9,-1.4000000000000001,-4.9,9.8,2.7,-4.9,0.30000000000000004,0.8,39.400000000000006,66.60000000000001,-28
Chrome Mobile,90.0.4430.82,Asus X01AD,Asus,Blink,[object Object],Chrome Mobile 90.0.4430.82 on Asus X01AD (Android 9),2021-05-06T05:37:54.737Z,直立,あ,false,83.10000000000001,80.5,16.8,3.8000000000000003,7.9,1.3,4.2,-1.7000000000000002,-0.30000000000000004,36,-27.800000000000004,39.400000000000006
Chrome Mobile,90.0.4430.82,Asus X01AD,Asus,Blink,[object Object],Chrome Mobile 90.0.4430.82 on Asus X01AD (Android 9),2021-05-06T05:37:54.938Z,直立,あ,false,101.30000000000001,74.8,-9.1,-8.200000000000001,11.9,6.2,-8.6,2.5,3.7,8.2,27.099999999999998,4
Chrome Mobile,90.0.4430.82,Asus X01AD,Asus,Blink,[object Object],Chrome Mobile 90.0.4430.82 on Asus X01AD (Android 9),2021-05-06T05:37:55.140Z,直立,あ,false,86,80.7,14.4,11,8.700000000000001,4.1000000000000005,11.4,-0.9,2.6,-8.600000000000001,13.700000000000001,-24.900000000000002
Chrome Mobile,90.0.4430.82,Asus X01AD,Asus,Blink,[object Object],Chrome Mobile 90.0.4430.82 on Asus X01AD (Android 9),2021-05-06T05:37:55.341Z,直立,あ,false,96.10000000000001,74.9,-3.7,-10.8,11.4,8.3,-11,2,5.800000000000001,-5.2,13.6,-1.2000000000000002
Chrome Mobile,90.0.4430.82,Asus X01AD,Asus,Blink,[object Object],Chrome Mobile 90.0.4430.82 on Asus X01AD (Android 9),2021-05-06T05:37:55.542Z,直立,あ,false,86.10000000000001,80.9,15.200000000000001,10.200000000000001,9.4,5.1000000000000005,10.600000000000001,-0.2,3.6,-9.2,-8.700000000000001,0.1
Chrome Mobile,90.0.4430.82,Asus X01AD,Asus,Blink,[object Object],Chrome Mobile 90.0.4430.82 on Asus X01AD (Android 9),2021-05-06T05:37:55.743Z,直立,あ,false,103.2,73.5,-10.100000000000001,-10.600000000000001,12.5,7.800000000000001,-11.100000000000001,3.1,5.1000000000000005,-33.6,5.4,-15.000000000000002
Chrome Mobile,90.0.4430.82,Asus X01AD,Asus,Blink,[object Object],Chrome Mobile 90.0.4430.82 on Asus X01AD (Android 9),2021-05-06T05:37:55.944Z,直立,あ,false,85.10000000000001,79.9,20.200000000000003,10,8.3,6.2,10.600000000000001,-1.3,4.6000000000000005,0.1,5.9,-11.900000000000002
Chrome Mobile,90.0.4430.82,Asus X01AD,Asus,Blink,[object Object],Chrome Mobile 90.0.4430.82 on Asus X01AD (Android 9),2021-05-06T05:37:56.150Z,直立,あ,false,109.60000000000001,74.9,-14.4,-7.6000000000000005,12.9,7.1000000000000005,-8.200000000000001,3.5,4.6000000000000005,-71.7,-43.00000000000001,-11.6
Chrome Mobile,90.0.4430.82,Asus X01AD,Asus,Blink,[object Object],Chrome Mobile 90.0.4430.82 on Asus X01AD (Android 9),2021-05-06T05:37:56.351Z,直立,あ,false,78.2,81.10000000000001,27.400000000000002,9,9.9,0.6000000000000001,9.700000000000001,0.2,-0.7000000000000001,50.7,-1.9,4.300000000000001
Chrome Mobile,90.0.4430.82,Asus X01AD,Asus,Blink,[object Object],Chrome Mobile 90.0.4430.82 on Asus X01AD (Android 9),2021-05-06T05:37:56.552Z,直立,あ,false,109,76.2,-13.9,-4.4,11.5,4.6000000000000005,-4.9,2.2,2.4000000000000004,-62.800000000000004,-90.4,41.4
Chrome Mobile,90.0.4430.82,Asus X01AD,Asus,Blink,[object Object],Chrome Mobile 90.0.4430.82 on Asus X01AD (Android 9),2021-05-06T05:37:56.753Z,直立,あ,false,71.8,79.30000000000001,31.5,1.1,8.8,3.1,2.1,-0.8,1.6,54.800000000000004,81.50000000000001,-37.1
Chrome Mobile,90.0.4430.82,Asus X01AD,Asus,Blink,[object Object],Chrome Mobile 90.0.4430.82 on Asus X01AD (Android 9),2021-05-06T05:37:56.954Z,直立,あ,false,114.5,79.9,-16,0,9.600000000000001,2.9000000000000004,-0.4,0.2,1.3,-78.7,-111.70000000000002,34.60000000000001
Chrome Mobile,90.0.4430.82,Asus X01AD,Asus,Blink,[object Object],Chrome Mobile 90.0.4430.82 on Asus X01AD (Android 9),2021-05-06T05:37:57.158Z,直立,あ,false,97.80000000000001,79.2,0.8,0,9.700000000000001,-0.1,0,0.1,-2,51.2,75.5,-58.2
Chrome Mobile,90.0.4430.82,Asus X01AD,Asus,Blink,[object Object],Chrome Mobile 90.0.4430.82 on Asus X01AD (Android 9),2021-05-06T05:37:57.359Z,直立,あ,false,112.10000000000001,82.2,-12.4,2.2,7.4,1,2,-2.1,-0.30000000000000004,-57.9,-78.10000000000001,43.2
Chrome Mobile,90.0.4430.82,Asus X01AD,Asus,Blink,[object Object],Chrome Mobile 90.0.4430.82 on Asus X01AD (Android 9),2021-05-06T05:37:57.559Z,直立,あ,false,109.4,77.2,-11.600000000000001,-0.6000000000000001,10.4,-0.30000000000000004,-1,0.9,-2.4000000000000004,70.10000000000001,72,-14.600000000000001
Chrome Mobile,90.0.4430.82,Asus X01AD,Asus,Blink,[object Object],Chrome Mobile 90.0.4430.82 on Asus X01AD (Android 9),2021-05-06T05:37:57.760Z,直立,あ,false,96.5,81.5,5.9,3.3000000000000003,7,-1.3,3.4000000000000004,-2.6,-2.7,-18.4,-70.8,17
Chrome Mobile,90.0.4430.82,Asus X01AD,Asus,Blink,[object Object],Chrome Mobile 90.0.4430.82 on Asus X01AD (Android 9),2021-05-06T05:37:57.961Z,直立,あ,false,90,73.10000000000001,6.300000000000001,-5.9,9.9,3.9000000000000004,-5.6000000000000005,0.5,1.1,59.60000000000001,73.10000000000001,-12.9
Chrome Mobile,90.0.4430.82,Asus X01AD,Asus,Blink,[object Object],Chrome Mobile 90.0.4430.82 on Asus X01AD (Android 9),2021-05-06T05:37:58.161Z,直立,あ,false,89.9,79.30000000000001,14.4,6,7.7,-1.2000000000000002,6.5,-1.8,-2.9000000000000004,17.200000000000003,-28.400000000000002,49.800000000000004
Chrome Mobile,90.0.4430.82,Asus X01AD,Asus,Blink,[object Object],Chrome Mobile 90.0.4430.82 on Asus X01AD (Android 9),2021-05-06T05:37:58.362Z,直立,あ,false,102.2,72.10000000000001,-6.4,-8.9,12.100000000000001,8.6,-9.200000000000001,2.8000000000000003,5.7,7.1000000000000005,46.4,-21.8
Chrome Mobile,90.0.4430.82,Asus X01AD,Asus,Blink,[object Object],Chrome Mobile 90.0.4430.82 on Asus X01AD (Android 9),2021-05-06T05:37:58.563Z,直立,あ,false,89.5,80.60000000000001,14.700000000000001,6.300000000000001,6.9,0.30000000000000004,6.7,-2.6,-1.3,20,-23.400000000000002,29.1
Chrome Mobile,90.0.4430.82,Asus X01AD,Asus,Blink,[object Object],Chrome Mobile 90.0.4430.82 on Asus X01AD (Android 9),2021-05-06T05:37:58.764Z,直立,あ,false,104.60000000000001,73.5,-12.100000000000001,-10.200000000000001,12.100000000000001,9.200000000000001,-10.8,2.8000000000000003,6.5,-1.6,32.5,-5.1000000000000005
Chrome Mobile,90.0.4430.82,Asus X01AD,Asus,Blink,[object Object],Chrome Mobile 90.0.4430.82 on Asus X01AD (Android 9),2021-05-06T05:37:58.964Z,直立,あ,false,86.7,79.2,16.2,8.4,7.1000000000000005,4.1000000000000005,8.9,-2.4000000000000004,2.4000000000000004,15.399999999999999,8.2,4.1
Chrome Mobile,90.0.4430.82,Asus X01AD,Asus,Blink,[object Object],Chrome Mobile 90.0.4430.82 on Asus X01AD (Android 9),2021-05-06T05:37:59.165Z,直立,あ,false,108,73.5,-15.3,-8.3,14,9.200000000000001,-9,4.7,6.5,-44.5,-3.1,-22.1
Chrome Mobile,90.0.4430.82,Asus X01AD,Asus,Blink,[object Object],Chrome Mobile 90.0.4430.82 on Asus X01AD (Android 9),2021-05-06T05:37:59.366Z,直立,あ,false,81.80000000000001,80.5,22.200000000000003,9.3,7.9,5.4,9.9,-1.7000000000000002,3.9000000000000004,-5.2,4.2,-13.900000000000002
Chrome Mobile,90.0.4430.82,Asus X01AD,Asus,Blink,[object Object],Chrome Mobile 90.0.4430.82 on Asus X01AD (Android 9),2021-05-06T05:37:59.567Z,直立,あ,false,114.60000000000001,74.4,-21.1,-7.4,15.3,7,-8.4,5.9,4.7,-56.400000000000006,-38.300000000000004,5.9
Chrome Mobile,90.0.4430.82,Asus X01AD,Asus,Blink,[object Object],Chrome Mobile 90.0.4430.82 on Asus X01AD (Android 9),2021-05-06T05:37:59.768Z,直立,あ,false,73.10000000000001,81.80000000000001,29.3,9,7.9,2.8000000000000003,9.700000000000001,-1.7000000000000002,1.6,7.500000000000001,-1.7,-6.1000000000000005
Chrome Mobile,90.0.4430.82,Asus X01AD,Asus,Blink,[object Object],Chrome Mobile 90.0.4430.82 on Asus X01AD (Android 9),2021-05-06T05:37:59.970Z,直立,あ,false,111.2,74.60000000000001,-18.8,-7.9,14.700000000000001,9.1,-8.700000000000001,5.4,6.7,-55.1,-36.5,6.8
Chrome Mobile,90.0.4430.82,Asus X01AD,Asus,Blink,[object Object],Chrome Mobile 90.0.4430.82 on Asus X01AD (Android 9),2021-05-06T05:38:00.171Z,直立,あ,false,97,83.60000000000001,4.4,11.4,9.700000000000001,3.4000000000000004,11.5,0,2.4000000000000004,40.6,2.2,28.3
Chrome Mobile,90.0.4430.82,Asus X01AD,Asus,Blink,[object Object],Chrome Mobile 90.0.4430.82 on Asus X01AD (Android 9),2021-05-06T05:38:00.372Z,直立,あ,false,119.30000000000001,76,-23.900000000000002,-4.3,13.100000000000001,5.7,-5.300000000000001,3.7,3.6,-79.5,-65.3,20.8
Chrome Mobile,90.0.4430.82,Asus X01AD,Asus,Blink,[object Object],Chrome Mobile 90.0.4430.82 on Asus X01AD (Android 9),2021-05-06T05:38:00.573Z,直立,あ,false,76.60000000000001,80.4,25.200000000000003,1.2000000000000002,9,1.7000000000000002,1.9000000000000001,-0.7000000000000001,0.2,15.8,48.70000000000001,-40.1
Chrome Mobile,90.0.4430.82,Asus X01AD,Asus,Blink,[object Object],Chrome Mobile 90.0.4430.82 on Asus X01AD (Android 9),2021-05-06T05:38:00.773Z,直立,あ,false,117.80000000000001,81.2,-20.1,0.9,7.9,1.2000000000000002,0.4,-1.6,-0.2,-43.6,-87.2,59.80000000000001
Chrome Mobile,90.0.4430.82,Asus X01AD,Asus,Blink,[object Object],Chrome Mobile 90.0.4430.82 on Asus X01AD (Android 9),2021-05-06T05:38:00.981Z,直立,あ,false,108.9,79.10000000000001,-14.100000000000001,-2.3000000000000003,9.200000000000001,0.2,-2.8000000000000003,-0.4,-1.6,58.800000000000004,70.10000000000001,-49.800000000000004
Chrome Mobile,90.0.4430.82,Asus X01AD,Asus,Blink,[object Object],Chrome Mobile 90.0.4430.82 on Asus X01AD (Android 9),2021-05-06T05:38:01.182Z,直立,あ,false,112.2,84.10000000000001,-12,2.6,5.9,-2,2.4000000000000004,-3.7,-3,-1,-61.39999999999999,54.4
Chrome Mobile,90.0.4430.82,Asus X01AD,Asus,Blink,[object Object],Chrome Mobile 90.0.4430.82 on Asus X01AD (Android 9),2021-05-06T05:38:01.383Z,直立,あ,false,109.4,78,-15.9,-5.6000000000000005,9.200000000000001,2.8000000000000003,-6.1000000000000005,-0.4,0.9,49.6,52.1,-54
Chrome Mobile,90.0.4430.82,Asus X01AD,Asus,Blink,[object Object],Chrome Mobile 90.0.4430.82 on Asus X01AD (Android 9),2021-05-06T05:38:01.589Z,直立,あ,false,80.60000000000001,83.2,19.1,4.9,6.4,-2.1,5.300000000000001,-3.3000000000000003,-3.2,0.9000000000000001,-1.1,2.4000000000000004
Chrome Mobile,90.0.4430.82,Asus X01AD,Asus,Blink,[object Object],Chrome Mobile 90.0.4430.82 on Asus X01AD (Android 9),2021-05-06T05:38:01.790Z,直立,あ,false,107.5,75.10000000000001,-16.6,-7.300000000000001,12.3,6.800000000000001,-8,2.9000000000000004,4.4,14.900000000000002,34.50000000000001,-16.8
Chrome Mobile,90.0.4430.82,Asus X01AD,Asus,Blink,[object Object],Chrome Mobile 90.0.4430.82 on Asus X01AD (Android 9),2021-05-06T05:38:01.991Z,直立,あ,false,85.7,83.5,14.3,10.200000000000001,8.3,2,10.5,-1.4000000000000001,1,40.5,-11.700000000000001,-5.8
Chrome Mobile,90.0.4430.82,Asus X01AD,Asus,Blink,[object Object],Chrome Mobile 90.0.4430.82 on Asus X01AD (Android 9),2021-05-06T05:38:02.203Z,直立,あ,false,109.30000000000001,75.7,-18.3,-7.7,13,8.4,-8.4,3.5,6.1000000000000005,1.1,17.799999999999997,-24.3
Chrome Mobile,90.0.4430.82,Asus X01AD,Asus,Blink,[object Object],Chrome Mobile 90.0.4430.82 on Asus X01AD (Android 9),2021-05-06T05:38:02.403Z,直立,あ,false,69.7,83.10000000000001,29.1,8.9,7.9,2.8000000000000003,9.4,-1.8,1.8,19,8.100000000000001,-11.5
Chrome Mobile,90.0.4430.82,Asus X01AD,Asus,Blink,[object Object],Chrome Mobile 90.0.4430.82 on Asus X01AD (Android 9),2021-05-06T05:38:02.604Z,直立,あ,false,117,76.80000000000001,-25.1,-7,14.4,6,-7.9,5,4,-47.7,-33.6,30.3
Chrome Mobile,90.0.4430.82,Asus X01AD,Asus,Blink,[object Object],Chrome Mobile 90.0.4430.82 on Asus X01AD (Android 9),2021-05-06T05:38:02.805Z,直立,あ,false,68,80.80000000000001,33.2,6.800000000000001,10.100000000000001,3,7.6000000000000005,0.5,1.7000000000000002,8.4,30.5,-27.5
Chrome Mobile,90.0.4430.82,Asus X01AD,Asus,Blink,[object Object],Chrome Mobile 90.0.4430.82 on Asus X01AD (Android 9),2021-05-06T05:38:03.006Z,直立,あ,false,102.30000000000001,78,-8.8,-6.6000000000000005,13.200000000000001,6.7,-7,3.7,4.7,-79.39999999999999,-33.400000000000006,11.5
Chrome Mobile,90.0.4430.82,Asus X01AD,Asus,Blink,[object Object],Chrome Mobile 90.0.4430.82 on Asus X01AD (Android 9),2021-05-06T05:38:03.207Z,直立,あ,false,71,77.9,31.400000000000002,8.3,10,1.2000000000000002,9.4,0.5,-0.5,-1,15.000000000000002,-23.900000000000006
Chrome Mobile,90.0.4430.82,Asus X01AD,Asus,Blink,[object Object],Chrome Mobile 90.0.4430.82 on Asus X01AD (Android 9),2021-05-06T05:38:03.407Z,直立,あ,false,112.5,75.9,-20.200000000000003,-4,11.5,4.6000000000000005,-4.800000000000001,2.1,2.4000000000000004,-43.4,-82.3,67.7
Chrome Mobile,90.0.4430.82,Asus X01AD,Asus,Blink,[object Object],Chrome Mobile 90.0.4430.82 on Asus X01AD (Android 9),2021-05-06T05:38:03.608Z,直立,あ,false,75.9,78.60000000000001,24.5,0.5,7.800000000000001,1.7000000000000002,1.3,-1.8,0,27.800000000000004,49.199999999999996,-33.2
Chrome Mobile,90.0.4430.82,Asus X01AD,Asus,Blink,[object Object],Chrome Mobile 90.0.4430.82 on Asus X01AD (Android 9),2021-05-06T05:38:03.809Z,直立,あ,false,104.80000000000001,79.30000000000001,-8.200000000000001,-0.5,9.8,0.9,-0.8,0.30000000000000004,-0.9,-37.2,-85.20000000000002,31
Chrome Mobile,90.0.4430.82,Asus X01AD,Asus,Blink,[object Object],Chrome Mobile 90.0.4430.82 on Asus X01AD (Android 9),2021-05-06T05:38:04.010Z,直立,あ,false,79.60000000000001,79.80000000000001,18.7,-0.6000000000000001,9.700000000000001,-0.4,0,0.1,-2,26.1,101.9,-58.2
Chrome Mobile,90.0.4430.82,Asus X01AD,Asus,Blink,[object Object],Chrome Mobile 90.0.4430.82 on Asus X01AD (Android 9),2021-05-06T05:38:04.210Z,直立,あ,false,92.80000000000001,83.10000000000001,6,2.7,6.800000000000001,-2.9000000000000004,2.8000000000000003,-2.7,-4,-58.1,-81.8,49.9
Chrome Mobile,90.0.4430.82,Asus X01AD,Asus,Blink,[object Object],Chrome Mobile 90.0.4430.82 on Asus X01AD (Android 9),2021-05-06T05:38:04.411Z,直立,あ,false,80.80000000000001,76.9,14.4,-4.3,7.6000000000000005,-0.5,-3.8000000000000003,-1.9000000000000001,-2.6,67.7,80.2,-28
Chrome Mobile,90.0.4430.82,Asus X01AD,Asus,Blink,[object Object],Chrome Mobile 90.0.4430.82 on Asus X01AD (Android 9),2021-05-06T05:38:04.612Z,直立,あ,false,80.2,79.5,22.700000000000003,3.9000000000000004,7.300000000000001,-1.5,4.6000000000000005,-2.2,-3.1,35,-65.7,51.1
Chrome Mobile,90.0.4430.82,Asus X01AD,Asus,Blink,[object Object],Chrome Mobile 90.0.4430.82 on Asus X01AD (Android 9),2021-05-06T05:38:04.813Z,直立,あ,false,97.80000000000001,74.9,-3,-6,10.4,4.9,-6.2,1,2.4000000000000004,43.6,76.1,-15.700000000000001
Chrome Mobile,90.0.4430.82,Asus X01AD,Asus,Blink,[object Object],Chrome Mobile 90.0.4430.82 on Asus X01AD (Android 9),2021-05-06T05:38:05.014Z,直立,あ,false,80.80000000000001,81.2,22.400000000000002,3.8000000000000003,6.2,1.6,4.3,-3.4000000000000004,0.2,15.6,8.3,11.000000000000002
Chrome Mobile,90.0.4430.82,Asus X01AD,Asus,Blink,[object Object],Chrome Mobile 90.0.4430.82 on Asus X01AD (Android 9),2021-05-06T05:38:05.215Z,直立,あ,false,106.10000000000001,75.10000000000001,-11.200000000000001,-6.800000000000001,12.5,7.4,-7.300000000000001,3.1,5,27.700000000000003,32.9,-22.2
Chrome Mobile,90.0.4430.82,Asus X01AD,Asus,Blink,[object Object],Chrome Mobile 90.0.4430.82 on Asus X01AD (Android 9),2021-05-06T05:38:05.416Z,直立,あ,false,72.9,81.5,31,8.8,6.4,2.9000000000000004,9.600000000000001,-3.3000000000000003,1.7000000000000002,-11.4,9.3,-13.200000000000003
Chrome Mobile,90.0.4430.82,Asus X01AD,Asus,Blink,[object Object],Chrome Mobile 90.0.4430.82 on Asus X01AD (Android 9),2021-05-06T05:38:05.618Z,直立,あ,false,107.80000000000001,73.7,-15.700000000000001,-9.200000000000001,15.700000000000001,9.700000000000001,-9.9,6.4,7.1000000000000005,-41.1,-20.1,11.900000000000002
Chrome Mobile,90.0.4430.82,Asus X01AD,Asus,Blink,[object Object],Chrome Mobile 90.0.4430.82 on Asus X01AD (Android 9),2021-05-06T05:38:05.819Z,直立,あ,false,75.7,82.10000000000001,29.1,11.9,8.700000000000001,3,12.600000000000001,-1,1.8,-6,-25.1,-26.400000000000006
Chrome Mobile,90.0.4430.82,Asus X01AD,Asus,Blink,[object Object],Chrome Mobile 90.0.4430.82 on Asus X01AD (Android 9),2021-05-06T05:38:06.026Z,直立,あ,false,115.80000000000001,73.9,-21.900000000000002,-6.6000000000000005,15.700000000000001,6.9,-7.6000000000000005,6.4,4.5,-61,-60.6,64.50000000000001
Chrome Mobile,90.0.4430.82,Asus X01AD,Asus,Blink,[object Object],Chrome Mobile 90.0.4430.82 on Asus X01AD (Android 9),2021-05-06T05:38:06.227Z,直立,あ,false,77.80000000000001,80.7,28.5,9.600000000000001,9.9,0.30000000000000004,10.4,0.30000000000000004,-1.1,17.9,-2.4000000000000004,-20.900000000000002
Chrome Mobile,90.0.4430.82,Asus X01AD,Asus,Blink,[object Object],Chrome Mobile 90.0.4430.82 on Asus X01AD (Android 9),2021-05-06T05:38:06.429Z,直立,あ,false,114.5,75.2,-17.3,-6.5,13.600000000000001,6.800000000000001,-7.2,4.2,4.4,-50.900000000000006,-87.89999999999999,42.7
Chrome Mobile,90.0.4430.82,Asus X01AD,Asus,Blink,[object Object],Chrome Mobile 90.0.4430.82 on Asus X01AD (Android 9),2021-05-06T05:38:06.630Z,直立,あ,false,81,80.9,26.700000000000003,6.1000000000000005,10.3,1.4000000000000001,6.800000000000001,0.6000000000000001,0,39.599999999999994,55.400000000000006,-23.099999999999998
Chrome Mobile,90.0.4430.82,Asus X01AD,Asus,Blink,[object Object],Chrome Mobile 90.0.4430.82 on Asus X01AD (Android 9),2021-05-06T05:38:06.830Z,直立,あ,false,131.4,78.4,-29.700000000000003,-7,12.700000000000001,5.1000000000000005,-6.800000000000001,2,2.1,-108.10000000000001,-52.60000000000001,43.4
Chrome Mobile,90.0.4430.82,Asus X01AD,Asus,Blink,[object Object],Chrome Mobile 90.0.4430.82 on Asus X01AD (Android 9),2021-05-06T05:38:07.031Z,直立,あ,false,84.10000000000001,82.60000000000001,23.1,3,8.4,0.6000000000000001,3.5,-1.3,-0.6000000000000001,26.9,55.3,-50.8
Chrome Mobile,90.0.4430.82,Asus X01AD,Asus,Blink,[object Object],Chrome Mobile 90.0.4430.82 on Asus X01AD (Android 9),2021-05-06T05:38:07.231Z,直立,あ,false,126.60000000000001,79,-25.400000000000002,-1.8,11.700000000000001,1.3,-2.5,2.3000000000000003,-0.4,-82.7,-61.599999999999994,62
Chrome Mobile,90.0.4430.82,Asus X01AD,Asus,Blink,[object Object],Chrome Mobile 90.0.4430.82 on Asus X01AD (Android 9),2021-05-06T05:38:07.432Z,直立,あ,false,85.80000000000001,80.4,19.3,0.8,8.6,0.30000000000000004,1.4000000000000001,-1.1,-1.2000000000000002,34.60000000000001,86.7,-53.9
Chrome Mobile,90.0.4430.82,Asus X01AD,Asus,Blink,[object Object],Chrome Mobile 90.0.4430.82 on Asus X01AD (Android 9),2021-05-06T05:38:07.633Z,直立,あ,false,125.5,82.10000000000001,-20.3,0.30000000000000004,8.5,0.6000000000000001,-0.2,-1.1,-0.6000000000000001,-47.2,-64.7,27.5
Chrome Mobile,90.0.4430.82,Asus X01AD,Asus,Blink,[object Object],Chrome Mobile 90.0.4430.82 on Asus X01AD (Android 9),2021-05-06T05:38:07.833Z,直立,あ,false,108.5,78.9,-3.9000000000000004,0.2,7.9,-2.3000000000000003,0.1,-1.6,-4.2,3.1,42.60000000000001,-16.700000000000003
Chrome Mobile,90.0.4430.82,Asus X01AD,Asus,Blink,[object Object],Chrome Mobile 90.0.4430.82 on Asus X01AD (Android 9),2021-05-06T05:38:08.035Z,直立,あ,false,103.10000000000001,49.7,1.9000000000000001,0.6000000000000001,5.7,6.2,0.8,-1.6,-0.2,-78.2,-86.4,-22.700000000000003
Chrome Mobile,90.0.4430.82,Asus X01AD,Asus,Blink,[object Object],Chrome Mobile 90.0.4430.82 on Asus X01AD (Android 9),2021-05-06T05:38:08.249Z,直立,あ,false,95.10000000000001,33.800000000000004,5.7,-1.9000000000000001,4.9,9.1,-1,-0.5,1.1,-4.2,3.4,-27