platform_name,platform_version,platform_product,platform_manufacturer,platform_layout,platform_os,platform_description,date,label,s_movement,do_absolute,do_alpha,do_beta,do_gamma,acc_g_x,acc_g_y,acc_g_z,acc_x,acc_y,acc_z,rot_alpha,rot_beta,rot_gamma
Chrome Mobile,90.0.4430.82,Asus X01AD,Asus,Blink,[object Object],Chrome Mobile 90.0.4430.82 on Asus X01AD (Android 9),2021-05-06T05:05:55.481Z,歩行,学生研,false,181.60000000000002,23,6.2,0.8,4.6000000000000005,8.8,1.9000000000000001,0.7000000000000001,-0.2,18.200000000000003,38.300000000000004,-11.5
Chrome Mobile,90.0.4430.82,Asus X01AD,Asus,Blink,[object Object],Chrome Mobile 90.0.4430.82 on Asus X01AD (Android 9),2021-05-06T05:05:55.682Z,歩行,学生研,false,70.7,101.80000000000001,-66.60000000000001,-1.2000000000000002,4.3,4.7,0.8,-5.9,5.6000000000000005,129.3,-0.4,-84.9
Chrome Mobile,90.0.4430.82,Asus X01AD,Asus,Blink,[object Object],Chrome Mobile 90.0.4430.82 on Asus X01AD (Android 9),2021-05-06T05:05:55.882Z,歩行,学生研,false,43.7,121.7,-42.800000000000004,-1.6,-2.5,-2.2,1.9000000000000001,-10.8,1.5,12.299999999999999,-22.700000000000003,1.9
Chrome Mobile,90.0.4430.82,Asus X01AD,Asus,Blink,[object Object],Chrome Mobile 90.0.4430.82 on Asus X01AD (Android 9),2021-05-06T05:05:56.083Z,歩行,学生研,false,40.7,104.7,-41.300000000000004,-0.30000000000000004,4.7,-1.7000000000000002,1.2000000000000002,-4,0,-152.9,49.300000000000004,127.5
Chrome Mobile,90.0.4430.82,Asus X01AD,Asus,Blink,[object Object],Chrome Mobile 90.0.4430.82 on Asus X01AD (Android 9),2021-05-06T05:05:56.283Z,歩行,学生研,false,25.3,56.300000000000004,-25.1,5.2,20.900000000000002,10.100000000000001,2.9000000000000004,13,5.300000000000001,-176.20000000000002,-6,66.4
Chrome Mobile,90.0.4430.82,Asus X01AD,Asus,Blink,[object Object],Chrome Mobile 90.0.4430.82 on Asus X01AD (Android 9),2021-05-06T05:05:56.484Z,歩行,学生研,false,21.200000000000003,65.9,-15.200000000000001,1.6,14.4,8.9,0.4,4.9,4.800000000000001,124,27.099999999999998,-82
Chrome Mobile,90.0.4430.82,Asus X01AD,Asus,Blink,[object Object],Chrome Mobile 90.0.4430.82 on Asus X01AD (Android 9),2021-05-06T05:05:56.684Z,歩行,学生研,false,58.1,100.30000000000001,-49.1,0.9,0.9,1.1,2.3000000000000003,-9.3,2.3000000000000003,172.6,10.299999999999999,-76.2
Chrome Mobile,90.0.4430.82,Asus X01AD,Asus,Blink,[object Object],Chrome Mobile 90.0.4430.82 on Asus X01AD (Android 9),2021-05-06T05:05:56.885Z,歩行,学生研,false,43.300000000000004,121.5,-43.1,-3.5,-5.2,-0.5,-0.2,-13.200000000000001,3.1,-7.500000000000001,23.2,-0.2
Chrome Mobile,90.0.4430.82,Asus X01AD,Asus,Blink,[object Object],Chrome Mobile 90.0.4430.82 on Asus X01AD (Android 9),2021-05-06T05:05:57.085Z,歩行,学生研,false,34.6,95.4,-35.4,4.3,7.9,3.9000000000000004,4.800000000000001,-0.8,4.6000000000000005,-186.10000000000002,25.6,201.9
Chrome Mobile,90.0.4430.82,Asus X01AD,Asus,Blink,[object Object],Chrome Mobile 90.0.4430.82 on Asus X01AD (Android 9),2021-05-06T05:05:57.286Z,歩行,学生研,false,39.800000000000004,42.7,-45.1,12.600000000000001,35.1,20.1,7.4,28.400000000000002,15,-16.3,57.800000000000004,55.3
Chrome Mobile,90.0.4430.82,Asus X01AD,Asus,Blink,[object Object],Chrome Mobile 90.0.4430.82 on Asus X01AD (Android 9),2021-05-06T05:05:57.487Z,歩行,学生研,false,62,93.2,-60.400000000000006,6.300000000000001,5.300000000000001,7.4,6.9,-5.6000000000000005,7.7,233.39999999999998,5.500000000000001,-249.90000000000003
Chrome Mobile,90.0.4430.82,Asus X01AD,Asus,Blink,[object Object],Chrome Mobile 90.0.4430.82 on Asus X01AD (Android 9),2021-05-06T05:05:57.687Z,歩行,学生研,false,57.300000000000004,130.20000000000002,-50.800000000000004,-2,-4.800000000000001,-1.2000000000000002,2.9000000000000004,-12.4,2.9000000000000004,69.20000000000002,-19,-46
Chrome Mobile,90.0.4430.82,Asus X01AD,Asus,Blink,[object Object],Chrome Mobile 90.0.4430.82 on Asus X01AD (Android 9),2021-05-06T05:05:57.888Z,歩行,学生研,false,51.5,124.60000000000001,-44.7,-1.7000000000000002,-1.8,2.8000000000000003,1.9000000000000001,-9.200000000000001,6.4,-74.7,40.300000000000004,117
Chrome Mobile,90.0.4430.82,Asus X01AD,Asus,Blink,[object Object],Chrome Mobile 90.0.4430.82 on Asus X01AD (Android 9),2021-05-06T05:05:58.089Z,歩行,学生研,false,58,73.3,-57,8.3,20.900000000000002,8.6,6.1000000000000005,12.200000000000001,7.1000000000000005,-249.6,-48.50000000000001,114.10000000000001
Chrome Mobile,90.0.4430.82,Asus X01AD,Asus,Blink,[object Object],Chrome Mobile 90.0.4430.82 on Asus X01AD (Android 9),2021-05-06T05:05:58.289Z,歩行,学生研,false,38,77,-33.9,4.7,18.7,12.700000000000001,3.3000000000000003,8.200000000000001,10.700000000000001,110.2,23.099999999999998,-203.50000000000003
Chrome Mobile,90.0.4430.82,Asus X01AD,Asus,Blink,[object Object],Chrome Mobile 90.0.4430.82 on Asus X01AD (Android 9),2021-05-06T05:05:58.490Z,歩行,学生研,false,56.1,121,-46.1,-2.5,-2.4000000000000004,1.5,1.4000000000000001,-11.200000000000001,5.1000000000000005,194.10000000000002,-50.60000000000001,-77.3
Chrome Mobile,90.0.4430.82,Asus X01AD,Asus,Blink,[object Object],Chrome Mobile 90.0.4430.82 on Asus X01AD (Android 9),2021-05-06T05:05:58.691Z,歩行,学生研,false,47.7,128.9,-35.1,-2.9000000000000004,-4,-2.4000000000000004,0.5,-11.200000000000001,2.3000000000000003,-38.7,32.7,60.900000000000006
Chrome Mobile,90.0.4430.82,Asus X01AD,Asus,Blink,[object Object],Chrome Mobile 90.0.4430.82 on Asus X01AD (Android 9),2021-05-06T05:05:58.891Z,歩行,学生研,false,336.5,99.7,45.5,7.4,10,1.8,6.300000000000001,1.4000000000000001,2.8000000000000003,-176.6,25.4,179.5
Chrome Mobile,90.0.4430.82,Asus X01AD,Asus,Blink,[object Object],Chrome Mobile 90.0.4430.82 on Asus X01AD (Android 9),2021-05-06T05:05:59.092Z,歩行,学生研,false,54.300000000000004,54.7,-26.200000000000003,11,31.3,13.3,8.4,22.900000000000002,8,102.4,94.7,7.9
Chrome Mobile,90.0.4430.82,Asus X01AD,Asus,Blink,[object Object],Chrome Mobile 90.0.4430.82 on Asus X01AD (Android 9),2021-05-06T05:05:59.293Z,歩行,学生研,false,59.900000000000006,97.5,-21.700000000000003,-0.30000000000000004,-0.1,3.9000000000000004,0.2,-10.600000000000001,5.2,204.20000000000002,95.9,-89
Chrome Mobile,90.0.4430.82,Asus X01AD,Asus,Blink,[object Object],Chrome Mobile 90.0.4430.82 on Asus X01AD (Android 9),2021-05-06T05:05:59.493Z,歩行,学生研,false,60.7,123.30000000000001,-18.7,-2.2,-4.5,-3.2,-0.5,-12.5,1.7000000000000002,24.599999999999998,3.2,-5.4
Chrome Mobile,90.0.4430.82,Asus X01AD,Asus,Blink,[object Object],Chrome Mobile 90.0.4430.82 on Asus X01AD (Android 9),2021-05-06T05:05:59.694Z,歩行,学生研,false,42.800000000000004,110.60000000000001,-2.4000000000000004,1.3,4.1000000000000005,-1.2000000000000002,1.5,-4.2,1.9000000000000001,-168.5,10.5,100.1
Chrome Mobile,90.0.4430.82,Asus X01AD,Asus,Blink,[object Object],Chrome Mobile 90.0.4430.82 on Asus X01AD (Android 9),2021-05-06T05:05:59.895Z,歩行,学生研,false,67.2,59.1,-32.300000000000004,6.2,26.5,11.3,3.6,18.400000000000002,7.2,-246.70000000000002,8.2,-5
Chrome Mobile,90.0.4430.82,Asus X01AD,Asus,Blink,[object Object],Chrome Mobile 90.0.4430.82 on Asus X01AD (Android 9),2021-05-06T05:06:00.095Z,歩行,学生研,false,86.4,82.7,-45.2,3.5,13,12.3,2.5,2.4000000000000004,11.4,250.00000000000003,-4.7,-64.7
Chrome Mobile,90.0.4430.82,Asus X01AD,Asus,Blink,[object Object],Chrome Mobile 90.0.4430.82 on Asus X01AD (Android 9),2021-05-06T05:06:00.296Z,歩行,学生研,false,63.400000000000006,116.7,-9.9,1.3,-3.2,-3.1,2.1,-12.100000000000001,1.3,91.50000000000001,41.900000000000006,-2.8
Chrome Mobile,90.0.4430.82,Asus X01AD,Asus,Blink,[object Object],Chrome Mobile 90.0.4430.82 on Asus X01AD (Android 9),2021-05-06T05:06:00.497Z,歩行,学生研,false,60.7,118.5,-8.8,-1.1,-2,-2.3000000000000003,-0.4,-10,2,-109.10000000000001,-13.700000000000001,50.2
Chrome Mobile,90.0.4430.82,Asus X01AD,Asus,Blink,[object Object],Chrome Mobile 90.0.4430.82 on Asus X01AD (Android 9),2021-05-06T05:06:00.698Z,歩行,学生研,false,90.80000000000001,71.9,-43.900000000000006,6.300000000000001,14.3,6.800000000000001,4.4,5.800000000000001,4.800000000000001,-240.4,5.7,71.8
Chrome Mobile,90.0.4430.82,Asus X01AD,Asus,Blink,[object Object],Chrome Mobile 90.0.4430.82 on Asus X01AD (Android 9),2021-05-06T05:06:00.898Z,歩行,学生研,false,77.60000000000001,64.4,-25.700000000000003,7.1000000000000005,20.200000000000003,8.9,5.1000000000000005,10.700000000000001,4.800000000000001,193.5,0.6000000000000001,-81.8
Chrome Mobile,90.0.4430.82,Asus X01AD,Asus,Blink,[object Object],Chrome Mobile 90.0.4430.82 on Asus X01AD (Android 9),2021-05-06T05:06:01.099Z,歩行,学生研,false,81.10000000000001,109.10000000000001,-28.1,-3.4000000000000004,-1.6,2.6,-1.8,-11.3,5.5,170.40000000000003,-44.7,-88.20000000000002
Chrome Mobile,90.0.4430.82,Asus X01AD,Asus,Blink,[object Object],Chrome Mobile 90.0.4430.82 on Asus X01AD (Android 9),2021-05-06T05:06:01.299Z,歩行,学生研,false,72.5,122.9,-22.8,-1.5,-2.6,-3.8000000000000003,0.4,-10.5,0.9,-36.1,15.6,21.6
Chrome Mobile,90.0.4430.82,Asus X01AD,Asus,Blink,[object Object],Chrome Mobile 90.0.4430.82 on Asus X01AD (Android 9),2021-05-06T05:06:01.505Z,歩行,学生研,false,72.3,97.60000000000001,-23.5,-1,9.1,3.9000000000000004,-0.30000000000000004,0.30000000000000004,5.2,-155.3,-10.8,97.00000000000001
Chrome Mobile,90.0.4430.82,Asus X01AD,Asus,Blink,[object Object],Chrome Mobile 90.0.4430.82 on Asus X01AD (Android 9),2021-05-06T05:06:01.707Z,歩行,学生研,false,71.3,53,-27.700000000000003,10.9,20.200000000000003,7.800000000000001,8.3,12.8,2.8000000000000003,-141.1,-87.40000000000002,72.2
Chrome Mobile,90.0.4430.82,Asus X01AD,Asus,Blink,[object Object],Chrome Mobile 90.0.4430.82 on Asus X01AD (Android 9),2021-05-06T05:06:01.908Z,歩行,学生研,false,71.10000000000001,68.3,-25.200000000000003,3.1,13.4,12.100000000000001,1.4000000000000001,3.5,8.6,242,-1.1,-121
Chrome Mobile,90.0.4430.82,Asus X01AD,Asus,Blink,[object Object],Chrome Mobile 90.0.4430.82 on Asus X01AD (Android 9),2021-05-06T05:06:02.109Z,歩行,学生研,false,87,115.30000000000001,-39.900000000000006,-0.6000000000000001,-0.4,-1.2000000000000002,2.2,-9.700000000000001,2.2,101.20000000000002,38.50000000000001,-88.10000000000001
Chrome Mobile,90.0.4430.82,Asus X01AD,Asus,Blink,[object Object],Chrome Mobile 90.0.4430.82 on Asus X01AD (Android 9),2021-05-06T05:06:02.310Z,歩行,学生研,false,77.5,125.7,-29.8,-2.7,-2.2,-5.800000000000001,0.1,-9.9,-1,-13.900000000000002,24.200000000000003,53.2
Chrome Mobile,90.0.4430.82,Asus X01AD,Asus,Blink,[object Object],Chrome Mobile 90.0.4430.82 on Asus X01AD (Android 9),2021-05-06T05:06:02.510Z,歩行,学生研,false,21.5,93.60000000000001,31.3,0,8.700000000000001,1.8,-0.30000000000000004,-0.1,2.2,-219.6,59.60000000000001,84.5
Chrome Mobile,90.0.4430.82,Asus X01AD,Asus,Blink,[object Object],Chrome Mobile 90.0.4430.82 on Asus X01AD (Android 9),2021-05-06T05:06:02.711Z,歩行,学生研,false,66.2,46.800000000000004,-11.600000000000001,-1,22.400000000000002,21,-2.4000000000000004,15.3,14.5,-88.20000000000002,-7,-13.700000000000001
Chrome Mobile,90.0.4430.82,Asus X01AD,Asus,Blink,[object Object],Chrome Mobile 90.0.4430.82 on Asus X01AD (Android 9),2021-05-06T05:06:02.911Z,歩行,学生研,false,65.3,79.80000000000001,-14.3,0.9,9.1,7.7,0.5,-1.3,5.9,240.4,-22.4,-102.4
Chrome Mobile,90.0.4430.82,Asus X01AD,Asus,Blink,[object Object],Chrome Mobile 90.0.4430.82 on Asus X01AD (Android 9),2021-05-06T05:06:03.112Z,歩行,学生研,false,84.60000000000001,114.10000000000001,-32.7,-0.2,1.1,-1.5,2,-8.1,1.9000000000000001,96.60000000000001,13.5,-54
Chrome Mobile,90.0.4430.82,Asus X01AD,Asus,Blink,[object Object],Chrome Mobile 90.0.4430.82 on Asus X01AD (Android 9),2021-05-06T05:06:03.312Z,歩行,学生研,false,80,122.4,-27.5,-1.8,-0.9,-5.800000000000001,0.5,-8.700000000000001,-1.3,-66.3,17.5,47.900000000000006
Chrome Mobile,90.0.4430.82,Asus X01AD,Asus,Blink,[object Object],Chrome Mobile 90.0.4430.82 on Asus X01AD (Android 9),2021-05-06T05:06:03.513Z,歩行,学生研,false,21.8,94.30000000000001,35.800000000000004,1.7000000000000002,9.9,3.2,1.3,0.9,3.8000000000000003,-178,60.300000000000004,83.30000000000001
Chrome Mobile,90.0.4430.82,Asus X01AD,Asus,Blink,[object Object],Chrome Mobile 90.0.4430.82 on Asus X01AD (Android 9),2021-05-06T05:06:03.713Z,歩行,学生研,false,96,59,-35.5,3,13.200000000000001,7.6000000000000005,0.2,5.1000000000000005,3.6,-95.1,18.200000000000003,31
Chrome Mobile,90.0.4430.82,Asus X01AD,Asus,Blink,[object Object],Chrome Mobile 90.0.4430.82 on Asus X01AD (Android 9),2021-05-06T05:06:03.915Z,歩行,学生研,false,92.80000000000001,57.400000000000006,-26.5,4.7,16.8,6.6000000000000005,2.3000000000000003,8.3,1.7000000000000002,74.5,29,-44.4
Chrome Mobile,90.0.4430.82,Asus X01AD,Asus,Blink,[object Object],Chrome Mobile 90.0.4430.82 on Asus X01AD (Android 9),2021-05-06T05:06:04.117Z,歩行,学生研,false,29.5,84.30000000000001,40.300000000000004,0.1,9.5,3.4000000000000004,0.8,-0.9,2.6,122.79999999999998,23.3,-97.40000000000002
Chrome Mobile,90.0.4430.82,Asus X01AD,Asus,Blink,[object Object],Chrome Mobile 90.0.4430.82 on Asus X01AD (Android 9),2021-05-06T05:06:04.318Z,歩行,学生研,false,113.2,113.60000000000001,-38.1,-1.2000000000000002,1.1,-0.6000000000000001,1.2000000000000002,-8.200000000000001,2.5,73.9,-11.4,-41.300000000000004
Chrome Mobile,90.0.4430.82,Asus X01AD,Asus,Blink,[object Object],Chrome Mobile 90.0.4430.82 on Asus X01AD (Android 9),2021-05-06T05:06:04.518Z,歩行,学生研,false,104,117.10000000000001,-29.400000000000002,-1,-1,-3.9000000000000004,1,-9.3,-0.2,-74.2,6.1000000000000005,54.300000000000004
Chrome Mobile,90.0.4430.82,Asus X01AD,Asus,Blink,[object Object],Chrome Mobile 90.0.4430.82 on Asus X01AD (Android 9),2021-05-06T05:06:04.719Z,歩行,学生研,false,139.3,84.30000000000001,-69.10000000000001,5,10,3,4.2,1.2000000000000002,2.7,-120.3,-26.6,148.5
Chrome Mobile,90.0.4430.82,Asus X01AD,Asus,Blink,[object Object],Chrome Mobile 90.0.4430.82 on Asus X01AD (Android 9),2021-05-06T05:06:04.919Z,歩行,学生研,false,102,52.5,-30.3,9,23.8,8.4,6,16.1,3.2,-14.900000000000002,35.9,0.4
Chrome Mobile,90.0.4430.82,Asus X01AD,Asus,Blink,[object Object],Chrome Mobile 90.0.4430.82 on Asus X01AD (Android 9),2021-05-06T05:06:05.120Z,歩行,学生研,false,106.2,82.5,-33,1.3,10.600000000000001,6.4,0.6000000000000001,0.1,5.2,232,-17.200000000000003,-96
Chrome Mobile,90.0.4430.82,Asus X01AD,Asus,Blink,[object Object],Chrome Mobile 90.0.4430.82 on Asus X01AD (Android 9),2021-05-06T05:06:05.321Z,歩行,学生研,false,95,120,-24.900000000000002,-0.7000000000000001,0.30000000000000004,-5.5,1.4000000000000001,-8.4,-0.9,133.60000000000002,-28.3,-18.3
Chrome Mobile,90.0.4430.82,Asus X01AD,Asus,Blink,[object Object],Chrome Mobile 90.0.4430.82 on Asus X01AD (Android 9),2021-05-06T05:06:05.521Z,歩行,学生研,false,99.9,123.30000000000001,-27.700000000000003,-3.5,-3.5,-1.2000000000000002,-1,-11.200000000000001,3.4000000000000004,-107.30000000000001,52.00000000000001,23.099999999999998
Chrome Mobile,90.0.4430.82,Asus X01AD,Asus,Blink,[object Object],Chrome Mobile 90.0.4430.82 on Asus X01AD (Android 9),2021-05-06T05:06:05.722Z,歩行,学生研,false,110.5,86.80000000000001,-38.900000000000006,0.6000000000000001,10.200000000000001,8.3,0.30000000000000004,1.4000000000000001,7.9,-184.20000000000002,-33.400000000000006,91.2
Chrome Mobile,90.0.4430.82,Asus X01AD,Asus,Blink,[object Object],Chrome Mobile 90.0.4430.82 on Asus X01AD (Android 9),2021-05-06T05:06:05.923Z,歩行,学生研,false,101.10000000000001,55,-33.5,7.800000000000001,26,9.600000000000001,4.7,17.8,4.9,35.3,40.1,11.000000000000002
Chrome Mobile,90.0.4430.82,Asus X01AD,Asus,Blink,[object Object],Chrome Mobile 90.0.4430.82 on Asus X01AD (Android 9),2021-05-06T05:06:06.123Z,歩行,学生研,false,357.70000000000005,87.5,78.60000000000001,-1.4000000000000001,5.9,5.2,-1,-4.6000000000000005,5.1000000000000005,249.80000000000004,10.8,-111.4
Chrome Mobile,90.0.4430.82,Asus X01AD,Asus,Blink,[object Object],Chrome Mobile 90.0.4430.82 on Asus X01AD (Android 9),2021-05-06T05:06:06.324Z,歩行,学生研,false,115.7,119.5,-33.2,-1.1,-2.9000000000000004,-1.1,1.6,-11.5,2.9000000000000004,28.200000000000003,39.400000000000006,-17.5
Chrome Mobile,90.0.4430.82,Asus X01AD,Asus,Blink,[object Object],Chrome Mobile 90.0.4430.82 on Asus X01AD (Android 9),2021-05-06T05:06:06.525Z,歩行,学生研,false,108.4,108.60000000000001,-20.5,-3.4000000000000004,1.9000000000000001,2.2,-2.4000000000000004,-6.6000000000000005,4.9,-160.50000000000003,90.1,88.4
Chrome Mobile,90.0.4430.82,Asus X01AD,Asus,Blink,[object Object],Chrome Mobile 90.0.4430.82 on Asus X01AD (Android 9),2021-05-06T05:06:06.726Z,歩行,学生研,false,111.4,67.9,-25.900000000000002,3.7,13.700000000000001,9.3,2.2,5.300000000000001,6.2,-192.2,-72.80000000000001,38.7
Chrome Mobile,90.0.4430.82,Asus X01AD,Asus,Blink,[object Object],Chrome Mobile 90.0.4430.82 on Asus X01AD (Android 9),2021-05-06T05:06:06.926Z,歩行,学生研,false,104.30000000000001,58.2,-25.6,7.300000000000001,20.5,6.300000000000001,5,11.8,1.4000000000000001,96,-3.8,-65.8
Chrome Mobile,90.0.4430.82,Asus X01AD,Asus,Blink,[object Object],Chrome Mobile 90.0.4430.82 on Asus X01AD (Android 9),2021-05-06T05:06:07.127Z,歩行,学生研,false,122.7,99.2,-47.900000000000006,-1.6,4.5,1,-0.4,-5.7,2.1,156.4,29.600000000000005,-90.6
Chrome Mobile,90.0.4430.82,Asus X01AD,Asus,Blink,[object Object],Chrome Mobile 90.0.4430.82 on Asus X01AD (Android 9),2021-05-06T05:06:07.328Z,歩行,学生研,false,103.10000000000001,120.5,-29.700000000000003,-1.6,-1.1,-2.6,0.8,-9.5,1.7000000000000002,25.7,-8.700000000000001,1.3
Chrome Mobile,90.0.4430.82,Asus X01AD,Asus,Blink,[object Object],Chrome Mobile 90.0.4430.82 on Asus X01AD (Android 9),2021-05-06T05:06:07.541Z,歩行,学生研,false,92.60000000000001,113,-20.900000000000002,-1.8,3.4000000000000004,-5.4,-0.4,-4.9,-2,-14,-43.6,56.6
Chrome Mobile,90.0.4430.82,Asus X01AD,Asus,Blink,[object Object],Chrome Mobile 90.0.4430.82 on Asus X01AD (Android 9),2021-05-06T05:06:07.742Z,歩行,学生研,false,106.7,70.4,-39.900000000000006,9.200000000000001,20.1,-2.5,7.2,11.3,-4.9,-114.40000000000002,-94.7,78.80000000000001
Chrome Mobile,90.0.4430.82,Asus X01AD,Asus,Blink,[object Object],Chrome Mobile 90.0.4430.82 on Asus X01AD (Android 9),2021-05-06T05:06:07.943Z,歩行,学生研,false,95,66.4,-24.900000000000002,5.1000000000000005,18.8,9,3.3000000000000003,9.4,5.2,134.4,30.9,-68.60000000000001
Chrome Mobile,90.0.4430.82,Asus X01AD,Asus,Blink,[object Object],Chrome Mobile 90.0.4430.82 on Asus X01AD (Android 9),2021-05-06T05:06:08.143Z,歩行,学生研,false,113.10000000000001,107.4,-41.2,-1,3,0.1,1.1,-6.9,2.5,96.1,67.5,-100.5
Chrome Mobile,90.0.4430.82,Asus X01AD,Asus,Blink,[object Object],Chrome Mobile 90.0.4430.82 on Asus X01AD (Android 9),2021-05-06T05:06:08.344Z,歩行,学生研,false,106.80000000000001,124.5,-30.3,-1.4000000000000001,-2,-4.6000000000000005,1.3,-9.9,0.1,-4.300000000000001,8.5,8.2
Chrome Mobile,90.0.4430.82,Asus X01AD,Asus,Blink,[object Object],Chrome Mobile 90.0.4430.82 on Asus X01AD (Android 9),2021-05-06T05:06:08.544Z,歩行,学生研,false,106,103.9,-36.2,-1.3,5.800000000000001,2.9000000000000004,-0.1,-2.9000000000000004,4.7,-193.60000000000002,-52.00000000000001,120.9
Chrome Mobile,90.0.4430.82,Asus X01AD,Asus,Blink,[object Object],Chrome Mobile 90.0.4430.82 on Asus X01AD (Android 9),2021-05-06T05:06:08.745Z,歩行,学生研,false,92,59.6,-24.1,6.800000000000001,20.8,6.800000000000001,4.9,12.700000000000001,2.5,-147.1,17,54.1
Chrome Mobile,90.0.4430.82,Asus X01AD,Asus,Blink,[object Object],Chrome Mobile 90.0.4430.82 on Asus X01AD (Android 9),2021-05-06T05:06:08.946Z,歩行,学生研,false,92.60000000000001,69.9,-20,4.5,14.3,9.8,3.3000000000000003,4.5,6.4,182.70000000000002,4.1,-75.60000000000001
Chrome Mobile,90.0.4430.82,Asus X01AD,Asus,Blink,[object Object],Chrome Mobile 90.0.4430.82 on Asus X01AD (Android 9),2021-05-06T05:06:09.146Z,歩行,学生研,false,102.7,110.5,-25,-3.4000000000000004,0.9,-1,-1.9000000000000001,-8.700000000000001,2.2,161.5,8,-49.1
Chrome Mobile,90.0.4430.82,Asus X01AD,Asus,Blink,[object Object],Chrome Mobile 90.0.4430.82 on Asus X01AD (Android 9),2021-05-06T05:06:09.347Z,歩行,学生研,false,96.30000000000001,123.7,-19.200000000000003,-1.3,-2.1,-5.4,0.5,-9.9,-0.5,-14.700000000000001,10.9,20
Chrome Mobile,90.0.4430.82,Asus X01AD,Asus,Blink,[object Object],Chrome Mobile 90.0.4430.82 on Asus X01AD (Android 9),2021-05-06T05:06:09.548Z,歩行,学生研,false,66.60000000000001,93.4,7.4,1.5,8.1,8.3,1.5,-0.8,8.8,-249.80000000000004,34.400000000000006,21.400000000000002
Chrome Mobile,90.0.4430.82,Asus X01AD,Asus,Blink,[object Object],Chrome Mobile 90.0.4430.82 on Asus X01AD (Android 9),2021-05-06T05:06:09.748Z,歩行,学生研,false,95.30000000000001,57.2,-25.200000000000003,8.9,27.8,13.100000000000001,6.6000000000000005,19.6,8.3,18.3,3.3000000000000007,27.099999999999998
Chrome Mobile,90.0.4430.82,Asus X01AD,Asus,Blink,[object Object],Chrome Mobile 90.0.4430.82 on Asus X01AD (Android 9),2021-05-06T05:06:09.952Z,歩行,学生研,false,89.4,90.7,-21.6,-0.1,7.800000000000001,4.6000000000000005,0,-2.6,4.7,164.89999999999998,-0.1,-92
Chrome Mobile,90.0.4430.82,Asus X01AD,Asus,Blink,[object Object],Chrome Mobile 90.0.4430.82 on Asus X01AD (Android 9),2021-05-06T05:06:10.153Z,歩行,学生研,false,93.80000000000001,113.7,-24.700000000000003,-1.2000000000000002,-2.5,-0.30000000000000004,0.5,-11.4,3.3000000000000003,127.80000000000001,-30.4,-0.2
Chrome Mobile,90.0.4430.82,Asus X01AD,Asus,Blink,[object Object],Chrome Mobile 90.0.4430.82 on Asus X01AD (Android 9),2021-05-06T05:06:10.354Z,歩行,学生研,false,89.4,108.5,-18.6,-0.7000000000000001,1.3,0.4,0.2,-7.300000000000001,3.1,-119.39999999999999,21.500000000000004,15.8
Chrome Mobile,90.0.4430.82,Asus X01AD,Asus,Blink,[object Object],Chrome Mobile 90.0.4430.82 on Asus X01AD (Android 9),2021-05-06T05:06:10.554Z,歩行,学生研,false,95.80000000000001,63.400000000000006,-26.1,6.1000000000000005,19.6,12.100000000000001,4.3,11.4,8.4,-191.30000000000004,-46.300000000000004,67.4
Chrome Mobile,90.0.4430.82,Asus X01AD,Asus,Blink,[object Object],Chrome Mobile 90.0.4430.82 on Asus X01AD (Android 9),2021-05-06T05:06:10.755Z,歩行,学生研,false,99.60000000000001,67.10000000000001,-26.900000000000002,3.8000000000000003,14.8,9.700000000000001,2,5.2,6.1000000000000005,181.9,-5.4,-88.00000000000001
Chrome Mobile,90.0.4430.82,Asus X01AD,Asus,Blink,[object Object],Chrome Mobile 90.0.4430.82 on Asus X01AD (Android 9),2021-05-06T05:06:10.956Z,歩行,学生研,false,96.10000000000001,107.9,-28.400000000000002,-2.8000000000000003,0.8,0.9,-1.3,-8.9,3.6,129.20000000000002,-14.600000000000001,-65.10000000000001
Chrome Mobile,90.0.4430.82,Asus X01AD,Asus,Blink,[object Object],Chrome Mobile 90.0.4430.82 on Asus X01AD (Android 9),2021-05-06T05:06:11.156Z,歩行,学生研,false,92.9,118.9,-23.8,-2.2,-2.7,-2.5,-0.30000000000000004,-10.9,1.6,-47.7,53.599999999999994,-4
Chrome Mobile,90.0.4430.82,Asus X01AD,Asus,Blink,[object Object],Chrome Mobile 90.0.4430.82 on Asus X01AD (Android 9),2021-05-06T05:06:11.357Z,歩行,学生研,false,352.3,91.4,82.60000000000001,0.2,9.3,2.2,0,0.4,2.3000000000000003,-189.60000000000002,-42.1,80.8
Chrome Mobile,90.0.4430.82,Asus X01AD,Asus,Blink,[object Object],Chrome Mobile 90.0.4430.82 on Asus X01AD (Android 9),2021-05-06T05:06:11.558Z,歩行,学生研,false,92.60000000000001,56.5,-25.900000000000002,8.1,26.700000000000003,13.8,5.7,18.400000000000002,8.8,20.3,1.6,-5.300000000000001
Chrome Mobile,90.0.4430.82,Asus X01AD,Asus,Blink,[object Object],Chrome Mobile 90.0.4430.82 on Asus X01AD (Android 9),2021-05-06T05:06:11.758Z,歩行,学生研,false,59.300000000000004,95.30000000000001,5.4,0.9,6.1000000000000005,2.6,0.8,-4.3,3.6,189.4,-10,-101
Chrome Mobile,90.0.4430.82,Asus X01AD,Asus,Blink,[object Object],Chrome Mobile 90.0.4430.82 on Asus X01AD (Android 9),2021-05-06T05:06:11.959Z,歩行,学生研,false,91.9,119.2,-27.200000000000003,-1.6,-1.5,-2.1,0.5,-10,2.1,21.500000000000004,18,-37.9
Chrome Mobile,90.0.4430.82,Asus X01AD,Asus,Blink,[object Object],Chrome Mobile 90.0.4430.82 on Asus X01AD (Android 9),2021-05-06T05:06:12.159Z,歩行,学生研,false,90.4,107.9,-22.1,-0.2,2.6,-2,0.8,-6,0.6000000000000001,-138.10000000000002,35.2,71.30000000000001
Chrome Mobile,90.0.4430.82,Asus X01AD,Asus,Blink,[object Object],Chrome Mobile 90.0.4430.82 on Asus X01AD (Android 9),2021-05-06T05:06:12.360Z,歩行,学生研,false,84.2,63.400000000000006,-17.1,1.9000000000000001,19.1,11.5,0.7000000000000001,10.9,7.5,-130.6,-70.4,71.9
Chrome Mobile,90.0.4430.82,Asus X01AD,Asus,Blink,[object Object],Chrome Mobile 90.0.4430.82 on Asus X01AD (Android 9),2021-05-06T05:06:12.561Z,歩行,学生研,false,100.9,73.5,-34.1,4.5,16.5,6.6000000000000005,2.9000000000000004,6.5,4.1000000000000005,178,-21.8,-93.49999999999999
Chrome Mobile,90.0.4430.82,Asus X01AD,Asus,Blink,[object Object],Chrome Mobile 90.0.4430.82 on Asus X01AD (Android 9),2021-05-06T05:06:12.762Z,歩行,学生研,false,86,107.2,-21.200000000000003,-1.1,2.5,3.1,0,-7.2,5.9,83.00000000000001,-40.800000000000004,-62.199999999999996
Chrome Mobile,90.0.4430.82,Asus X01AD,Asus,Blink,[object Object],Chrome Mobile 90.0.4430.82 on Asus X01AD (Android 9),2021-05-06T05:06:12.963Z,歩行,学生研,false,83.4,115.9,-20.3,-1.8,-2.1,0.6000000000000001,-0.4,-10.600000000000001,4.4,-25.6,34.60000000000001,8.3
Chrome Mobile,90.0.4430.82,Asus X01AD,Asus,Blink,[object Object],Chrome Mobile 90.0.4430.82 on Asus X01AD (Android 9),2021-05-06T05:06:13.165Z,歩行,学生研,false,342.90000000000003,95.60000000000001,86.9,2.4000000000000004,10.5,10.100000000000001,1.5,1.6,10.100000000000001,-246.60000000000005,23.3,66.2
Chrome Mobile,90.0.4430.82,Asus X01AD,Asus,Blink,[object Object],Chrome Mobile 90.0.4430.82 on Asus X01AD (Android 9),2021-05-06T05:06:13.370Z,歩行,学生研,false,95.80000000000001,55,-27.6,7.300000000000001,24.700000000000003,10.700000000000001,4.7,16.7,5.7,24.5,23,37.400000000000006
Chrome Mobile,90.0.4430.82,Asus X01AD,Asus,Blink,[object Object],Chrome Mobile 90.0.4430.82 on Asus X01AD (Android 9),2021-05-06T05:06:13.580Z,歩行,学生研,false,111.4,87,-48.2,-2.8000000000000003,6.2,6,-3.2,-4.3,5.6000000000000005,194.3,-9,-83.80000000000001
Chrome Mobile,90.0.4430.82,Asus X01AD,Asus,Blink,[object Object],Chrome Mobile 90.0.4430.82 on Asus X01AD (Android 9),2021-05-06T05:06:13.781Z,歩行,学生研,false,79.60000000000001,114.4,-19.5,-0.2,-1.9000000000000001,-3,1.2000000000000002,-10.8,0.9,105.3,-58.60000000000001,2.5
Chrome Mobile,90.0.4430.82,Asus X01AD,Asus,Blink,[object Object],Chrome Mobile 90.0.4430.82 on Asus X01AD (Android 9),2021-05-06T05:06:13.982Z,歩行,学生研,false,77.80000000000001,111.80000000000001,-20.1,-3.9000000000000004,0.30000000000000004,-2.2,-2.8000000000000003,-8,0.9,-73,-18,41.6
Chrome Mobile,90.0.4430.82,Asus X01AD,Asus,Blink,[object Object],Chrome Mobile 90.0.4430.82 on Asus X01AD (Android 9),2021-05-06T05:06:14.183Z,歩行,学生研,false,92.10000000000001,69,-39.1,6,20.8,10,4,12.200000000000001,7.5,-148.8,-63.599999999999994,80.2
Chrome Mobile,90.0.4430.82,Asus X01AD,Asus,Blink,[object Object],Chrome Mobile 90.0.4430.82 on Asus X01AD (Android 9),2021-05-06T05:06:14.383Z,歩行,学生研,false,97.10000000000001,70.10000000000001,-37.7,7.4,19.8,4.4,5.2,9.9,1.6,162.20000000000002,35.2,-92.60000000000001
Chrome Mobile,90.0.4430.82,Asus X01AD,Asus,Blink,[object Object],Chrome Mobile 90.0.4430.82 on Asus X01AD (Android 9),2021-05-06T05:06:14.584Z,歩行,学生研,false,92.30000000000001,103.80000000000001,-29.200000000000003,-0.5,1.6,2.7,0.7000000000000001,-8.4,4.9,94.7,16.4,-86.8
Chrome Mobile,90.0.4430.82,Asus X01AD,Asus,Blink,[object Object],Chrome Mobile 90.0.4430.82 on Asus X01AD (Android 9),2021-05-06T05:06:14.785Z,歩行,学生研,false,86.9,119.4,-26.5,-2.8000000000000003,-2.5,-3.2,-0.7000000000000001,-10.700000000000001,0.9,13.200000000000003,-6.8,21
Chrome Mobile,90.0.4430.82,Asus X01AD,Asus,Blink,[object Object],Chrome Mobile 90.0.4430.82 on Asus X01AD (Android 9),2021-05-06T05:06:14.985Z,歩行,学生研,false,48,99.60000000000001,9.5,4.2,6.800000000000001,-2.1,4,-1.9000000000000001,-0.6000000000000001,-150.8,-44.00000000000001,108.90000000000002
Chrome Mobile,90.0.4430.82,Asus X01AD,Asus,Blink,[object Object],Chrome Mobile 90.0.4430.82 on Asus X01AD (Android 9),2021-05-06T05:06:15.186Z,歩行,学生研,false,87.10000000000001,59.5,-35.4,6.2,23.200000000000003,4.6000000000000005,3.4000000000000004,15.100000000000001,0.7000000000000001,-109.8,-47,23.099999999999998
Chrome Mobile,90.0.4430.82,Asus X01AD,Asus,Blink,[object Object],Chrome Mobile 90.0.4430.82 on Asus X01AD (Android 9),2021-05-06T05:06:15.392Z,歩行,学生研,false,82.4,75.2,-29.8,2.9000000000000004,11,9.200000000000001,1.6,0.9,6.9,193.1,-11.000000000000002,-99.39999999999999
Chrome Mobile,90.0.4430.82,Asus X01AD,Asus,Blink,[object Object],Chrome Mobile 90.0.4430.82 on Asus X01AD (Android 9),2021-05-06T05:06:15.594Z,歩行,学生研,false,83.4,109.9,-30.700000000000003,-0.8,1.4000000000000001,-0.9,0.9,-8.1,2,150.2,-3,-30.9
Chrome Mobile,90.0.4430.82,Asus X01AD,Asus,Blink,[object Object],Chrome Mobile 90.0.4430.82 on Asus X01AD (Android 9),2021-05-06T05:06:15.794Z,歩行,学生研,false,78.5,119,-23,-1.8,-1.4000000000000001,-2.6,0,-9.700000000000001,1.6,-39.2,3.4,0.7
Chrome Mobile,90.0.4430.82,Asus X01AD,Asus,Blink,[object Object],Chrome Mobile 90.0.4430.82 on Asus X01AD (Android 9),2021-05-06T05:06:15.995Z,歩行,学生研,false,58.800000000000004,93.60000000000001,0,2.2,8.8,3.7,2.2,-0.1,4.2,-153.50000000000003,16.4,92.90000000000002
Chrome Mobile,90.0.4430.82,Asus X01AD,Asus,Blink,[object Object],Chrome Mobile 90.0.4430.82 on Asus X01AD (Android 9),2021-05-06T05:06:16.195Z,歩行,学生研,false,86.10000000000001,57.6,-25.5,4.2,23.6,9.5,1.9000000000000001,15.4,4.9,-54.800000000000004,20,8.899999999999999
Chrome Mobile,90.0.4430.82,Asus X01AD,Asus,Blink,[object Object],Chrome Mobile 90.0.4430.82 on Asus X01AD (Android 9),2021-05-06T05:06:16.396Z,歩行,学生研,false,61.6,83.2,1.4000000000000001,3.4000000000000004,8.8,5.2,3.4000000000000004,-1.6,3.9000000000000004,153.10000000000002,-5.7,-108.39999999999999
Chrome Mobile,90.0.4430.82,Asus X01AD,Asus,Blink,[object Object],Chrome Mobile 90.0.4430.82 on Asus X01AD (Android 9),2021-05-06T05:06:16.596Z,歩行,学生研,false,112.30000000000001,111,-47.300000000000004,-2.9000000000000004,-0.2,0.7000000000000001,-0.30000000000000004,-9.5,3.1,134.20000000000002,13.399999999999999,-29.900000000000006
Chrome Mobile,90.0.4430.82,Asus X01AD,Asus,Blink,[object Object],Chrome Mobile 90.0.4430.82 on Asus X01AD (Android 9),2021-05-06T05:06:16.798Z,歩行,学生研,false,91.7,112.4,-27.700000000000003,-0.30000000000000004,-1.2000000000000002,-1.1,1.3,-9.700000000000001,2,-138.40000000000003,8.600000000000001,70.7
Chrome Mobile,90.0.4430.82,Asus X01AD,Asus,Blink,[object Object],Chrome Mobile 90.0.4430.82 on Asus X01AD (Android 9),2021-05-06T05:06:16.998Z,歩行,学生研,false,91.9,69.3,-27.5,7.2,15,14.600000000000001,5.7,6.5,11.8,-185.6,-70.4,72.7
Chrome Mobile,90.0.4430.82,Asus X01AD,Asus,Blink,[object Object],Chrome Mobile 90.0.4430.82 on Asus X01AD (Android 9),2021-05-06T05:06:17.199Z,歩行,学生研,false,79.10000000000001,58.6,-27.3,6.4,20.6,7.4,4,11.9,2.7,99.5,-4.1,-52.900000000000006
Chrome Mobile,90.0.4430.82,Asus X01AD,Asus,Blink,[object Object],Chrome Mobile 90.0.4430.82 on Asus X01AD (Android 9),2021-05-06T05:06:17.400Z,歩行,学生研,false,125,93.80000000000001,-73.7,-1.2000000000000002,5,3.1,-0.6000000000000001,-5.4,3.3000000000000003,129.20000000000002,-8.600000000000001,-92.2
Chrome Mobile,90.0.4430.82,Asus X01AD,Asus,Blink,[object Object],Chrome Mobile 90.0.4430.82 on Asus X01AD (Android 9),2021-05-06T05:06:17.600Z,歩行,学生研,false,82.7,113,-30.6,-1.8,-0.5,-1.8,0.1,-9.5,1.5,69.20000000000002,-0.4,-10
Chrome Mobile,90.0.4430.82,Asus X01AD,Asus,Blink,[object Object],Chrome Mobile 90.0.4430.82 on Asus X01AD (Android 9),2021-05-06T05:06:17.801Z,歩行,学生研,false,74.10000000000001,104.9,-20.5,-1.7000000000000002,0.2,5.1000000000000005,-0.9,-8.5,7.300000000000001,-123.8,-26.5,64.7
Chrome Mobile,90.0.4430.82,Asus X01AD,Asus,Blink,[object Object],Chrome Mobile 90.0.4430.82 on Asus X01AD (Android 9),2021-05-06T05:06:18.001Z,歩行,学生研,false,98.5,64.4,-49.7,10.600000000000001,22.8,1.5,7.6000000000000005,14.5,-1.1,-135.5,-22.700000000000003,112.7
Chrome Mobile,90.0.4430.82,Asus X01AD,Asus,Blink,[object Object],Chrome Mobile 90.0.4430.82 on Asus X01AD (Android 9),2021-05-06T05:06:18.202Z,歩行,学生研,false,96.30000000000001,72.7,-44.1,5.800000000000001,13.3,7.4,3.6,3.3000000000000003,5.2,132.3,1,-135.20000000000002
Chrome Mobile,90.0.4430.82,Asus X01AD,Asus,Blink,[object Object],Chrome Mobile 90.0.4430.82 on Asus X01AD (Android 9),2021-05-06T05:06:18.403Z,歩行,学生研,false,90,108.7,-36.4,-1.5,-1,0.1,0.4,-10.5,2.7,121,5.9,-81
Chrome Mobile,90.0.4430.82,Asus X01AD,Asus,Blink,[object Object],Chrome Mobile 90.0.4430.82 on Asus X01AD (Android 9),2021-05-06T05:06:18.604Z,歩行,学生研,false,83.30000000000001,114.30000000000001,-26.200000000000003,-3.1,-2.6,-3.7,-1.5,-11.100000000000001,-0.30000000000000004,-69.9,-12.200000000000001,95.1
Chrome Mobile,90.0.4430.82,Asus X01AD,Asus,Blink,[object Object],Chrome Mobile 90.0.4430.82 on Asus X01AD (Android 9),2021-05-06T05:06:18.804Z,歩行,学生研,false,102.4,74.9,-52.900000000000006,7.7,12.9,9.5,5.800000000000001,4.2,8.1,-169.50000000000003,-16.1,171
Chrome Mobile,90.0.4430.82,Asus X01AD,Asus,Blink,[object Object],Chrome Mobile 90.0.4430.82 on Asus X01AD (Android 9),2021-05-06T05:06:19.005Z,歩行,学生研,false,84.80000000000001,59.900000000000006,-36.4,8.5,22.900000000000002,7.9,5.5,14,3.8000000000000003,93.4,24.900000000000002,-69.7
Chrome Mobile,90.0.4430.82,Asus X01AD,Asus,Blink,[object Object],Chrome Mobile 90.0.4430.82 on Asus X01AD (Android 9),2021-05-06T05:06:19.206Z,歩行,学生研,false,93.7,99.2,-41.1,-0.6000000000000001,4,-0.8,0.5,-6.300000000000001,0.5,155.4,14.800000000000002,-86.4
Chrome Mobile,90.0.4430.82,Asus X01AD,Asus,Blink,[object Object],Chrome Mobile 90.0.4430.82 on Asus X01AD (Android 9),2021-05-06T05:06:19.406Z,歩行,学生研,false,84.30000000000001,117.10000000000001,-31.700000000000003,-0.7000000000000001,-2.3000000000000003,-3.1,1.6,-10.8,0.6000000000000001,44.00000000000001,-19.5,2.7
Chrome Mobile,90.0.4430.82,Asus X01AD,Asus,Blink,[object Object],Chrome Mobile 90.0.4430.82 on Asus X01AD (Android 9),2021-05-06T05:06:19.613Z,歩行,学生研,false,82.2,105.10000000000001,-25.900000000000002,-1.8,3.5,1.1,-0.8,-5.1000000000000005,3.2,-151.3,-5,91.6
Chrome Mobile,90.0.4430.82,Asus X01AD,Asus,Blink,[object Object],Chrome Mobile 90.0.4430.82 on Asus X01AD (Android 9),2021-05-06T05:06:19.814Z,歩行,学生研,false,88.10000000000001,55.7,-36.7,7.6000000000000005,23.8,12.5,4.4,15.9,8.200000000000001,-155,23.700000000000003,64.7
Chrome Mobile,90.0.4430.82,Asus X01AD,Asus,Blink,[object Object],Chrome Mobile 90.0.4430.82 on Asus X01AD (Android 9),2021-05-06T05:06:20.015Z,歩行,学生研,false,83.9,72.9,-31.700000000000003,2.6,13.5,11.600000000000001,1,3.4000000000000004,8.9,148.8,-1,-135.1
Chrome Mobile,90.0.4430.82,Asus X01AD,Asus,Blink,[object Object],Chrome Mobile 90.0.4430.82 on Asus X01AD (Android 9),2021-05-06T05:06:20.215Z,歩行,学生研,false,86.10000000000001,111.30000000000001,-31.900000000000002,-2.1,-0.2,-2.2,-0.1,-9.600000000000001,0.9,117.80000000000001,8.600000000000001,-73.5
Chrome Mobile,90.0.4430.82,Asus X01AD,Asus,Blink,[object Object],Chrome Mobile 90.0.4430.82 on Asus X01AD (Android 9),2021-05-06T05:06:20.416Z,歩行,学生研,false,84.60000000000001,120.60000000000001,-29.8,-3.1,-2.4000000000000004,-3.5,-0.7000000000000001,-10.3,0.6000000000000001,-42.60000000000001,-9.4,42.1
Chrome Mobile,90.0.4430.82,Asus X01AD,Asus,Blink,[object Object],Chrome Mobile 90.0.4430.82 on Asus X01AD (Android 9),2021-05-06T05:06:20.623Z,歩行,学生研,false,135.20000000000002,82.4,-85.4,4,11.100000000000001,7.4,2.8000000000000003,2.3000000000000003,7.4,-250.00000000000003,-43.00000000000001,89.9
Chrome Mobile,90.0.4430.82,Asus X01AD,Asus,Blink,[object Object],Chrome Mobile 90.0.4430.82 on Asus X01AD (Android 9),2021-05-06T05:06:20.823Z,歩行,学生研,false,87.10000000000001,62.900000000000006,-36,8.8,24.6,3.8000000000000003,6.1000000000000005,15.5,0,134.6,-2.1,-38.400000000000006
Chrome Mobile,90.0.4430.82,Asus X01AD,Asus,Blink,[object Object],Chrome Mobile 90.0.4430.82 on Asus X01AD (Android 9),2021-05-06T05:06:21.024Z,歩行,学生研,false,79.30000000000001,100.5,-23,0.8,4.4,1,1.6,-5.9,2.8000000000000003,126.70000000000002,22.3,-57.9
Chrome Mobile,90.0.4430.82,Asus X01AD,Asus,Blink,[object Object],Chrome Mobile 90.0.4430.82 on Asus X01AD (Android 9),2021-05-06T05:06:21.225Z,歩行,学生研,false,87.7,119.2,-28.900000000000002,-1,-2.8000000000000003,-0.8,1.2000000000000002,-11.100000000000001,3.3000000000000003,-17.9,23.6,-18.900000000000002
Chrome Mobile,90.0.4430.82,Asus X01AD,Asus,Blink,[object Object],Chrome Mobile 90.0.4430.82 on Asus X01AD (Android 9),2021-05-06T05:06:21.427Z,歩行,学生研,false,70.5,108.5,-16.8,0.7000000000000001,4.3,-10.3,1.5,-4.1000000000000005,-7.6000000000000005,-166.9,16.900000000000002,110.70000000000002
Chrome Mobile,90.0.4430.82,Asus X01AD,Asus,Blink,[object Object],Chrome Mobile 90.0.4430.82 on Asus X01AD (Android 9),2021-05-06T05:06:21.628Z,歩行,学生研,false,77.2,59.7,-24.5,5.4,24.900000000000002,17.900000000000002,3.4000000000000004,16.8,13.5,-134.4,1.9,49
Chrome Mobile,90.0.4430.82,Asus X01AD,Asus,Blink,[object Object],Chrome Mobile 90.0.4430.82 on Asus X01AD (Android 9),2021-05-06T05:06:21.828Z,歩行,学生研,false,85.9,80.7,-31.8,4.4,13.5,7.9,3.5,3.1,6.4,211,1.9,-84.4
Chrome Mobile,90.0.4430.82,Asus X01AD,Asus,Blink,[object Object],Chrome Mobile 90.0.4430.82 on Asus X01AD (Android 9),2021-05-06T05:06:22.029Z,歩行,学生研,false,78.80000000000001,116.30000000000001,-21.900000000000002,-0.5,-2.4000000000000004,-2.5,1.1,-11.3,1.6,132.4,-25.7,-50.400000000000006
Chrome Mobile,90.0.4430.82,Asus X01AD,Asus,Blink,[object Object],Chrome Mobile 90.0.4430.82 on Asus X01AD (Android 9),2021-05-06T05:06:22.229Z,歩行,学生研,false,82,120.10000000000001,-24,-2.2,-1.2000000000000002,-1.6,-0.4,-9.1,2.6,-102,-21.6,48.800000000000004
Chrome Mobile,90.0.4430.82,Asus X01AD,Asus,Blink,[object Object],Chrome Mobile 90.0.4430.82 on Asus X01AD (Android 9),2021-05-06T05:06:22.430Z,歩行,学生研,false,84.4,74.3,-28.700000000000003,2.6,15.4,10.700000000000001,1.4000000000000001,6.7,8.6,-181.3,-33.400000000000006,105
Chrome Mobile,90.0.4430.82,Asus X01AD,Asus,Blink,[object Object],Chrome Mobile 90.0.4430.82 on Asus X01AD (Android 9),2021-05-06T05:06:22.631Z,歩行,学生研,false,77.80000000000001,67,-22.5,4.4,18.3,8.5,2.8000000000000003,8.8,4.800000000000001,136.2,6.8,-88.4
Chrome Mobile,90.0.4430.82,Asus X01AD,Asus,Blink,[object Object],Chrome Mobile 90.0.4430.82 on Asus X01AD (Android 9),2021-05-06T05:06:22.831Z,歩行,学生研,false,103.4,104.7,-47.900000000000006,-1.9000000000000001,4.800000000000001,2.8000000000000003,-0.5,-5.9,4.800000000000001,108.3,44.300000000000004,-91.10000000000001
Chrome Mobile,90.0.4430.82,Asus X01AD,Asus,Blink,[object Object],Chrome Mobile 90.0.4430.82 on Asus X01AD (Android 9),2021-05-06T05:06:23.032Z,歩行,学生研,false,86.7,126.4,-29.1,-2.6,-2.9000000000000004,-6.2,0.2,-10.700000000000001,-1.2000000000000002,21.400000000000002,0.30000000000000004,-19.300000000000004
Chrome Mobile,90.0.4430.82,Asus X01AD,Asus,Blink,[object Object],Chrome Mobile 90.0.4430.82 on Asus X01AD (Android 9),2021-05-06T05:06:23.233Z,歩行,学生研,false,77,111.2,-21.3,-1.1,2.2,0,0.1,-6.1000000000000005,3,-130.1,-27.2,127.80000000000001
Chrome Mobile,90.0.4430.82,Asus X01AD,Asus,Blink,[object Object],Chrome Mobile 90.0.4430.82 on Asus X01AD (Android 9),2021-05-06T05:06:23.433Z,歩行,学生研,false,92.9,63.1,-38.2,9.3,24.3,11.4,6.7,16,8.1,-212.1,20.8,41.4
Chrome Mobile,90.0.4430.82,Asus X01AD,Asus,Blink,[object Object],Chrome Mobile 90.0.4430.82 on Asus X01AD (Android 9),2021-05-06T05:06:23.634Z,歩行,学生研,false,92.2,81.2,-36.7,4.1000000000000005,12.100000000000001,7.1000000000000005,3.2,1.7000000000000002,5.800000000000001,199.8,9.700000000000001,-138.00000000000003
Chrome Mobile,90.0.4430.82,Asus X01AD,Asus,Blink,[object Object],Chrome Mobile 90.0.4430.82 on Asus X01AD (Android 9),2021-05-06T05:06:23.834Z,歩行,学生研,false,96.7,117.60000000000001,-37.1,-3.5,-0.1,-1.7000000000000002,-0.7000000000000001,-9,2,88.00000000000001,9.899999999999999,-39
Chrome Mobile,90.0.4430.82,Asus X01AD,Asus,Blink,[object Object],Chrome Mobile 90.0.4430.82 on Asus X01AD (Android 9),2021-05-06T05:06:24.035Z,歩行,学生研,false,91,122.5,-28.900000000000002,-2.5,-1.7000000000000002,-5.4,-0.1,-9.5,-1,-64.10000000000001,24.8,45.5
Chrome Mobile,90.0.4430.82,Asus X01AD,Asus,Blink,[object Object],Chrome Mobile 90.0.4430.82 on Asus X01AD (Android 9),2021-05-06T05:06:24.236Z,歩行,学生研,false,11.100000000000001,94.5,51.1,5.6000000000000005,11.600000000000001,0.30000000000000004,5.1000000000000005,2.8000000000000003,0.7000000000000001,-219.7,-15.299999999999999,105.3
Chrome Mobile,90.0.4430.82,Asus X01AD,Asus,Blink,[object Object],Chrome Mobile 90.0.4430.82 on Asus X01AD (Android 9),2021-05-06T05:06:24.436Z,歩行,学生研,false,89.5,58.1,-32,8.4,24.200000000000003,11.100000000000001,5.7,15.8,6.6000000000000005,35.2,-36.2,20.7
Chrome Mobile,90.0.4430.82,Asus X01AD,Asus,Blink,[object Object],Chrome Mobile 90.0.4430.82 on Asus X01AD (Android 9),2021-05-06T05:06:24.637Z,歩行,学生研,false,86.2,92.60000000000001,-30.8,1.1,6.7,3.7,1.4000000000000001,-3.8000000000000003,4.2,180.9,-21,-151.7
Chrome Mobile,90.0.4430.82,Asus X01AD,Asus,Blink,[object Object],Chrome Mobile 90.0.4430.82 on Asus X01AD (Android 9),2021-05-06T05:06:24.838Z,歩行,学生研,false,87.60000000000001,121.7,-32.6,-1.1,-1.5,-6.2,1.6,-9.8,-1.8,114.10000000000001,-29.1,10.4
Chrome Mobile,90.0.4430.82,Asus X01AD,Asus,Blink,[object Object],Chrome Mobile 90.0.4430.82 on Asus X01AD (Android 9),2021-05-06T05:06:25.039Z,歩行,学生研,false,83.5,116.10000000000001,-29.1,-2.3000000000000003,0.4,-1,-0.4,-7.800000000000001,2.5,-74,-22.6,76.3
Chrome Mobile,90.0.4430.82,Asus X01AD,Asus,Blink,[object Object],Chrome Mobile 90.0.4430.82 on Asus X01AD (Android 9),2021-05-06T05:06:25.239Z,歩行,学生研,false,87.9,73.2,-37.4,4.5,19.5,12,2.9000000000000004,10.8,9.9,-219.3,38.50000000000001,80.50000000000001
Chrome Mobile,90.0.4430.82,Asus X01AD,Asus,Blink,[object Object],Chrome Mobile 90.0.4430.82 on Asus X01AD (Android 9),2021-05-06T05:06:25.440Z,歩行,学生研,false,83.30000000000001,72.8,-29.700000000000003,3.3000000000000003,15.9,7.6000000000000005,1.8,6,4.9,115.50000000000003,16.5,-102
Chrome Mobile,90.0.4430.82,Asus X01AD,Asus,Blink,[object Object],Chrome Mobile 90.0.4430.82 on Asus X01AD (Android 9),2021-05-06T05:06:25.646Z,歩行,学生研,false,101.30000000000001,107.60000000000001,-46,-1.2000000000000002,3.1,0.9,1,-6.6000000000000005,3.1,107.00000000000001,51.6,-93.60000000000001
Chrome Mobile,90.0.4430.82,Asus X01AD,Asus,Blink,[object Object],Chrome Mobile 90.0.4430.82 on Asus X01AD (Android 9),2021-05-06T05:06:25.853Z,歩行,学生研,false,89.5,124,-31.200000000000003,-1.5,-1.4000000000000001,-4.5,1.2000000000000002,-9.3,0.1,5.9,13.700000000000001,34.300000000000004
Chrome Mobile,90.0.4430.82,Asus X01AD,Asus,Blink,[object Object],Chrome Mobile 90.0.4430.82 on Asus X01AD (Android 9),2021-05-06T05:06:26.054Z,歩行,学生研,false,63,104.80000000000001,-13.200000000000001,1.1,5.300000000000001,0.4,1.6,-3.3000000000000003,2.7,-139.20000000000002,3.4,153.4
Chrome Mobile,90.0.4430.82,Asus X01AD,Asus,Blink,[object Object],Chrome Mobile 90.0.4430.82 on Asus X01AD (Android 9),2021-05-06T05:06:26.254Z,歩行,学生研,false,82.80000000000001,64.2,-35.6,3,23.5,8.1,0.6000000000000001,15,4.800000000000001,-80.50000000000001,-9.2,41.4
Chrome Mobile,90.0.4430.82,Asus X01AD,Asus,Blink,[object Object],Chrome Mobile 90.0.4430.82 on Asus X01AD (Android 9),2021-05-06T05:06:26.455Z,歩行,学生研,false,79.7,81.7,-24.200000000000003,2.6,12.200000000000001,10,2,1.7000000000000002,8.6,185.4,22.4,-108.39999999999999
Chrome Mobile,90.0.4430.82,Asus X01AD,Asus,Blink,[object Object],Chrome Mobile 90.0.4430.82 on Asus X01AD (Android 9),2021-05-06T05:06:26.656Z,歩行,学生研,false,99.7,116.9,-42.800000000000004,-1,-2.3000000000000003,-1.2000000000000002,2.1,-11.3,2.1,116.4,24.1,-59.00000000000001
Chrome Mobile,90.0.4430.82,Asus X01AD,Asus,Blink,[object Object],Chrome Mobile 90.0.4430.82 on Asus X01AD (Android 9),2021-05-06T05:06:26.856Z,歩行,学生研,false,91.30000000000001,124.9,-32.300000000000004,-2.5,-1.7000000000000002,-5.300000000000001,0.30000000000000004,-9.3,-0.8,-42.1,-21.7,63.2
Chrome Mobile,90.0.4430.82,Asus X01AD,Asus,Blink,[object Object],Chrome Mobile 90.0.4430.82 on Asus X01AD (Android 9),2021-05-06T05:06:27.057Z,歩行,学生研,false,91.10000000000001,91.80000000000001,-36.7,4.7,11.8,-2.5,4.800000000000001,2.9000000000000004,-2.3000000000000003,-188.8,-28.1,111.9
Chrome Mobile,90.0.4430.82,Asus X01AD,Asus,Blink,[object Object],Chrome Mobile 90.0.4430.82 on Asus X01AD (Android 9),2021-05-06T05:06:27.257Z,歩行,学生研,false,79.7,69.3,-24.700000000000003,6.4,24.900000000000002,7.6000000000000005,4.9,15.3,4.3,128.8,12.9,-37.9
Chrome Mobile,90.0.4430.82,Asus X01AD,Asus,Blink,[object Object],Chrome Mobile 90.0.4430.82 on Asus X01AD (Android 9),2021-05-06T05:06:27.458Z,歩行,学生研,false,92.60000000000001,104.30000000000001,-37.2,0.30000000000000004,2.4000000000000004,0.1,1.8,-7.6000000000000005,2.2,144.3,0.8,-111.9
Chrome Mobile,90.0.4430.82,Asus X01AD,Asus,Blink,[object Object],Chrome Mobile 90.0.4430.82 on Asus X01AD (Android 9),2021-05-06T05:06:27.658Z,歩行,学生研,false,93,123.4,-37.6,-2.5,-2.5,-3,0.7000000000000001,-10.4,1.1,-15.399999999999999,29.500000000000004,-6.600000000000001
Chrome Mobile,90.0.4430.82,Asus X01AD,Asus,Blink,[object Object],Chrome Mobile 90.0.4430.82 on Asus X01AD (Android 9),2021-05-06T05:06:27.859Z,歩行,学生研,false,80.80000000000001,106.30000000000001,-28.400000000000002,-1.2000000000000002,5.800000000000001,-0.9,-0.1,-2.7,1.3,-122.90000000000002,-40.1,148.9
Chrome Mobile,90.0.4430.82,Asus X01AD,Asus,Blink,[object Object],Chrome Mobile 90.0.4430.82 on Asus X01AD (Android 9),2021-05-06T05:06:28.059Z,歩行,学生研,false,89.4,64,-37.9,9.9,31.6,12.4,7.300000000000001,22.900000000000002,9.1,-96.4,26.6,46.1
Chrome Mobile,90.0.4430.82,Asus X01AD,Asus,Blink,[object Object],Chrome Mobile 90.0.4430.82 on Asus X01AD (Android 9),2021-05-06T05:06:28.260Z,歩行,学生研,false,14.5,86.9,44.800000000000004,-0.30000000000000004,7.4,6,0.1,-3.1,5.6000000000000005,169.8,29.900000000000006,-123.19999999999999
Chrome Mobile,90.0.4430.82,Asus X01AD,Asus,Blink,[object Object],Chrome Mobile 90.0.4430.82 on Asus X01AD (Android 9),2021-05-06T05:06:28.461Z,歩行,学生研,false,101,115.5,-41.5,-2.7,-2.4000000000000004,-2,0.1,-11.3,1.1,92,0.5,5.7
Chrome Mobile,90.0.4430.82,Asus X01AD,Asus,Blink,[object Object],Chrome Mobile 90.0.4430.82 on Asus X01AD (Android 9),2021-05-06T05:06:28.661Z,歩行,学生研,false,81.80000000000001,109.9,-23.700000000000003,-1.4000000000000001,0.9,-1.6,-0.1,-7.6000000000000005,1.2000000000000002,-99.2,50.900000000000006,95.20000000000002
Chrome Mobile,90.0.4430.82,Asus X01AD,Asus,Blink,[object Object],Chrome Mobile 90.0.4430.82 on Asus X01AD (Android 9),2021-05-06T05:06:28.862Z,歩行,学生研,false,90.30000000000001,65.9,-32.1,8,19.3,13.5,6,11,10.4,-231.4,13.5,64.4
Chrome Mobile,90.0.4430.82,Asus X01AD,Asus,Blink,[object Object],Chrome Mobile 90.0.4430.82 on Asus X01AD (Android 9),2021-05-06T05:06:29.062Z,歩行,学生研,false,93,69.10000000000001,-35.4,6,17.3,9.4,3.8000000000000003,7.5,6.300000000000001,191.70000000000002,-37.300000000000004,-79.00000000000001
Chrome Mobile,90.0.4430.82,Asus X01AD,Asus,Blink,[object Object],Chrome Mobile 90.0.4430.82 on Asus X01AD (Android 9),2021-05-06T05:06:29.264Z,歩行,学生研,false,93.7,112.2,-40,-1,-1.8,-1.8,1.4000000000000001,-11.100000000000001,1.1,70.10000000000001,4.9,-79.5
Chrome Mobile,90.0.4430.82,Asus X01AD,Asus,Blink,[object Object],Chrome Mobile 90.0.4430.82 on Asus X01AD (Android 9),2021-05-06T05:06:29.464Z,歩行,学生研,false,93.9,118.60000000000001,-36.7,-3.3000000000000003,-2.3000000000000003,-2.2,-0.6000000000000001,-10.4,1.3,-74.80000000000001,23.5,78.5
Chrome Mobile,90.0.4430.82,Asus X01AD,Asus,Blink,[object Object],Chrome Mobile 90.0.4430.82 on Asus X01AD (Android 9),2021-05-06T05:06:29.665Z,歩行,学生研,false,123.80000000000001,78.80000000000001,-69.5,8,13,6.7,6.4,4.4,6.1000000000000005,-172.70000000000002,-24.5,123.8
Chrome Mobile,90.0.4430.82,Asus X01AD,Asus,Blink,[object Object],Chrome Mobile 90.0.4430.82 on Asus X01AD (Android 9),2021-05-06T05:06:29.866Z,歩行,学生研,false,92.5,61,-38.2,9.600000000000001,21.5,5.4,6.5,12.5,1.5,147.29999999999998,-11.1,-55.400000000000006
Chrome Mobile,90.0.4430.82,Asus X01AD,Asus,Blink,[object Object],Chrome Mobile 90.0.4430.82 on Asus X01AD (Android 9),2021-05-06T05:06:30.067Z,歩行,学生研,false,89.10000000000001,102,-34.800000000000004,-0.7000000000000001,2,0.6000000000000001,0.5,-8.1,2.4000000000000004,140,56.10000000000001,-139.5
Chrome Mobile,90.0.4430.82,Asus X01AD,Asus,Blink,[object Object],Chrome Mobile 90.0.4430.82 on Asus X01AD (Android 9),2021-05-06T05:06:30.268Z,歩行,学生研,false,88.5,125.7,-32.300000000000004,-2.9000000000000004,-3.3000000000000003,-4.6000000000000005,0.1,-11,0.1,38.2,-12,11.6
Chrome Mobile,90.0.4430.82,Asus X01AD,Asus,Blink,[object Object],Chrome Mobile 90.0.4430.82 on Asus X01AD (Android 9),2021-05-06T05:06:30.469Z,歩行,学生研,false,63.5,106.7,-9.4,1.6,3.6,-0.1,2.1,-4.9,2.4000000000000004,-133.8,21.6,166.4
Chrome Mobile,90.0.4430.82,Asus X01AD,Asus,Blink,[object Object],Chrome Mobile 90.0.4430.82 on Asus X01AD (Android 9),2021-05-06T05:06:30.670Z,歩行,学生研,false,88.9,59.900000000000006,-34.6,8.6,28.1,14.3,5.9,19.900000000000002,10.4,-120.4,23,15.899999999999999
Chrome Mobile,90.0.4430.82,Asus X01AD,Asus,Blink,[object Object],Chrome Mobile 90.0.4430.82 on Asus X01AD (Android 9),2021-05-06T05:06:30.870Z,歩行,学生研,false,44.6,86.7,13.4,-0.2,8.6,5.7,-0.1,-2,5.1000000000000005,227,-15.000000000000002,-122.39999999999999
Chrome Mobile,90.0.4430.82,Asus X01AD,Asus,Blink,[object Object],Chrome Mobile 90.0.4430.82 on Asus X01AD (Android 9),2021-05-06T05:06:31.071Z,歩行,学生研,false,98,116.10000000000001,-39.800000000000004,-2.4000000000000004,-3.8000000000000003,1.3,0.30000000000000004,-12.600000000000001,4.6000000000000005,103.60000000000001,-60.400000000000006,-4.6
Chrome Mobile,90.0.4430.82,Asus X01AD,Asus,Blink,[object Object],Chrome Mobile 90.0.4430.82 on Asus X01AD (Android 9),2021-05-06T05:06:31.272Z,歩行,学生研,false,88.10000000000001,110.9,-29.200000000000003,-2.9000000000000004,0.6000000000000001,-0.5,-1.3,-7.800000000000001,2.3000000000000003,-92.39999999999999,29,70.9
Chrome Mobile,90.0.4430.82,Asus X01AD,Asus,Blink,[object Object],Chrome Mobile 90.0.4430.82 on Asus X01AD (Android 9),2021-05-06T05:06:31.473Z,歩行,学生研,false,98,69.5,-41.900000000000006,10,20.6,2.2,7.9,12.100000000000001,-0.2,-117.80000000000001,-50.8,122.20000000000002
Chrome Mobile,90.0.4430.82,Asus X01AD,Asus,Blink,[object Object],Chrome Mobile 90.0.4430.82 on Asus X01AD (Android 9),2021-05-06T05:06:31.679Z,歩行,学生研,false,85.30000000000001,68.5,-27.400000000000002,4.7,19,11.700000000000001,2.9000000000000004,9.200000000000001,8.200000000000001,143.3,-3.9,-104.2
Chrome Mobile,90.0.4430.82,Asus X01AD,Asus,Blink,[object Object],Chrome Mobile 90.0.4430.82 on Asus X01AD (Android 9),2021-05-06T05:06:31.886Z,歩行,学生研,false,93.30000000000001,112.5,-39.2,-3.1,-3.8000000000000003,-0.8,-0.6000000000000001,-13.200000000000001,2.2,136.3,-43.2,-80.8
Chrome Mobile,90.0.4430.82,Asus X01AD,Asus,Blink,[object Object],Chrome Mobile 90.0.4430.82 on Asus X01AD (Android 9),2021-05-06T05:06:32.086Z,歩行,学生研,false,86.9,121,-32.800000000000004,-2.9000000000000004,-2.2,-4.3,-0.30000000000000004,-10.100000000000001,-0.30000000000000004,-63.4,4.800000000000001,68.5
Chrome Mobile,90.0.4430.82,Asus X01AD,Asus,Blink,[object Object],Chrome Mobile 90.0.4430.82 on Asus X01AD (Android 9),2021-05-06T05:06:32.287Z,歩行,学生研,false,121.4,81.5,-64.7,6.5,12.600000000000001,3,5.300000000000001,3.8000000000000003,2.4000000000000004,-142.39999999999998,-34.50000000000001,122.69999999999999
Chrome Mobile,90.0.4430.82,Asus X01AD,Asus,Blink,[object Object],Chrome Mobile 90.0.4430.82 on Asus X01AD (Android 9),2021-05-06T05:06:32.488Z,歩行,学生研,false,86.10000000000001,59.2,-29.3,10.600000000000001,25,10.3,8,16.2,5.800000000000001,144.20000000000002,10.299999999999999,-42.2
Chrome Mobile,90.0.4430.82,Asus X01AD,Asus,Blink,[object Object],Chrome Mobile 90.0.4430.82 on Asus X01AD (Android 9),2021-05-06T05:06:32.689Z,歩行,学生研,false,86,100.2,-30.6,-0.30000000000000004,2.8000000000000003,1.7000000000000002,0.7000000000000001,-7.4,3.2,98.8,49.1,-99.7
Chrome Mobile,90.0.4430.82,Asus X01AD,Asus,Blink,[object Object],Chrome Mobile 90.0.4430.82 on Asus X01AD (Android 9),2021-05-06T05:06:32.889Z,歩行,学生研,false,86.60000000000001,119.80000000000001,-28.700000000000003,-2.6,-2.4000000000000004,-4.1000000000000005,-0.30000000000000004,-10.700000000000001,0.1,-26.799999999999997,30.799999999999997,4.9
Chrome Mobile,90.0.4430.82,Asus X01AD,Asus,Blink,[object Object],Chrome Mobile 90.0.4430.82 on Asus X01AD (Android 9),2021-05-06T05:06:33.090Z,歩行,学生研,false,56.7,100.60000000000001,-2.1,1.7000000000000002,3.9000000000000004,0.1,1.8,-4.800000000000001,1.7000000000000002,-142.7,-11.8,167.20000000000002
Chrome Mobile,90.0.4430.82,Asus X01AD,Asus,Blink,[object Object],Chrome Mobile 90.0.4430.82 on Asus X01AD (Android 9),2021-05-06T05:06:33.290Z,歩行,学生研,false,85.30000000000001,54,-30.1,8.5,29.900000000000002,14.600000000000001,5.6000000000000005,22.1,9.700000000000001,-75.00000000000001,6.699999999999999,31
Chrome Mobile,90.0.4430.82,Asus X01AD,Asus,Blink,[object Object],Chrome Mobile 90.0.4430.82 on Asus X01AD (Android 9),2021-05-06T05:06:33.491Z,歩行,学生研,false,72.10000000000001,86.5,-18.5,-0.8,5.9,3.7,-1,-4.6000000000000005,3.1,193,-22.3,-124.60000000000001
Chrome Mobile,90.0.4430.82,Asus X01AD,Asus,Blink,[object Object],Chrome Mobile 90.0.4430.82 on Asus X01AD (Android 9),2021-05-06T05:06:33.692Z,歩行,学生研,false,87.60000000000001,114.10000000000001,-33.6,-0.9,0.5,-2.5,1.3,-8.5,0.9,44.6,19.700000000000003,-46.6
Chrome Mobile,90.0.4430.82,Asus X01AD,Asus,Blink,[object Object],Chrome Mobile 90.0.4430.82 on Asus X01AD (Android 9),2021-05-06T05:06:33.892Z,歩行,学生研,false,83.60000000000001,112.4,-28.900000000000002,-1.3,0.4,-2.7,0.4,-8,0.30000000000000004,-57.699999999999996,-35.5,87.40000000000002
Chrome Mobile,90.0.4430.82,Asus X01AD,Asus,Blink,[object Object],Chrome Mobile 90.0.4430.82 on Asus X01AD (Android 9),2021-05-06T05:06:34.093Z,歩行,学生研,false,107,72.9,-53,6.5,15,5.7,4.4,6.300000000000001,4.1000000000000005,-248.6,31.2,79.6
Chrome Mobile,90.0.4430.82,Asus X01AD,Asus,Blink,[object Object],Chrome Mobile 90.0.4430.82 on Asus X01AD (Android 9),2021-05-06T05:06:34.294Z,歩行,学生研,false,92.9,65.2,-37.5,8.3,19.6,8.200000000000001,5.6000000000000005,10.200000000000001,4.800000000000001,121.5,7.200000000000001,-116.30000000000001
Chrome Mobile,90.0.4430.82,Asus X01AD,Asus,Blink,[object Object],Chrome Mobile 90.0.4430.82 on Asus X01AD (Android 9),2021-05-06T05:06:34.494Z,歩行,学生研,false,100.7,104.9,-42,-2.5,0.6000000000000001,4.4,-0.7000000000000001,-9.4,6.4,110.2,59.00000000000001,-100.1
Chrome Mobile,90.0.4430.82,Asus X01AD,Asus,Blink,[object Object],Chrome Mobile 90.0.4430.82 on Asus X01AD (Android 9),2021-05-06T05:06:34.695Z,歩行,学生研,false,90.7,126.10000000000001,-35,-2,-3.1,-7.5,1.2000000000000002,-10.700000000000001,-2.9000000000000004,26.700000000000003,7.8,18.900000000000002
Chrome Mobile,90.0.4430.82,Asus X01AD,Asus,Blink,[object Object],Chrome Mobile 90.0.4430.82 on Asus X01AD (Android 9),2021-05-06T05:06:34.896Z,歩行,学生研,false,79.10000000000001,99.7,-21.900000000000002,1.2000000000000002,7.300000000000001,4.4,1.8,-1.4000000000000001,5.800000000000001,-154.9,-5.9,143.70000000000002
Chrome Mobile,90.0.4430.82,Asus X01AD,Asus,Blink,[object Object],Chrome Mobile 90.0.4430.82 on Asus X01AD (Android 9),2021-05-06T05:06:35.097Z,歩行,学生研,false,85,58,-27.400000000000002,7.6000000000000005,29.200000000000003,14.3,5.1000000000000005,20.700000000000003,9.600000000000001,14.200000000000001,36.6,-24.8
Chrome Mobile,90.0.4430.82,Asus X01AD,Asus,Blink,[object Object],Chrome Mobile 90.0.4430.82 on Asus X01AD (Android 9),2021-05-06T05:06:35.297Z,歩行,学生研,false,80.60000000000001,95,-24.700000000000003,2.5,5.4,1.7000000000000002,2.9000000000000004,-5,2.6,149.10000000000002,-1.9,-97.8
Chrome Mobile,90.0.4430.82,Asus X01AD,Asus,Blink,[object Object],Chrome Mobile 90.0.4430.82 on Asus X01AD (Android 9),2021-05-06T05:06:35.498Z,歩行,学生研,false,97.5,118.2,-41.300000000000004,-1.6,-2.1,-3,1.4000000000000001,-10.600000000000001,0.5,50.1,-23.099999999999998,-32.400000000000006
Chrome Mobile,90.0.4430.82,Asus X01AD,Asus,Blink,[object Object],Chrome Mobile 90.0.4430.82 on Asus X01AD (Android 9),2021-05-06T05:06:35.699Z,歩行,学生研,false,91.60000000000001,107.2,-36.5,-2.2,2.3000000000000003,2.8000000000000003,-0.7000000000000001,-6.300000000000001,4.9,-73.10000000000001,-18.6,109.39999999999999
Chrome Mobile,90.0.4430.82,Asus X01AD,Asus,Blink,[object Object],Chrome Mobile 90.0.4430.82 on Asus X01AD (Android 9),2021-05-06T05:06:35.899Z,歩行,学生研,false,86.4,63.900000000000006,-34.7,8.9,21.6,14.5,6.7,13.200000000000001,11.4,-205.7,-19.400000000000002,66.9
Chrome Mobile,90.0.4430.82,Asus X01AD,Asus,Blink,[object Object],Chrome Mobile 90.0.4430.82 on Asus X01AD (Android 9),2021-05-06T05:06:36.100Z,歩行,学生研,false,83.5,76.9,-27.5,3,14.8,8.200000000000001,1.9000000000000001,4.5,6,179.6,16.200000000000003,-108.8
Chrome Mobile,90.0.4430.82,Asus X01AD,Asus,Blink,[object Object],Chrome Mobile 90.0.4430.82 on Asus X01AD (Android 9),2021-05-06T05:06:36.301Z,歩行,学生研,false,91.7,111.2,-34.5,-0.6000000000000001,0.5,1,1.5,-9,4.1000000000000005,60.900000000000006,18.4,-55.8
Chrome Mobile,90.0.4430.82,Asus X01AD,Asus,Blink,[object Object],Chrome Mobile 90.0.4430.82 on Asus X01AD (Android 9),2021-05-06T05:06:36.502Z,歩行,学生研,false,86.2,122.60000000000001,-33.7,-2.6,-2.2,-4.7,0.2,-10.100000000000001,-0.5,-24.599999999999998,-4.300000000000001,43.4
Chrome Mobile,90.0.4430.82,Asus X01AD,Asus,Blink,[object Object],Chrome Mobile 90.0.4430.82 on Asus X01AD (Android 9),2021-05-06T05:06:36.702Z,歩行,学生研,false,45.400000000000006,95.60000000000001,7.9,4.9,9,2.1,4.800000000000001,0.30000000000000004,3,-204.9,29.500000000000004,154.7
Chrome Mobile,90.0.4430.82,Asus X01AD,Asus,Blink,[object Object],Chrome Mobile 90.0.4430.82 on Asus X01AD (Android 9),2021-05-06T05:06:36.903Z,歩行,学生研,false,84,57.7,-31.200000000000003,11.5,30.900000000000002,9.9,8.700000000000001,22.400000000000002,5.300000000000001,115.20000000000002,3,-6.300000000000001
Chrome Mobile,90.0.4430.82,Asus X01AD,Asus,Blink,[object Object],Chrome Mobile 90.0.4430.82 on Asus X01AD (Android 9),2021-05-06T05:06:37.104Z,歩行,学生研,false,73.60000000000001,95.7,-17.7,-0.7000000000000001,4.2,4.4,-0.4,-6.300000000000001,5.4,157.1,-5.7,-80.30000000000001
Chrome Mobile,90.0.4430.82,Asus X01AD,Asus,Blink,[object Object],Chrome Mobile 90.0.4430.82 on Asus X01AD (Android 9),2021-05-06T05:06:37.305Z,歩行,学生研,false,85.80000000000001,117.5,-28.1,-1.6,-2.8000000000000003,-2.4000000000000004,0.5,-11.3,1.5,12.7,14.600000000000001,-26.000000000000004
Chrome Mobile,90.0.4430.82,Asus X01AD,Asus,Blink,[object Object],Chrome Mobile 90.0.4430.82 on Asus X01AD (Android 9),2021-05-06T05:06:37.505Z,歩行,学生研,false,73.3,103.80000000000001,-15.700000000000001,-0.7000000000000001,4.800000000000001,-0.1,-0.1,-3.9000000000000004,2,-135.5,-10.700000000000001,113.60000000000001
Chrome Mobile,90.0.4430.82,Asus X01AD,Asus,Blink,[object Object],Chrome Mobile 90.0.4430.82 on Asus X01AD (Android 9),2021-05-06T05:06:37.712Z,歩行,学生研,false,84.60000000000001,62.400000000000006,-29.1,5.1000000000000005,20.400000000000002,11.5,3,12.200000000000001,7.7,-167.7,10.200000000000001,63.900000000000006
Chrome Mobile,90.0.4430.82,Asus X01AD,Asus,Blink,[object Object],Chrome Mobile 90.0.4430.82 on Asus X01AD (Android 9),2021-05-06T05:06:37.917Z,歩行,学生研,false,88.7,75.7,-32.6,3.6,11.5,7.7,2.2,1.5,5.5,108.60000000000001,-10.5,-109.7
Chrome Mobile,90.0.4430.82,Asus X01AD,Asus,Blink,[object Object],Chrome Mobile 90.0.4430.82 on Asus X01AD (Android 9),2021-05-06T05:06:38.117Z,歩行,学生研,false,93.2,106.10000000000001,-35.9,-1.9000000000000001,1.5,0.6000000000000001,-0.30000000000000004,-8.200000000000001,2.8000000000000003,109.60000000000001,-20.400000000000002,-47.400000000000006
Chrome Mobile,90.0.4430.82,Asus X01AD,Asus,Blink,[object Object],Chrome Mobile 90.0.4430.82 on Asus X01AD (Android 9),2021-05-06T05:06:38.317Z,歩行,学生研,false,83.10000000000001,114.5,-28.400000000000002,-3.2,-0.7000000000000001,-2.3000000000000003,-1.3,-9.200000000000001,1.2000000000000002,-14.600000000000001,-19.200000000000003,26.6
Chrome Mobile,90.0.4430.82,Asus X01AD,Asus,Blink,[object Object],Chrome Mobile 90.0.4430.82 on Asus X01AD (Android 9),2021-05-06T05:06:38.518Z,歩行,学生研,false,328.90000000000003,94.7,82.30000000000001,2.9000000000000004,8.1,4.2,2.2,-0.8,4.3,-136.7,-27.400000000000002,127.00000000000003
Chrome Mobile,90.0.4430.82,Asus X01AD,Asus,Blink,[object Object],Chrome Mobile 90.0.4430.82 on Asus X01AD (Android 9),2021-05-06T05:06:38.719Z,歩行,学生研,false,82,54.2,-31.8,9.200000000000001,25.5,13.8,6.2,17.5,8.9,-7.9,49.4,7.1000000000000005
Chrome Mobile,90.0.4430.82,Asus X01AD,Asus,Blink,[object Object],Chrome Mobile 90.0.4430.82 on Asus X01AD (Android 9),2021-05-06T05:06:38.919Z,歩行,学生研,false,86.5,89.30000000000001,-36.300000000000004,1.5,6.9,2.9000000000000004,1.4000000000000001,-3.5,2.8000000000000003,161.8,-8.100000000000001,-133.20000000000002
Chrome Mobile,90.0.4430.82,Asus X01AD,Asus,Blink,[object Object],Chrome Mobile 90.0.4430.82 on Asus X01AD (Android 9),2021-05-06T05:06:39.120Z,歩行,学生研,false,92.7,115.7,-40.800000000000004,-2.5,-1.8,-3.4000000000000004,0.30000000000000004,-10.600000000000001,-0.2,58.7,0.6000000000000001,-11.700000000000001
Chrome Mobile,90.0.4430.82,Asus X01AD,Asus,Blink,[object Object],Chrome Mobile 90.0.4430.82 on Asus X01AD (Android 9),2021-05-06T05:06:39.320Z,歩行,学生研,false,75.7,107.2,-25,-0.5,2.6,-1.4000000000000001,0.6000000000000001,-6.1000000000000005,1,-56.9,11.700000000000001,138.9
Chrome Mobile,90.0.4430.82,Asus X01AD,Asus,Blink,[object Object],Chrome Mobile 90.0.4430.82 on Asus X01AD (Android 9),2021-05-06T05:06:39.521Z,歩行,学生研,false,96.4,66.2,-46.1,9.9,17.5,5.300000000000001,6.7,10.5,4,-185.90000000000003,23,94.10000000000001
Chrome Mobile,90.0.4430.82,Asus X01AD,Asus,Blink,[object Object],Chrome Mobile 90.0.4430.82 on Asus X01AD (Android 9),2021-05-06T05:06:39.722Z,歩行,学生研,false,92.9,71.60000000000001,-40.5,5.6000000000000005,16.400000000000002,8.200000000000001,3.5,6.5,5.6000000000000005,118.2,13.3,-134.3
Chrome Mobile,90.0.4430.82,Asus X01AD,Asus,Blink,[object Object],Chrome Mobile 90.0.4430.82 on Asus X01AD (Android 9),2021-05-06T05:06:39.922Z,歩行,学生研,false,103,107,-45.2,-1.9000000000000001,1.3,1.3,0.2,-8.5,3.4000000000000004,87.60000000000001,40.2,-96.7
Chrome Mobile,90.0.4430.82,Asus X01AD,Asus,Blink,[object Object],Chrome Mobile 90.0.4430.82 on Asus X01AD (Android 9),2021-05-06T05:06:40.124Z,歩行,学生研,false,90.80000000000001,121.5,-34.7,-2.9000000000000004,-1.3,-5.800000000000001,-0.1,-9.3,-1.7000000000000002,9.600000000000001,-17.200000000000003,45.8
Chrome Mobile,90.0.4430.82,Asus X01AD,Asus,Blink,[object Object],Chrome Mobile 90.0.4430.82 on Asus X01AD (Android 9),2021-05-06T05:06:40.324Z,歩行,学生研,false,15.100000000000001,98.30000000000001,38.400000000000006,5.7,8.5,-1.7000000000000002,4.9,-0.4,-0.7000000000000001,-142.39999999999998,-51,160.20000000000002
Chrome Mobile,90.0.4430.82,Asus X01AD,Asus,Blink,[object Object],Chrome Mobile 90.0.4430.82 on Asus X01AD (Android 9),2021-05-06T05:06:40.525Z,歩行,学生研,false,82.30000000000001,55.5,-29.1,6.4,24.200000000000003,10.9,3.7,16.3,6.1000000000000005,-70.6,-6.699999999999999,28.600000000000005
Chrome Mobile,90.0.4430.82,Asus X01AD,Asus,Blink,[object Object],Chrome Mobile 90.0.4430.82 on Asus X01AD (Android 9),2021-05-06T05:06:40.726Z,歩行,学生研,false,69.8,79.5,-13.5,1.9000000000000001,10.100000000000001,10.4,1.5,-0.30000000000000004,8.5,161.9,23.2,-134.6
Chrome Mobile,90.0.4430.82,Asus X01AD,Asus,Blink,[object Object],Chrome Mobile 90.0.4430.82 on Asus X01AD (Android 9),2021-05-06T05:06:40.927Z,歩行,学生研,false,90.10000000000001,116.7,-38.1,-1.6,-2.1,-2.2,1.2000000000000002,-10.9,1.3,116.30000000000001,-48.800000000000004,-27
Chrome Mobile,90.0.4430.82,Asus X01AD,Asus,Blink,[object Object],Chrome Mobile 90.0.4430.82 on Asus X01AD (Android 9),2021-05-06T05:06:41.127Z,歩行,学生研,false,84.2,113.7,-34,-4,-0.30000000000000004,1.3,-1.8,-8.6,4.4,-64.2,-21.400000000000002,87.7
Chrome Mobile,90.0.4430.82,Asus X01AD,Asus,Blink,[object Object],Chrome Mobile 90.0.4430.82 on Asus X01AD (Android 9),2021-05-06T05:06:41.328Z,歩行,学生研,false,113.80000000000001,73,-64,10.8,17.1,4.5,8.4,8.4,3.3000000000000003,-250.00000000000003,134.3,99.5
Chrome Mobile,90.0.4430.82,Asus X01AD,Asus,Blink,[object Object],Chrome Mobile 90.0.4430.82 on Asus X01AD (Android 9),2021-05-06T05:06:41.529Z,歩行,学生研,false,81,67.60000000000001,-24.1,6.1000000000000005,19.1,6.4,4.5,9.600000000000001,2.9000000000000004,123.9,1.3,-80.50000000000001
Chrome Mobile,90.0.4430.82,Asus X01AD,Asus,Blink,[object Object],Chrome Mobile 90.0.4430.82 on Asus X01AD (Android 9),2021-05-06T05:06:41.730Z,歩行,学生研,false,108.5,105.9,-54.800000000000004,-3.8000000000000003,0.7000000000000001,2.7,-1.5,-9.200000000000001,4.3,153.50000000000003,-11.6,-106.4
Chrome Mobile,90.0.4430.82,Asus X01AD,Asus,Blink,[object Object],Chrome Mobile 90.0.4430.82 on Asus X01AD (Android 9),2021-05-06T05:06:41.931Z,歩行,学生研,false,88.5,121.5,-38.1,-1.6,-2.2,-5,1.4000000000000001,-10.3,-1.1,-39,31.799999999999997,31.3
Chrome Mobile,90.0.4430.82,Asus X01AD,Asus,Blink,[object Object],Chrome Mobile 90.0.4430.82 on Asus X01AD (Android 9),2021-05-06T05:06:42.132Z,歩行,学生研,false,55,100.60000000000001,-2.4000000000000004,2.5,8.5,-1.9000000000000001,2.6,-0.2,-0.2,-213.40000000000003,67.10000000000001,92.7
Chrome Mobile,90.0.4430.82,Asus X01AD,Asus,Blink,[object Object],Chrome Mobile 90.0.4430.82 on Asus X01AD (Android 9),2021-05-06T05:06:42.332Z,歩行,学生研,false,84.4,61.6,-31.3,6.7,27.700000000000003,8.1,4.3,19.1,4.1000000000000005,-31.799999999999997,27.400000000000002,22.5
Chrome Mobile,90.0.4430.82,Asus X01AD,Asus,Blink,[object Object],Chrome Mobile 90.0.4430.82 on Asus X01AD (Android 9),2021-05-06T05:06:42.533Z,歩行,学生研,false,337,87.80000000000001,76.5,0.9,5.5,2.6,1.3,-5,2.5,183.2,74.7,-184.6
Chrome Mobile,90.0.4430.82,Asus X01AD,Asus,Blink,[object Object],Chrome Mobile 90.0.4430.82 on Asus X01AD (Android 9),2021-05-06T05:06:42.733Z,歩行,学生研,false,92.4,118.7,-38.1,-1.5,-1.6,-4.6000000000000005,1.4000000000000001,-10.200000000000001,-0.9,71.8,-17.400000000000002,-3.6000000000000005
Chrome Mobile,90.0.4430.82,Asus X01AD,Asus,Blink,[object Object],Chrome Mobile 90.0.4430.82 on Asus X01AD (Android 9),2021-05-06T05:06:42.934Z,歩行,学生研,false,79,111.4,-25.700000000000003,-1.7000000000000002,0.2,-0.6000000000000001,-0.30000000000000004,-8.200000000000001,2.4000000000000004,-74.5,-17.300000000000004,97.7
Chrome Mobile,90.0.4430.82,Asus X01AD,Asus,Blink,[object Object],Chrome Mobile 90.0.4430.82 on Asus X01AD (Android 9),2021-05-06T05:06:43.135Z,歩行,学生研,false,86.80000000000001,67,-34.9,3.8000000000000003,20,10.3,1.7000000000000002,11.600000000000001,7.4,-200.2,3.7000000000000006,40.300000000000004
Chrome Mobile,90.0.4430.82,Asus X01AD,Asus,Blink,[object Object],Chrome Mobile 90.0.4430.82 on Asus X01AD (Android 9),2021-05-06T05:06:43.336Z,歩行,学生研,false,82.9,69.8,-28.400000000000002,5.5,15.600000000000001,6.300000000000001,3.8000000000000003,5.800000000000001,3.2,151.7,23,-107.4
Chrome Mobile,90.0.4430.82,Asus X01AD,Asus,Blink,[object Object],Chrome Mobile 90.0.4430.82 on Asus X01AD (Android 9),2021-05-06T05:06:43.537Z,歩行,学生研,false,97.5,105.10000000000001,-41.300000000000004,0,2.1,1.6,1.8,-7.7,3.6,87.60000000000001,47.80000000000001,-70.4
Chrome Mobile,90.0.4430.82,Asus X01AD,Asus,Blink,[object Object],Chrome Mobile 90.0.4430.82 on Asus X01AD (Android 9),2021-05-06T05:06:43.743Z,歩行,学生研,false,91.5,123.4,-31.400000000000002,-4.800000000000001,-2.4000000000000004,-4.3,-2.1,-10.3,0.1,-26.5,48.50000000000001,13.3
Chrome Mobile,90.0.4430.82,Asus X01AD,Asus,Blink,[object Object],Chrome Mobile 90.0.4430.82 on Asus X01AD (Android 9),2021-05-06T05:06:43.947Z,歩行,学生研,false,54,102.2,4.7,3.4000000000000004,6.7,3,3.2,-2,4.9,-228.90000000000003,0.5,108.7
Chrome Mobile,90.0.4430.82,Asus X01AD,Asus,Blink,[object Object],Chrome Mobile 90.0.4430.82 on Asus X01AD (Android 9),2021-05-06T05:06:44.149Z,歩行,学生研,false,89.2,63.7,-34.6,6.2,26.3,10.5,3.7,17.400000000000002,6.9,41.300000000000004,9.700000000000001,-9.2
Chrome Mobile,90.0.4430.82,Asus X01AD,Asus,Blink,[object Object],Chrome Mobile 90.0.4430.82 on Asus X01AD (Android 9),2021-05-06T05:06:44.351Z,歩行,学生研,false,89.4,97.4,-33.800000000000004,0.5,6.4,2.3000000000000003,1.5,-3.6,3.8000000000000003,173.20000000000002,-32.6,-113.5
Chrome Mobile,90.0.4430.82,Asus X01AD,Asus,Blink,[object Object],Chrome Mobile 90.0.4430.82 on Asus X01AD (Android 9),2021-05-06T05:06:44.552Z,歩行,学生研,false,91.9,122.10000000000001,-36.300000000000004,-2.4000000000000004,-0.6000000000000001,-1.6,0.7000000000000001,-8.9,2.6,34.300000000000004,72,-25.6
Chrome Mobile,90.0.4430.82,Asus X01AD,Asus,Blink,[object Object],Chrome Mobile 90.0.4430.82 on Asus X01AD (Android 9),2021-05-06T05:06:44.753Z,歩行,学生研,false,82.60000000000001,119.2,-22.5,0.30000000000000004,0.5,-5.1000000000000005,2,-7.5,-1,-108.90000000000002,37.300000000000004,89.4
Chrome Mobile,90.0.4430.82,Asus X01AD,Asus,Blink,[object Object],Chrome Mobile 90.0.4430.82 on Asus X01AD (Android 9),2021-05-06T05:06:44.954Z,歩行,学生研,false,100,77.2,-41,5,17.7,1.3,3.6,8.8,-0.30000000000000004,-146.9,-46.800000000000004,72.60000000000001
Chrome Mobile,90.0.4430.82,Asus X01AD,Asus,Blink,[object Object],Chrome Mobile 90.0.4430.82 on Asus X01AD (Android 9),2021-05-06T05:06:45.154Z,歩行,学生研,false,94.7,76.60000000000001,-35.800000000000004,3.9000000000000004,16.7,4.3,2.5,6.6000000000000005,2.3000000000000003,151.9,1.9,-76.7
Chrome Mobile,90.0.4430.82,Asus X01AD,Asus,Blink,[object Object],Chrome Mobile 90.0.4430.82 on Asus X01AD (Android 9),2021-05-06T05:06:45.355Z,歩行,学生研,false,86.30000000000001,108.60000000000001,-25.400000000000002,-1,1,3.4000000000000004,0.30000000000000004,-9.4,5.6000000000000005,69.60000000000001,25,-86.8
Chrome Mobile,90.0.4430.82,Asus X01AD,Asus,Blink,[object Object],Chrome Mobile 90.0.4430.82 on Asus X01AD (Android 9),2021-05-06T05:06:45.555Z,歩行,学生研,false,89.9,121.10000000000001,-28.1,-1.8,-1.3,-3.9000000000000004,0.5,-9.4,0.4,-8.3,5.1000000000000005,7.9
Chrome Mobile,90.0.4430.82,Asus X01AD,Asus,Blink,[object Object],Chrome Mobile 90.0.4430.82 on Asus X01AD (Android 9),2021-05-06T05:06:45.756Z,歩行,学生研,false,83,99.5,-19.900000000000002,1.3,6.6000000000000005,2.3000000000000003,1.8,-2.2,3.6,-213.3,8.4,77.20000000000002
Chrome Mobile,90.0.4430.82,Asus X01AD,Asus,Blink,[object Object],Chrome Mobile 90.0.4430.82 on Asus X01AD (Android 9),2021-05-06T05:06:45.957Z,歩行,学生研,false,76.10000000000001,61.900000000000006,-17.6,3.4000000000000004,26.400000000000002,14.8,2,17.8,10.4,-52.900000000000006,38.7,3
Chrome Mobile,90.0.4430.82,Asus X01AD,Asus,Blink,[object Object],Chrome Mobile 90.0.4430.82 on Asus X01AD (Android 9),2021-05-06T05:06:46.157Z,歩行,学生研,false,116.7,94.10000000000001,-57.6,1.1,9.3,0.7000000000000001,1.7000000000000002,-1.1,1.1,198.3,-5,-95.30000000000001
Chrome Mobile,90.0.4430.82,Asus X01AD,Asus,Blink,[object Object],Chrome Mobile 90.0.4430.82 on Asus X01AD (Android 9),2021-05-06T05:06:46.358Z,歩行,学生研,false,93.5,118.7,-35.2,-1.6,-0.9,-2.3000000000000003,1.1,-9.600000000000001,1.6,108.8,-9.4,19.5
Chrome Mobile,90.0.4430.82,Asus X01AD,Asus,Blink,[object Object],Chrome Mobile 90.0.4430.82 on Asus X01AD (Android 9),2021-05-06T05:06:46.558Z,歩行,学生研,false,84.9,115.7,-25.400000000000002,-0.2,0.8,-0.2,1.5,-7.5,3.4000000000000004,-54.699999999999996,-16.3,83.10000000000001
Chrome Mobile,90.0.4430.82,Asus X01AD,Asus,Blink,[object Object],Chrome Mobile 90.0.4430.82 on Asus X01AD (Android 9),2021-05-06T05:06:46.759Z,歩行,学生研,false,113.4,83.9,-55.7,4.4,15.5,-0.4,3.6,6.4,-0.9,-198.10000000000002,11.900000000000002,36.300000000000004
Chrome Mobile,90.0.4430.82,Asus X01AD,Asus,Blink,[object Object],Chrome Mobile 90.0.4430.82 on Asus X01AD (Android 9),2021-05-06T05:06:46.960Z,歩行,学生研,false,90.10000000000001,74.7,-33,5.800000000000001,22,6.6000000000000005,4.3,12.100000000000001,4.3,155.3,-16.5,-51.50000000000001
Chrome Mobile,90.0.4430.82,Asus X01AD,Asus,Blink,[object Object],Chrome Mobile 90.0.4430.82 on Asus X01AD (Android 9),2021-05-06T05:06:47.160Z,歩行,学生研,false,91.4,109.4,-34.300000000000004,-1.8,1.3,4.3,0.2,-8.3,7.1000000000000005,89.8,3.3000000000000007,-94.2
Chrome Mobile,90.0.4430.82,Asus X01AD,Asus,Blink,[object Object],Chrome Mobile 90.0.4430.82 on Asus X01AD (Android 9),2021-05-06T05:06:47.361Z,歩行,学生研,false,91,126.4,-33.5,-4.1000000000000005,-2.7,-3.1,-1,-10.3,1.6,-25.8,36.400000000000006,-0.4
Chrome Mobile,90.0.4430.82,Asus X01AD,Asus,Blink,[object Object],Chrome Mobile 90.0.4430.82 on Asus X01AD (Android 9),2021-05-06T05:06:47.561Z,歩行,学生研,false,78.60000000000001,102.7,-21.1,1.7000000000000002,6.5,5.5,2.4000000000000004,-2.2,7.300000000000001,-171.90000000000003,-17.6,105.10000000000001
Chrome Mobile,90.0.4430.82,Asus X01AD,Asus,Blink,[object Object],Chrome Mobile 90.0.4430.82 on Asus X01AD (Android 9),2021-05-06T05:06:47.762Z,歩行,学生研,false,80.10000000000001,64.7,-24.8,2.7,26.900000000000002,12,0.9,18.2,8.3,-93.89999999999999,32.300000000000004,36.7
Chrome Mobile,90.0.4430.82,Asus X01AD,Asus,Blink,[object Object],Chrome Mobile 90.0.4430.82 on Asus X01AD (Android 9),2021-05-06T05:06:47.963Z,歩行,学生研,false,94.30000000000001,93.60000000000001,-37.2,0.9,5.2,1.6,1.3,-5.2,2.1,139.4,10.200000000000001,-113.89999999999999
Chrome Mobile,90.0.4430.82,Asus X01AD,Asus,Blink,[object Object],Chrome Mobile 90.0.4430.82 on Asus X01AD (Android 9),2021-05-06T05:06:48.163Z,歩行,学生研,false,95.7,122,-38.400000000000006,-2.9000000000000004,-0.8,-5.9,0.30000000000000004,-9.1,-1.9000000000000001,78.10000000000001,18,-60.2
Chrome Mobile,90.0.4430.82,Asus X01AD,Asus,Blink,[object Object],Chrome Mobile 90.0.4430.82 on Asus X01AD (Android 9),2021-05-06T05:06:48.364Z,歩行,学生研,false,92.2,118.5,-31.5,-2.5,1.2000000000000002,-5.7,-0.2,-6.9,-1.9000000000000001,-81.2,-10.5,71.10000000000001
Chrome Mobile,90.0.4430.82,Asus X01AD,Asus,Blink,[object Object],Chrome Mobile 90.0.4430.82 on Asus X01AD (Android 9),2021-05-06T05:06:48.564Z,歩行,学生研,false,123.60000000000001,79.60000000000001,-64.8,5,12.700000000000001,0,3.5,3.7,-0.7000000000000001,-161.4,-24.200000000000003,103.10000000000001
Chrome Mobile,90.0.4430.82,Asus X01AD,Asus,Blink,[object Object],Chrome Mobile 90.0.4430.82 on Asus X01AD (Android 9),2021-05-06T05:06:48.765Z,歩行,学生研,false,100.7,64.10000000000001,-42.7,9.1,21.400000000000002,4.6000000000000005,6.1000000000000005,12.200000000000001,1.4000000000000001,97.89999999999999,-2.8,-62.4
Chrome Mobile,90.0.4430.82,Asus X01AD,Asus,Blink,[object Object],Chrome Mobile 90.0.4430.82 on Asus X01AD (Android 9),2021-05-06T05:06:48.965Z,歩行,学生研,false,96.5,100.10000000000001,-39.1,-1.2000000000000002,4.6000000000000005,3.9000000000000004,-0.1,-5.5,5.300000000000001,99.2,24,-147.4
Chrome Mobile,90.0.4430.82,Asus X01AD,Asus,Blink,[object Object],Chrome Mobile 90.0.4430.82 on Asus X01AD (Android 9),2021-05-06T05:06:49.166Z,歩行,学生研,false,99.5,123.10000000000001,-36.4,-2.8000000000000003,-2.4000000000000004,-2.5,0.30000000000000004,-10.5,1.8,22.1,22.1,-18.8
Chrome Mobile,90.0.4430.82,Asus X01AD,Asus,Blink,[object Object],Chrome Mobile 90.0.4430.82 on Asus X01AD (Android 9),2021-05-06T05:06:49.366Z,歩行,学生研,false,97.2,110.9,-36.1,-4,4.2,-3.2,-2.1,-4.2,-0.6000000000000001,-144.20000000000002,12,59.40000000000001
Chrome Mobile,90.0.4430.82,Asus X01AD,Asus,Blink,[object Object],Chrome Mobile 90.0.4430.82 on Asus X01AD (Android 9),2021-05-06T05:06:49.567Z,歩行,学生研,false,78.10000000000001,67.2,-22.5,3.6,25.400000000000002,7.7,2.2,16.7,4.3,-121.10000000000001,-3.4,61.10000000000001
Chrome Mobile,90.0.4430.82,Asus X01AD,Asus,Blink,[object Object],Chrome Mobile 90.0.4430.82 on Asus X01AD (Android 9),2021-05-06T05:06:49.774Z,歩行,学生研,false,31.5,87.30000000000001,24.700000000000003,4.800000000000001,13,5.5,5.2,1.3,4.4,197.6,-43.2,-123.4
Chrome Mobile,90.0.4430.82,Asus X01AD,Asus,Blink,[object Object],Chrome Mobile 90.0.4430.82 on Asus X01AD (Android 9),2021-05-06T05:06:49.978Z,歩行,学生研,false,104.60000000000001,117.9,-46.2,-3.5,-2.7,3.3000000000000003,-0.1,-11.4,6.4,129.10000000000002,-60.1,-38.60000000000001
Chrome Mobile,90.0.4430.82,Asus X01AD,Asus,Blink,[object Object],Chrome Mobile 90.0.4430.82 on Asus X01AD (Android 9),2021-05-06T05:06:50.180Z,歩行,学生研,false,92.5,117.2,-34.800000000000004,-0.7000000000000001,0.30000000000000004,-1.4000000000000001,1.7000000000000002,-7.9,2,-106.1,45.400000000000006,89.6
Chrome Mobile,90.0.4430.82,Asus X01AD,Asus,Blink,[object Object],Chrome Mobile 90.0.4430.82 on Asus X01AD (Android 9),2021-05-06T05:06:50.380Z,歩行,学生研,false,81.2,75.9,-21.1,2.1,19.400000000000002,3.6,1.3,10.5,1.6,-180.29999999999998,-51.50000000000001,84.69999999999999
Chrome Mobile,90.0.4430.82,Asus X01AD,Asus,Blink,[object Object],Chrome Mobile 90.0.4430.82 on Asus X01AD (Android 9),2021-05-06T05:06:50.581Z,歩行,学生研,false,74.8,79.4,-14.200000000000001,2.3000000000000003,16,5.6000000000000005,1.9000000000000001,5.7,3.8000000000000003,164.5,-6,-86.8
Chrome Mobile,90.0.4430.82,Asus X01AD,Asus,Blink,[object Object],Chrome Mobile 90.0.4430.82 on Asus X01AD (Android 9),2021-05-06T05:06:50.785Z,歩行,学生研,false,109.80000000000001,110.10000000000001,-47.900000000000006,-4.3,-0.1,4.3,-1.8,-9.600000000000001,6.6000000000000005,20.8,69.3,-42.1
Chrome Mobile,90.0.4430.82,Asus X01AD,Asus,Blink,[object Object],Chrome Mobile 90.0.4430.82 on Asus X01AD (Android 9),2021-05-06T05:06:50.985Z,歩行,学生研,false,91.9,120.9,-34.5,-2.9000000000000004,-1.6,-3.7,-0.2,-9.600000000000001,0.2,-30.4,24.5,39
Chrome Mobile,90.0.4430.82,Asus X01AD,Asus,Blink,[object Object],Chrome Mobile 90.0.4430.82 on Asus X01AD (Android 9),2021-05-06T05:06:51.186Z,歩行,学生研,false,85.5,95.9,-25.6,0.8,12,2.1,1.2000000000000002,3,3,-195.1,-11.2,59.20000000000001
Chrome Mobile,90.0.4430.82,Asus X01AD,Asus,Blink,[object Object],Chrome Mobile 90.0.4430.82 on Asus X01AD (Android 9),2021-05-06T05:06:51.387Z,歩行,学生研,false,75.9,70.8,-20.5,0.5,22.6,11.700000000000001,-0.6000000000000001,13.3,8.700000000000001,-16.5,-16.5,-9.899999999999999
Chrome Mobile,90.0.4430.82,Asus X01AD,Asus,Blink,[object Object],Chrome Mobile 90.0.4430.82 on Asus X01AD (Android 9),2021-05-06T05:06:51.587Z,歩行,学生研,false,117.9,92.30000000000001,-61.5,-0.9,8.3,1.9000000000000001,-0.5,-1.9000000000000001,2.1,104.3,29.500000000000004,-61.7
Chrome Mobile,90.0.4430.82,Asus X01AD,Asus,Blink,[object Object],Chrome Mobile 90.0.4430.82 on Asus X01AD (Android 9),2021-05-06T05:06:51.788Z,歩行,学生研,false,87,114.10000000000001,-27.3,-0.6000000000000001,2.1,-2.6,1.3,-7,1,81.10000000000001,54.699999999999996,-45.2
Chrome Mobile,90.0.4430.82,Asus X01AD,Asus,Blink,[object Object],Chrome Mobile 90.0.4430.82 on Asus X01AD (Android 9),2021-05-06T05:06:51.989Z,歩行,学生研,false,81.4,122.80000000000001,-20.700000000000003,-1.6,-0.2,-4.9,0.2,-8,-0.2,-45.8,9.899999999999999,38.2
Chrome Mobile,90.0.4430.82,Asus X01AD,Asus,Blink,[object Object],Chrome Mobile 90.0.4430.82 on Asus X01AD (Android 9),2021-05-06T05:06:52.190Z,歩行,学生研,false,32.1,97.7,24.700000000000003,4.3,9,-0.1,3.8000000000000003,0.1,1,-161.9,-36,88.7
Chrome Mobile,90.0.4430.82,Asus X01AD,Asus,Blink,[object Object],Chrome Mobile 90.0.4430.82 on Asus X01AD (Android 9),2021-05-06T05:06:52.390Z,歩行,学生研,false,78.80000000000001,63.800000000000004,-26.1,2.8000000000000003,22.1,7.1000000000000005,1,13.4,3.3000000000000003,-57.3,-20.900000000000002,11.000000000000002
Chrome Mobile,90.0.4430.82,Asus X01AD,Asus,Blink,[object Object],Chrome Mobile 90.0.4430.82 on Asus X01AD (Android 9),2021-05-06T05:06:52.591Z,歩行,学生研,false,38.6,86.4,16.7,0.1,10.3,5.2,0.30000000000000004,-0.1,4.6000000000000005,200.5,-6.4,-103.49999999999999
Chrome Mobile,90.0.4430.82,Asus X01AD,Asus,Blink,[object Object],Chrome Mobile 90.0.4430.82 on Asus X01AD (Android 9),2021-05-06T05:06:52.791Z,歩行,学生研,false,86.10000000000001,115,-31.6,-2.3000000000000003,0.4,-1.5,-0.1,-8.700000000000001,2.1,92.90000000000002,-5.8,-28.400000000000002
Chrome Mobile,90.0.4430.82,Asus X01AD,Asus,Blink,[object Object],Chrome Mobile 90.0.4430.82 on Asus X01AD (Android 9),2021-05-06T05:06:52.992Z,歩行,学生研,false,78.5,121.30000000000001,-23.3,-1.7000000000000002,-0.2,-5.1000000000000005,0.2,-8.200000000000001,-0.7000000000000001,-43.70000000000001,8.4,38
Chrome Mobile,90.0.4430.82,Asus X01AD,Asus,Blink,[object Object],Chrome Mobile 90.0.4430.82 on Asus X01AD (Android 9),2021-05-06T05:06:53.193Z,歩行,学生研,false,4.7,92.7,46.7,2.1,12.8,4.3,1.8,3.8000000000000003,4.5,-207.7,-0.5,69.10000000000001
Chrome Mobile,90.0.4430.82,Asus X01AD,Asus,Blink,[object Object],Chrome Mobile 90.0.4430.82 on Asus X01AD (Android 9),2021-05-06T05:06:53.394Z,歩行,学生研,false,89.9,70.3,-38.400000000000006,8.700000000000001,21.8,4.3,6.6000000000000005,12.4,1.6,123.19999999999999,1.6,5.4
Chrome Mobile,90.0.4430.82,Asus X01AD,Asus,Blink,[object Object],Chrome Mobile 90.0.4430.82 on Asus X01AD (Android 9),2021-05-06T05:06:53.594Z,歩行,学生研,false,72.8,99.4,-22.3,-1.2000000000000002,9,2.6,-0.5,-1.1,4.2,132.9,-15.000000000000002,-68.9
Chrome Mobile,90.0.4430.82,Asus X01AD,Asus,Blink,[object Object],Chrome Mobile 90.0.4430.82 on Asus X01AD (Android 9),2021-05-06T05:06:53.795Z,歩行,学生研,false,73.2,124,-24.700000000000003,-0.5,1.4000000000000001,-4,1.9000000000000001,-6.800000000000001,1,13.900000000000002,39.699999999999996,-51
Chrome Mobile,90.0.4430.82,Asus X01AD,Asus,Blink,[object Object],Chrome Mobile 90.0.4430.82 on Asus X01AD (Android 9),2021-05-06T05:06:53.996Z,歩行,学生研,false,71.8,121.60000000000001,-19.400000000000002,0.30000000000000004,-0.9,-6.2,1.9000000000000001,-8.700000000000001,-1.7000000000000002,-164.7,33.7,81.8
Chrome Mobile,90.0.4430.82,Asus X01AD,Asus,Blink,[object Object],Chrome Mobile 90.0.4430.82 on Asus X01AD (Android 9),2021-05-06T05:06:54.197Z,歩行,学生研,false,73.5,77.2,-25.8,3.7,18.5,4.4,2.8000000000000003,9.600000000000001,2.5,-158.7,-69.80000000000001,60.00000000000001
Chrome Mobile,90.0.4430.82,Asus X01AD,Asus,Blink,[object Object],Chrome Mobile 90.0.4430.82 on Asus X01AD (Android 9),2021-05-06T05:06:54.397Z,歩行,学生研,false,73.2,74.8,-29.6,2.1,14.5,6.5,0.7000000000000001,4.6000000000000005,4.1000000000000005,165.9,-9.899999999999999,-63.70000000000001
Chrome Mobile,90.0.4430.82,Asus X01AD,Asus,Blink,[object Object],Chrome Mobile 90.0.4430.82 on Asus X01AD (Android 9),2021-05-06T05:06:54.598Z,歩行,学生研,false,85.7,104.7,-41.400000000000006,-1.4000000000000001,2.6,-1.6,0.30000000000000004,-7.1000000000000005,0.30000000000000004,98.50000000000001,-16.6,-76.60000000000001
Chrome Mobile,90.0.4430.82,Asus X01AD,Asus,Blink,[object Object],Chrome Mobile 90.0.4430.82 on Asus X01AD (Android 9),2021-05-06T05:06:54.799Z,歩行,学生研,false,89.10000000000001,119.7,-40.5,-5,-0.2,-5.5,-1.9000000000000001,-8.5,-2,3,34.2,5.1000000000000005
Chrome Mobile,90.0.4430.82,Asus X01AD,Asus,Blink,[object Object],Chrome Mobile 90.0.4430.82 on Asus X01AD (Android 9),2021-05-06T05:06:54.999Z,歩行,学生研,false,66.2,99.30000000000001,-17.3,3.2,6.4,-0.2,3.6,-2.5,1.2000000000000002,-170.1,15.8,98.2
Chrome Mobile,90.0.4430.82,Asus X01AD,Asus,Blink,[object Object],Chrome Mobile 90.0.4430.82 on Asus X01AD (Android 9),2021-05-06T05:06:55.200Z,歩行,学生研,false,61.300000000000004,67.2,-13.4,5.300000000000001,25.8,13.200000000000001,4.4,16.6,9.4,24.7,-11.6,-25.7
Chrome Mobile,90.0.4430.82,Asus X01AD,Asus,Blink,[object Object],Chrome Mobile 90.0.4430.82 on Asus X01AD (Android 9),2021-05-06T05:06:55.401Z,歩行,学生研,false,96.7,95.80000000000001,-48.1,0.7000000000000001,3.3000000000000003,4,1.4000000000000001,-6.9,4.7,99.00000000000001,14.200000000000001,-90.19999999999999
Chrome Mobile,90.0.4430.82,Asus X01AD,Asus,Blink,[object Object],Chrome Mobile 90.0.4430.82 on Asus X01AD (Android 9),2021-05-06T05:06:55.602Z,歩行,学生研,false,89.30000000000001,114.60000000000001,-40.400000000000006,-2.3000000000000003,-1.1,-3.8000000000000003,0.30000000000000004,-9.8,-0.8,-3.8,34.900000000000006,-34.900000000000006
Chrome Mobile,90.0.4430.82,Asus X01AD,Asus,Blink,[object Object],Chrome Mobile 90.0.4430.82 on Asus X01AD (Android 9),2021-05-06T05:06:55.811Z,歩行,学生研,false,92.4,99.80000000000001,-39.7,1.1,6.800000000000001,2.5,2.1,-2.1,3.7,-111.50000000000001,-24.8,89.30000000000001
Chrome Mobile,90.0.4430.82,Asus X01AD,Asus,Blink,[object Object],Chrome Mobile 90.0.4430.82 on Asus X01AD (Android 9),2021-05-06T05:06:56.011Z,歩行,学生研,false,60.900000000000006,63.400000000000006,-6.7,4.9,16.2,7.4,4.4,7.7,3.2,-106.80000000000001,-39.699999999999996,18.900000000000002
Chrome Mobile,90.0.4430.82,Asus X01AD,Asus,Blink,[object Object],Chrome Mobile 90.0.4430.82 on Asus X01AD (Android 9),2021-05-06T05:06:56.212Z,歩行,学生研,false,52.300000000000004,54.400000000000006,4.1000000000000005,-3.2,6.800000000000001,4.800000000000001,-2.8000000000000003,-1.2000000000000002,-0.9,7.300000000000001,21.400000000000002,8.3
Chrome Mobile,90.0.4430.82,Asus X01AD,Asus,Blink,[object Object],Chrome Mobile 90.0.4430.82 on Asus X01AD (Android 9),2021-05-06T05:06:56.413Z,歩行,学生研,false,55.5,51.900000000000006,4.1000000000000005,-0.4,8,4.800000000000001,0,0.4,-1.2000000000000002,6.500000000000001,17.5,3.1