platform_name,platform_version,platform_product,platform_manufacturer,platform_layout,platform_os,platform_description,date,label,s_movement,do_absolute,do_alpha,do_beta,do_gamma,acc_g_x,acc_g_y,acc_g_z,acc_x,acc_y,acc_z,rot_alpha,rot_beta,rot_gamma
Chrome Mobile,90.0.4430.82,Asus X01AD,Asus,Blink,[object Object],Chrome Mobile 90.0.4430.82 on Asus X01AD (Android 9),2021-05-06T05:57:48.230Z,寝る,お,false,54.5,37.4,7.7,-1.2000000000000002,6.4,7.6000000000000005,-0.1,0.4,-0.2,8.3,3.9,23.700000000000003
Chrome Mobile,90.0.4430.82,Asus X01AD,Asus,Blink,[object Object],Chrome Mobile 90.0.4430.82 on Asus X01AD (Android 9),2021-05-06T05:57:48.431Z,寝る,お,false,312.3,66.10000000000001,3.6,-1.1,7.9,14.5,-0.9,-1.1,10.5,75.9,212.1,27.800000000000004
Chrome Mobile,90.0.4430.82,Asus X01AD,Asus,Blink,[object Object],Chrome Mobile 90.0.4430.82 on Asus X01AD (Android 9),2021-05-06T05:57:48.632Z,寝る,お,false,332.70000000000005,69.8,11.3,19.6,10.3,4.2,20.3,1.1,0.9,-61.300000000000004,26.300000000000004,-87.3
Chrome Mobile,90.0.4430.82,Asus X01AD,Asus,Blink,[object Object],Chrome Mobile 90.0.4430.82 on Asus X01AD (Android 9),2021-05-06T05:57:48.833Z,寝る,お,false,340.8,68.3,-35,-12.700000000000001,10.3,7,-14.8,1.2000000000000002,4,10.9,-250.4,134.00000000000003
Chrome Mobile,90.0.4430.82,Asus X01AD,Asus,Blink,[object Object],Chrome Mobile 90.0.4430.82 on Asus X01AD (Android 9),2021-05-06T05:57:49.034Z,寝る,お,false,320.20000000000005,66.7,4.2,3.6,10.5,15.5,3.9000000000000004,1.5,11.5,12.4,249.5,9.8
Chrome Mobile,90.0.4430.82,Asus X01AD,Asus,Blink,[object Object],Chrome Mobile 90.0.4430.82 on Asus X01AD (Android 9),2021-05-06T05:57:49.235Z,寝る,お,false,342.1,71.60000000000001,11.8,21,8.3,3.5,21.6,-1,0.5,21.500000000000004,-90.9,2.7
Chrome Mobile,90.0.4430.82,Asus X01AD,Asus,Blink,[object Object],Chrome Mobile 90.0.4430.82 on Asus X01AD (Android 9),2021-05-06T05:57:49.442Z,寝る,お,false,348.8,68.9,-34.1,0.5,10.9,11.3,-1.5,1.7000000000000002,8.3,-2.4000000000000004,-250.4,36.8
Chrome Mobile,90.0.4430.82,Asus X01AD,Asus,Blink,[object Object],Chrome Mobile 90.0.4430.82 on Asus X01AD (Android 9),2021-05-06T05:57:49.646Z,寝る,お,false,331.20000000000005,70.60000000000001,-36.7,-11.9,9.600000000000001,9.600000000000001,-13.9,0.4,7,32.6,220.60000000000002,-53.9
Chrome Mobile,90.0.4430.82,Asus X01AD,Asus,Blink,[object Object],Chrome Mobile 90.0.4430.82 on Asus X01AD (Android 9),2021-05-06T05:57:49.847Z,寝る,お,false,336.40000000000003,71.3,10.200000000000001,17.400000000000002,8.9,6.4,18,-0.4,3.2,24.400000000000002,148.1,46.7
Chrome Mobile,90.0.4430.82,Asus X01AD,Asus,Blink,[object Object],Chrome Mobile 90.0.4430.82 on Asus X01AD (Android 9),2021-05-06T05:57:50.047Z,寝る,お,false,356.70000000000005,73.5,-30.900000000000002,5.5,9.1,6.7,4.1000000000000005,-0.4,4.3,5.9,-250.20000000000002,15.6
Chrome Mobile,90.0.4430.82,Asus X01AD,Asus,Blink,[object Object],Chrome Mobile 90.0.4430.82 on Asus X01AD (Android 9),2021-05-06T05:57:50.249Z,寝る,お,false,348.3,66.8,-67.2,-17.7,12.700000000000001,8.700000000000001,-21.200000000000003,3.6,7.2,4.300000000000001,-97.89999999999999,15.100000000000001
Chrome Mobile,90.0.4430.82,Asus X01AD,Asus,Blink,[object Object],Chrome Mobile 90.0.4430.82 on Asus X01AD (Android 9),2021-05-06T05:57:50.449Z,寝る,お,false,336.1,75.2,-18.3,5.7,9.4,11.5,4.9,-0.2,9.1,67.00000000000001,249.6,11.700000000000001
Chrome Mobile,90.0.4430.82,Asus X01AD,Asus,Blink,[object Object],Chrome Mobile 90.0.4430.82 on Asus X01AD (Android 9),2021-05-06T05:57:50.650Z,寝る,お,false,2.6,75.8,-15.9,16.6,6.5,4.4,15.9,-3.1,2.1,18.6,18.6,-31.9
Chrome Mobile,90.0.4430.82,Asus X01AD,Asus,Blink,[object Object],Chrome Mobile 90.0.4430.82 on Asus X01AD (Android 9),2021-05-06T05:57:50.851Z,寝る,お,false,359.1,72.4,-50.7,-1.2000000000000002,7.9,11.3,-3.5,-1.5,9.4,-44.300000000000004,-250.4,42
Chrome Mobile,90.0.4430.82,Asus X01AD,Asus,Blink,[object Object],Chrome Mobile 90.0.4430.82 on Asus X01AD (Android 9),2021-05-06T05:57:51.051Z,寝る,お,false,328.3,66.7,-47.400000000000006,-14.600000000000001,11.9,12.8,-17.400000000000002,2.9000000000000004,10.200000000000001,42.1,131.9,-11.1
Chrome Mobile,90.0.4430.82,Asus X01AD,Asus,Blink,[object Object],Chrome Mobile 90.0.4430.82 on Asus X01AD (Android 9),2021-05-06T05:57:51.252Z,寝る,お,false,341.8,78,-11.9,15.5,7.9,3.9000000000000004,15,-1.9000000000000001,1.9000000000000001,64.30000000000001,249.6,7.400000000000001
Chrome Mobile,90.0.4430.82,Asus X01AD,Asus,Blink,[object Object],Chrome Mobile 90.0.4430.82 on Asus X01AD (Android 9),2021-05-06T05:57:51.453Z,寝る,お,false,17.3,77.10000000000001,-48.1,9.200000000000001,6.800000000000001,4.6000000000000005,7.6000000000000005,-2.8000000000000003,3.2,-41.800000000000004,-228.20000000000002,8.5
Chrome Mobile,90.0.4430.82,Asus X01AD,Asus,Blink,[object Object],Chrome Mobile 90.0.4430.82 on Asus X01AD (Android 9),2021-05-06T05:57:51.654Z,寝る,お,false,336.8,65.4,-58.7,-14,11,7.2,-17.400000000000002,2.1,5.1000000000000005,-72,-250.3,41
Chrome Mobile,90.0.4430.82,Asus X01AD,Asus,Blink,[object Object],Chrome Mobile 90.0.4430.82 on Asus X01AD (Android 9),2021-05-06T05:57:51.855Z,寝る,お,false,331,76.5,-30,1.4000000000000001,10.5,7,0.2,0.9,5,72.7,249.4,-86.8
Chrome Mobile,90.0.4430.82,Asus X01AD,Asus,Blink,[object Object],Chrome Mobile 90.0.4430.82 on Asus X01AD (Android 9),2021-05-06T05:57:52.056Z,寝る,お,false,340,80.5,-3.9000000000000004,22.400000000000002,9.200000000000001,4,22.3,-0.5,2.4000000000000004,-81.60000000000001,24.3,-36.300000000000004
Chrome Mobile,90.0.4430.82,Asus X01AD,Asus,Blink,[object Object],Chrome Mobile 90.0.4430.82 on Asus X01AD (Android 9),2021-05-06T05:57:52.256Z,寝る,お,false,345.6,75.10000000000001,-39,-0.30000000000000004,9.200000000000001,8.4,-1.9000000000000001,-0.2,6.5,-24,-250.4,38.1
Chrome Mobile,90.0.4430.82,Asus X01AD,Asus,Blink,[object Object],Chrome Mobile 90.0.4430.82 on Asus X01AD (Android 9),2021-05-06T05:57:52.458Z,寝る,お,false,315.8,72.9,-38,-18.7,9.8,7.6000000000000005,-20.5,0.5,5.4,32.5,136.8,-37.800000000000004
Chrome Mobile,90.0.4430.82,Asus X01AD,Asus,Blink,[object Object],Chrome Mobile 90.0.4430.82 on Asus X01AD (Android 9),2021-05-06T05:57:52.659Z,寝る,お,false,309.8,75.4,12.3,6.9,7.800000000000001,9,7.4,-1.8,6.6000000000000005,13.6,245.20000000000002,5.7
Chrome Mobile,90.0.4430.82,Asus X01AD,Asus,Blink,[object Object],Chrome Mobile 90.0.4430.82 on Asus X01AD (Android 9),2021-05-06T05:57:52.861Z,寝る,お,false,354.20000000000005,75.5,-25.8,11,7.800000000000001,4.3,9.9,-1.6,2.1,31.799999999999997,-232.1,29.200000000000003
Chrome Mobile,90.0.4430.82,Asus X01AD,Asus,Blink,[object Object],Chrome Mobile 90.0.4430.82 on Asus X01AD (Android 9),2021-05-06T05:57:53.062Z,寝る,お,false,337,64.8,-57.900000000000006,-20.5,14.5,14.100000000000001,-24.1,5.6000000000000005,11.9,-57.60000000000001,-184,29.500000000000004
Chrome Mobile,90.0.4430.82,Asus X01AD,Asus,Blink,[object Object],Chrome Mobile 90.0.4430.82 on Asus X01AD (Android 9),2021-05-06T05:57:53.269Z,寝る,お,false,321.90000000000003,72.60000000000001,-9.600000000000001,4.800000000000001,11.4,10.9,4.3,1.9000000000000001,8,26.200000000000003,249.6,-42.5
Chrome Mobile,90.0.4430.82,Asus X01AD,Asus,Blink,[object Object],Chrome Mobile 90.0.4430.82 on Asus X01AD (Android 9),2021-05-06T05:57:53.469Z,寝る,お,false,348,79,-8.9,18.2,6.1000000000000005,6,19.400000000000002,-3,4.1000000000000005,-18.4,10.5,-27.800000000000004
Chrome Mobile,90.0.4430.82,Asus X01AD,Asus,Blink,[object Object],Chrome Mobile 90.0.4430.82 on Asus X01AD (Android 9),2021-05-06T05:57:53.670Z,寝る,お,false,346.20000000000005,72.9,-43.800000000000004,-1.4000000000000001,8.5,10.600000000000001,-3.4000000000000004,-0.9,8.5,-68.3,-250.4,-4.2
Chrome Mobile,90.0.4430.82,Asus X01AD,Asus,Blink,[object Object],Chrome Mobile 90.0.4430.82 on Asus X01AD (Android 9),2021-05-06T05:57:53.871Z,寝る,お,false,302.1,70.4,-16.400000000000002,-16.2,9.8,7.6000000000000005,-17.1,0.5,4.5,36.400000000000006,225.3,-68.2
Chrome Mobile,90.0.4430.82,Asus X01AD,Asus,Blink,[object Object],Chrome Mobile 90.0.4430.82 on Asus X01AD (Android 9),2021-05-06T05:57:54.072Z,寝る,お,false,304,73.5,31.700000000000003,9.700000000000001,7.7,7.7,9.5,-2.2,5.5,7.1000000000000005,225.3,47.1
Chrome Mobile,90.0.4430.82,Asus X01AD,Asus,Blink,[object Object],Chrome Mobile 90.0.4430.82 on Asus X01AD (Android 9),2021-05-06T05:57:54.278Z,寝る,お,false,341.8,76.5,-9.9,11.4,8.1,4.3,11,-1.4000000000000001,2,4.5,-224.3,1.9
Chrome Mobile,90.0.4430.82,Asus X01AD,Asus,Blink,[object Object],Chrome Mobile 90.0.4430.82 on Asus X01AD (Android 9),2021-05-06T05:57:54.479Z,寝る,お,false,326.1,66.8,-46.6,-24,11.3,14.600000000000001,-26.8,2.3000000000000003,11.9,-21.900000000000002,-112.9,41.4
Chrome Mobile,90.0.4430.82,Asus X01AD,Asus,Blink,[object Object],Chrome Mobile 90.0.4430.82 on Asus X01AD (Android 9),2021-05-06T05:57:54.679Z,寝る,お,false,316.90000000000003,70.3,-1.5,2.6,9.4,13,2.5,0.1,9.600000000000001,35.1,249.6,10.200000000000001
Chrome Mobile,90.0.4430.82,Asus X01AD,Asus,Blink,[object Object],Chrome Mobile 90.0.4430.82 on Asus X01AD (Android 9),2021-05-06T05:57:54.880Z,寝る,お,false,331.70000000000005,73.10000000000001,12,19.5,7.6000000000000005,10.600000000000001,20.1,-1.8,7.800000000000001,-29.900000000000006,1.1,-43.4
Chrome Mobile,90.0.4430.82,Asus X01AD,Asus,Blink,[object Object],Chrome Mobile 90.0.4430.82 on Asus X01AD (Android 9),2021-05-06T05:57:55.081Z,寝る,お,false,338.8,70.8,-32,-1.7000000000000002,9.9,11.9,-3.4000000000000004,0.7000000000000001,9.200000000000001,-57.3,-250.4,23.700000000000003
Chrome Mobile,90.0.4430.82,Asus X01AD,Asus,Blink,[object Object],Chrome Mobile 90.0.4430.82 on Asus X01AD (Android 9),2021-05-06T05:57:55.281Z,寝る,お,false,316.90000000000003,70.8,-29.400000000000002,-10.100000000000001,11.200000000000001,8.1,-11.700000000000001,1.9000000000000001,5.300000000000001,33.400000000000006,209.5,-8.3
Chrome Mobile,90.0.4430.82,Asus X01AD,Asus,Blink,[object Object],Chrome Mobile 90.0.4430.82 on Asus X01AD (Android 9),2021-05-06T05:57:55.483Z,寝る,お,false,316.90000000000003,75.9,17.7,11.4,6.9,3.4000000000000004,12.100000000000001,-2.8000000000000003,1.1,32.7,225.3,28.1
Chrome Mobile,90.0.4430.82,Asus X01AD,Asus,Blink,[object Object],Chrome Mobile 90.0.4430.82 on Asus X01AD (Android 9),2021-05-06T05:57:55.683Z,寝る,お,false,341.70000000000005,75,-9.200000000000001,12.3,8.8,4.9,11.9,-0.6000000000000001,2.5,21.7,-196.20000000000002,13.200000000000003
Chrome Mobile,90.0.4430.82,Asus X01AD,Asus,Blink,[object Object],Chrome Mobile 90.0.4430.82 on Asus X01AD (Android 9),2021-05-06T05:57:55.884Z,寝る,お,false,337.20000000000005,67.5,-52,-15.9,13,14.5,-18.900000000000002,3.9000000000000004,12.200000000000001,-55.7,-211.9,28.500000000000004
Chrome Mobile,90.0.4430.82,Asus X01AD,Asus,Blink,[object Object],Chrome Mobile 90.0.4430.82 on Asus X01AD (Android 9),2021-05-06T05:57:56.086Z,寝る,お,false,318.5,73.7,-6.7,-0.1,12,10.3,-0.5,2.5,7.5,13.6,249.6,-39.300000000000004
Chrome Mobile,90.0.4430.82,Asus X01AD,Asus,Blink,[object Object],Chrome Mobile 90.0.4430.82 on Asus X01AD (Android 9),2021-05-06T05:57:56.293Z,寝る,お,false,332,76.3,16.7,20.6,8.700000000000001,3.4000000000000004,21.3,-0.9,1.2000000000000002,16.200000000000003,41.50000000000001,13.5
Chrome Mobile,90.0.4430.82,Asus X01AD,Asus,Blink,[object Object],Chrome Mobile 90.0.4430.82 on Asus X01AD (Android 9),2021-05-06T05:57:56.494Z,寝る,お,false,341.70000000000005,72.4,-23,2.1,8.8,12.100000000000001,0.9,-0.5,9.3,-36.1,-250.4,-6.4
Chrome Mobile,90.0.4430.82,Asus X01AD,Asus,Blink,[object Object],Chrome Mobile 90.0.4430.82 on Asus X01AD (Android 9),2021-05-06T05:57:56.695Z,寝る,お,false,309.1,66.60000000000001,-28.5,-24.5,9.600000000000001,13,-26.400000000000002,0.6000000000000001,9.600000000000001,9.700000000000001,88.7,4.4
Chrome Mobile,90.0.4430.82,Asus X01AD,Asus,Blink,[object Object],Chrome Mobile 90.0.4430.82 on Asus X01AD (Android 9),2021-05-06T05:57:56.896Z,寝る,お,false,326.20000000000005,71.9,0.4,9.4,8.700000000000001,12.8,9.4,-0.9,9.600000000000001,80.8,249.6,20.3
Chrome Mobile,90.0.4430.82,Asus X01AD,Asus,Blink,[object Object],Chrome Mobile 90.0.4430.82 on Asus X01AD (Android 9),2021-05-06T05:57:57.096Z,寝る,お,false,350.1,78.60000000000001,-8,11.3,4.7,3.5,11,-4.9,1.6,-6.4,-83.70000000000002,-47.60000000000001
Chrome Mobile,90.0.4430.82,Asus X01AD,Asus,Blink,[object Object],Chrome Mobile 90.0.4430.82 on Asus X01AD (Android 9),2021-05-06T05:57:57.297Z,寝る,お,false,332.1,65.7,-37.4,-6.800000000000001,10.200000000000001,15.8,-9.200000000000001,1.3,12.600000000000001,-120.00000000000001,-250.4,40
Chrome Mobile,90.0.4430.82,Asus X01AD,Asus,Blink,[object Object],Chrome Mobile 90.0.4430.82 on Asus X01AD (Android 9),2021-05-06T05:57:57.498Z,寝る,お,false,317.1,66.7,-18.5,-6.6000000000000005,9.5,10.3,-7.800000000000001,0.4,6.6000000000000005,78.60000000000001,231.3,22.8
Chrome Mobile,90.0.4430.82,Asus X01AD,Asus,Blink,[object Object],Chrome Mobile 90.0.4430.82 on Asus X01AD (Android 9),2021-05-06T05:57:57.699Z,寝る,お,false,343.6,81.4,1.5,21.900000000000002,7.9,-2.4000000000000004,22,-2.1,-4.1000000000000005,111.70000000000002,145.20000000000002,1.7
Chrome Mobile,90.0.4430.82,Asus X01AD,Asus,Blink,[object Object],Chrome Mobile 90.0.4430.82 on Asus X01AD (Android 9),2021-05-06T05:57:57.900Z,寝る,お,false,353.90000000000003,78,-26.6,8.700000000000001,6.800000000000001,5.800000000000001,7.7,-2.7,4,-60.900000000000006,-243.50000000000003,-12.8
Chrome Mobile,90.0.4430.82,Asus X01AD,Asus,Blink,[object Object],Chrome Mobile 90.0.4430.82 on Asus X01AD (Android 9),2021-05-06T05:57:58.101Z,寝る,お,false,323.5,61.1,-43.1,-16.6,15.700000000000001,19.900000000000002,-19.900000000000002,7.1000000000000005,16.400000000000002,-37.400000000000006,-57.20000000000001,6.600000000000001
Chrome Mobile,90.0.4430.82,Asus X01AD,Asus,Blink,[object Object],Chrome Mobile 90.0.4430.82 on Asus X01AD (Android 9),2021-05-06T05:57:58.303Z,寝る,お,false,313.20000000000005,71.5,9.1,4.800000000000001,9.5,11.9,5.300000000000001,-0.1,8.700000000000001,55.5,249.6,-27.3
Chrome Mobile,90.0.4430.82,Asus X01AD,Asus,Blink,[object Object],Chrome Mobile 90.0.4430.82 on Asus X01AD (Android 9),2021-05-06T05:57:58.504Z,寝る,お,false,349.5,82.7,-5.800000000000001,17.5,5.9,2.9000000000000004,17.400000000000002,-3.9000000000000004,1.7000000000000002,-49.699999999999996,-11.700000000000001,-41.800000000000004
Chrome Mobile,90.0.4430.82,Asus X01AD,Asus,Blink,[object Object],Chrome Mobile 90.0.4430.82 on Asus X01AD (Android 9),2021-05-06T05:57:58.711Z,寝る,お,false,342.90000000000003,70.7,-42.800000000000004,-4.6000000000000005,10.700000000000001,10.8,-6.9,1.4000000000000001,8.4,-65.10000000000001,-250.4,48.6
Chrome Mobile,90.0.4430.82,Asus X01AD,Asus,Blink,[object Object],Chrome Mobile 90.0.4430.82 on Asus X01AD (Android 9),2021-05-06T05:57:58.912Z,寝る,お,false,320.8,67.9,-20.5,-4.1000000000000005,11,10.9,-5.6000000000000005,1.8,7.4,42.7,226.4,23.099999999999998
Chrome Mobile,90.0.4430.82,Asus X01AD,Asus,Blink,[object Object],Chrome Mobile 90.0.4430.82 on Asus X01AD (Android 9),2021-05-06T05:57:59.116Z,寝る,お,false,345.40000000000003,81.9,-1.7000000000000002,20.700000000000003,5,-6.4,20.700000000000003,-4.9,-7.800000000000001,80.50000000000001,75.60000000000001,17.9
Chrome Mobile,90.0.4430.82,Asus X01AD,Asus,Blink,[object Object],Chrome Mobile 90.0.4430.82 on Asus X01AD (Android 9),2021-05-06T05:57:59.317Z,寝る,お,false,343.5,74.60000000000001,-27.900000000000002,4.2,9.4,11.3,2.9000000000000004,-0.1,9,-49.6,-250.4,-31.6
Chrome Mobile,90.0.4430.82,Asus X01AD,Asus,Blink,[object Object],Chrome Mobile 90.0.4430.82 on Asus X01AD (Android 9),2021-05-06T05:57:59.518Z,寝る,お,false,317.90000000000003,70.8,-38.900000000000006,-21.900000000000002,10.3,14.3,-24,0.9,11.8,10.4,97.10000000000001,-19.6
Chrome Mobile,90.0.4430.82,Asus X01AD,Asus,Blink,[object Object],Chrome Mobile 90.0.4430.82 on Asus X01AD (Android 9),2021-05-06T05:57:59.719Z,寝る,お,false,320.5,72.5,4.3,10.8,8.3,9.1,11.100000000000001,-1.4000000000000001,6.2,59.699999999999996,249.6,5.4
Chrome Mobile,90.0.4430.82,Asus X01AD,Asus,Blink,[object Object],Chrome Mobile 90.0.4430.82 on Asus X01AD (Android 9),2021-05-06T05:57:59.920Z,寝る,お,false,343.70000000000005,77.9,0.4,14.3,7.4,3.4000000000000004,14.4,-2.3000000000000003,1.3,7.8,-119,-16.5
Chrome Mobile,90.0.4430.82,Asus X01AD,Asus,Blink,[object Object],Chrome Mobile 90.0.4430.82 on Asus X01AD (Android 9),2021-05-06T05:58:00.121Z,寝る,お,false,330.6,71.5,-35.6,-11.600000000000001,11,10.4,-13.5,1.6,7.9,-24.8,-250.4,48.6
Chrome Mobile,90.0.4430.82,Asus X01AD,Asus,Blink,[object Object],Chrome Mobile 90.0.4430.82 on Asus X01AD (Android 9),2021-05-06T05:58:00.326Z,寝る,お,false,309.40000000000003,74.4,-2.3000000000000003,-4.4,10.100000000000001,10.200000000000001,-5.9,0,6.9,26.9,249.20000000000002,61.8
Chrome Mobile,90.0.4430.82,Asus X01AD,Asus,Blink,[object Object],Chrome Mobile 90.0.4430.82 on Asus X01AD (Android 9),2021-05-06T05:58:00.527Z,寝る,お,false,348.6,80.30000000000001,5.300000000000001,23.200000000000003,6.4,2.3000000000000003,23.3,-3.4000000000000004,0.6000000000000001,25.200000000000003,38.400000000000006,19.400000000000002
Chrome Mobile,90.0.4430.82,Asus X01AD,Asus,Blink,[object Object],Chrome Mobile 90.0.4430.82 on Asus X01AD (Android 9),2021-05-06T05:58:00.728Z,寝る,お,false,359.3,72.9,-38.300000000000004,3.1,9,12.700000000000001,1.3,-0.4,10.4,-48.800000000000004,-250.4,31.9
Chrome Mobile,90.0.4430.82,Asus X01AD,Asus,Blink,[object Object],Chrome Mobile 90.0.4430.82 on Asus X01AD (Android 9),2021-05-06T05:58:00.929Z,寝る,お,false,315.3,67.8,-18.1,-18.900000000000002,8.1,7,-20.1,-1.1,3.4000000000000004,31.5,146.20000000000002,-28.700000000000003
Chrome Mobile,90.0.4430.82,Asus X01AD,Asus,Blink,[object Object],Chrome Mobile 90.0.4430.82 on Asus X01AD (Android 9),2021-05-06T05:58:01.129Z,寝る,お,false,317,70.4,26.5,11.3,6.4,11.600000000000001,12.9,-3.2,8.5,50,249.6,-8.3
Chrome Mobile,90.0.4430.82,Asus X01AD,Asus,Blink,[object Object],Chrome Mobile 90.0.4430.82 on Asus X01AD (Android 9),2021-05-06T05:58:01.330Z,寝る,お,false,343.5,76.5,6.7,13.4,6.5,3.6,13.700000000000001,-2.9000000000000004,1.4000000000000001,-34.7,-241.60000000000002,11.3
Chrome Mobile,90.0.4430.82,Asus X01AD,Asus,Blink,[object Object],Chrome Mobile 90.0.4430.82 on Asus X01AD (Android 9),2021-05-06T05:58:01.531Z,寝る,お,false,346,60.300000000000004,-43.2,-10.200000000000001,14.3,17.2,-13.600000000000001,5.6000000000000005,13.600000000000001,-78.3,-185.6,38.7
Chrome Mobile,90.0.4430.82,Asus X01AD,Asus,Blink,[object Object],Chrome Mobile 90.0.4430.82 on Asus X01AD (Android 9),2021-05-06T05:58:01.732Z,寝る,お,false,338.40000000000003,66.5,-11.4,-0.8,11.200000000000001,11.600000000000001,-1.6,1.9000000000000001,7.6000000000000005,67.3,249.6,-15.2
Chrome Mobile,90.0.4430.82,Asus X01AD,Asus,Blink,[object Object],Chrome Mobile 90.0.4430.82 on Asus X01AD (Android 9),2021-05-06T05:58:01.933Z,寝る,お,false,317.5,82.60000000000001,49.6,21.3,6.7,-7.2,22.3,-3.3000000000000003,-8.1,50.900000000000006,27.800000000000004,-8.3
Chrome Mobile,90.0.4430.82,Asus X01AD,Asus,Blink,[object Object],Chrome Mobile 90.0.4430.82 on Asus X01AD (Android 9),2021-05-06T05:58:02.134Z,寝る,お,false,349.20000000000005,73.7,-13,7.4,10,11.5,6.800000000000001,0.6000000000000001,8.9,-114.10000000000001,-250.4,-12.9
Chrome Mobile,90.0.4430.82,Asus X01AD,Asus,Blink,[object Object],Chrome Mobile 90.0.4430.82 on Asus X01AD (Android 9),2021-05-06T05:58:02.334Z,寝る,お,false,327.90000000000003,65.2,-17.6,-16.900000000000002,8.8,10,-18.2,-0.2,6,55,111.80000000000001,76.1
Chrome Mobile,90.0.4430.82,Asus X01AD,Asus,Blink,[object Object],Chrome Mobile 90.0.4430.82 on Asus X01AD (Android 9),2021-05-06T05:58:02.535Z,寝る,お,false,345,74.2,12.200000000000001,16.6,5.7,7.2,17.2,-4.1000000000000005,4.5,198.60000000000002,249.6,39.50000000000001
Chrome Mobile,90.0.4430.82,Asus X01AD,Asus,Blink,[object Object],Chrome Mobile 90.0.4430.82 on Asus X01AD (Android 9),2021-05-06T05:58:02.741Z,寝る,お,false,9.8,81.5,-5.6000000000000005,13.3,6.5,3.1,13.200000000000001,-3.1,1.7000000000000002,-35.1,-203.70000000000002,0.6000000000000001
Chrome Mobile,90.0.4430.82,Asus X01AD,Asus,Blink,[object Object],Chrome Mobile 90.0.4430.82 on Asus X01AD (Android 9),2021-05-06T05:58:02.944Z,寝る,お,false,4.7,63.400000000000006,-51,-7,10.4,7.6000000000000005,-10.4,1.6,4.800000000000001,-83.80000000000001,-243.9,81.4
Chrome Mobile,90.0.4430.82,Asus X01AD,Asus,Blink,[object Object],Chrome Mobile 90.0.4430.82 on Asus X01AD (Android 9),2021-05-06T05:58:03.145Z,寝る,お,false,344.8,70.4,-13.8,0.6000000000000001,11.9,8.8,-0.2,2.4000000000000004,5.5,103.7,249.6,-35.699999999999996
Chrome Mobile,90.0.4430.82,Asus X01AD,Asus,Blink,[object Object],Chrome Mobile 90.0.4430.82 on Asus X01AD (Android 9),2021-05-06T05:58:03.346Z,寝る,お,false,330.1,73.4,40.300000000000004,22.700000000000003,8.8,1.2000000000000002,24.5,-0.8,-1,-115.9,116.2,-91
Chrome Mobile,90.0.4430.82,Asus X01AD,Asus,Blink,[object Object],Chrome Mobile 90.0.4430.82 on Asus X01AD (Android 9),2021-05-06T05:58:03.547Z,寝る,お,false,5.9,73.8,-26.700000000000003,3.8000000000000003,8.200000000000001,9.8,2.5,-1.2000000000000002,7.300000000000001,-46.50000000000001,-250.4,32
Chrome Mobile,90.0.4430.82,Asus X01AD,Asus,Blink,[object Object],Chrome Mobile 90.0.4430.82 on Asus X01AD (Android 9),2021-05-06T05:58:03.747Z,寝る,お,false,341,67.60000000000001,-31.400000000000002,-20.8,8.9,8.5,-22.700000000000003,-0.30000000000000004,5.300000000000001,39.50000000000001,133.3,-14.600000000000001
Chrome Mobile,90.0.4430.82,Asus X01AD,Asus,Blink,[object Object],Chrome Mobile 90.0.4430.82 on Asus X01AD (Android 9),2021-05-06T05:58:03.948Z,寝る,お,false,342.90000000000003,73.60000000000001,9.9,9.5,6.9,7.7,10,-2.8000000000000003,4.9,80.60000000000001,247.5,6.500000000000001
Chrome Mobile,90.0.4430.82,Asus X01AD,Asus,Blink,[object Object],Chrome Mobile 90.0.4430.82 on Asus X01AD (Android 9),2021-05-06T05:58:04.149Z,寝る,お,false,4.5,76.5,2.8000000000000003,12.700000000000001,6.800000000000001,3.6,12.8,-2.7,1.3,0.30000000000000004,-155.1,-9.8
Chrome Mobile,90.0.4430.82,Asus X01AD,Asus,Blink,[object Object],Chrome Mobile 90.0.4430.82 on Asus X01AD (Android 9),2021-05-06T05:58:04.349Z,寝る,お,false,1.1,65,-44,-13.200000000000001,12.4,7.800000000000001,-16,3.5,4.800000000000001,-47.7,-250.4,49.199999999999996
Chrome Mobile,90.0.4430.82,Asus X01AD,Asus,Blink,[object Object],Chrome Mobile 90.0.4430.82 on Asus X01AD (Android 9),2021-05-06T05:58:04.550Z,寝る,お,false,348.6,70.10000000000001,-13.200000000000001,5.7,12.200000000000001,11.100000000000001,4.9,2.7,7.7,65.6,249.4,-21.500000000000004
Chrome Mobile,90.0.4430.82,Asus X01AD,Asus,Blink,[object Object],Chrome Mobile 90.0.4430.82 on Asus X01AD (Android 9),2021-05-06T05:58:04.751Z,寝る,お,false,349.90000000000003,87.80000000000001,21.3,21.200000000000003,4.4,-4.5,21.3,-5.5,-4.9,4.6,-19.200000000000003,1.7
Chrome Mobile,90.0.4430.82,Asus X01AD,Asus,Blink,[object Object],Chrome Mobile 90.0.4430.82 on Asus X01AD (Android 9),2021-05-06T05:58:04.952Z,寝る,お,false,11.700000000000001,76.2,-31.700000000000003,3.8000000000000003,8.3,10,2.6,-1.2000000000000002,8,-75.7,-250.4,-9.600000000000001
Chrome Mobile,90.0.4430.82,Asus X01AD,Asus,Blink,[object Object],Chrome Mobile 90.0.4430.82 on Asus X01AD (Android 9),2021-05-06T05:58:05.152Z,寝る,お,false,354.3,64.2,-45.6,-15,14.700000000000001,16.1,-18.1,5.7,13.100000000000001,36.400000000000006,126.30000000000001,-33.50000000000001
Chrome Mobile,90.0.4430.82,Asus X01AD,Asus,Blink,[object Object],Chrome Mobile 90.0.4430.82 on Asus X01AD (Android 9),2021-05-06T05:58:05.353Z,寝る,お,false,339.8,74.10000000000001,17.3,7.6000000000000005,6.9,11.4,8.4,-2.8000000000000003,8.8,13.3,249.6,-22.1
Chrome Mobile,90.0.4430.82,Asus X01AD,Asus,Blink,[object Object],Chrome Mobile 90.0.4430.82 on Asus X01AD (Android 9),2021-05-06T05:58:05.554Z,寝る,お,false,11.600000000000001,80,-3.3000000000000003,12.8,7.1000000000000005,3.5,12.700000000000001,-2.6,1.8,-28.500000000000004,-137.60000000000002,-20.400000000000002
Chrome Mobile,90.0.4430.82,Asus X01AD,Asus,Blink,[object Object],Chrome Mobile 90.0.4430.82 on Asus X01AD (Android 9),2021-05-06T05:58:05.756Z,寝る,お,false,3,67.60000000000001,-43.2,-10.100000000000001,11.8,8.9,-12.5,2.6,6.1000000000000005,-19.400000000000002,-250.4,83.10000000000001
Chrome Mobile,90.0.4430.82,Asus X01AD,Asus,Blink,[object Object],Chrome Mobile 90.0.4430.82 on Asus X01AD (Android 9),2021-05-06T05:58:05.956Z,寝る,お,false,343.70000000000005,72.7,-14.600000000000001,-3.1,10.100000000000001,7.7,-3.8000000000000003,0.6000000000000001,4.9,48.9,231.20000000000002,26.5
Chrome Mobile,90.0.4430.82,Asus X01AD,Asus,Blink,[object Object],Chrome Mobile 90.0.4430.82 on Asus X01AD (Android 9),2021-05-06T05:58:06.164Z,寝る,お,false,344.70000000000005,75.60000000000001,30.700000000000003,21.700000000000003,9.200000000000001,3.1,23,-0.30000000000000004,0.9,0.7,47.3,35.699999999999996
Chrome Mobile,90.0.4430.82,Asus X01AD,Asus,Blink,[object Object],Chrome Mobile 90.0.4430.82 on Asus X01AD (Android 9),2021-05-06T05:58:06.377Z,寝る,お,false,7.4,73.10000000000001,-22.6,0.2,8.3,11.600000000000001,-0.9,-1.1,8.9,-44.8,-250.4,19
Chrome Mobile,90.0.4430.82,Asus X01AD,Asus,Blink,[object Object],Chrome Mobile 90.0.4430.82 on Asus X01AD (Android 9),2021-05-06T05:58:06.582Z,寝る,お,false,347.6,68.2,-24.700000000000003,-12,10.9,8.4,-13.600000000000001,1.7000000000000002,5,48.6,212.9,10.600000000000001
Chrome Mobile,90.0.4430.82,Asus X01AD,Asus,Blink,[object Object],Chrome Mobile 90.0.4430.82 on Asus X01AD (Android 9),2021-05-06T05:58:06.783Z,寝る,お,false,342.8,74.8,26.3,10.700000000000001,7.300000000000001,4.1000000000000005,11.9,-2.4000000000000004,1.8,51.70000000000001,244.10000000000002,-8.899999999999999
Chrome Mobile,90.0.4430.82,Asus X01AD,Asus,Blink,[object Object],Chrome Mobile 90.0.4430.82 on Asus X01AD (Android 9),2021-05-06T05:58:06.988Z,寝る,お,false,354.40000000000003,78.30000000000001,13.4,9.700000000000001,7.5,1.8,10.100000000000001,-2,-0.2,66.80000000000001,-250.4,83.70000000000002
Chrome Mobile,90.0.4430.82,Asus X01AD,Asus,Blink,[object Object],Chrome Mobile 90.0.4430.82 on Asus X01AD (Android 9),2021-05-06T05:58:07.189Z,寝る,お,false,6.2,68.60000000000001,-45.900000000000006,-15.200000000000001,12.700000000000001,9.8,-17.8,3.6,7.300000000000001,-20.400000000000002,-153.79999999999998,8.4
Chrome Mobile,90.0.4430.82,Asus X01AD,Asus,Blink,[object Object],Chrome Mobile 90.0.4430.82 on Asus X01AD (Android 9),2021-05-06T05:58:07.390Z,寝る,お,false,352.40000000000003,74.5,-9.1,0,11.5,10.700000000000001,-0.6000000000000001,2,8.1,19.200000000000003,236.20000000000002,-32.6
Chrome Mobile,90.0.4430.82,Asus X01AD,Asus,Blink,[object Object],Chrome Mobile 90.0.4430.82 on Asus X01AD (Android 9),2021-05-06T05:58:07.591Z,寝る,お,false,1,79.60000000000001,16.900000000000002,22.8,7,5.4,23.400000000000002,-2.7,3.7,-49.4,59.699999999999996,-34
Chrome Mobile,90.0.4430.82,Asus X01AD,Asus,Blink,[object Object],Chrome Mobile 90.0.4430.82 on Asus X01AD (Android 9),2021-05-06T05:58:07.792Z,寝る,お,false,20.400000000000002,74.10000000000001,-36.6,4,8.9,10.200000000000001,2.4000000000000004,-0.5,8.1,-100.6,-250.10000000000002,7.9
Chrome Mobile,90.0.4430.82,Asus X01AD,Asus,Blink,[object Object],Chrome Mobile 90.0.4430.82 on Asus X01AD (Android 9),2021-05-06T05:58:07.994Z,寝る,お,false,346.1,69.4,-27.5,-16,10.3,7,-17.6,1.1,3.9000000000000004,42.7,151.4,-3.6000000000000005
Chrome Mobile,90.0.4430.82,Asus X01AD,Asus,Blink,[object Object],Chrome Mobile 90.0.4430.82 on Asus X01AD (Android 9),2021-05-06T05:58:08.195Z,寝る,お,false,346.6,73.4,19,13.200000000000001,7,9.5,14.200000000000001,-2.6,6.800000000000001,100.5,249.6,24.900000000000002
Chrome Mobile,90.0.4430.82,Asus X01AD,Asus,Blink,[object Object],Chrome Mobile 90.0.4430.82 on Asus X01AD (Android 9),2021-05-06T05:58:08.395Z,寝る,お,false,15.600000000000001,79.5,-9,10.200000000000001,7.300000000000001,5.2,10,-2.2,3.4000000000000004,-23.099999999999998,-221.8,11.5
Chrome Mobile,90.0.4430.82,Asus X01AD,Asus,Blink,[object Object],Chrome Mobile 90.0.4430.82 on Asus X01AD (Android 9),2021-05-06T05:58:08.596Z,寝る,お,false,5.300000000000001,63.1,-48.5,-14.9,16.400000000000002,10.700000000000001,-18.3,7.6000000000000005,7.800000000000001,-32,-234.9,51.800000000000004
Chrome Mobile,90.0.4430.82,Asus X01AD,Asus,Blink,[object Object],Chrome Mobile 90.0.4430.82 on Asus X01AD (Android 9),2021-05-06T05:58:08.797Z,寝る,お,false,348,72.7,-2,0.7000000000000001,11.5,10.3,0.6000000000000001,2,7.4,36.300000000000004,249.4,-48.50000000000001
Chrome Mobile,90.0.4430.82,Asus X01AD,Asus,Blink,[object Object],Chrome Mobile 90.0.4430.82 on Asus X01AD (Android 9),2021-05-06T05:58:08.998Z,寝る,お,false,6.300000000000001,77.80000000000001,11.3,25.200000000000003,8.8,8.8,25.700000000000003,-0.9,6.800000000000001,-18.1,32.2,-69.3
Chrome Mobile,90.0.4430.82,Asus X01AD,Asus,Blink,[object Object],Chrome Mobile 90.0.4430.82 on Asus X01AD (Android 9),2021-05-06T05:58:09.198Z,寝る,お,false,11.9,74.60000000000001,-28.200000000000003,0.5,9.5,9.9,-0.8,0,7.6000000000000005,-50.5,-250.4,37.800000000000004
Chrome Mobile,90.0.4430.82,Asus X01AD,Asus,Blink,[object Object],Chrome Mobile 90.0.4430.82 on Asus X01AD (Android 9),2021-05-06T05:58:09.399Z,寝る,お,false,354.8,71.2,-26.6,-12.100000000000001,9.600000000000001,8,-13.5,0.30000000000000004,5.2,50.8,202.20000000000002,-0.1
Chrome Mobile,90.0.4430.82,Asus X01AD,Asus,Blink,[object Object],Chrome Mobile 90.0.4430.82 on Asus X01AD (Android 9),2021-05-06T05:58:09.600Z,寝る,お,false,0.2,74.10000000000001,13.8,14.200000000000001,6.5,5.4,14.8,-3.1,2.7,108.2,245.39999999999998,21.900000000000002
Chrome Mobile,90.0.4430.82,Asus X01AD,Asus,Blink,[object Object],Chrome Mobile 90.0.4430.82 on Asus X01AD (Android 9),2021-05-06T05:58:09.800Z,寝る,お,false,15.5,77.60000000000001,-8.4,6.7,9.4,11.3,6.4,-0.2,9.200000000000001,36.8,-250.4,33.7
Chrome Mobile,90.0.4430.82,Asus X01AD,Asus,Blink,[object Object],Chrome Mobile 90.0.4430.82 on Asus X01AD (Android 9),2021-05-06T05:58:10.001Z,寝る,お,false,7.1000000000000005,72.7,-45,-11.600000000000001,11.4,6.9,-13.600000000000001,2,4.800000000000001,-31.3,-197.3,51.4
Chrome Mobile,90.0.4430.82,Asus X01AD,Asus,Blink,[object Object],Chrome Mobile 90.0.4430.82 on Asus X01AD (Android 9),2021-05-06T05:58:10.203Z,寝る,お,false,351.20000000000005,78.30000000000001,-10.9,-1.7000000000000002,8.8,8.6,-2,-0.9,6.7,18.3,249.5,13.399999999999999
Chrome Mobile,90.0.4430.82,Asus X01AD,Asus,Blink,[object Object],Chrome Mobile 90.0.4430.82 on Asus X01AD (Android 9),2021-05-06T05:58:10.404Z,寝る,お,false,0.9,76.4,18.8,23.6,9.5,5.800000000000001,24.400000000000002,-0.1,3.6,-32.2,48.2,-48.50000000000001
Chrome Mobile,90.0.4430.82,Asus X01AD,Asus,Blink,[object Object],Chrome Mobile 90.0.4430.82 on Asus X01AD (Android 9),2021-05-06T05:58:10.605Z,寝る,お,false,33.300000000000004,79.5,-46.2,0.7000000000000001,9.8,6.9,-0.6000000000000001,0.2,5.6000000000000005,-29.300000000000004,-250.4,56
Chrome Mobile,90.0.4430.82,Asus X01AD,Asus,Blink,[object Object],Chrome Mobile 90.0.4430.82 on Asus X01AD (Android 9),2021-05-06T05:58:10.812Z,寝る,お,false,335.20000000000005,79,-8.700000000000001,-17.1,7.7,7.300000000000001,-17.400000000000002,-1.9000000000000001,5.5,35.4,91.30000000000001,31.2
Chrome Mobile,90.0.4430.82,Asus X01AD,Asus,Blink,[object Object],Chrome Mobile 90.0.4430.82 on Asus X01AD (Android 9),2021-05-06T05:58:11.013Z,寝る,お,false,356.90000000000003,75.60000000000001,16.2,11.9,9.9,10.200000000000001,12.600000000000001,0.4,7.800000000000001,-5.300000000000001,241.00000000000003,33.1
Chrome Mobile,90.0.4430.82,Asus X01AD,Asus,Blink,[object Object],Chrome Mobile 90.0.4430.82 on Asus X01AD (Android 9),2021-05-06T05:58:11.215Z,寝る,お,false,51.7,81.7,-45.1,10.700000000000001,7,0.5,9.700000000000001,-2.7,-0.5,-14.300000000000002,-237.39999999999998,9.600000000000001
Chrome Mobile,90.0.4430.82,Asus X01AD,Asus,Blink,[object Object],Chrome Mobile 90.0.4430.82 on Asus X01AD (Android 9),2021-05-06T05:58:11.416Z,寝る,お,false,10.200000000000001,72,-52.6,-19.400000000000002,13.9,11.3,-21.8,4.6000000000000005,9.5,-12.100000000000001,-140.4,36.6
Chrome Mobile,90.0.4430.82,Asus X01AD,Asus,Blink,[object Object],Chrome Mobile 90.0.4430.82 on Asus X01AD (Android 9),2021-05-06T05:58:11.617Z,寝る,お,false,0.4,75.60000000000001,-10.4,3.7,8.200000000000001,6.5,3.3000000000000003,-1.3,4.1000000000000005,-35.9,249.6,-51.9
Chrome Mobile,90.0.4430.82,Asus X01AD,Asus,Blink,[object Object],Chrome Mobile 90.0.4430.82 on Asus X01AD (Android 9),2021-05-06T05:58:11.817Z,寝る,お,false,29.900000000000002,77.4,-17.900000000000002,22.400000000000002,7.6000000000000005,0.30000000000000004,21.8,-2,-1.7000000000000002,-8,-65.10000000000001,-57.60000000000001
Chrome Mobile,90.0.4430.82,Asus X01AD,Asus,Blink,[object Object],Chrome Mobile 90.0.4430.82 on Asus X01AD (Android 9),2021-05-06T05:58:12.018Z,寝る,お,false,15.5,73.8,-41.900000000000006,-4.5,8.8,8.6,-6.4,-0.6000000000000001,6.6000000000000005,-57.699999999999996,-199.4,4.4
Chrome Mobile,90.0.4430.82,Asus X01AD,Asus,Blink,[object Object],Chrome Mobile 90.0.4430.82 on Asus X01AD (Android 9),2021-05-06T05:58:12.219Z,寝る,お,false,350.90000000000003,69.5,-35.7,-5.5,13.9,16.5,-7.5,4.7,13.700000000000001,79.1,249.6,29.800000000000004
Chrome Mobile,90.0.4430.82,Asus X01AD,Asus,Blink,[object Object],Chrome Mobile 90.0.4430.82 on Asus X01AD (Android 9),2021-05-06T05:58:12.428Z,寝る,お,false,4.5,79.4,-1.2000000000000002,15.4,7.2,3.3000000000000003,15.3,-2.4000000000000004,1.5,67.10000000000001,220.70000000000002,33.800000000000004
Chrome Mobile,90.0.4430.82,Asus X01AD,Asus,Blink,[object Object],Chrome Mobile 90.0.4430.82 on Asus X01AD (Android 9),2021-05-06T05:58:12.639Z,寝る,お,false,34.7,75.9,-52,7.1000000000000005,7.7,6.4,5.2,-1.8,4.9,-50.5,-228.20000000000002,-5.1000000000000005
Chrome Mobile,90.0.4430.82,Asus X01AD,Asus,Blink,[object Object],Chrome Mobile 90.0.4430.82 on Asus X01AD (Android 9),2021-05-06T05:58:12.840Z,寝る,お,false,348.40000000000003,70.5,-47.800000000000004,-19.400000000000002,11.200000000000001,10.5,-21.8,1.9000000000000001,8.3,-29.800000000000004,-128.8,-60.1
Chrome Mobile,90.0.4430.82,Asus X01AD,Asus,Blink,[object Object],Chrome Mobile 90.0.4430.82 on Asus X01AD (Android 9),2021-05-06T05:58:13.041Z,寝る,お,false,346.8,74.60000000000001,-14.600000000000001,2.1,9.1,10.8,1.4000000000000001,-0.4,8.3,1.2000000000000002,249.6,-20.2
Chrome Mobile,90.0.4430.82,Asus X01AD,Asus,Blink,[object Object],Chrome Mobile 90.0.4430.82 on Asus X01AD (Android 9),2021-05-06T05:58:13.242Z,寝る,お,false,22.6,75.8,-29.5,20.5,6.5,5.6000000000000005,19.3,-3.1,3.5,-117.60000000000001,34.900000000000006,-81.90000000000002
Chrome Mobile,90.0.4430.82,Asus X01AD,Asus,Blink,[object Object],Chrome Mobile 90.0.4430.82 on Asus X01AD (Android 9),2021-05-06T05:58:13.442Z,寝る,お,false,16.7,72.2,-53.900000000000006,-2.3000000000000003,8.6,7.2,-4.7,-0.7000000000000001,5.4,-32.300000000000004,-242.60000000000002,0.5
Chrome Mobile,90.0.4430.82,Asus X01AD,Asus,Blink,[object Object],Chrome Mobile 90.0.4430.82 on Asus X01AD (Android 9),2021-05-06T05:58:13.644Z,寝る,お,false,341,73,-30.8,-10,10.100000000000001,8.4,-11.4,0.8,5.9,33.300000000000004,234.70000000000002,0.8
Chrome Mobile,90.0.4430.82,Asus X01AD,Asus,Blink,[object Object],Chrome Mobile 90.0.4430.82 on Asus X01AD (Android 9),2021-05-06T05:58:13.844Z,寝る,お,false,350.6,77,4.5,16.6,9.4,-0.2,16.8,-0.2,-2.4000000000000004,44.8,149,-17.300000000000004
Chrome Mobile,90.0.4430.82,Asus X01AD,Asus,Blink,[object Object],Chrome Mobile 90.0.4430.82 on Asus X01AD (Android 9),2021-05-06T05:58:14.045Z,寝る,お,false,23,78.30000000000001,-38.900000000000006,8.5,8.200000000000001,2.3000000000000003,7.9,-1.3,0.4,0.8,-250.4,43.2
Chrome Mobile,90.0.4430.82,Asus X01AD,Asus,Blink,[object Object],Chrome Mobile 90.0.4430.82 on Asus X01AD (Android 9),2021-05-06T05:58:14.246Z,寝る,お,false,351.6,69.8,-53.6,-11,12.200000000000001,12.700000000000001,-13.8,3,10.700000000000001,-43.300000000000004,-126.49999999999999,-35.699999999999996
Chrome Mobile,90.0.4430.82,Asus X01AD,Asus,Blink,[object Object],Chrome Mobile 90.0.4430.82 on Asus X01AD (Android 9),2021-05-06T05:58:14.447Z,寝る,お,false,344.20000000000005,77.4,-22.6,-0.30000000000000004,9.8,8.4,-1.1,0.2,6.5,31.799999999999997,249.6,-18.200000000000003
Chrome Mobile,90.0.4430.82,Asus X01AD,Asus,Blink,[object Object],Chrome Mobile 90.0.4430.82 on Asus X01AD (Android 9),2021-05-06T05:58:14.648Z,寝る,お,false,15.8,80.10000000000001,-19.3,21.900000000000002,7.7,4.2,21.3,-2,2.6,37.800000000000004,11.900000000000002,-8.700000000000001
Chrome Mobile,90.0.4430.82,Asus X01AD,Asus,Blink,[object Object],Chrome Mobile 90.0.4430.82 on Asus X01AD (Android 9),2021-05-06T05:58:14.850Z,寝る,お,false,26.900000000000002,72.8,-66.2,-0.2,10.200000000000001,12.4,-0.7000000000000001,0.6000000000000001,10.100000000000001,-79.6,-245.70000000000005,-19.799999999999997
Chrome Mobile,90.0.4430.82,Asus X01AD,Asus,Blink,[object Object],Chrome Mobile 90.0.4430.82 on Asus X01AD (Android 9),2021-05-06T05:58:15.051Z,寝る,お,false,2,76,-59.7,-13.600000000000001,10.4,6.9,-15.600000000000001,1,5.7,16.5,106.1,-29
Chrome Mobile,90.0.4430.82,Asus X01AD,Asus,Blink,[object Object],Chrome Mobile 90.0.4430.82 on Asus X01AD (Android 9),2021-05-06T05:58:15.252Z,寝る,お,false,339.8,76.3,1.4000000000000001,11.5,10.4,4.5,11.600000000000001,1,2.2,14.700000000000001,200,0.7
Chrome Mobile,90.0.4430.82,Asus X01AD,Asus,Blink,[object Object],Chrome Mobile 90.0.4430.82 on Asus X01AD (Android 9),2021-05-06T05:58:15.452Z,寝る,お,false,21.1,77.2,-37,10.700000000000001,7.7,2,9.4,-1.8,0.30000000000000004,2.6,-160,41.300000000000004
Chrome Mobile,90.0.4430.82,Asus X01AD,Asus,Blink,[object Object],Chrome Mobile 90.0.4430.82 on Asus X01AD (Android 9),2021-05-06T05:58:15.654Z,寝る,お,false,5.2,70.3,-63.800000000000004,-12.4,12.5,8.700000000000001,-15.4,3.4000000000000004,7.300000000000001,-43.4,-175.20000000000002,16.8
Chrome Mobile,90.0.4430.82,Asus X01AD,Asus,Blink,[object Object],Chrome Mobile 90.0.4430.82 on Asus X01AD (Android 9),2021-05-06T05:58:15.861Z,寝る,お,false,325.8,76.4,0,-2.2,8.8,7.9,-2.3000000000000003,-0.8,5.7,-7.500000000000001,249.6,-3.9
Chrome Mobile,90.0.4430.82,Asus X01AD,Asus,Blink,[object Object],Chrome Mobile 90.0.4430.82 on Asus X01AD (Android 9),2021-05-06T05:58:16.064Z,寝る,お,false,0.1,76.80000000000001,-2.7,19.5,7.4,3.9000000000000004,19.400000000000002,-2.2,1.7000000000000002,-7.200000000000001,2.5,-42.5
Chrome Mobile,90.0.4430.82,Asus X01AD,Asus,Blink,[object Object],Chrome Mobile 90.0.4430.82 on Asus X01AD (Android 9),2021-05-06T05:58:16.267Z,寝る,お,false,0.4,73.7,-37.300000000000004,-2.3000000000000003,8.3,10.100000000000001,-3.9000000000000004,-1,7.9,-53,-232,-14.300000000000002
Chrome Mobile,90.0.4430.82,Asus X01AD,Asus,Blink,[object Object],Chrome Mobile 90.0.4430.82 on Asus X01AD (Android 9),2021-05-06T05:58:16.468Z,寝る,お,false,327.8,76.3,-21.200000000000003,-14.5,8.5,6.2,-15.3,-0.9,4.1000000000000005,18,161.20000000000002,8.700000000000001
Chrome Mobile,90.0.4430.82,Asus X01AD,Asus,Blink,[object Object],Chrome Mobile 90.0.4430.82 on Asus X01AD (Android 9),2021-05-06T05:58:16.669Z,寝る,お,false,356.40000000000003,76,-2.7,12.600000000000001,8.700000000000001,4.4,12.5,-0.8,2,35.5,201.50000000000003,32
Chrome Mobile,90.0.4430.82,Asus X01AD,Asus,Blink,[object Object],Chrome Mobile 90.0.4430.82 on Asus X01AD (Android 9),2021-05-06T05:58:16.869Z,寝る,お,false,23.6,75.60000000000001,-34.4,11.3,7.7,2.8000000000000003,9.9,-1.7000000000000002,0.8,9.4,-226.9,20.1
Chrome Mobile,90.0.4430.82,Asus X01AD,Asus,Blink,[object Object],Chrome Mobile 90.0.4430.82 on Asus X01AD (Android 9),2021-05-06T05:58:17.075Z,寝る,お,false,359.1,66.8,-58.5,-10.5,12,11.4,-13.8,3,9.4,-46.199999999999996,-209.20000000000002,27.6
Chrome Mobile,90.0.4430.82,Asus X01AD,Asus,Blink,[object Object],Chrome Mobile 90.0.4430.82 on Asus X01AD (Android 9),2021-05-06T05:58:17.279Z,寝る,お,false,345.70000000000005,74.9,-28.5,0.30000000000000004,10.9,8,-0.9,1.5,5.800000000000001,22.2,244.40000000000003,-19.700000000000003
Chrome Mobile,90.0.4430.82,Asus X01AD,Asus,Blink,[object Object],Chrome Mobile 90.0.4430.82 on Asus X01AD (Android 9),2021-05-06T05:58:17.480Z,寝る,お,false,8.9,80,-13.9,22.200000000000003,8.1,-1.5,21.8,-1.5,-3.1,-35.3,33.300000000000004,-49.6
Chrome Mobile,90.0.4430.82,Asus X01AD,Asus,Blink,[object Object],Chrome Mobile 90.0.4430.82 on Asus X01AD (Android 9),2021-05-06T05:58:17.681Z,寝る,お,false,11.200000000000001,73.4,-46.5,1.3,9.4,8.5,0.4,-0.30000000000000004,6.2,-57.699999999999996,-239.89999999999998,22.1
Chrome Mobile,90.0.4430.82,Asus X01AD,Asus,Blink,[object Object],Chrome Mobile 90.0.4430.82 on Asus X01AD (Android 9),2021-05-06T05:58:17.882Z,寝る,お,false,337.6,74.4,-33.9,-16.900000000000002,8.9,6.9,-18.400000000000002,-0.5,4.800000000000001,35.1,130.70000000000002,-10.9
Chrome Mobile,90.0.4430.82,Asus X01AD,Asus,Blink,[object Object],Chrome Mobile 90.0.4430.82 on Asus X01AD (Android 9),2021-05-06T05:58:18.083Z,寝る,お,false,330.1,74.60000000000001,17.8,10.8,8.700000000000001,7,11.600000000000001,-0.8,4.5,24.1,247.5,-1.8000000000000003
Chrome Mobile,90.0.4430.82,Asus X01AD,Asus,Blink,[object Object],Chrome Mobile 90.0.4430.82 on Asus X01AD (Android 9),2021-05-06T05:58:18.284Z,寝る,お,false,354.40000000000003,78.80000000000001,-5.4,11.100000000000001,8.4,2,10.9,-1.1,0.2,33.6,-187.50000000000003,31.6
Chrome Mobile,90.0.4430.82,Asus X01AD,Asus,Blink,[object Object],Chrome Mobile 90.0.4430.82 on Asus X01AD (Android 9),2021-05-06T05:58:18.490Z,寝る,お,false,357.40000000000003,70.9,-55,-16,12.9,12.8,-18.6,3.7,11,-43.70000000000001,-225.5,44.4
Chrome Mobile,90.0.4430.82,Asus X01AD,Asus,Blink,[object Object],Chrome Mobile 90.0.4430.82 on Asus X01AD (Android 9),2021-05-06T05:58:18.691Z,寝る,お,false,336,76.60000000000001,-8.9,-1.6,11.5,8.700000000000001,-1.9000000000000001,2,6.5,0.4,249.6,-38.300000000000004
Chrome Mobile,90.0.4430.82,Asus X01AD,Asus,Blink,[object Object],Chrome Mobile 90.0.4430.82 on Asus X01AD (Android 9),2021-05-06T05:58:18.892Z,寝る,お,false,342.6,76.4,16.5,21.900000000000002,8.9,5.6000000000000005,22.5,-0.5,3.4000000000000004,-3.9,11.5,-6.4
Chrome Mobile,90.0.4430.82,Asus X01AD,Asus,Blink,[object Object],Chrome Mobile 90.0.4430.82 on Asus X01AD (Android 9),2021-05-06T05:58:19.093Z,寝る,お,false,360,74.2,-39,-1.1,9.4,11.3,-2.7,0,9.200000000000001,-39.699999999999996,-250.4,27.2
Chrome Mobile,90.0.4430.82,Asus X01AD,Asus,Blink,[object Object],Chrome Mobile 90.0.4430.82 on Asus X01AD (Android 9),2021-05-06T05:58:19.294Z,寝る,お,false,337.70000000000005,74.10000000000001,-31.400000000000002,-13.100000000000001,9.200000000000001,7.7,-14.5,-0.2,5.4,32.1,183.10000000000002,-0.7
Chrome Mobile,90.0.4430.82,Asus X01AD,Asus,Blink,[object Object],Chrome Mobile 90.0.4430.82 on Asus X01AD (Android 9),2021-05-06T05:58:19.499Z,寝る,お,false,339.8,76.5,14.9,16.400000000000002,9.700000000000001,3.2,17,0.2,0.9,41,186.70000000000002,10.5
Chrome Mobile,90.0.4430.82,Asus X01AD,Asus,Blink,[object Object],Chrome Mobile 90.0.4430.82 on Asus X01AD (Android 9),2021-05-06T05:58:19.702Z,寝る,お,false,355.40000000000003,76.5,-11.100000000000001,11.100000000000001,7.800000000000001,7.4,10.600000000000001,-1.6,5.2,10.200000000000001,-250.4,-1.2000000000000002
Chrome Mobile,90.0.4430.82,Asus X01AD,Asus,Blink,[object Object],Chrome Mobile 90.0.4430.82 on Asus X01AD (Android 9),2021-05-06T05:58:19.903Z,寝る,お,false,317.20000000000005,71.2,-19.1,-28.5,7,15.600000000000001,-29.5,-2.3000000000000003,12.700000000000001,9.600000000000001,-86.89999999999999,-38.1
Chrome Mobile,90.0.4430.82,Asus X01AD,Asus,Blink,[object Object],Chrome Mobile 90.0.4430.82 on Asus X01AD (Android 9),2021-05-06T05:58:20.104Z,寝る,お,false,335.40000000000003,71.8,0.9,5.7,10.700000000000001,17.5,5.800000000000001,1.3,14.4,6,249.6,26.000000000000004
Chrome Mobile,90.0.4430.82,Asus X01AD,Asus,Blink,[object Object],Chrome Mobile 90.0.4430.82 on Asus X01AD (Android 9),2021-05-06T05:58:20.304Z,寝る,お,false,6.1000000000000005,78.10000000000001,-3.4000000000000004,20.1,6.9,1.7000000000000002,20,-2.6,-0.30000000000000004,-24.8,-69.00000000000001,-29.800000000000004
Chrome Mobile,90.0.4430.82,Asus X01AD,Asus,Blink,[object Object],Chrome Mobile 90.0.4430.82 on Asus X01AD (Android 9),2021-05-06T05:58:20.505Z,寝る,お,false,350.1,71.7,-29.1,-4.5,10.700000000000001,13.4,-6,1.3,10.700000000000001,2.1,-250.4,-1.2000000000000002
Chrome Mobile,90.0.4430.82,Asus X01AD,Asus,Blink,[object Object],Chrome Mobile 90.0.4430.82 on Asus X01AD (Android 9),2021-05-06T05:58:20.706Z,寝る,お,false,326.8,76.5,-12.5,-10.3,8.5,10.200000000000001,-10.8,-1,8,29.600000000000005,212.29999999999998,45.7
Chrome Mobile,90.0.4430.82,Asus X01AD,Asus,Blink,[object Object],Chrome Mobile 90.0.4430.82 on Asus X01AD (Android 9),2021-05-06T05:58:20.907Z,寝る,お,false,333,75,27.8,22.1,12.3,4,23.3,2.8000000000000003,1.7000000000000002,36.5,91.50000000000001,34
Chrome Mobile,90.0.4430.82,Asus X01AD,Asus,Blink,[object Object],Chrome Mobile 90.0.4430.82 on Asus X01AD (Android 9),2021-05-06T05:58:21.108Z,寝る,お,false,351.20000000000005,74.8,-6.9,7.5,9,8.3,7.2,-0.5,5.800000000000001,15.6,-250.4,26.200000000000003
Chrome Mobile,90.0.4430.82,Asus X01AD,Asus,Blink,[object Object],Chrome Mobile 90.0.4430.82 on Asus X01AD (Android 9),2021-05-06T05:58:21.310Z,寝る,お,false,329.40000000000003,71,-30,-27,6.1000000000000005,14.9,-28.700000000000003,-3.2,12.100000000000001,12,41.300000000000004,-74.30000000000001
Chrome Mobile,90.0.4430.82,Asus X01AD,Asus,Blink,[object Object],Chrome Mobile 90.0.4430.82 on Asus X01AD (Android 9),2021-05-06T05:58:21.510Z,寝る,お,false,328.6,70.60000000000001,15.8,2.1,10.700000000000001,14.600000000000001,3,1.3,11.5,21.300000000000004,249.6,6.699999999999999
Chrome Mobile,90.0.4430.82,Asus X01AD,Asus,Blink,[object Object],Chrome Mobile 90.0.4430.82 on Asus X01AD (Android 9),2021-05-06T05:58:21.712Z,寝る,お,false,359.20000000000005,74.9,10.4,19.700000000000003,6.6000000000000005,2.1,20.200000000000003,-2.9000000000000004,-0.4,12.9,-31.9,-20.400000000000002
Chrome Mobile,90.0.4430.82,Asus X01AD,Asus,Blink,[object Object],Chrome Mobile 90.0.4430.82 on Asus X01AD (Android 9),2021-05-06T05:58:21.913Z,寝る,お,false,354.3,68.9,-29.5,-3.4000000000000004,9.9,13.4,-5.1000000000000005,0.6000000000000001,10.3,-27.6,-250.4,6.2
Chrome Mobile,90.0.4430.82,Asus X01AD,Asus,Blink,[object Object],Chrome Mobile 90.0.4430.82 on Asus X01AD (Android 9),2021-05-06T05:58:22.114Z,寝る,お,false,337.8,70.60000000000001,-27.400000000000002,-11.600000000000001,8.700000000000001,8.4,-13.100000000000001,-0.6000000000000001,5.5,48.400000000000006,170.40000000000003,49.6
Chrome Mobile,90.0.4430.82,Asus X01AD,Asus,Blink,[object Object],Chrome Mobile 90.0.4430.82 on Asus X01AD (Android 9),2021-05-06T05:58:22.315Z,寝る,お,false,345.3,77.5,13.8,17.900000000000002,8.700000000000001,3.6,18.400000000000002,-1.1,1.4000000000000001,112.7,208.8,2.4000000000000004
Chrome Mobile,90.0.4430.82,Asus X01AD,Asus,Blink,[object Object],Chrome Mobile 90.0.4430.82 on Asus X01AD (Android 9),2021-05-06T05:58:22.516Z,寝る,お,false,357.5,78.7,0.2,13.100000000000001,6.7,2.7,12.3,-2.2,2.3000000000000003,-34.2,-211.4,-13.6
Chrome Mobile,90.0.4430.82,Asus X01AD,Asus,Blink,[object Object],Chrome Mobile 90.0.4430.82 on Asus X01AD (Android 9),2021-05-06T05:58:22.719Z,寝る,お,false,341.5,66.5,-34.6,-16.7,9.3,13.5,-19,0.2,10.200000000000001,-14.200000000000001,-236.90000000000003,21.500000000000004
Chrome Mobile,90.0.4430.82,Asus X01AD,Asus,Blink,[object Object],Chrome Mobile 90.0.4430.82 on Asus X01AD (Android 9),2021-05-06T05:58:22.926Z,寝る,お,false,332.3,69.7,-7.9,-0.9,9.8,12.4,-1.3,0.4,9,20.8,249.6,-19.200000000000003
Chrome Mobile,90.0.4430.82,Asus X01AD,Asus,Blink,[object Object],Chrome Mobile 90.0.4430.82 on Asus X01AD (Android 9),2021-05-06T05:58:23.128Z,寝る,お,false,351.20000000000005,75,15.5,19.8,6.800000000000001,3.8000000000000003,20.5,-2.9000000000000004,1.3,17.400000000000002,27.400000000000002,-27.700000000000003
Chrome Mobile,90.0.4430.82,Asus X01AD,Asus,Blink,[object Object],Chrome Mobile 90.0.4430.82 on Asus X01AD (Android 9),2021-05-06T05:58:23.329Z,寝る,お,false,13.9,74.3,-41.2,4.5,9.3,7.5,2.7,-0.2,5.5,-33.400000000000006,-250.4,41.7
Chrome Mobile,90.0.4430.82,Asus X01AD,Asus,Blink,[object Object],Chrome Mobile 90.0.4430.82 on Asus X01AD (Android 9),2021-05-06T05:58:23.530Z,寝る,お,false,325.1,70.7,-19.700000000000003,-23.200000000000003,7.6000000000000005,9.5,-24.3,-1.7000000000000002,6.4,24.200000000000003,178.70000000000002,0.5
Chrome Mobile,90.0.4430.82,Asus X01AD,Asus,Blink,[object Object],Chrome Mobile 90.0.4430.82 on Asus X01AD (Android 9),2021-05-06T05:58:23.731Z,寝る,お,false,340.40000000000003,71.7,14.700000000000001,15.9,10,8.3,16.8,0.5,5.2,91.7,237.60000000000005,42.2
Chrome Mobile,90.0.4430.82,Asus X01AD,Asus,Blink,[object Object],Chrome Mobile 90.0.4430.82 on Asus X01AD (Android 9),2021-05-06T05:58:23.931Z,寝る,お,false,356.5,76.10000000000001,-7,9.700000000000001,6.7,8.5,9.4,-2.8000000000000003,6.2,-47.80000000000001,-250.20000000000002,-5.8
Chrome Mobile,90.0.4430.82,Asus X01AD,Asus,Blink,[object Object],Chrome Mobile 90.0.4430.82 on Asus X01AD (Android 9),2021-05-06T05:58:24.132Z,寝る,お,false,336.1,66.7,-35.800000000000004,-18.1,9.4,17.3,-20.5,0.2,14.100000000000001,-13.3,-188.70000000000002,-10.200000000000001
Chrome Mobile,90.0.4430.82,Asus X01AD,Asus,Blink,[object Object],Chrome Mobile 90.0.4430.82 on Asus X01AD (Android 9),2021-05-06T05:58:24.333Z,寝る,お,false,326.40000000000003,68.3,5.800000000000001,-1.2000000000000002,9.5,13,-0.8,0.2,9.4,-9.8,249.6,5.4
Chrome Mobile,90.0.4430.82,Asus X01AD,Asus,Blink,[object Object],Chrome Mobile 90.0.4430.82 on Asus X01AD (Android 9),2021-05-06T05:58:24.539Z,寝る,お,false,349.40000000000003,74.7,14.4,17.400000000000002,5.800000000000001,-0.5,18.1,-3.9000000000000004,-3.1,-24.3,46.50000000000001,-89.10000000000001
Chrome Mobile,90.0.4430.82,Asus X01AD,Asus,Blink,[object Object],Chrome Mobile 90.0.4430.82 on Asus X01AD (Android 9),2021-05-06T05:58:24.740Z,寝る,お,false,345.1,69.4,-18,1,11.100000000000001,11.600000000000001,0,1.8,8.3,-41.7,-250.20000000000002,-30.3
Chrome Mobile,90.0.4430.82,Asus X01AD,Asus,Blink,[object Object],Chrome Mobile 90.0.4430.82 on Asus X01AD (Android 9),2021-05-06T05:58:24.941Z,寝る,お,false,312.8,71.2,-2.1,-17.900000000000002,5.2,5.6000000000000005,-18.1,-4.1000000000000005,2.4000000000000004,24.7,172.2,52.7
Chrome Mobile,90.0.4430.82,Asus X01AD,Asus,Blink,[object Object],Chrome Mobile 90.0.4430.82 on Asus X01AD (Android 9),2021-05-06T05:58:25.142Z,寝る,お,false,343,70.5,14.5,15.4,10,8.4,16.3,0.5,5.1000000000000005,78.9,242.70000000000002,38.60000000000001
Chrome Mobile,90.0.4430.82,Asus X01AD,Asus,Blink,[object Object],Chrome Mobile 90.0.4430.82 on Asus X01AD (Android 9),2021-05-06T05:58:25.349Z,寝る,お,false,355.3,72.9,-2.2,11.3,7.9,6.5,11.200000000000001,-1.5,3.6,-14.300000000000002,-250.4,5.1000000000000005
Chrome Mobile,90.0.4430.82,Asus X01AD,Asus,Blink,[object Object],Chrome Mobile 90.0.4430.82 on Asus X01AD (Android 9),2021-05-06T05:58:25.549Z,寝る,お,false,340.70000000000005,65.4,-36.5,-18.2,9.8,14.700000000000001,-20.700000000000003,0.6000000000000001,11.3,17.400000000000002,-113.2,-34.300000000000004
Chrome Mobile,90.0.4430.82,Asus X01AD,Asus,Blink,[object Object],Chrome Mobile 90.0.4430.82 on Asus X01AD (Android 9),2021-05-06T05:58:25.750Z,寝る,お,false,335.5,71.2,-3.8000000000000003,-1.4000000000000001,10.9,10.5,-1.6,1.4000000000000001,7.2,-1,249.5,-6.300000000000001
Chrome Mobile,90.0.4430.82,Asus X01AD,Asus,Blink,[object Object],Chrome Mobile 90.0.4430.82 on Asus X01AD (Android 9),2021-05-06T05:58:25.952Z,寝る,お,false,345.5,75.5,25.5,18.900000000000002,7.300000000000001,3.5,20,-2.4000000000000004,1.2000000000000002,23.900000000000006,37.7,-10.1
Chrome Mobile,90.0.4430.82,Asus X01AD,Asus,Blink,[object Object],Chrome Mobile 90.0.4430.82 on Asus X01AD (Android 9),2021-05-06T05:58:26.153Z,寝る,お,false,353.70000000000005,71.8,-11.700000000000001,3.8000000000000003,9.200000000000001,9.700000000000001,3.2,-0.1,6.7,-13.100000000000001,-250.4,11.900000000000002
Chrome Mobile,90.0.4430.82,Asus X01AD,Asus,Blink,[object Object],Chrome Mobile 90.0.4430.82 on Asus X01AD (Android 9),2021-05-06T05:58:26.354Z,寝る,お,false,337.70000000000005,66.60000000000001,-31.700000000000003,-21.400000000000002,9.5,12.600000000000001,-23.5,0.4,9.200000000000001,30.4,29.700000000000006,12
Chrome Mobile,90.0.4430.82,Asus X01AD,Asus,Blink,[object Object],Chrome Mobile 90.0.4430.82 on Asus X01AD (Android 9),2021-05-06T05:58:26.555Z,寝る,お,false,331.8,69.7,17,3.9000000000000004,7.6000000000000005,14.8,4.9,-1.9000000000000001,11.4,31.7,249.6,38.300000000000004
Chrome Mobile,90.0.4430.82,Asus X01AD,Asus,Blink,[object Object],Chrome Mobile 90.0.4430.82 on Asus X01AD (Android 9),2021-05-06T05:58:26.756Z,寝る,お,false,357.20000000000005,75.3,13.4,14.600000000000001,6.7,5.2,15.200000000000001,-2.9000000000000004,2.7,8.100000000000001,-99.9,-12.5
Chrome Mobile,90.0.4430.82,Asus X01AD,Asus,Blink,[object Object],Chrome Mobile 90.0.4430.82 on Asus X01AD (Android 9),2021-05-06T05:58:26.956Z,寝る,お,false,359.3,69,-33.800000000000004,-4.4,9.700000000000001,12.4,-6.300000000000001,0.30000000000000004,9.4,-27.9,-250.4,27.800000000000004
Chrome Mobile,90.0.4430.82,Asus X01AD,Asus,Blink,[object Object],Chrome Mobile 90.0.4430.82 on Asus X01AD (Android 9),2021-05-06T05:58:27.160Z,寝る,お,false,336.20000000000005,69,-18.400000000000002,-9.700000000000001,9.8,10.600000000000001,-10.9,0.5,7.300000000000001,40.7,229.29999999999998,39.1
Chrome Mobile,90.0.4430.82,Asus X01AD,Asus,Blink,[object Object],Chrome Mobile 90.0.4430.82 on Asus X01AD (Android 9),2021-05-06T05:58:27.360Z,寝る,お,false,355.40000000000003,74.9,13.200000000000001,22.900000000000002,9,0.9,23.5,-0.8,-1.6,61.300000000000004,139.60000000000002,6.2
Chrome Mobile,90.0.4430.82,Asus X01AD,Asus,Blink,[object Object],Chrome Mobile 90.0.4430.82 on Asus X01AD (Android 9),2021-05-06T05:58:27.561Z,寝る,お,false,3.5,73.8,-11.5,8.9,10.4,8.200000000000001,8.4,0.9,5.5,3.4,-250.4,20.2
Chrome Mobile,90.0.4430.82,Asus X01AD,Asus,Blink,[object Object],Chrome Mobile 90.0.4430.82 on Asus X01AD (Android 9),2021-05-06T05:58:27.762Z,寝る,お,false,339.3,69.7,-34.300000000000004,-22.1,7.2,14.3,-24.1,-2.2,11.4,-12.9,-91.30000000000001,-32.9
Chrome Mobile,90.0.4430.82,Asus X01AD,Asus,Blink,[object Object],Chrome Mobile 90.0.4430.82 on Asus X01AD (Android 9),2021-05-06T05:58:27.962Z,寝る,お,false,336.90000000000003,67.60000000000001,-1.4000000000000001,0.9,8.4,17,0.9,-0.9,13.100000000000001,-24.400000000000002,249.6,36.2
Chrome Mobile,90.0.4430.82,Asus X01AD,Asus,Blink,[object Object],Chrome Mobile 90.0.4430.82 on Asus X01AD (Android 9),2021-05-06T05:58:28.163Z,寝る,お,false,356.6,67.60000000000001,12.200000000000001,17.5,5.9,3.4000000000000004,18.3,-3.4000000000000004,-0.30000000000000004,34.7,18.900000000000002,-55.400000000000006
Chrome Mobile,90.0.4430.82,Asus X01AD,Asus,Blink,[object Object],Chrome Mobile 90.0.4430.82 on Asus X01AD (Android 9),2021-05-06T05:58:28.365Z,寝る,お,false,8.4,67.4,-42,-3.4000000000000004,9.4,9.9,-6,0,7,-2.2,-250.4,38.50000000000001
Chrome Mobile,90.0.4430.82,Asus X01AD,Asus,Blink,[object Object],Chrome Mobile 90.0.4430.82 on Asus X01AD (Android 9),2021-05-06T05:58:28.566Z,寝る,お,false,349,67.2,-42.5,-12.8,9.4,7.6000000000000005,-15.4,0.30000000000000004,4.7,9.100000000000001,196.20000000000002,-21.500000000000004
Chrome Mobile,90.0.4430.82,Asus X01AD,Asus,Blink,[object Object],Chrome Mobile 90.0.4430.82 on Asus X01AD (Android 9),2021-05-06T05:58:28.774Z,寝る,お,false,347.40000000000003,67.5,8.4,12.100000000000001,9.5,11.3,12.700000000000001,0,7.4,66.5,249.6,-6.699999999999999
Chrome Mobile,90.0.4430.82,Asus X01AD,Asus,Blink,[object Object],Chrome Mobile 90.0.4430.82 on Asus X01AD (Android 9),2021-05-06T05:58:28.974Z,寝る,お,false,351.40000000000003,73.10000000000001,8,13.8,7.5,1.6,14.200000000000001,-2,-1.2000000000000002,-17,-193.5,6.300000000000001
Chrome Mobile,90.0.4430.82,Asus X01AD,Asus,Blink,[object Object],Chrome Mobile 90.0.4430.82 on Asus X01AD (Android 9),2021-05-06T05:58:29.175Z,寝る,お,false,347.20000000000005,62.900000000000006,-37.6,-12.5,11.700000000000001,13.8,-15.3,2.7,10.200000000000001,-12.7,-250.4,39.599999999999994
Chrome Mobile,90.0.4430.82,Asus X01AD,Asus,Blink,[object Object],Chrome Mobile 90.0.4430.82 on Asus X01AD (Android 9),2021-05-06T05:58:29.377Z,寝る,お,false,331.70000000000005,68.4,-4,-1.7000000000000002,8.4,8.8,-2,-1,5.1000000000000005,30.000000000000004,249.6,9.8
Chrome Mobile,90.0.4430.82,Asus X01AD,Asus,Blink,[object Object],Chrome Mobile 90.0.4430.82 on Asus X01AD (Android 9),2021-05-06T05:58:29.578Z,寝る,お,false,341.6,73.8,20.400000000000002,16.8,6.2,2.4000000000000004,17.7,-3.5,-0.2,-4.2,50.5,-61.39999999999999
Chrome Mobile,90.0.4430.82,Asus X01AD,Asus,Blink,[object Object],Chrome Mobile 90.0.4430.82 on Asus X01AD (Android 9),2021-05-06T05:58:29.779Z,寝る,お,false,357,71.10000000000001,-30.1,1.7000000000000002,9.700000000000001,9.8,0,0.4,7,-52.1,-250.4,29.500000000000004
Chrome Mobile,90.0.4430.82,Asus X01AD,Asus,Blink,[object Object],Chrome Mobile 90.0.4430.82 on Asus X01AD (Android 9),2021-05-06T05:58:29.980Z,寝る,お,false,343.3,67.8,-35.5,-11.600000000000001,9.4,12.200000000000001,-13.8,0.1,9.1,65.7,237.20000000000002,-1.7
Chrome Mobile,90.0.4430.82,Asus X01AD,Asus,Blink,[object Object],Chrome Mobile 90.0.4430.82 on Asus X01AD (Android 9),2021-05-06T05:58:30.180Z,寝る,お,false,346.40000000000003,75.7,9.700000000000001,20.1,9.1,-0.5,20.5,-0.7000000000000001,-3,101.30000000000001,236.20000000000002,-6.9
Chrome Mobile,90.0.4430.82,Asus X01AD,Asus,Blink,[object Object],Chrome Mobile 90.0.4430.82 on Asus X01AD (Android 9),2021-05-06T05:58:30.381Z,寝る,お,false,350.20000000000005,74.2,-2.4000000000000004,11.5,9.5,8.9,11.4,0,6.2,-10.299999999999999,-250.4,11.1
Chrome Mobile,90.0.4430.82,Asus X01AD,Asus,Blink,[object Object],Chrome Mobile 90.0.4430.82 on Asus X01AD (Android 9),2021-05-06T05:58:30.591Z,寝る,お,false,337.20000000000005,68.60000000000001,-39.5,-18.400000000000002,10.100000000000001,15.9,-20.8,0.7000000000000001,13.100000000000001,-30.4,-227.10000000000002,-47.2
Chrome Mobile,90.0.4430.82,Asus X01AD,Asus,Blink,[object Object],Chrome Mobile 90.0.4430.82 on Asus X01AD (Android 9),2021-05-06T05:58:30.796Z,寝る,お,false,320.6,74.3,0.6000000000000001,-2.3000000000000003,9.600000000000001,11,-2.2,0.1,8.3,3.5,249.6,9.100000000000001
Chrome Mobile,90.0.4430.82,Asus X01AD,Asus,Blink,[object Object],Chrome Mobile 90.0.4430.82 on Asus X01AD (Android 9),2021-05-06T05:58:30.997Z,寝る,お,false,346.40000000000003,76.2,11.700000000000001,18.6,7.5,3.4000000000000004,19.1,-2.1,1,-11.700000000000001,8.2,-24.200000000000003
Chrome Mobile,90.0.4430.82,Asus X01AD,Asus,Blink,[object Object],Chrome Mobile 90.0.4430.82 on Asus X01AD (Android 9),2021-05-06T05:58:31.198Z,寝る,お,false,6.6000000000000005,72.7,-42.7,1.9000000000000001,9.5,9.5,-0.1,-0.1,7.4,-63.2,-250.4,12.5
Chrome Mobile,90.0.4430.82,Asus X01AD,Asus,Blink,[object Object],Chrome Mobile 90.0.4430.82 on Asus X01AD (Android 9),2021-05-06T05:58:31.398Z,寝る,お,false,339.6,73.2,-29.6,-16.1,7.6000000000000005,4.6000000000000005,-17.5,-1.8,2.2,46,189.8,-4.300000000000001
Chrome Mobile,90.0.4430.82,Asus X01AD,Asus,Blink,[object Object],Chrome Mobile 90.0.4430.82 on Asus X01AD (Android 9),2021-05-06T05:58:31.599Z,寝る,お,false,336.70000000000005,76.10000000000001,21.3,15,8.1,9,15.8,-1.7000000000000002,6.800000000000001,57.49999999999999,232.60000000000002,16.700000000000003
Chrome Mobile,90.0.4430.82,Asus X01AD,Asus,Blink,[object Object],Chrome Mobile 90.0.4430.82 on Asus X01AD (Android 9),2021-05-06T05:58:31.799Z,寝る,お,false,14.200000000000001,81.2,-21,10.9,6.5,6.5,10.3,-3.2,5.1000000000000005,-45.7,-250.4,4
Chrome Mobile,90.0.4430.82,Asus X01AD,Asus,Blink,[object Object],Chrome Mobile 90.0.4430.82 on Asus X01AD (Android 9),2021-05-06T05:58:32.000Z,寝る,お,false,355.40000000000003,65.60000000000001,-50.7,-7,12.4,11.100000000000001,-10.200000000000001,3.3000000000000003,8.5,-36.1,-244,27.700000000000003
Chrome Mobile,90.0.4430.82,Asus X01AD,Asus,Blink,[object Object],Chrome Mobile 90.0.4430.82 on Asus X01AD (Android 9),2021-05-06T05:58:32.207Z,寝る,お,false,323.40000000000003,71,-2.6,-1.7000000000000002,12.100000000000001,10.8,-3.4000000000000004,2.3000000000000003,7.9,7.6,249.5,2
Chrome Mobile,90.0.4430.82,Asus X01AD,Asus,Blink,[object Object],Chrome Mobile 90.0.4430.82 on Asus X01AD (Android 9),2021-05-06T05:58:32.409Z,寝る,お,false,332.20000000000005,71.10000000000001,26.900000000000002,19,7,3.2,20.5,-2.4000000000000004,0.30000000000000004,-53.7,18.700000000000003,-82.7
Chrome Mobile,90.0.4430.82,Asus X01AD,Asus,Blink,[object Object],Chrome Mobile 90.0.4430.82 on Asus X01AD (Android 9),2021-05-06T05:58:32.617Z,寝る,お,false,342.70000000000005,71,-20.5,-0.7000000000000001,10.700000000000001,10.8,-1.9000000000000001,1.3,7.800000000000001,21.200000000000003,-250.4,43.50000000000001
Chrome Mobile,90.0.4430.82,Asus X01AD,Asus,Blink,[object Object],Chrome Mobile 90.0.4430.82 on Asus X01AD (Android 9),2021-05-06T05:58:32.818Z,寝る,お,false,348.40000000000003,69.60000000000001,-48.5,-13.5,10.3,10.3,-16.1,1,8,34.7,120.2,-17.400000000000002
Chrome Mobile,90.0.4430.82,Asus X01AD,Asus,Blink,[object Object],Chrome Mobile 90.0.4430.82 on Asus X01AD (Android 9),2021-05-06T05:58:33.019Z,寝る,お,false,338.6,72.60000000000001,9.9,10.700000000000001,9.5,9.4,11.200000000000001,0,6.4,16.4,249.6,-8
Chrome Mobile,90.0.4430.82,Asus X01AD,Asus,Blink,[object Object],Chrome Mobile 90.0.4430.82 on Asus X01AD (Android 9),2021-05-06T05:58:33.220Z,寝る,お,false,356.6,75.9,-0.4,13,7.300000000000001,0.6000000000000001,12.9,-2.2,-1.8,4.300000000000001,-170.9,-8
Chrome Mobile,90.0.4430.82,Asus X01AD,Asus,Blink,[object Object],Chrome Mobile 90.0.4430.82 on Asus X01AD (Android 9),2021-05-06T05:58:33.421Z,寝る,お,false,357.8,65.7,-51.2,-4.3,12.100000000000001,11.9,-7.5,3,9.3,-36.1,-244.90000000000003,44.10000000000001
Chrome Mobile,90.0.4430.82,Asus X01AD,Asus,Blink,[object Object],Chrome Mobile 90.0.4430.82 on Asus X01AD (Android 9),2021-05-06T05:58:33.621Z,寝る,お,false,334.1,69.9,-13,-7.2,8.9,8.8,-8,-0.4,5.5,6.2,249.6,-8.899999999999999
Chrome Mobile,90.0.4430.82,Asus X01AD,Asus,Blink,[object Object],Chrome Mobile 90.0.4430.82 on Asus X01AD (Android 9),2021-05-06T05:58:33.822Z,寝る,お,false,349.5,77.30000000000001,18.7,19,7,-0.5,19.700000000000003,-2.9000000000000004,-2.7,78.60000000000001,99.60000000000001,11.8
Chrome Mobile,90.0.4430.82,Asus X01AD,Asus,Blink,[object Object],Chrome Mobile 90.0.4430.82 on Asus X01AD (Android 9),2021-05-06T05:58:34.023Z,寝る,お,false,4.3,73.8,-17.7,9.1,9.9,5.800000000000001,8.3,0.5,3.2,-52.5,-250.4,-27.700000000000003
Chrome Mobile,90.0.4430.82,Asus X01AD,Asus,Blink,[object Object],Chrome Mobile 90.0.4430.82 on Asus X01AD (Android 9),2021-05-06T05:58:34.223Z,寝る,お,false,348.70000000000005,63.400000000000006,-47.300000000000004,-14.700000000000001,11.200000000000001,13.8,-18.3,2.2,10.100000000000001,-20.400000000000002,-83.89999999999999,34.300000000000004
Chrome Mobile,90.0.4430.82,Asus X01AD,Asus,Blink,[object Object],Chrome Mobile 90.0.4430.82 on Asus X01AD (Android 9),2021-05-06T05:58:34.424Z,寝る,お,false,339.40000000000003,67.10000000000001,-3.7,3,11,17.5,2.8000000000000003,1.7000000000000002,13.600000000000001,56.400000000000006,249.6,22.3
Chrome Mobile,90.0.4430.82,Asus X01AD,Asus,Blink,[object Object],Chrome Mobile 90.0.4430.82 on Asus X01AD (Android 9),2021-05-06T05:58:34.625Z,寝る,お,false,339.90000000000003,74.8,30.700000000000003,14.100000000000001,4.2,2.5,15.4,-5.4,0.30000000000000004,-18.900000000000002,3.1,-60.300000000000004
Chrome Mobile,90.0.4430.82,Asus X01AD,Asus,Blink,[object Object],Chrome Mobile 90.0.4430.82 on Asus X01AD (Android 9),2021-05-06T05:58:34.826Z,寝る,お,false,353.3,69.9,-27.1,-3.1,11.200000000000001,11.5,-2.7,1.8,8.1,-34.400000000000006,-250.4,40.9
Chrome Mobile,90.0.4430.82,Asus X01AD,Asus,Blink,[object Object],Chrome Mobile 90.0.4430.82 on Asus X01AD (Android 9),2021-05-06T05:58:35.028Z,寝る,お,false,341.6,69,-21.900000000000002,-8.700000000000001,8.9,8,-10.100000000000001,-0.30000000000000004,4.7,24.7,228.4,22.000000000000004
Chrome Mobile,90.0.4430.82,Asus X01AD,Asus,Blink,[object Object],Chrome Mobile 90.0.4430.82 on Asus X01AD (Android 9),2021-05-06T05:58:35.228Z,寝る,お,false,350.6,73.10000000000001,18,19.8,7.9,-0.2,20.700000000000003,-1.7000000000000002,-3,15.000000000000002,168.8,-42.60000000000001
Chrome Mobile,90.0.4430.82,Asus X01AD,Asus,Blink,[object Object],Chrome Mobile 90.0.4430.82 on Asus X01AD (Android 9),2021-05-06T05:58:35.429Z,寝る,お,false,350.40000000000003,73.7,-2.6,4.6000000000000005,9.5,7.5,4.5,0,4.7,42.7,-250.3,12.7
Chrome Mobile,90.0.4430.82,Asus X01AD,Asus,Blink,[object Object],Chrome Mobile 90.0.4430.82 on Asus X01AD (Android 9),2021-05-06T05:58:35.629Z,寝る,お,false,340.5,71.5,-34.1,-20.3,9.700000000000001,10.100000000000001,-22.3,0.30000000000000004,7.5,-8.899999999999999,-39.1,-58.800000000000004
Chrome Mobile,90.0.4430.82,Asus X01AD,Asus,Blink,[object Object],Chrome Mobile 90.0.4430.82 on Asus X01AD (Android 9),2021-05-06T05:58:35.830Z,寝る,お,false,340.70000000000005,73.2,-0.8,2.3000000000000003,13,21,2.3000000000000003,3.4000000000000004,18.1,49.199999999999996,249.6,8
Chrome Mobile,90.0.4430.82,Asus X01AD,Asus,Blink,[object Object],Chrome Mobile 90.0.4430.82 on Asus X01AD (Android 9),2021-05-06T05:58:36.031Z,寝る,お,false,351.40000000000003,77,25,16.2,4.4,7.4,17.1,-5.2,5.300000000000001,-49.50000000000001,21.300000000000004,-96.30000000000001
Chrome Mobile,90.0.4430.82,Asus X01AD,Asus,Blink,[object Object],Chrome Mobile 90.0.4430.82 on Asus X01AD (Android 9),2021-05-06T05:58:36.235Z,寝る,お,false,351.1,67.60000000000001,-17.7,-4,8.8,17.7,-5.2,-0.4,14.100000000000001,-56.400000000000006,-250.4,-6.1000000000000005
Chrome Mobile,90.0.4430.82,Asus X01AD,Asus,Blink,[object Object],Chrome Mobile 90.0.4430.82 on Asus X01AD (Android 9),2021-05-06T05:58:36.442Z,寝る,お,false,321.5,66.8,-7.7,-12.100000000000001,8.6,7.7,-16,0.1,5.1000000000000005,68.4,143.9,67.7
Chrome Mobile,90.0.4430.82,Asus X01AD,Asus,Blink,[object Object],Chrome Mobile 90.0.4430.82 on Asus X01AD (Android 9),2021-05-06T05:58:36.663Z,寝る,お,false,358.3,74.3,12.200000000000001,17.400000000000002,7,8.700000000000001,18,-2.8000000000000003,6,86.2,240.7,37.7
Chrome Mobile,90.0.4430.82,Asus X01AD,Asus,Blink,[object Object],Chrome Mobile 90.0.4430.82 on Asus X01AD (Android 9),2021-05-06T05:58:36.864Z,寝る,お,false,33.300000000000004,78,-29.1,12.4,8.200000000000001,8.6,11.4,-1.5,6.800000000000001,-5.7,-250.3,16.6
Chrome Mobile,90.0.4430.82,Asus X01AD,Asus,Blink,[object Object],Chrome Mobile 90.0.4430.82 on Asus X01AD (Android 9),2021-05-06T05:58:37.065Z,寝る,お,false,2.4000000000000004,67,-49,-12.4,10.200000000000001,12.600000000000001,-15.3,1,10,-105.20000000000002,-175.5,-40.800000000000004
Chrome Mobile,90.0.4430.82,Asus X01AD,Asus,Blink,[object Object],Chrome Mobile 90.0.4430.82 on Asus X01AD (Android 9),2021-05-06T05:58:37.266Z,寝る,お,false,340.8,69.5,-2,-0.2,10.9,13.100000000000001,-0.30000000000000004,1.5,9.600000000000001,33.6,249.6,9.100000000000001
Chrome Mobile,90.0.4430.82,Asus X01AD,Asus,Blink,[object Object],Chrome Mobile 90.0.4430.82 on Asus X01AD (Android 9),2021-05-06T05:58:37.467Z,寝る,お,false,6.6000000000000005,76.80000000000001,11.9,22.3,5.9,2.3000000000000003,22.8,-3.9000000000000004,0.1,34.2,13.200000000000003,-1
Chrome Mobile,90.0.4430.82,Asus X01AD,Asus,Blink,[object Object],Chrome Mobile 90.0.4430.82 on Asus X01AD (Android 9),2021-05-06T05:58:37.668Z,寝る,お,false,23.8,69.5,-45.800000000000004,-0.4,10.4,10.5,-2.9000000000000004,1.1,8.1,-92.90000000000002,-250.4,43.70000000000001
Chrome Mobile,90.0.4430.82,Asus X01AD,Asus,Blink,[object Object],Chrome Mobile 90.0.4430.82 on Asus X01AD (Android 9),2021-05-06T05:58:37.869Z,寝る,お,false,350.20000000000005,68.3,-42.1,-23.700000000000003,9.600000000000001,11.200000000000001,-26.200000000000003,0.30000000000000004,8.4,53.300000000000004,116.1,-38.2
Chrome Mobile,90.0.4430.82,Asus X01AD,Asus,Blink,[object Object],Chrome Mobile 90.0.4430.82 on Asus X01AD (Android 9),2021-05-06T05:58:38.070Z,寝る,お,false,344.70000000000005,68.3,10.9,8.9,10.100000000000001,14.700000000000001,9.600000000000001,0.7000000000000001,11.100000000000001,16.3,249.6,26.799999999999997
Chrome Mobile,90.0.4430.82,Asus X01AD,Asus,Blink,[object Object],Chrome Mobile 90.0.4430.82 on Asus X01AD (Android 9),2021-05-06T05:58:38.271Z,寝る,お,false,13.700000000000001,78.80000000000001,-1,13.5,4.2,-2.7,13.4,-5.5,-4.7,-22.5,-129.4,2.1
Chrome Mobile,90.0.4430.82,Asus X01AD,Asus,Blink,[object Object],Chrome Mobile 90.0.4430.82 on Asus X01AD (Android 9),2021-05-06T05:58:38.471Z,寝る,お,false,20.900000000000002,62,-56.6,-5.1000000000000005,12.4,15,-9,3.5,12.5,-39.300000000000004,-250.4,62.800000000000004
Chrome Mobile,90.0.4430.82,Asus X01AD,Asus,Blink,[object Object],Chrome Mobile 90.0.4430.82 on Asus X01AD (Android 9),2021-05-06T05:58:38.673Z,寝る,お,false,9.5,64.7,-54.2,-3.2,10.8,9.700000000000001,-6.7,1.9000000000000001,7.2,75.4,249.6,-46
Chrome Mobile,90.0.4430.82,Asus X01AD,Asus,Blink,[object Object],Chrome Mobile 90.0.4430.82 on Asus X01AD (Android 9),2021-05-06T05:58:38.873Z,寝る,お,false,6,79.5,-0.8,15.700000000000001,5.5,2.1,15.700000000000001,-4.5,0.30000000000000004,74,249.6,-12.9
Chrome Mobile,90.0.4430.82,Asus X01AD,Asus,Blink,[object Object],Chrome Mobile 90.0.4430.82 on Asus X01AD (Android 9),2021-05-06T05:58:39.074Z,寝る,お,false,35.5,75.8,-39.400000000000006,10.3,9.1,10.5,8.700000000000001,-0.5,8.700000000000001,-62.6,-250.00000000000003,5.300000000000001
Chrome Mobile,90.0.4430.82,Asus X01AD,Asus,Blink,[object Object],Chrome Mobile 90.0.4430.82 on Asus X01AD (Android 9),2021-05-06T05:58:39.276Z,寝る,お,false,358.5,68.9,-52.2,-20.200000000000003,10.700000000000001,10.4,-23.1,1.3,8.200000000000001,-1.8000000000000003,-89.5,-86.8
Chrome Mobile,90.0.4430.82,Asus X01AD,Asus,Blink,[object Object],Chrome Mobile 90.0.4430.82 on Asus X01AD (Android 9),2021-05-06T05:58:39.477Z,寝る,お,false,326,73.8,18.3,1.1,10.8,7.2,1.9000000000000001,1.2000000000000002,4.6000000000000005,-26.200000000000003,249.6,-94.3
Chrome Mobile,90.0.4430.82,Asus X01AD,Asus,Blink,[object Object],Chrome Mobile 90.0.4430.82 on Asus X01AD (Android 9),2021-05-06T05:58:39.686Z,寝る,お,false,356,73,11,17.5,7.7,4.800000000000001,18.1,-1.8,2,-12,-8.4,-53.9
Chrome Mobile,90.0.4430.82,Asus X01AD,Asus,Blink,[object Object],Chrome Mobile 90.0.4430.82 on Asus X01AD (Android 9),2021-05-06T05:58:39.886Z,寝る,お,false,3.3000000000000003,70.2,-38.5,-4.1000000000000005,10.200000000000001,9.9,-6.2,0.8,7.300000000000001,-25.900000000000002,-250.4,54.300000000000004
Chrome Mobile,90.0.4430.82,Asus X01AD,Asus,Blink,[object Object],Chrome Mobile 90.0.4430.82 on Asus X01AD (Android 9),2021-05-06T05:58:40.087Z,寝る,お,false,344.70000000000005,73.10000000000001,-32.2,-11.4,8.8,6.9,-13,-0.6000000000000001,4.5,53,180.60000000000002,30.599999999999998
Chrome Mobile,90.0.4430.82,Asus X01AD,Asus,Blink,[object Object],Chrome Mobile 90.0.4430.82 on Asus X01AD (Android 9),2021-05-06T05:58:40.288Z,寝る,お,false,2.4000000000000004,77.60000000000001,-0.9,18.1,7.4,-3.6,18,-2.4000000000000004,-5.7,28.3,159.6,-7.1000000000000005
Chrome Mobile,90.0.4430.82,Asus X01AD,Asus,Blink,[object Object],Chrome Mobile 90.0.4430.82 on Asus X01AD (Android 9),2021-05-06T05:58:40.489Z,寝る,お,false,350.40000000000003,71.60000000000001,-0.6000000000000001,5.7,8.200000000000001,9,5.6000000000000005,-1.1,5.9,14.800000000000002,-242.9,-22.4
Chrome Mobile,90.0.4430.82,Asus X01AD,Asus,Blink,[object Object],Chrome Mobile 90.0.4430.82 on Asus X01AD (Android 9),2021-05-06T05:58:40.690Z,寝る,お,false,343.40000000000003,70,-40.5,-20.200000000000003,8,11,-22.5,-1.4000000000000001,8.4,11.2,-108.2,1.5
Chrome Mobile,90.0.4430.82,Asus X01AD,Asus,Blink,[object Object],Chrome Mobile 90.0.4430.82 on Asus X01AD (Android 9),2021-05-06T05:58:40.890Z,寝る,お,false,337.3,70.5,-1.5,0.9,11.600000000000001,11,0.8,2.3000000000000003,7.800000000000001,-48,249.6,-56.50000000000001
Chrome Mobile,90.0.4430.82,Asus X01AD,Asus,Blink,[object Object],Chrome Mobile 90.0.4430.82 on Asus X01AD (Android 9),2021-05-06T05:58:41.091Z,寝る,お,false,357.5,70.5,4.9,23.400000000000002,9,3.8000000000000003,23.700000000000003,-0.4,0.5,-8.3,-34.2,-26.799999999999997
Chrome Mobile,90.0.4430.82,Asus X01AD,Asus,Blink,[object Object],Chrome Mobile 90.0.4430.82 on Asus X01AD (Android 9),2021-05-06T05:58:41.292Z,寝る,お,false,344.40000000000003,70.7,-27.1,-7.4,9.200000000000001,14.100000000000001,-8.9,-0.30000000000000004,11.200000000000001,5.9,-250.4,-37.400000000000006
Chrome Mobile,90.0.4430.82,Asus X01AD,Asus,Blink,[object Object],Chrome Mobile 90.0.4430.82 on Asus X01AD (Android 9),2021-05-06T05:58:41.493Z,寝る,お,false,340.90000000000003,77,-30.8,-4.5,7.300000000000001,3.4000000000000004,-5.7,-2.3000000000000003,1.5,50.60000000000001,242.60000000000002,16.4
Chrome Mobile,90.0.4430.82,Asus X01AD,Asus,Blink,[object Object],Chrome Mobile 90.0.4430.82 on Asus X01AD (Android 9),2021-05-06T05:58:41.694Z,寝る,お,false,340.20000000000005,73.5,13.600000000000001,16.1,11.5,5.300000000000001,16.6,1.4000000000000001,3.4000000000000004,-1.3,217.00000000000003,-6.300000000000001
Chrome Mobile,90.0.4430.82,Asus X01AD,Asus,Blink,[object Object],Chrome Mobile 90.0.4430.82 on Asus X01AD (Android 9),2021-05-06T05:58:41.894Z,寝る,お,false,12.4,75.4,-28.5,8.6,8.8,5.1000000000000005,7.5,-0.7000000000000001,3,-7.9,-250.4,51.300000000000004
Chrome Mobile,90.0.4430.82,Asus X01AD,Asus,Blink,[object Object],Chrome Mobile 90.0.4430.82 on Asus X01AD (Android 9),2021-05-06T05:58:42.095Z,寝る,お,false,342.70000000000005,69.2,-46.300000000000004,-20.8,8.700000000000001,15,-23.400000000000002,-0.6000000000000001,12.5,-25.200000000000003,-102.2,-44.300000000000004
Chrome Mobile,90.0.4430.82,Asus X01AD,Asus,Blink,[object Object],Chrome Mobile 90.0.4430.82 on Asus X01AD (Android 9),2021-05-06T05:58:42.295Z,寝る,お,false,329.8,74.9,-0.6000000000000001,-1.5,9.5,6.300000000000001,-1.5,0.1,3.8000000000000003,-82.3,249.6,-92.7
Chrome Mobile,90.0.4430.82,Asus X01AD,Asus,Blink,[object Object],Chrome Mobile 90.0.4430.82 on Asus X01AD (Android 9),2021-05-06T05:58:42.497Z,寝る,お,false,0.30000000000000004,79.10000000000001,-4.9,18,6.2,-2.5,17.900000000000002,-3.5,-4.4,19.300000000000004,-62.300000000000004,-16.4
Chrome Mobile,90.0.4430.82,Asus X01AD,Asus,Blink,[object Object],Chrome Mobile 90.0.4430.82 on Asus X01AD (Android 9),2021-05-06T05:58:42.704Z,寝る,お,false,9.8,70.5,-54,-0.6000000000000001,13.100000000000001,10.200000000000001,-3.2,3.8000000000000003,8.3,-101.4,-216.90000000000003,3.7000000000000006
Chrome Mobile,90.0.4430.82,Asus X01AD,Asus,Blink,[object Object],Chrome Mobile 90.0.4430.82 on Asus X01AD (Android 9),2021-05-06T05:58:42.910Z,寝る,お,false,335.20000000000005,75.10000000000001,-22.3,-8,5.300000000000001,4.3,-8.9,-4,2,14.800000000000002,169.9,54.699999999999996
Chrome Mobile,90.0.4430.82,Asus X01AD,Asus,Blink,[object Object],Chrome Mobile 90.0.4430.82 on Asus X01AD (Android 9),2021-05-06T05:58:43.111Z,寝る,お,false,343,71,17.1,15.4,10.5,4.9,16.400000000000002,1.1,1.8,51.1,132.5,13.100000000000001
Chrome Mobile,90.0.4430.82,Asus X01AD,Asus,Blink,[object Object],Chrome Mobile 90.0.4430.82 on Asus X01AD (Android 9),2021-05-06T05:58:43.312Z,寝る,お,false,10.5,74.10000000000001,-33.7,7.5,9.600000000000001,4.6000000000000005,6,0.2,2.4000000000000004,-29.800000000000004,-250.4,49.50000000000001
Chrome Mobile,90.0.4430.82,Asus X01AD,Asus,Blink,[object Object],Chrome Mobile 90.0.4430.82 on Asus X01AD (Android 9),2021-05-06T05:58:43.513Z,寝る,お,false,351.3,69.10000000000001,-52.900000000000006,-17,8.200000000000001,10.700000000000001,-19.8,-1,8.5,-2.4000000000000004,55.2,-62.800000000000004
Chrome Mobile,90.0.4430.82,Asus X01AD,Asus,Blink,[object Object],Chrome Mobile 90.0.4430.82 on Asus X01AD (Android 9),2021-05-06T05:58:43.714Z,寝る,お,false,325.6,69.60000000000001,7,-1.9000000000000001,9.3,8.8,-1.5,0.1,5.4,-77.4,249.6,-81.7
Chrome Mobile,90.0.4430.82,Asus X01AD,Asus,Blink,[object Object],Chrome Mobile 90.0.4430.82 on Asus X01AD (Android 9),2021-05-06T05:58:43.915Z,寝る,お,false,352.8,78.5,-0.6000000000000001,12.5,5.800000000000001,0.1,12.5,-3.8000000000000003,-1.8,11.4,-59.00000000000001,13.6
Chrome Mobile,90.0.4430.82,Asus X01AD,Asus,Blink,[object Object],Chrome Mobile 90.0.4430.82 on Asus X01AD (Android 9),2021-05-06T05:58:44.117Z,寝る,お,false,16.400000000000002,64.5,-65.7,2.5,12.4,9.3,-1.6,3.6,7.6000000000000005,-61.199999999999996,-229.29999999999998,75.2
Chrome Mobile,90.0.4430.82,Asus X01AD,Asus,Blink,[object Object],Chrome Mobile 90.0.4430.82 on Asus X01AD (Android 9),2021-05-06T05:58:44.321Z,寝る,お,false,354,70.8,-52.300000000000004,-9.9,9.200000000000001,5.300000000000001,-14.3,-0.30000000000000004,3.9000000000000004,29.300000000000004,152.9,-29.200000000000003
Chrome Mobile,90.0.4430.82,Asus X01AD,Asus,Blink,[object Object],Chrome Mobile 90.0.4430.82 on Asus X01AD (Android 9),2021-05-06T05:58:44.522Z,寝る,お,false,332.3,77.2,12.9,16.3,7.1000000000000005,0.6000000000000001,16.8,-2.5,-1.5,98.39999999999999,115.9,70.7
Chrome Mobile,90.0.4430.82,Asus X01AD,Asus,Blink,[object Object],Chrome Mobile 90.0.4430.82 on Asus X01AD (Android 9),2021-05-06T05:58:44.723Z,寝る,お,false,358.40000000000003,77.80000000000001,-22.3,6.7,9.1,3.6,6,-0.4,1.7000000000000002,47.900000000000006,-220.70000000000002,47.5
Chrome Mobile,90.0.4430.82,Asus X01AD,Asus,Blink,[object Object],Chrome Mobile 90.0.4430.82 on Asus X01AD (Android 9),2021-05-06T05:58:44.924Z,寝る,お,false,351.90000000000003,70.9,-58.900000000000006,-15.4,11.5,12.3,-18.1,2.2,10.700000000000001,-24,-69.20000000000002,-48.300000000000004
Chrome Mobile,90.0.4430.82,Asus X01AD,Asus,Blink,[object Object],Chrome Mobile 90.0.4430.82 on Asus X01AD (Android 9),2021-05-06T05:58:45.127Z,寝る,お,false,313.90000000000003,73.2,18.3,3.4000000000000004,9.600000000000001,9.200000000000001,4.3,0.2,6.6000000000000005,-37,249.6,-29.700000000000006
Chrome Mobile,90.0.4430.82,Asus X01AD,Asus,Blink,[object Object],Chrome Mobile 90.0.4430.82 on Asus X01AD (Android 9),2021-05-06T05:58:45.342Z,寝る,お,false,344,75.10000000000001,-0.30000000000000004,9.700000000000001,8.3,4.2,9.700000000000001,-1.2000000000000002,1.7000000000000002,12,-96.7,-3.2
Chrome Mobile,90.0.4430.82,Asus X01AD,Asus,Blink,[object Object],Chrome Mobile 90.0.4430.82 on Asus X01AD (Android 9),2021-05-06T05:58:45.547Z,寝る,お,false,0.4,72.7,-61.800000000000004,-10.100000000000001,10.3,9,-12.700000000000001,0.9,7.6000000000000005,-48.6,-179.2,10.700000000000001
Chrome Mobile,90.0.4430.82,Asus X01AD,Asus,Blink,[object Object],Chrome Mobile 90.0.4430.82 on Asus X01AD (Android 9),2021-05-06T05:58:45.748Z,寝る,お,false,339.6,75.4,-22,-0.5,11.4,7.300000000000001,-1.5,2,5,-14.5,238.1,10.700000000000001
Chrome Mobile,90.0.4430.82,Asus X01AD,Asus,Blink,[object Object],Chrome Mobile 90.0.4430.82 on Asus X01AD (Android 9),2021-05-06T05:58:45.949Z,寝る,お,false,354.40000000000003,79.9,-2.1,18.400000000000002,6.7,-2.6,18.3,-2.9000000000000004,-4.4,74.2,12.9,18.5
Chrome Mobile,90.0.4430.82,Asus X01AD,Asus,Blink,[object Object],Chrome Mobile 90.0.4430.82 on Asus X01AD (Android 9),2021-05-06T05:58:46.150Z,寝る,お,false,18.5,73.5,-55.1,2.8000000000000003,10.9,7.5,0.5,1.6,5.9,-45.9,-250.4,54.9
Chrome Mobile,90.0.4430.82,Asus X01AD,Asus,Blink,[object Object],Chrome Mobile 90.0.4430.82 on Asus X01AD (Android 9),2021-05-06T05:58:46.351Z,寝る,お,false,348.70000000000005,71.60000000000001,-54.2,-17.8,9.5,9.1,-20.3,0.30000000000000004,7.300000000000001,6,117.20000000000002,-41.199999999999996
Chrome Mobile,90.0.4430.82,Asus X01AD,Asus,Blink,[object Object],Chrome Mobile 90.0.4430.82 on Asus X01AD (Android 9),2021-05-06T05:58:46.552Z,寝る,お,false,337.40000000000003,74.10000000000001,-1.6,7.800000000000001,9.700000000000001,6.300000000000001,7.7,0.30000000000000004,3.6,18.3,224,-19
Chrome Mobile,90.0.4430.82,Asus X01AD,Asus,Blink,[object Object],Chrome Mobile 90.0.4430.82 on Asus X01AD (Android 9),2021-05-06T05:58:46.753Z,寝る,お,false,1.9000000000000001,76.3,-13,12.5,6.9,1.1,12,-2.5,-1.1,-15.8,-98.39999999999999,1
Chrome Mobile,90.0.4430.82,Asus X01AD,Asus,Blink,[object Object],Chrome Mobile 90.0.4430.82 on Asus X01AD (Android 9),2021-05-06T05:58:46.954Z,寝る,お,false,354,65.5,-48.300000000000004,-7.5,11.200000000000001,10.200000000000001,-10.5,2.3000000000000003,7.5,-53.400000000000006,-222.30000000000004,38.1
Chrome Mobile,90.0.4430.82,Asus X01AD,Asus,Blink,[object Object],Chrome Mobile 90.0.4430.82 on Asus X01AD (Android 9),2021-05-06T05:58:47.154Z,寝る,お,false,339.20000000000005,69.60000000000001,-16.7,1.9000000000000001,13.3,10.9,0.9,4.1000000000000005,7.6000000000000005,41,249.6,-15.6
Chrome Mobile,90.0.4430.82,Asus X01AD,Asus,Blink,[object Object],Chrome Mobile 90.0.4430.82 on Asus X01AD (Android 9),2021-05-06T05:58:47.355Z,寝る,お,false,331.70000000000005,81.60000000000001,25.3,17.900000000000002,3.3000000000000003,-2.8000000000000003,18.5,-6.4,-4.1000000000000005,-12,-6.9,-1.6
Chrome Mobile,90.0.4430.82,Asus X01AD,Asus,Blink,[object Object],Chrome Mobile 90.0.4430.82 on Asus X01AD (Android 9),2021-05-06T05:58:47.556Z,寝る,お,false,2.3000000000000003,72.5,-44.7,1.2000000000000002,12.700000000000001,9.8,-0.8,3.4000000000000004,7.7,-51.800000000000004,-250.4,28.1
Chrome Mobile,90.0.4430.82,Asus X01AD,Asus,Blink,[object Object],Chrome Mobile 90.0.4430.82 on Asus X01AD (Android 9),2021-05-06T05:58:47.757Z,寝る,お,false,326.70000000000005,73.9,-25.6,-13.600000000000001,6.5,7.300000000000001,-14.8,-2.9000000000000004,4.9,38.1,147.4,39.9
Chrome Mobile,90.0.4430.82,Asus X01AD,Asus,Blink,[object Object],Chrome Mobile 90.0.4430.82 on Asus X01AD (Android 9),2021-05-06T05:58:47.958Z,寝る,お,false,331.20000000000005,71.5,14.600000000000001,15.5,12.9,0.5,16.2,3.6,-2.5,-0.4,192.70000000000002,-33.6
Chrome Mobile,90.0.4430.82,Asus X01AD,Asus,Blink,[object Object],Chrome Mobile 90.0.4430.82 on Asus X01AD (Android 9),2021-05-06T05:58:48.159Z,寝る,お,false,348.8,73.60000000000001,-21.200000000000003,3.4000000000000004,8.8,6.7,2.4000000000000004,-0.6000000000000001,4.1000000000000005,35.1,-250.20000000000002,44.2
Chrome Mobile,90.0.4430.82,Asus X01AD,Asus,Blink,[object Object],Chrome Mobile 90.0.4430.82 on Asus X01AD (Android 9),2021-05-06T05:58:48.359Z,寝る,お,false,326.8,72.8,-35.300000000000004,-24.1,5.9,10.4,-25.8,-3.5,8,9.899999999999999,90.9,-54.800000000000004
Chrome Mobile,90.0.4430.82,Asus X01AD,Asus,Blink,[object Object],Chrome Mobile 90.0.4430.82 on Asus X01AD (Android 9),2021-05-06T05:58:48.560Z,寝る,お,false,329.3,74,1.4000000000000001,3.4000000000000004,10.8,10.100000000000001,3.5,1.3,7.300000000000001,3.4,234.30000000000004,-38.800000000000004
Chrome Mobile,90.0.4430.82,Asus X01AD,Asus,Blink,[object Object],Chrome Mobile 90.0.4430.82 on Asus X01AD (Android 9),2021-05-06T05:58:48.767Z,寝る,お,false,352.6,79,-9.5,14.4,7.300000000000001,-2,14,-2.3000000000000003,-3.8000000000000003,-11.4,-127.69999999999999,-15.5
Chrome Mobile,90.0.4430.82,Asus X01AD,Asus,Blink,[object Object],Chrome Mobile 90.0.4430.82 on Asus X01AD (Android 9),2021-05-06T05:58:48.974Z,寝る,お,false,331.5,64.3,-34,-14.700000000000001,7.7,13,-17,-1,9.600000000000001,-150.4,-160.70000000000002,13.6
Chrome Mobile,90.0.4430.82,Asus X01AD,Asus,Blink,[object Object],Chrome Mobile 90.0.4430.82 on Asus X01AD (Android 9),2021-05-06T05:58:49.175Z,寝る,お,false,320.3,37.1,-18.900000000000002,3.8000000000000003,8.4,7.7,1.3,2.6,0.4,-82.9,112.60000000000001,-5.7
Chrome Mobile,90.0.4430.82,Asus X01AD,Asus,Blink,[object Object],Chrome Mobile 90.0.4430.82 on Asus X01AD (Android 9),2021-05-06T05:58:49.378Z,寝る,お,false,324.6,25.400000000000002,-3.3000000000000003,0.6000000000000001,5.6000000000000005,9.1,0.1,1.3,0.30000000000000004,64.9,74.10000000000001,31.5