platform_name,platform_version,platform_product,platform_manufacturer,platform_layout,platform_os,platform_description,date,label,s_movement,do_absolute,do_alpha,do_beta,do_gamma,acc_g_x,acc_g_y,acc_g_z,acc_x,acc_y,acc_z,rot_alpha,rot_beta,rot_gamma
Chrome Mobile,90.0.4430.82,Asus X01AD,Asus,Blink,[object Object],Chrome Mobile 90.0.4430.82 on Asus X01AD (Android 9),2021-05-06T06:04:16.305Z,歩行,あ,false,103.7,18.400000000000002,-2.8000000000000003,0.5,3.3000000000000003,9.200000000000001,0,0.1,-0.30000000000000004,9.5,0.2,-0.4
Chrome Mobile,90.0.4430.82,Asus X01AD,Asus,Blink,[object Object],Chrome Mobile 90.0.4430.82 on Asus X01AD (Android 9),2021-05-06T06:04:16.513Z,歩行,あ,false,58.7,78.80000000000001,13.100000000000001,0.5,1,0.8,1,-9.200000000000001,-1.1,130.20000000000002,27.3,-100.6
Chrome Mobile,90.0.4430.82,Asus X01AD,Asus,Blink,[object Object],Chrome Mobile 90.0.4430.82 on Asus X01AD (Android 9),2021-05-06T06:04:16.714Z,歩行,あ,false,78.7,79.5,-11.600000000000001,2.3000000000000003,0.4,-1.1,2,-8.5,-2.7,-156.70000000000002,-5.2,128.20000000000002
Chrome Mobile,90.0.4430.82,Asus X01AD,Asus,Blink,[object Object],Chrome Mobile 90.0.4430.82 on Asus X01AD (Android 9),2021-05-06T06:04:16.914Z,歩行,あ,false,63.400000000000006,75.60000000000001,3.8000000000000003,2.7,6.1000000000000005,3.5,2.6,-2.2,2.1,249.00000000000003,6.2,-151
Chrome Mobile,90.0.4430.82,Asus X01AD,Asus,Blink,[object Object],Chrome Mobile 90.0.4430.82 on Asus X01AD (Android 9),2021-05-06T06:04:17.115Z,歩行,あ,false,123.5,104.30000000000001,-59.1,-1.5,-9,-1.2000000000000002,0.5,-18,0,-68.3,-16.5,106.80000000000001
Chrome Mobile,90.0.4430.82,Asus X01AD,Asus,Blink,[object Object],Chrome Mobile 90.0.4430.82 on Asus X01AD (Android 9),2021-05-06T06:04:17.315Z,歩行,あ,false,93.60000000000001,58,-26.5,16.3,39.1,26.6,13.9,30.5,21.8,101.7,31.799999999999997,-52.1
Chrome Mobile,90.0.4430.82,Asus X01AD,Asus,Blink,[object Object],Chrome Mobile 90.0.4430.82 on Asus X01AD (Android 9),2021-05-06T06:04:17.516Z,歩行,あ,false,127.2,113.10000000000001,-59.400000000000006,-4.800000000000001,-13.5,-0.1,-1.5,-22.5,1.9000000000000001,82.50000000000001,-6.600000000000001,-35.2
Chrome Mobile,90.0.4430.82,Asus X01AD,Asus,Blink,[object Object],Chrome Mobile 90.0.4430.82 on Asus X01AD (Android 9),2021-05-06T06:04:17.716Z,歩行,あ,false,64.9,82,5.4,1.6,10.4,8.8,1.7000000000000002,1.8,7.6000000000000005,-250.00000000000003,41,104.4
Chrome Mobile,90.0.4430.82,Asus X01AD,Asus,Blink,[object Object],Chrome Mobile 90.0.4430.82 on Asus X01AD (Android 9),2021-05-06T06:04:17.917Z,歩行,あ,false,34.300000000000004,77.30000000000001,41.800000000000004,0.30000000000000004,3.6,8,1.8,-6.5,6.300000000000001,250.00000000000003,56.300000000000004,-86.3
Chrome Mobile,90.0.4430.82,Asus X01AD,Asus,Blink,[object Object],Chrome Mobile 90.0.4430.82 on Asus X01AD (Android 9),2021-05-06T06:04:18.118Z,歩行,あ,false,117.2,111.9,-45.900000000000006,-3.2,-8.1,-0.9,-0.8,-16.5,1.5,-44.7,-8.100000000000001,122.60000000000001
Chrome Mobile,90.0.4430.82,Asus X01AD,Asus,Blink,[object Object],Chrome Mobile 90.0.4430.82 on Asus X01AD (Android 9),2021-05-06T06:04:18.319Z,歩行,あ,false,93.30000000000001,68.3,-25.6,11.5,39.1,26.900000000000002,10,30.1,23.700000000000003,0.1,17,-42.2
Chrome Mobile,90.0.4430.82,Asus X01AD,Asus,Blink,[object Object],Chrome Mobile 90.0.4430.82 on Asus X01AD (Android 9),2021-05-06T06:04:18.520Z,歩行,あ,false,117.30000000000001,117.10000000000001,-42.5,-3.4000000000000004,-8.9,-2.8000000000000003,-0.4,-17.5,0.4,122.10000000000002,2.5,-61.9
Chrome Mobile,90.0.4430.82,Asus X01AD,Asus,Blink,[object Object],Chrome Mobile 90.0.4430.82 on Asus X01AD (Android 9),2021-05-06T06:04:18.720Z,歩行,あ,false,105.5,98.2,-37,-1.1,9.4,1.5,-0.4,0.9,2.5,-249.3,27.800000000000004,129.10000000000002
Chrome Mobile,90.0.4430.82,Asus X01AD,Asus,Blink,[object Object],Chrome Mobile 90.0.4430.82 on Asus X01AD (Android 9),2021-05-06T06:04:18.921Z,歩行,あ,false,348.90000000000003,77.2,87.7,-3,2.7,4.800000000000001,-0.8,-7,4.7,154.5,109.8,-117.60000000000001
Chrome Mobile,90.0.4430.82,Asus X01AD,Asus,Blink,[object Object],Chrome Mobile 90.0.4430.82 on Asus X01AD (Android 9),2021-05-06T06:04:19.122Z,歩行,あ,false,123.4,108.5,-47.800000000000004,-1.7000000000000002,-4.9,-5.1000000000000005,0.30000000000000004,-13.200000000000001,-3.2,-114.6,-5.500000000000001,152.1
Chrome Mobile,90.0.4430.82,Asus X01AD,Asus,Blink,[object Object],Chrome Mobile 90.0.4430.82 on Asus X01AD (Android 9),2021-05-06T06:04:19.323Z,歩行,あ,false,72.5,73.7,2,4.1000000000000005,18.7,17.400000000000002,4.2,9.1,14.600000000000001,249.5,-4.5,-120.60000000000001
Chrome Mobile,90.0.4430.82,Asus X01AD,Asus,Blink,[object Object],Chrome Mobile 90.0.4430.82 on Asus X01AD (Android 9),2021-05-06T06:04:19.524Z,歩行,あ,false,112.80000000000001,111.60000000000001,-39.7,-0.8,-10.4,-4,1.2000000000000002,-18.6,-1.5,-37.800000000000004,-47.400000000000006,125.30000000000001
Chrome Mobile,90.0.4430.82,Asus X01AD,Asus,Blink,[object Object],Chrome Mobile 90.0.4430.82 on Asus X01AD (Android 9),2021-05-06T06:04:19.725Z,歩行,あ,false,70.8,73.5,-5.6000000000000005,8.8,33.1,28,8.6,23.700000000000003,25.200000000000003,192.8,-0.8,-113.2
Chrome Mobile,90.0.4430.82,Asus X01AD,Asus,Blink,[object Object],Chrome Mobile 90.0.4430.82 on Asus X01AD (Android 9),2021-05-06T06:04:19.926Z,歩行,あ,false,113.5,119.30000000000001,-44.1,-2.9000000000000004,-15.4,-3.6,0.1,-23.1,-0.5,17.6,-7.200000000000001,100.1
Chrome Mobile,90.0.4430.82,Asus X01AD,Asus,Blink,[object Object],Chrome Mobile 90.0.4430.82 on Asus X01AD (Android 9),2021-05-06T06:04:20.127Z,歩行,あ,false,117.80000000000001,76.10000000000001,-52.5,18.6,39.1,18.5,16.8,30.200000000000003,17.1,22.700000000000003,-0.4,54
Chrome Mobile,90.0.4430.82,Asus X01AD,Asus,Blink,[object Object],Chrome Mobile 90.0.4430.82 on Asus X01AD (Android 9),2021-05-06T06:04:20.334Z,歩行,あ,false,106,125.9,-36.9,-3.1,-15.5,-0.6000000000000001,0,-22.900000000000002,3.7,58.7,-18.5,-63.500000000000014
Chrome Mobile,90.0.4430.82,Asus X01AD,Asus,Blink,[object Object],Chrome Mobile 90.0.4430.82 on Asus X01AD (Android 9),2021-05-06T06:04:20.535Z,歩行,あ,false,151.70000000000002,80.5,-85.60000000000001,18.8,38.900000000000006,24.1,17.400000000000002,30.700000000000003,24,-250.00000000000003,-21.300000000000004,248.20000000000002
Chrome Mobile,90.0.4430.82,Asus X01AD,Asus,Blink,[object Object],Chrome Mobile 90.0.4430.82 on Asus X01AD (Android 9),2021-05-06T06:04:20.735Z,歩行,あ,false,107.9,118.10000000000001,-35.800000000000004,2.2,-13.8,1.3,4.1000000000000005,-18.6,7,211.29999999999998,53,-178.1
Chrome Mobile,90.0.4430.82,Asus X01AD,Asus,Blink,[object Object],Chrome Mobile 90.0.4430.82 on Asus X01AD (Android 9),2021-05-06T06:04:20.936Z,歩行,あ,false,70.10000000000001,105.10000000000001,0.8,3.1,-2.1,-0.5,3.1,-9.3,1.4000000000000001,-249.5,62.7,249.90000000000003
Chrome Mobile,90.0.4430.82,Asus X01AD,Asus,Blink,[object Object],Chrome Mobile 90.0.4430.82 on Asus X01AD (Android 9),2021-05-06T06:04:21.137Z,歩行,あ,false,81.4,104.10000000000001,-6.300000000000001,0.5,-4.6000000000000005,15.700000000000001,0.8,-13.3,17.8,250.00000000000003,-51.6,-249.90000000000003
Chrome Mobile,90.0.4430.82,Asus X01AD,Asus,Blink,[object Object],Chrome Mobile 90.0.4430.82 on Asus X01AD (Android 9),2021-05-06T06:04:21.337Z,歩行,あ,false,79.60000000000001,114.80000000000001,-3.5,1.4000000000000001,-6.4,-4.1000000000000005,1.6,-13,-1.1,-231.00000000000006,20.1,233.1
Chrome Mobile,90.0.4430.82,Asus X01AD,Asus,Blink,[object Object],Chrome Mobile 90.0.4430.82 on Asus X01AD (Android 9),2021-05-06T06:04:21.538Z,歩行,あ,false,17.6,100.30000000000001,58.5,6.4,13.4,10.100000000000001,5.1000000000000005,4.7,10.9,250.00000000000003,-32.7,-249.90000000000003
Chrome Mobile,90.0.4430.82,Asus X01AD,Asus,Blink,[object Object],Chrome Mobile 90.0.4430.82 on Asus X01AD (Android 9),2021-05-06T06:04:21.739Z,歩行,あ,false,94.2,127.4,-12.9,-1,-11.700000000000001,-2.5,-0.1,-17.3,1.7000000000000002,-30.799999999999997,24.3,169.1
Chrome Mobile,90.0.4430.82,Asus X01AD,Asus,Blink,[object Object],Chrome Mobile 90.0.4430.82 on Asus X01AD (Android 9),2021-05-06T06:04:21.939Z,歩行,あ,false,151.1,65.4,-77.30000000000001,13.9,39.1,22.5,10.700000000000001,32,21.700000000000003,20.1,49.300000000000004,-11.1
Chrome Mobile,90.0.4430.82,Asus X01AD,Asus,Blink,[object Object],Chrome Mobile 90.0.4430.82 on Asus X01AD (Android 9),2021-05-06T06:04:22.140Z,歩行,あ,false,99.30000000000001,122.30000000000001,-12.600000000000001,0.6000000000000001,-10.5,-0.30000000000000004,1.6,-17.1,4,99.5,112.4,-125.30000000000001
Chrome Mobile,90.0.4430.82,Asus X01AD,Asus,Blink,[object Object],Chrome Mobile 90.0.4430.82 on Asus X01AD (Android 9),2021-05-06T06:04:22.346Z,歩行,あ,false,74.3,120.30000000000001,9.600000000000001,1.7000000000000002,-0.8,-7.4,1.1,-6.7,-3.9000000000000004,-246.1,-11.1,174.7
Chrome Mobile,90.0.4430.82,Asus X01AD,Asus,Blink,[object Object],Chrome Mobile 90.0.4430.82 on Asus X01AD (Android 9),2021-05-06T06:04:22.547Z,歩行,あ,false,52.900000000000006,102.60000000000001,28.700000000000003,4.5,13.200000000000001,9.1,3.7,5,10.700000000000001,248.20000000000002,-8,-218.3
Chrome Mobile,90.0.4430.82,Asus X01AD,Asus,Blink,[object Object],Chrome Mobile 90.0.4430.82 on Asus X01AD (Android 9),2021-05-06T06:04:22.748Z,歩行,あ,false,102.5,130.6,-10.9,-2.2,-10.200000000000001,-0.4,-1.2000000000000002,-15.700000000000001,4.3,-39.699999999999996,24.3,80.2
Chrome Mobile,90.0.4430.82,Asus X01AD,Asus,Blink,[object Object],Chrome Mobile 90.0.4430.82 on Asus X01AD (Android 9),2021-05-06T06:04:22.948Z,歩行,あ,false,0.6000000000000001,109.4,81.80000000000001,16.3,39,18.7,13.9,32,19,-159.2,38.900000000000006,45.8
Chrome Mobile,90.0.4430.82,Asus X01AD,Asus,Blink,[object Object],Chrome Mobile 90.0.4430.82 on Asus X01AD (Android 9),2021-05-06T06:04:23.149Z,歩行,あ,false,106.30000000000001,122.4,-9.600000000000001,0.9,-3.8000000000000003,0.30000000000000004,1.6,-10.5,4.5,132.8,122.90000000000002,-116.6
Chrome Mobile,90.0.4430.82,Asus X01AD,Asus,Blink,[object Object],Chrome Mobile 90.0.4430.82 on Asus X01AD (Android 9),2021-05-06T06:04:23.350Z,歩行,あ,false,101.7,124.7,-2.4000000000000004,-1,-0.4,-5.4,-0.9,-6.2,-1.4000000000000001,-198.00000000000003,-27.400000000000002,105.9
Chrome Mobile,90.0.4430.82,Asus X01AD,Asus,Blink,[object Object],Chrome Mobile 90.0.4430.82 on Asus X01AD (Android 9),2021-05-06T06:04:23.551Z,歩行,あ,false,71.8,102.7,27.700000000000003,5,17.7,1.5,4.1000000000000005,9.700000000000001,3.1,217.6,67.00000000000001,-97.40000000000002
Chrome Mobile,90.0.4430.82,Asus X01AD,Asus,Blink,[object Object],Chrome Mobile 90.0.4430.82 on Asus X01AD (Android 9),2021-05-06T06:04:23.752Z,歩行,あ,false,122.10000000000001,123.7,-14.700000000000001,-3.7,-10.9,6.2,-2.7,-17.3,10.200000000000001,-18.1,-42.60000000000001,-3
Chrome Mobile,90.0.4430.82,Asus X01AD,Asus,Blink,[object Object],Chrome Mobile 90.0.4430.82 on Asus X01AD (Android 9),2021-05-06T06:04:23.959Z,歩行,あ,false,163.20000000000002,84,-71.3,8.8,39,24.900000000000002,8,30.900000000000002,24.6,23.800000000000004,-36.6,-41.1
Chrome Mobile,90.0.4430.82,Asus X01AD,Asus,Blink,[object Object],Chrome Mobile 90.0.4430.82 on Asus X01AD (Android 9),2021-05-06T06:04:24.160Z,歩行,あ,false,130.6,128.20000000000002,-37.2,-2.1,-9.700000000000001,-2.4000000000000004,0.8,-16,1.5,29.1,14,-80.60000000000001
Chrome Mobile,90.0.4430.82,Asus X01AD,Asus,Blink,[object Object],Chrome Mobile 90.0.4430.82 on Asus X01AD (Android 9),2021-05-06T06:04:24.361Z,歩行,あ,false,93.2,103.60000000000001,-9.4,6,14.700000000000001,7.300000000000001,6.300000000000001,7.7,9,-249.20000000000002,5.7,248.4
Chrome Mobile,90.0.4430.82,Asus X01AD,Asus,Blink,[object Object],Chrome Mobile 90.0.4430.82 on Asus X01AD (Android 9),2021-05-06T06:04:24.562Z,歩行,あ,false,115.7,116.9,-22.8,1,-1.5,6.2,2.5,-9.1,9.700000000000001,221.2,42.900000000000006,-229.00000000000003
Chrome Mobile,90.0.4430.82,Asus X01AD,Asus,Blink,[object Object],Chrome Mobile 90.0.4430.82 on Asus X01AD (Android 9),2021-05-06T06:04:24.762Z,歩行,あ,false,113.4,131.8,-22,-2.3000000000000003,-8.8,-1.6,-0.5,-14.3,3,-128.20000000000002,-38.7,209.00000000000003
Chrome Mobile,90.0.4430.82,Asus X01AD,Asus,Blink,[object Object],Chrome Mobile 90.0.4430.82 on Asus X01AD (Android 9),2021-05-06T06:04:24.964Z,歩行,あ,false,165.5,72,-73.3,13.8,36,19,11.3,28,18.3,239.5,25.200000000000003,-102.8
Chrome Mobile,90.0.4430.82,Asus X01AD,Asus,Blink,[object Object],Chrome Mobile 90.0.4430.82 on Asus X01AD (Android 9),2021-05-06T06:04:25.165Z,歩行,あ,false,127.30000000000001,132.70000000000002,-27.400000000000002,-3.9000000000000004,-11,-2.8000000000000003,-1.4000000000000001,-16.8,1.9000000000000001,4.6,136,-116.4
Chrome Mobile,90.0.4430.82,Asus X01AD,Asus,Blink,[object Object],Chrome Mobile 90.0.4430.82 on Asus X01AD (Android 9),2021-05-06T06:04:25.365Z,歩行,あ,false,82.80000000000001,114,7.6000000000000005,8.6,3.4000000000000004,5.7,8.200000000000001,-2.8000000000000003,8.4,-249.90000000000003,-82.50000000000001,250.00000000000003
Chrome Mobile,90.0.4430.82,Asus X01AD,Asus,Blink,[object Object],Chrome Mobile 90.0.4430.82 on Asus X01AD (Android 9),2021-05-06T06:04:25.566Z,歩行,あ,false,78.30000000000001,107.7,20.1,4.5,9.8,16.3,3.3000000000000003,1.6,18.5,209.10000000000002,-10.299999999999999,-249.5
Chrome Mobile,90.0.4430.82,Asus X01AD,Asus,Blink,[object Object],Chrome Mobile 90.0.4430.82 on Asus X01AD (Android 9),2021-05-06T06:04:25.767Z,歩行,あ,false,123,142.1,-16.7,-1.7000000000000002,-12.200000000000001,-2.2,-0.1,-16.7,3.4000000000000004,4.800000000000001,1.4,99.8
Chrome Mobile,90.0.4430.82,Asus X01AD,Asus,Blink,[object Object],Chrome Mobile 90.0.4430.82 on Asus X01AD (Android 9),2021-05-06T06:04:25.967Z,歩行,あ,false,34.6,110.60000000000001,55.900000000000006,14.5,38.800000000000004,22.3,12.5,32.2,23.700000000000003,-232.4,-37.2,199.70000000000002
Chrome Mobile,90.0.4430.82,Asus X01AD,Asus,Blink,[object Object],Chrome Mobile 90.0.4430.82 on Asus X01AD (Android 9),2021-05-06T06:04:26.168Z,歩行,あ,false,112.7,122.60000000000001,-11.4,0.9,-2.3000000000000003,6,1.8,-9.1,10.3,250.00000000000003,5.7,-209.3
Chrome Mobile,90.0.4430.82,Asus X01AD,Asus,Blink,[object Object],Chrome Mobile 90.0.4430.82 on Asus X01AD (Android 9),2021-05-06T06:04:26.369Z,歩行,あ,false,122.10000000000001,140.8,-15.4,-3.2,-7.800000000000001,-4.2,-1.2000000000000002,-12.4,1.3,-41.1,27,135.3
Chrome Mobile,90.0.4430.82,Asus X01AD,Asus,Blink,[object Object],Chrome Mobile 90.0.4430.82 on Asus X01AD (Android 9),2021-05-06T06:04:26.570Z,歩行,あ,false,11.600000000000001,110,87.4,12.700000000000001,39.1,26.3,10.100000000000001,32.1,26.400000000000002,2.4000000000000004,60.6,37.9
Chrome Mobile,90.0.4430.82,Asus X01AD,Asus,Blink,[object Object],Chrome Mobile 90.0.4430.82 on Asus X01AD (Android 9),2021-05-06T06:04:26.771Z,歩行,あ,false,128.9,132.8,-17,-0.4,-7,-2.5,1.1,-12.600000000000001,2.5,135.20000000000002,52.60000000000001,-128.1
Chrome Mobile,90.0.4430.82,Asus X01AD,Asus,Blink,[object Object],Chrome Mobile 90.0.4430.82 on Asus X01AD (Android 9),2021-05-06T06:04:26.971Z,歩行,あ,false,109.60000000000001,125.60000000000001,1,-0.1,-2,-1,-0.2,-7.4,2.9000000000000004,-206.6,3.1,174.7
Chrome Mobile,90.0.4430.82,Asus X01AD,Asus,Blink,[object Object],Chrome Mobile 90.0.4430.82 on Asus X01AD (Android 9),2021-05-06T06:04:27.172Z,歩行,あ,false,35.9,109.10000000000001,76.4,11.5,21.900000000000002,5.300000000000001,8.9,14.200000000000001,5.9,248.20000000000002,-11.4,-205.20000000000002
Chrome Mobile,90.0.4430.82,Asus X01AD,Asus,Blink,[object Object],Chrome Mobile 90.0.4430.82 on Asus X01AD (Android 9),2021-05-06T06:04:27.373Z,歩行,あ,false,146,137.70000000000002,-25.700000000000003,-3.8000000000000003,-9.700000000000001,-0.8,-1.5,-14.600000000000001,4,123.5,-62,-76.80000000000001
Chrome Mobile,90.0.4430.82,Asus X01AD,Asus,Blink,[object Object],Chrome Mobile 90.0.4430.82 on Asus X01AD (Android 9),2021-05-06T06:04:27.573Z,歩行,あ,false,107.80000000000001,116.10000000000001,-2.5,8.5,2.4000000000000004,4.6000000000000005,8.6,-3.5,7.5,-249.7,-65,250.10000000000002
Chrome Mobile,90.0.4430.82,Asus X01AD,Asus,Blink,[object Object],Chrome Mobile 90.0.4430.82 on Asus X01AD (Android 9),2021-05-06T06:04:27.774Z,歩行,あ,false,122.9,109.4,-8.5,0.9,-4,16.2,1.3,-11.3,18.7,216.90000000000003,10.1,-249.90000000000003
Chrome Mobile,90.0.4430.82,Asus X01AD,Asus,Blink,[object Object],Chrome Mobile 90.0.4430.82 on Asus X01AD (Android 9),2021-05-06T06:04:27.975Z,歩行,あ,false,143.5,136.6,-29.1,-3.4000000000000004,-7.9,-3.5,-1,-12.600000000000001,0.8,-40.5,-30.1,151.8
Chrome Mobile,90.0.4430.82,Asus X01AD,Asus,Blink,[object Object],Chrome Mobile 90.0.4430.82 on Asus X01AD (Android 9),2021-05-06T06:04:28.176Z,歩行,あ,false,12.600000000000001,107.60000000000001,88.30000000000001,30.3,39,22,28.200000000000003,32.4,22,27.400000000000002,-23.900000000000006,196.3
Chrome Mobile,90.0.4430.82,Asus X01AD,Asus,Blink,[object Object],Chrome Mobile 90.0.4430.82 on Asus X01AD (Android 9),2021-05-06T06:04:28.382Z,歩行,あ,false,145.4,125.60000000000001,-27.400000000000002,0.7000000000000001,-11.3,-2.3000000000000003,2.6,-17.1,1.4000000000000001,198.3,68.4,-201.29999999999998
Chrome Mobile,90.0.4430.82,Asus X01AD,Asus,Blink,[object Object],Chrome Mobile 90.0.4430.82 on Asus X01AD (Android 9),2021-05-06T06:04:28.586Z,歩行,あ,false,120.7,114.10000000000001,-9,5.4,-3.8000000000000003,2.2,5.800000000000001,-9.600000000000001,4.800000000000001,-249.7,-112.1,249.90000000000003
Chrome Mobile,90.0.4430.82,Asus X01AD,Asus,Blink,[object Object],Chrome Mobile 90.0.4430.82 on Asus X01AD (Android 9),2021-05-06T06:04:28.787Z,歩行,あ,false,68,100.9,48.2,5.5,6.300000000000001,10.4,4.4,-1.4000000000000001,11.4,178.4,36.5,-249.6
Chrome Mobile,90.0.4430.82,Asus X01AD,Asus,Blink,[object Object],Chrome Mobile 90.0.4430.82 on Asus X01AD (Android 9),2021-05-06T06:04:28.988Z,歩行,あ,false,154.8,129,-34.2,-4.6000000000000005,-8.3,-0.9,-2.2,-13.600000000000001,2.6,-61.599999999999994,-30.200000000000003,76.80000000000001
Chrome Mobile,90.0.4430.82,Asus X01AD,Asus,Blink,[object Object],Chrome Mobile 90.0.4430.82 on Asus X01AD (Android 9),2021-05-06T06:04:29.189Z,歩行,あ,false,150.4,70.10000000000001,-47.1,7.5,35,35.6,9.8,32.1,36.1,-215.1,62.199999999999996,218.79999999999998
Chrome Mobile,90.0.4430.82,Asus X01AD,Asus,Blink,[object Object],Chrome Mobile 90.0.4430.82 on Asus X01AD (Android 9),2021-05-06T06:04:29.390Z,歩行,あ,false,159.3,109,-43.1,2.2,-10.100000000000001,2.2,3.8000000000000003,-17.2,4,250.00000000000003,32.2,-191.8
Chrome Mobile,90.0.4430.82,Asus X01AD,Asus,Blink,[object Object],Chrome Mobile 90.0.4430.82 on Asus X01AD (Android 9),2021-05-06T06:04:29.591Z,歩行,あ,false,142.9,121.60000000000001,-31.200000000000003,-2.7,-8.5,-6.300000000000001,-0.9,-14.100000000000001,-3.4000000000000004,-172.5,-62,250.10000000000002
Chrome Mobile,90.0.4430.82,Asus X01AD,Asus,Blink,[object Object],Chrome Mobile 90.0.4430.82 on Asus X01AD (Android 9),2021-05-06T06:04:29.791Z,歩行,あ,false,66.10000000000001,101.5,49,10.3,16.5,5.2,9.1,8.700000000000001,6.300000000000001,207.4,32.2,-249.90000000000003
Chrome Mobile,90.0.4430.82,Asus X01AD,Asus,Blink,[object Object],Chrome Mobile 90.0.4430.82 on Asus X01AD (Android 9),2021-05-06T06:04:29.992Z,歩行,あ,false,156.8,134,-34.5,-4.4,-11.600000000000001,5.4,-1.6,-16.6,9.4,19.799999999999997,-0.9000000000000001,-1.1
Chrome Mobile,90.0.4430.82,Asus X01AD,Asus,Blink,[object Object],Chrome Mobile 90.0.4430.82 on Asus X01AD (Android 9),2021-05-06T06:04:30.193Z,歩行,あ,false,27.1,99.5,85.60000000000001,11.4,30.3,29.6,10.3,23.8,29.700000000000003,-250.00000000000003,37.400000000000006,235.4
Chrome Mobile,90.0.4430.82,Asus X01AD,Asus,Blink,[object Object],Chrome Mobile 90.0.4430.82 on Asus X01AD (Android 9),2021-05-06T06:04:30.393Z,歩行,あ,false,144.4,115.2,-24.6,0.8,-3.4000000000000004,9.200000000000001,2.2,-10.4,12.200000000000001,250.00000000000003,-15.399999999999999,-212.40000000000003
Chrome Mobile,90.0.4430.82,Asus X01AD,Asus,Blink,[object Object],Chrome Mobile 90.0.4430.82 on Asus X01AD (Android 9),2021-05-06T06:04:30.594Z,歩行,あ,false,144.4,126.80000000000001,-21.3,-1.7000000000000002,-7.2,0.6000000000000001,-0.2,-12.5,4.3,-180,8.899999999999999,196.3
Chrome Mobile,90.0.4430.82,Asus X01AD,Asus,Blink,[object Object],Chrome Mobile 90.0.4430.82 on Asus X01AD (Android 9),2021-05-06T06:04:30.795Z,歩行,あ,false,183.5,69.10000000000001,-67.10000000000001,15.100000000000001,38.1,14,12.600000000000001,30.8,13.200000000000001,250.00000000000003,32.6,-58.400000000000006
Chrome Mobile,90.0.4430.82,Asus X01AD,Asus,Blink,[object Object],Chrome Mobile 90.0.4430.82 on Asus X01AD (Android 9),2021-05-06T06:04:30.996Z,歩行,あ,false,151,128.9,-26.700000000000003,-1.4000000000000001,-12.5,-3.3000000000000003,0.7000000000000001,-18.2,0.8,90.19999999999999,35.2,-133.50000000000003
Chrome Mobile,90.0.4430.82,Asus X01AD,Asus,Blink,[object Object],Chrome Mobile 90.0.4430.82 on Asus X01AD (Android 9),2021-05-06T06:04:31.198Z,歩行,あ,false,99.7,106.7,11.9,5.5,3.5,4.4,5.4,-2.5,6.5,-249.90000000000003,-85.5,249.90000000000003
Chrome Mobile,90.0.4430.82,Asus X01AD,Asus,Blink,[object Object],Chrome Mobile 90.0.4430.82 on Asus X01AD (Android 9),2021-05-06T06:04:31.399Z,歩行,あ,false,116.10000000000001,101.10000000000001,0.5,1.9000000000000001,-1.3,19.200000000000003,1.8,-9.1,20.700000000000003,194.5,23.700000000000003,-249.90000000000003
Chrome Mobile,90.0.4430.82,Asus X01AD,Asus,Blink,[object Object],Chrome Mobile 90.0.4430.82 on Asus X01AD (Android 9),2021-05-06T06:04:31.599Z,歩行,あ,false,147.3,127.7,-28.5,-0.8,-8.4,-1.3,1.2000000000000002,-13.700000000000001,2.2,-1.6,22.9,150.70000000000002
Chrome Mobile,90.0.4430.82,Asus X01AD,Asus,Blink,[object Object],Chrome Mobile 90.0.4430.82 on Asus X01AD (Android 9),2021-05-06T06:04:31.800Z,歩行,あ,false,186.8,66.10000000000001,-75.3,18.900000000000002,39.1,20.5,16.1,32.5,19.700000000000003,8.899999999999999,57.1,78.60000000000001
Chrome Mobile,90.0.4430.82,Asus X01AD,Asus,Blink,[object Object],Chrome Mobile 90.0.4430.82 on Asus X01AD (Android 9),2021-05-06T06:04:32.001Z,歩行,あ,false,143.8,123.5,-23.5,2.1,-8.4,-2.1,2.8000000000000003,-15.700000000000001,0.5,218.50000000000003,4.2,-163.7
Chrome Mobile,90.0.4430.82,Asus X01AD,Asus,Blink,[object Object],Chrome Mobile 90.0.4430.82 on Asus X01AD (Android 9),2021-05-06T06:04:32.201Z,歩行,あ,false,126.9,116.2,-8.8,-1.4000000000000001,-6.6000000000000005,-2.7,-1,-12.4,0.1,-184.9,-14.5,243.70000000000002
Chrome Mobile,90.0.4430.82,Asus X01AD,Asus,Blink,[object Object],Chrome Mobile 90.0.4430.82 on Asus X01AD (Android 9),2021-05-06T06:04:32.402Z,歩行,あ,false,26,109.4,89,15.5,24.1,2.5,12.8,16.6,2.6,244.90000000000003,-4.2,-245.90000000000003
Chrome Mobile,90.0.4430.82,Asus X01AD,Asus,Blink,[object Object],Chrome Mobile 90.0.4430.82 on Asus X01AD (Android 9),2021-05-06T06:04:32.603Z,歩行,あ,false,152.70000000000002,131.5,-30.400000000000002,-6,-13.600000000000001,2.4000000000000004,-3.6,-18.900000000000002,6.4,-42.2,63.70000000000001,-38.300000000000004
Chrome Mobile,90.0.4430.82,Asus X01AD,Asus,Blink,[object Object],Chrome Mobile 90.0.4430.82 on Asus X01AD (Android 9),2021-05-06T06:04:32.803Z,歩行,あ,false,56.2,103.5,50.900000000000006,15.700000000000001,20.700000000000003,15.8,14.5,14.5,16.8,-250.00000000000003,-48.70000000000001,250.10000000000002
Chrome Mobile,90.0.4430.82,Asus X01AD,Asus,Blink,[object Object],Chrome Mobile 90.0.4430.82 on Asus X01AD (Android 9),2021-05-06T06:04:33.004Z,歩行,あ,false,113.5,105.9,-3.4000000000000004,4.2,-0.5,14.600000000000001,4.3,-8.1,16.8,250.00000000000003,-28.700000000000003,-249.90000000000003
Chrome Mobile,90.0.4430.82,Asus X01AD,Asus,Blink,[object Object],Chrome Mobile 90.0.4430.82 on Asus X01AD (Android 9),2021-05-06T06:04:33.220Z,歩行,あ,false,137.4,124.9,-21.900000000000002,-2.8000000000000003,-8.1,-1.3,-1.4000000000000001,-13.4,2.1,-131.29999999999998,0.1,218.7
Chrome Mobile,90.0.4430.82,Asus X01AD,Asus,Blink,[object Object],Chrome Mobile 90.0.4430.82 on Asus X01AD (Android 9),2021-05-06T06:04:33.421Z,歩行,あ,false,192.8,66.9,-79.4,16.400000000000002,38.800000000000004,0.2,13.4,31.6,-0.30000000000000004,249.5,37.50000000000001,-115.50000000000003
Chrome Mobile,90.0.4430.82,Asus X01AD,Asus,Blink,[object Object],Chrome Mobile 90.0.4430.82 on Asus X01AD (Android 9),2021-05-06T06:04:33.622Z,歩行,あ,false,151,127.7,-29.900000000000002,-5.2,-15.200000000000001,0.4,-1.5,-20.1,3.1,-14.900000000000002,103.8,-102.3
Chrome Mobile,90.0.4430.82,Asus X01AD,Asus,Blink,[object Object],Chrome Mobile 90.0.4430.82 on Asus X01AD (Android 9),2021-05-06T06:04:33.822Z,歩行,あ,false,75.9,104,48.400000000000006,4.2,-2.7,6.1000000000000005,3.1,-8.700000000000001,7.1000000000000005,-250.00000000000003,-109.50000000000001,242.9
Chrome Mobile,90.0.4430.82,Asus X01AD,Asus,Blink,[object Object],Chrome Mobile 90.0.4430.82 on Asus X01AD (Android 9),2021-05-06T06:04:34.023Z,歩行,あ,false,53.1,106,69.8,2.9000000000000004,3.6,18.3,0.9,-4.1000000000000005,19.1,250.00000000000003,-30.5,-249.90000000000003
Chrome Mobile,90.0.4430.82,Asus X01AD,Asus,Blink,[object Object],Chrome Mobile 90.0.4430.82 on Asus X01AD (Android 9),2021-05-06T06:04:34.224Z,歩行,あ,false,141.5,129.70000000000002,-23.400000000000002,-3.3000000000000003,-9.700000000000001,2.6,-1.5,-15,6.6000000000000005,24.599999999999998,-50.400000000000006,80
Chrome Mobile,90.0.4430.82,Asus X01AD,Asus,Blink,[object Object],Chrome Mobile 90.0.4430.82 on Asus X01AD (Android 9),2021-05-06T06:04:34.430Z,歩行,あ,false,20.3,112.80000000000001,87.9,13.100000000000001,39.1,12.4,15.700000000000001,32.5,18.5,-244.40000000000003,47.7,149.79999999999998
Chrome Mobile,90.0.4430.82,Asus X01AD,Asus,Blink,[object Object],Chrome Mobile 90.0.4430.82 on Asus X01AD (Android 9),2021-05-06T06:04:34.635Z,歩行,あ,false,139,114.9,-19.900000000000002,1.9000000000000001,-6.6000000000000005,1.1,3,-13.600000000000001,4.2,234.1,29.400000000000002,-128.20000000000002
Chrome Mobile,90.0.4430.82,Asus X01AD,Asus,Blink,[object Object],Chrome Mobile 90.0.4430.82 on Asus X01AD (Android 9),2021-05-06T06:04:34.836Z,歩行,あ,false,115.10000000000001,121.7,-2.3000000000000003,2.1,-4.800000000000001,-4.2,2.3000000000000003,-10.3,-0.8,-173.4,5.9,219.00000000000003
Chrome Mobile,90.0.4430.82,Asus X01AD,Asus,Blink,[object Object],Chrome Mobile 90.0.4430.82 on Asus X01AD (Android 9),2021-05-06T06:04:35.036Z,歩行,あ,false,34.9,110.5,74.3,13.600000000000001,27.1,-9,10.9,19.6,-8.200000000000001,250.00000000000003,-38.2,-195.20000000000002
Chrome Mobile,90.0.4430.82,Asus X01AD,Asus,Blink,[object Object],Chrome Mobile 90.0.4430.82 on Asus X01AD (Android 9),2021-05-06T06:04:35.237Z,歩行,あ,false,139.6,126.2,-24,-3.2,-10.9,4.1000000000000005,-1.4000000000000001,-16.8,8,-117.7,77.3,-68.9
Chrome Mobile,90.0.4430.82,Asus X01AD,Asus,Blink,[object Object],Chrome Mobile 90.0.4430.82 on Asus X01AD (Android 9),2021-05-06T06:04:35.438Z,歩行,あ,false,75.3,108.5,31.400000000000002,11,6.6000000000000005,4.7,9.9,0.6000000000000001,6.4,-249.6,-38.1,247
Chrome Mobile,90.0.4430.82,Asus X01AD,Asus,Blink,[object Object],Chrome Mobile 90.0.4430.82 on Asus X01AD (Android 9),2021-05-06T06:04:35.639Z,歩行,あ,false,83.10000000000001,102.5,27.900000000000002,1.6,0.8,17.6,0.8,-7.1000000000000005,19.200000000000003,224,30.5,-249.90000000000003
Chrome Mobile,90.0.4430.82,Asus X01AD,Asus,Blink,[object Object],Chrome Mobile 90.0.4430.82 on Asus X01AD (Android 9),2021-05-06T06:04:35.840Z,歩行,あ,false,133,123.10000000000001,-18.8,1.4000000000000001,-7.5,2.2,2.6,-13.200000000000001,5.800000000000001,-56.7,19.5,120.4
Chrome Mobile,90.0.4430.82,Asus X01AD,Asus,Blink,[object Object],Chrome Mobile 90.0.4430.82 on Asus X01AD (Android 9),2021-05-06T06:04:36.041Z,歩行,あ,false,177.20000000000002,64.10000000000001,-73,12.9,39.1,30.1,9.8,32.5,29.200000000000003,105.20000000000002,88.00000000000001,109.2
Chrome Mobile,90.0.4430.82,Asus X01AD,Asus,Blink,[object Object],Chrome Mobile 90.0.4430.82 on Asus X01AD (Android 9),2021-05-06T06:04:36.242Z,歩行,あ,false,133.1,122.9,-21.400000000000002,0.6000000000000001,-8.8,-4.1000000000000005,2.1,-15.100000000000001,-0.30000000000000004,72.4,40.6,-151.6
Chrome Mobile,90.0.4430.82,Asus X01AD,Asus,Blink,[object Object],Chrome Mobile 90.0.4430.82 on Asus X01AD (Android 9),2021-05-06T06:04:36.442Z,歩行,あ,false,104.30000000000001,116,5.1000000000000005,1.5,-5.4,-3.7,1.3,-11.100000000000001,-1,-184.3,15.899999999999999,250.10000000000002
Chrome Mobile,90.0.4430.82,Asus X01AD,Asus,Blink,[object Object],Chrome Mobile 90.0.4430.82 on Asus X01AD (Android 9),2021-05-06T06:04:36.643Z,歩行,あ,false,42.400000000000006,105.30000000000001,71.60000000000001,10.100000000000001,9.700000000000001,5.800000000000001,8.1,2,6.4,249.7,57.00000000000001,-249.10000000000002
Chrome Mobile,90.0.4430.82,Asus X01AD,Asus,Blink,[object Object],Chrome Mobile 90.0.4430.82 on Asus X01AD (Android 9),2021-05-06T06:04:36.844Z,歩行,あ,false,135.20000000000002,122.5,-17,-0.2,-9.600000000000001,0.30000000000000004,0.8,-15.3,3.7,44.7,9.700000000000001,125.4
Chrome Mobile,90.0.4430.82,Asus X01AD,Asus,Blink,[object Object],Chrome Mobile 90.0.4430.82 on Asus X01AD (Android 9),2021-05-06T06:04:37.045Z,歩行,あ,false,184.70000000000002,59.400000000000006,-82.80000000000001,12.600000000000001,39.1,27.3,9.200000000000001,33.2,26.900000000000002,-250.00000000000003,50.900000000000006,150.3
Chrome Mobile,90.0.4430.82,Asus X01AD,Asus,Blink,[object Object],Chrome Mobile 90.0.4430.82 on Asus X01AD (Android 9),2021-05-06T06:04:37.246Z,歩行,あ,false,110.4,108.60000000000001,-1.6,-0.9,-5,5.1000000000000005,-0.8,-12.3,7.6000000000000005,236.4,3.2,-226.9
Chrome Mobile,90.0.4430.82,Asus X01AD,Asus,Blink,[object Object],Chrome Mobile 90.0.4430.82 on Asus X01AD (Android 9),2021-05-06T06:04:37.447Z,歩行,あ,false,109.2,118.10000000000001,0.1,-1.8,-7.6000000000000005,-5.5,-1.8,-13.3,-2.4000000000000004,-139.4,-98.2,228.3
Chrome Mobile,90.0.4430.82,Asus X01AD,Asus,Blink,[object Object],Chrome Mobile 90.0.4430.82 on Asus X01AD (Android 9),2021-05-06T06:04:37.647Z,歩行,あ,false,27.1,109.7,81.10000000000001,12.4,18.6,7.4,9.700000000000001,11.100000000000001,7.800000000000001,250.00000000000003,29.900000000000006,-249.90000000000003
Chrome Mobile,90.0.4430.82,Asus X01AD,Asus,Blink,[object Object],Chrome Mobile 90.0.4430.82 on Asus X01AD (Android 9),2021-05-06T06:04:37.848Z,歩行,あ,false,134.4,125.7,-15.4,-1.6,-11.8,1.3,-0.5,-17.5,5.2,2.8,24.1,44.6
Chrome Mobile,90.0.4430.82,Asus X01AD,Asus,Blink,[object Object],Chrome Mobile 90.0.4430.82 on Asus X01AD (Android 9),2021-05-06T06:04:38.049Z,歩行,あ,false,21.900000000000002,117,78.10000000000001,19.200000000000003,34.800000000000004,31.200000000000003,16.3,29.1,31.8,-250.00000000000003,-17.400000000000002,229.00000000000003
Chrome Mobile,90.0.4430.82,Asus X01AD,Asus,Blink,[object Object],Chrome Mobile 90.0.4430.82 on Asus X01AD (Android 9),2021-05-06T06:04:38.249Z,歩行,あ,false,106.7,108.80000000000001,-2.3000000000000003,1.4000000000000001,-5.4,2.5,1.5,-12.600000000000001,4.9,250.00000000000003,-20.7,-234.2
Chrome Mobile,90.0.4430.82,Asus X01AD,Asus,Blink,[object Object],Chrome Mobile 90.0.4430.82 on Asus X01AD (Android 9),2021-05-06T06:04:38.450Z,歩行,あ,false,114.5,120.30000000000001,-10.100000000000001,-3.4000000000000004,-8.8,-0.8,-2.7,-14.3,2.5,-46.50000000000001,-50.8,215.7
Chrome Mobile,90.0.4430.82,Asus X01AD,Asus,Blink,[object Object],Chrome Mobile 90.0.4430.82 on Asus X01AD (Android 9),2021-05-06T06:04:38.650Z,歩行,あ,false,187.4,63.900000000000006,-83.7,20.5,36.9,-7.1000000000000005,17.2,30,-7.5,248.1,20.5,-69.9
Chrome Mobile,90.0.4430.82,Asus X01AD,Asus,Blink,[object Object],Chrome Mobile 90.0.4430.82 on Asus X01AD (Android 9),2021-05-06T06:04:38.851Z,歩行,あ,false,134.4,123.80000000000001,-27.6,-1.7000000000000002,-9,-4.1000000000000005,0.1,-14.9,-0.6000000000000001,13.399999999999999,27.9,-104.2
Chrome Mobile,90.0.4430.82,Asus X01AD,Asus,Blink,[object Object],Chrome Mobile 90.0.4430.82 on Asus X01AD (Android 9),2021-05-06T06:04:39.052Z,歩行,あ,false,48,101.4,52.2,17.1,8.6,13.600000000000001,16.1,2.5,14.4,-250.00000000000003,62.199999999999996,250.10000000000002
Chrome Mobile,90.0.4430.82,Asus X01AD,Asus,Blink,[object Object],Chrome Mobile 90.0.4430.82 on Asus X01AD (Android 9),2021-05-06T06:04:39.253Z,歩行,あ,false,125.4,105.30000000000001,-15.3,0.4,-8.4,8.3,0.9,-15.600000000000001,10.200000000000001,250.00000000000003,-48.70000000000001,-231.00000000000006
Chrome Mobile,90.0.4430.82,Asus X01AD,Asus,Blink,[object Object],Chrome Mobile 90.0.4430.82 on Asus X01AD (Android 9),2021-05-06T06:04:39.454Z,歩行,あ,false,124.7,124.30000000000001,-16.2,-2.9000000000000004,-8.6,-6.300000000000001,-2,-13.8,-2.9000000000000004,-132.5,4.7,211.5
Chrome Mobile,90.0.4430.82,Asus X01AD,Asus,Blink,[object Object],Chrome Mobile 90.0.4430.82 on Asus X01AD (Android 9),2021-05-06T06:04:39.654Z,歩行,あ,false,186.5,69.4,-85.10000000000001,15.9,38.2,-7.6000000000000005,13.200000000000001,31.1,-7.800000000000001,249.10000000000002,23.800000000000004,-138.29999999999998
Chrome Mobile,90.0.4430.82,Asus X01AD,Asus,Blink,[object Object],Chrome Mobile 90.0.4430.82 on Asus X01AD (Android 9),2021-05-06T06:04:39.855Z,歩行,あ,false,134.20000000000002,123.9,-30.700000000000003,-4.1000000000000005,-11.8,3.7,-2.2,-17.5,7,-38.1,22.2,-58.3
Chrome Mobile,90.0.4430.82,Asus X01AD,Asus,Blink,[object Object],Chrome Mobile 90.0.4430.82 on Asus X01AD (Android 9),2021-05-06T06:04:40.056Z,歩行,あ,false,31.8,104.60000000000001,62.900000000000006,16.900000000000002,16.900000000000002,27.5,15.5,11,28.200000000000003,-250.00000000000003,-76.3,250.10000000000002
Chrome Mobile,90.0.4430.82,Asus X01AD,Asus,Blink,[object Object],Chrome Mobile 90.0.4430.82 on Asus X01AD (Android 9),2021-05-06T06:04:40.258Z,歩行,あ,false,93.60000000000001,102.4,1.4000000000000001,2.8000000000000003,-4.9,16.2,2.4000000000000004,-12.5,17.6,249.5,-55.8,-249.90000000000003
Chrome Mobile,90.0.4430.82,Asus X01AD,Asus,Blink,[object Object],Chrome Mobile 90.0.4430.82 on Asus X01AD (Android 9),2021-05-06T06:04:40.468Z,歩行,あ,false,117.30000000000001,123.10000000000001,-22.200000000000003,-1.1,-10.100000000000001,-6.9,0.2,-15.3,-3.7,-75.1,8.600000000000001,228.4
Chrome Mobile,90.0.4430.82,Asus X01AD,Asus,Blink,[object Object],Chrome Mobile 90.0.4430.82 on Asus X01AD (Android 9),2021-05-06T06:04:40.669Z,歩行,あ,false,8.6,108.7,85.60000000000001,12.200000000000001,24.700000000000003,0.2,9.700000000000001,17.400000000000002,0.4,139.4,-7.400000000000001,-249.90000000000003
Chrome Mobile,90.0.4430.82,Asus X01AD,Asus,Blink,[object Object],Chrome Mobile 90.0.4430.82 on Asus X01AD (Android 9),2021-05-06T06:04:40.869Z,歩行,あ,false,135.6,123.80000000000001,-33.4,-6.9,-15.700000000000001,5.1000000000000005,-4.800000000000001,-21.3,8.3,-40.1,60.400000000000006,-66.5
Chrome Mobile,90.0.4430.82,Asus X01AD,Asus,Blink,[object Object],Chrome Mobile 90.0.4430.82 on Asus X01AD (Android 9),2021-05-06T06:04:41.070Z,歩行,あ,false,177.4,73.7,-87.60000000000001,13.9,31.200000000000003,26.400000000000002,12.100000000000001,25.200000000000003,26.3,-250.00000000000003,20.3,238.7
Chrome Mobile,90.0.4430.82,Asus X01AD,Asus,Blink,[object Object],Chrome Mobile 90.0.4430.82 on Asus X01AD (Android 9),2021-05-06T06:04:41.271Z,歩行,あ,false,119.60000000000001,104.4,-22.900000000000002,-0.2,-7.1000000000000005,5.300000000000001,0.5,-14.3,7,250.00000000000003,-26.6,-199
Chrome Mobile,90.0.4430.82,Asus X01AD,Asus,Blink,[object Object],Chrome Mobile 90.0.4430.82 on Asus X01AD (Android 9),2021-05-06T06:04:41.471Z,歩行,あ,false,99.10000000000001,111,2.3000000000000003,0,-8,-3.2,0,-13.8,-1,-205.20000000000002,5.8,224.2
Chrome Mobile,90.0.4430.82,Asus X01AD,Asus,Blink,[object Object],Chrome Mobile 90.0.4430.82 on Asus X01AD (Android 9),2021-05-06T06:04:41.672Z,歩行,あ,false,184.5,70.5,-82.9,14.600000000000001,23.700000000000003,-6.1000000000000005,12,16.3,-6.4,233.70000000000002,-25.6,-247.29999999999998
Chrome Mobile,90.0.4430.82,Asus X01AD,Asus,Blink,[object Object],Chrome Mobile 90.0.4430.82 on Asus X01AD (Android 9),2021-05-06T06:04:41.873Z,歩行,あ,false,133.20000000000002,119.5,-28.6,-2.1,-13.700000000000001,5.4,-0.5,-19.700000000000003,8.4,6.500000000000001,17.7,62.800000000000004
Chrome Mobile,90.0.4430.82,Asus X01AD,Asus,Blink,[object Object],Chrome Mobile 90.0.4430.82 on Asus X01AD (Android 9),2021-05-06T06:04:42.073Z,歩行,あ,false,177.8,63.7,-83.2,16.900000000000002,31.3,19.400000000000002,14.3,25.400000000000002,19.400000000000002,-250.00000000000003,-40.9,241.00000000000003
Chrome Mobile,90.0.4430.82,Asus X01AD,Asus,Blink,[object Object],Chrome Mobile 90.0.4430.82 on Asus X01AD (Android 9),2021-05-06T06:04:42.274Z,歩行,あ,false,101.30000000000001,103.2,-2.4000000000000004,1.7000000000000002,-6.9,8,1.8,-14.5,9.8,249.4,-24.3,-249.90000000000003
Chrome Mobile,90.0.4430.82,Asus X01AD,Asus,Blink,[object Object],Chrome Mobile 90.0.4430.82 on Asus X01AD (Android 9),2021-05-06T06:04:42.475Z,歩行,あ,false,107.60000000000001,111.10000000000001,-4.1000000000000005,-0.9,-8.6,-5.6000000000000005,-0.8,-14.600000000000001,-3.3000000000000003,-133.10000000000002,-38.50000000000001,241.4
Chrome Mobile,90.0.4430.82,Asus X01AD,Asus,Blink,[object Object],Chrome Mobile 90.0.4430.82 on Asus X01AD (Android 9),2021-05-06T06:04:42.676Z,歩行,あ,false,191.4,70.4,-88.80000000000001,11.700000000000001,23.3,2,9,15.700000000000001,1.9000000000000001,164.3,26.5,-249.90000000000003
Chrome Mobile,90.0.4430.82,Asus X01AD,Asus,Blink,[object Object],Chrome Mobile 90.0.4430.82 on Asus X01AD (Android 9),2021-05-06T06:04:42.876Z,歩行,あ,false,135.70000000000002,119.2,-25.8,-1.3,-11.9,4,0.30000000000000004,-18.1,7.1000000000000005,15.8,-20.2,67.5
Chrome Mobile,90.0.4430.82,Asus X01AD,Asus,Blink,[object Object],Chrome Mobile 90.0.4430.82 on Asus X01AD (Android 9),2021-05-06T06:04:43.078Z,歩行,あ,false,15.4,115.9,85.4,13.200000000000001,24.3,15.700000000000001,10.4,18.5,15.9,-250.00000000000003,-3.7000000000000006,250.10000000000002
Chrome Mobile,90.0.4430.82,Asus X01AD,Asus,Blink,[object Object],Chrome Mobile 90.0.4430.82 on Asus X01AD (Android 9),2021-05-06T06:04:43.279Z,歩行,あ,false,77.80000000000001,101.60000000000001,29.200000000000003,-4.4,-2.1,12.5,-5.2,-9.9,13.9,250.00000000000003,-56.7,-227.7
Chrome Mobile,90.0.4430.82,Asus X01AD,Asus,Blink,[object Object],Chrome Mobile 90.0.4430.82 on Asus X01AD (Android 9),2021-05-06T06:04:43.480Z,歩行,あ,false,106.30000000000001,113.4,4.1000000000000005,-1.7000000000000002,-7.1000000000000005,-2.6,-1.9000000000000001,-13.200000000000001,0.1,-67.10000000000001,-2.4000000000000004,158.39999999999998
Chrome Mobile,90.0.4430.82,Asus X01AD,Asus,Blink,[object Object],Chrome Mobile 90.0.4430.82 on Asus X01AD (Android 9),2021-05-06T06:04:43.681Z,歩行,あ,false,180.5,60.6,-73.9,16.900000000000002,38,4.9,13.100000000000001,31.1,3.9000000000000004,250.00000000000003,-3.8,-77.20000000000002
Chrome Mobile,90.0.4430.82,Asus X01AD,Asus,Blink,[object Object],Chrome Mobile 90.0.4430.82 on Asus X01AD (Android 9),2021-05-06T06:04:43.881Z,歩行,あ,false,132.5,115.7,-23.5,-3,-10.8,0.4,-1.7000000000000002,-17.400000000000002,3.3000000000000003,-57.400000000000006,99.8,-55
Chrome Mobile,90.0.4430.82,Asus X01AD,Asus,Blink,[object Object],Chrome Mobile 90.0.4430.82 on Asus X01AD (Android 9),2021-05-06T06:04:44.082Z,歩行,あ,false,16.3,111.5,82.7,19.400000000000002,19.700000000000003,18.900000000000002,17,13.600000000000001,19.200000000000003,-250.00000000000003,-91.10000000000001,250.10000000000002
Chrome Mobile,90.0.4430.82,Asus X01AD,Asus,Blink,[object Object],Chrome Mobile 90.0.4430.82 on Asus X01AD (Android 9),2021-05-06T06:04:44.282Z,歩行,あ,false,77.30000000000001,96.5,29.5,-2.3000000000000003,-2.2,13,-2.8000000000000003,-10.3,13.8,250.00000000000003,23.5,-244.90000000000003
Chrome Mobile,90.0.4430.82,Asus X01AD,Asus,Blink,[object Object],Chrome Mobile 90.0.4430.82 on Asus X01AD (Android 9),2021-05-06T06:04:44.483Z,歩行,あ,false,115.80000000000001,112.30000000000001,-7,-0.5,-6.9,-1.4000000000000001,-0.2,-13.3,1.2000000000000002,-18.3,19,107.8
Chrome Mobile,90.0.4430.82,Asus X01AD,Asus,Blink,[object Object],Chrome Mobile 90.0.4430.82 on Asus X01AD (Android 9),2021-05-06T06:04:44.684Z,歩行,あ,false,170.4,56.400000000000006,-62.800000000000004,19.700000000000003,39.1,20.900000000000002,16,32.9,19,17.9,114.9,125.80000000000001
Chrome Mobile,90.0.4430.82,Asus X01AD,Asus,Blink,[object Object],Chrome Mobile 90.0.4430.82 on Asus X01AD (Android 9),2021-05-06T06:04:44.885Z,歩行,あ,false,135.5,116.4,-19.900000000000002,0.30000000000000004,-6.4,-3,1.5,-13.4,0.4,143.2,-0.1,-169.2
Chrome Mobile,90.0.4430.82,Asus X01AD,Asus,Blink,[object Object],Chrome Mobile 90.0.4430.82 on Asus X01AD (Android 9),2021-05-06T06:04:45.086Z,歩行,あ,false,120.5,114.7,-9,0.30000000000000004,-4.3,-1.9000000000000001,0.7000000000000001,-10.5,0.8,-105.60000000000002,-29.700000000000006,197.8
Chrome Mobile,90.0.4430.82,Asus X01AD,Asus,Blink,[object Object],Chrome Mobile 90.0.4430.82 on Asus X01AD (Android 9),2021-05-06T06:04:45.287Z,歩行,あ,false,195.9,74.10000000000001,-79.10000000000001,10.8,26.1,-2,8.6,18.1,-2.4000000000000004,250.00000000000003,-8.2,-199.6
Chrome Mobile,90.0.4430.82,Asus X01AD,Asus,Blink,[object Object],Chrome Mobile 90.0.4430.82 on Asus X01AD (Android 9),2021-05-06T06:04:45.488Z,歩行,あ,false,155.5,123.7,-32.800000000000004,-3.6,-12.600000000000001,6.7,-1.3,-18.8,10.3,-13.100000000000001,-22.4,21.300000000000004
Chrome Mobile,90.0.4430.82,Asus X01AD,Asus,Blink,[object Object],Chrome Mobile 90.0.4430.82 on Asus X01AD (Android 9),2021-05-06T06:04:45.689Z,歩行,あ,false,67.2,105.30000000000001,47.7,11.4,15.600000000000001,15.5,5.1000000000000005,4,7.6000000000000005,-250.00000000000003,13.200000000000003,248.5
Chrome Mobile,90.0.4430.82,Asus X01AD,Asus,Blink,[object Object],Chrome Mobile 90.0.4430.82 on Asus X01AD (Android 9),2021-05-06T06:04:45.890Z,歩行,あ,false,121.80000000000001,99.9,4.800000000000001,-4.4,-3.9000000000000004,15,-4.5,-12.100000000000001,16.400000000000002,250.00000000000003,-12.200000000000001,-242.9
Chrome Mobile,90.0.4430.82,Asus X01AD,Asus,Blink,[object Object],Chrome Mobile 90.0.4430.82 on Asus X01AD (Android 9),2021-05-06T06:04:46.096Z,歩行,あ,false,145.1,122.2,-20,-0.9,-8.200000000000001,1.6,0.4,-14.200000000000001,5.2,-36.1,-0.1,119.7
Chrome Mobile,90.0.4430.82,Asus X01AD,Asus,Blink,[object Object],Chrome Mobile 90.0.4430.82 on Asus X01AD (Android 9),2021-05-06T06:04:46.300Z,歩行,あ,false,189,68.3,-72.7,11.100000000000001,39.1,18.400000000000002,12.700000000000001,31.700000000000003,13.9,-16.8,46.7,27
Chrome Mobile,90.0.4430.82,Asus X01AD,Asus,Blink,[object Object],Chrome Mobile 90.0.4430.82 on Asus X01AD (Android 9),2021-05-06T06:04:46.506Z,歩行,あ,false,146.1,126,-22.700000000000003,-0.5,-7,-5.2,1.3,-13.5,-0.8,86.3,113.3,-119.7
Chrome Mobile,90.0.4430.82,Asus X01AD,Asus,Blink,[object Object],Chrome Mobile 90.0.4430.82 on Asus X01AD (Android 9),2021-05-06T06:04:46.707Z,歩行,あ,false,128.70000000000002,119.9,-7.4,-0.7000000000000001,-4.2,-3.6,-0.2,-10.100000000000001,-0.2,-129.00000000000003,-42.60000000000001,208.5
Chrome Mobile,90.0.4430.82,Asus X01AD,Asus,Blink,[object Object],Chrome Mobile 90.0.4430.82 on Asus X01AD (Android 9),2021-05-06T06:04:46.908Z,歩行,あ,false,60.800000000000004,105.10000000000001,59.900000000000006,8.700000000000001,16.1,4,6.800000000000001,7.9,5.1000000000000005,205,-15.2,-249.4
Chrome Mobile,90.0.4430.82,Asus X01AD,Asus,Blink,[object Object],Chrome Mobile 90.0.4430.82 on Asus X01AD (Android 9),2021-05-06T06:04:47.109Z,歩行,あ,false,147.5,128.1,-22.400000000000002,-1,-10,1.5,0.7000000000000001,-15.8,5.6000000000000005,-5,-18.700000000000003,60.6
Chrome Mobile,90.0.4430.82,Asus X01AD,Asus,Blink,[object Object],Chrome Mobile 90.0.4430.82 on Asus X01AD (Android 9),2021-05-06T06:04:47.309Z,歩行,あ,false,37.1,108.80000000000001,76.7,21.900000000000002,39.1,22.200000000000003,19.6,32.300000000000004,22.700000000000003,-250.00000000000003,11.5,204.3
Chrome Mobile,90.0.4430.82,Asus X01AD,Asus,Blink,[object Object],Chrome Mobile 90.0.4430.82 on Asus X01AD (Android 9),2021-05-06T06:04:47.517Z,歩行,あ,false,143.4,118.2,-21.900000000000002,-0.8,-5.9,6.1000000000000005,0.6000000000000001,-12.9,9.600000000000001,250.00000000000003,-10.9,-202.40000000000003
Chrome Mobile,90.0.4430.82,Asus X01AD,Asus,Blink,[object Object],Chrome Mobile 90.0.4430.82 on Asus X01AD (Android 9),2021-05-06T06:04:47.717Z,歩行,あ,false,135.20000000000002,126.80000000000001,-14.8,-0.6000000000000001,-4.1000000000000005,-0.5,0.5,-9.5,3.5,-56.50000000000001,-58.60000000000001,188.20000000000002
Chrome Mobile,90.0.4430.82,Asus X01AD,Asus,Blink,[object Object],Chrome Mobile 90.0.4430.82 on Asus X01AD (Android 9),2021-05-06T06:04:47.919Z,歩行,あ,false,51.2,106.2,62.900000000000006,11.3,36.5,0.6000000000000001,9,28.900000000000002,1.3,249.20000000000002,-4.6,-221.3
Chrome Mobile,90.0.4430.82,Asus X01AD,Asus,Blink,[object Object],Chrome Mobile 90.0.4430.82 on Asus X01AD (Android 9),2021-05-06T06:04:48.120Z,歩行,あ,false,149.20000000000002,135.4,-26.8,-3.3000000000000003,-11,1.5,-0.9,-16.3,6.300000000000001,9.2,86.89999999999999,-104.00000000000001
Chrome Mobile,90.0.4430.82,Asus X01AD,Asus,Blink,[object Object],Chrome Mobile 90.0.4430.82 on Asus X01AD (Android 9),2021-05-06T06:04:48.321Z,歩行,あ,false,108.7,115.80000000000001,2.3000000000000003,2.6,1.2000000000000002,-1.5,2.8000000000000003,-4.6000000000000005,1.6,-250.00000000000003,-3.3000000000000007,250.00000000000003
Chrome Mobile,90.0.4430.82,Asus X01AD,Asus,Blink,[object Object],Chrome Mobile 90.0.4430.82 on Asus X01AD (Android 9),2021-05-06T06:04:48.521Z,歩行,あ,false,86.7,104.5,27.700000000000003,5.5,7.2,13.9,4.5,-0.8,15.700000000000001,240.3,-13.399999999999999,-249.7
Chrome Mobile,90.0.4430.82,Asus X01AD,Asus,Blink,[object Object],Chrome Mobile 90.0.4430.82 on Asus X01AD (Android 9),2021-05-06T06:04:48.722Z,歩行,あ,false,147.6,134.20000000000002,-29,-1.6,-10.3,0.2,0.8,-15.4,4.5,24,0.6000000000000001,77.1
Chrome Mobile,90.0.4430.82,Asus X01AD,Asus,Blink,[object Object],Chrome Mobile 90.0.4430.82 on Asus X01AD (Android 9),2021-05-06T06:04:48.922Z,歩行,あ,false,27.200000000000003,106.4,82.4,11.4,37.2,22.1,9.5,30.6,22.400000000000002,-250.00000000000003,27.9,176.8
Chrome Mobile,90.0.4430.82,Asus X01AD,Asus,Blink,[object Object],Chrome Mobile 90.0.4430.82 on Asus X01AD (Android 9),2021-05-06T06:04:49.123Z,歩行,あ,false,133.70000000000002,111.7,-19.900000000000002,-0.4,-8.9,-0.7000000000000001,0.6000000000000001,-16.2,2,249.80000000000004,-100.5,-142.79999999999998
Chrome Mobile,90.0.4430.82,Asus X01AD,Asus,Blink,[object Object],Chrome Mobile 90.0.4430.82 on Asus X01AD (Android 9),2021-05-06T06:04:49.324Z,歩行,あ,false,126.80000000000001,121.10000000000001,-15.700000000000001,-0.8,-2.9000000000000004,-0.8,0.1,-8.5,2.5,12.7,-32.1,76.2
Chrome Mobile,90.0.4430.82,Asus X01AD,Asus,Blink,[object Object],Chrome Mobile 90.0.4430.82 on Asus X01AD (Android 9),2021-05-06T06:04:49.525Z,歩行,あ,false,187.4,68,-73.4,14.3,38.800000000000004,12.200000000000001,11.5,31.6,11.4,250.00000000000003,81.50000000000001,-45.9
Chrome Mobile,90.0.4430.82,Asus X01AD,Asus,Blink,[object Object],Chrome Mobile 90.0.4430.82 on Asus X01AD (Android 9),2021-05-06T06:04:49.725Z,歩行,あ,false,149.3,128.5,-33.1,-1.2000000000000002,-6.800000000000001,6.4,1.3,-12.600000000000001,10.3,76.1,-15.399999999999999,-115.50000000000003
Chrome Mobile,90.0.4430.82,Asus X01AD,Asus,Blink,[object Object],Chrome Mobile 90.0.4430.82 on Asus X01AD (Android 9),2021-05-06T06:04:49.926Z,歩行,あ,false,126.30000000000001,118.80000000000001,-16.400000000000002,4.1000000000000005,-4.7,0.9,5,-10.3,3.9000000000000004,-186.4,-49.6,249.80000000000004
Chrome Mobile,90.0.4430.82,Asus X01AD,Asus,Blink,[object Object],Chrome Mobile 90.0.4430.82 on Asus X01AD (Android 9),2021-05-06T06:04:50.127Z,歩行,あ,false,30.700000000000003,105.2,78.30000000000001,12.600000000000001,27.5,-3.2,10.5,19.6,-2.8000000000000003,183.10000000000002,35.3,-249.5
Chrome Mobile,90.0.4430.82,Asus X01AD,Asus,Blink,[object Object],Chrome Mobile 90.0.4430.82 on Asus X01AD (Android 9),2021-05-06T06:04:50.328Z,歩行,あ,false,148,126.9,-35.4,-2.2,-11.4,3.7,0.30000000000000004,-17.2,7.300000000000001,23.400000000000002,-9.600000000000001,-61.39999999999999
Chrome Mobile,90.0.4430.82,Asus X01AD,Asus,Blink,[object Object],Chrome Mobile 90.0.4430.82 on Asus X01AD (Android 9),2021-05-06T06:04:50.530Z,歩行,あ,false,85.2,101.7,22.400000000000002,4.5,3.3000000000000003,1,4,-3,2.2,-249.80000000000004,-18.3,249.90000000000003
Chrome Mobile,90.0.4430.82,Asus X01AD,Asus,Blink,[object Object],Chrome Mobile 90.0.4430.82 on Asus X01AD (Android 9),2021-05-06T06:04:50.731Z,歩行,あ,false,54.7,94.10000000000001,56.900000000000006,0.7000000000000001,-1.7000000000000002,12.600000000000001,0.2,-9.9,12.9,250.00000000000003,11.3,-249.90000000000003
Chrome Mobile,90.0.4430.82,Asus X01AD,Asus,Blink,[object Object],Chrome Mobile 90.0.4430.82 on Asus X01AD (Android 9),2021-05-06T06:04:50.932Z,歩行,あ,false,147.70000000000002,131,-34.800000000000004,-1.5,-9.4,-0.7000000000000001,1.1,-14.8,3.1,1.9,17,57.3
Chrome Mobile,90.0.4430.82,Asus X01AD,Asus,Blink,[object Object],Chrome Mobile 90.0.4430.82 on Asus X01AD (Android 9),2021-05-06T06:04:51.132Z,歩行,あ,false,11.4,106.7,87.80000000000001,16.6,27.900000000000002,21.6,14.700000000000001,21.6,21.700000000000003,-250.00000000000003,-59.5,247
Chrome Mobile,90.0.4430.82,Asus X01AD,Asus,Blink,[object Object],Chrome Mobile 90.0.4430.82 on Asus X01AD (Android 9),2021-05-06T06:04:51.333Z,歩行,あ,false,122.9,95.60000000000001,-21.400000000000002,7.9,-0.9,12.9,8.200000000000001,-9.1,13.600000000000001,215.1,56.50000000000001,-249.90000000000003
Chrome Mobile,90.0.4430.82,Asus X01AD,Asus,Blink,[object Object],Chrome Mobile 90.0.4430.82 on Asus X01AD (Android 9),2021-05-06T06:04:51.533Z,歩行,あ,false,144.5,123.4,-35.5,-0.8,-10.8,0,1.5,-16.6,3.1,-2,4.4,138.8
Chrome Mobile,90.0.4430.82,Asus X01AD,Asus,Blink,[object Object],Chrome Mobile 90.0.4430.82 on Asus X01AD (Android 9),2021-05-06T06:04:51.734Z,歩行,あ,false,169.20000000000002,62.800000000000004,-70.10000000000001,19.8,39,18.6,16.7,32.5,17.5,-205.90000000000003,57.00000000000001,119.1
Chrome Mobile,90.0.4430.82,Asus X01AD,Asus,Blink,[object Object],Chrome Mobile 90.0.4430.82 on Asus X01AD (Android 9),2021-05-06T06:04:51.935Z,歩行,あ,false,137.70000000000002,114.10000000000001,-29.400000000000002,0.2,-6,-0.7000000000000001,0.30000000000000004,-13.3,4.2,244,11.6,-178.8
Chrome Mobile,90.0.4430.82,Asus X01AD,Asus,Blink,[object Object],Chrome Mobile 90.0.4430.82 on Asus X01AD (Android 9),2021-05-06T06:04:52.136Z,歩行,あ,false,136.4,117.4,-27.400000000000002,-0.1,-7.300000000000001,0.9,1.3,-13.3,3.7,-57.9,-32.1,174.4
Chrome Mobile,90.0.4430.82,Asus X01AD,Asus,Blink,[object Object],Chrome Mobile 90.0.4430.82 on Asus X01AD (Android 9),2021-05-06T06:04:52.336Z,歩行,あ,false,168.70000000000002,61.1,-66.4,18.3,39.1,12.5,14.8,32.2,11,187.10000000000002,62.1,-55.2
Chrome Mobile,90.0.4430.82,Asus X01AD,Asus,Blink,[object Object],Chrome Mobile 90.0.4430.82 on Asus X01AD (Android 9),2021-05-06T06:04:52.542Z,歩行,あ,false,140.9,123,-32.7,-0.2,-7.1000000000000005,-2.4000000000000004,2.2,-13.8,1.2000000000000002,106.4,23.099999999999998,-193.1
Chrome Mobile,90.0.4430.82,Asus X01AD,Asus,Blink,[object Object],Chrome Mobile 90.0.4430.82 on Asus X01AD (Android 9),2021-05-06T06:04:52.746Z,歩行,あ,false,119.7,118.2,-14.600000000000001,2.3000000000000003,-6.300000000000001,-2.2,3.1,-12.100000000000001,0.9,-138.6,-18.6,249.80000000000004
Chrome Mobile,90.0.4430.82,Asus X01AD,Asus,Blink,[object Object],Chrome Mobile 90.0.4430.82 on Asus X01AD (Android 9),2021-05-06T06:04:52.946Z,歩行,あ,false,192.8,70.9,-88.7,17.3,28.5,-5,14.600000000000001,20.400000000000002,-5.1000000000000005,237.80000000000004,-17.400000000000002,-240.00000000000003
Chrome Mobile,90.0.4430.82,Asus X01AD,Asus,Blink,[object Object],Chrome Mobile 90.0.4430.82 on Asus X01AD (Android 9),2021-05-06T06:04:53.147Z,歩行,あ,false,149.3,123.10000000000001,-38.900000000000006,-4.9,-13.600000000000001,6.5,-2.3000000000000003,-20,9.8,-102.3,129.4,-88.20000000000002
Chrome Mobile,90.0.4430.82,Asus X01AD,Asus,Blink,[object Object],Chrome Mobile 90.0.4430.82 on Asus X01AD (Android 9),2021-05-06T06:04:53.348Z,歩行,あ,false,77.9,102.9,24,12.700000000000001,3.2,1.8,12.100000000000001,-3.2,3.1,-250.00000000000003,-59.80000000000001,250.10000000000002
Chrome Mobile,90.0.4430.82,Asus X01AD,Asus,Blink,[object Object],Chrome Mobile 90.0.4430.82 on Asus X01AD (Android 9),2021-05-06T06:04:53.548Z,歩行,あ,false,51.900000000000006,99.4,54,6.6000000000000005,8.8,15.100000000000001,6.300000000000001,4.4,10.600000000000001,119.8,3.8,-249.90000000000003
Chrome Mobile,90.0.4430.82,Asus X01AD,Asus,Blink,[object Object],Chrome Mobile 90.0.4430.82 on Asus X01AD (Android 9),2021-05-06T06:04:53.749Z,歩行,あ,false,152,127.9,-42.900000000000006,-4,-12.3,2.4000000000000004,-0.9,-18.2,5.800000000000001,40.300000000000004,-20.900000000000002,13.700000000000001
Chrome Mobile,90.0.4430.82,Asus X01AD,Asus,Blink,[object Object],Chrome Mobile 90.0.4430.82 on Asus X01AD (Android 9),2021-05-06T06:04:53.950Z,歩行,あ,false,183,80.30000000000001,-89.60000000000001,27.400000000000002,18,16.7,26.200000000000003,11.3,16.7,-250.00000000000003,-53.8,250.10000000000002
Chrome Mobile,90.0.4430.82,Asus X01AD,Asus,Blink,[object Object],Chrome Mobile 90.0.4430.82 on Asus X01AD (Android 9),2021-05-06T06:04:54.150Z,歩行,あ,false,97.60000000000001,96,2.1,4.3,1.6,18.400000000000002,4.3,-7.1000000000000005,19.3,241.3,-33.400000000000006,-249.90000000000003
Chrome Mobile,90.0.4430.82,Asus X01AD,Asus,Blink,[object Object],Chrome Mobile 90.0.4430.82 on Asus X01AD (Android 9),2021-05-06T06:04:54.352Z,歩行,あ,false,145.3,127.30000000000001,-41.400000000000006,-2.6,-10.600000000000001,-0.8,0.4,-16.6,2.6,-15.5,25.5,91.30000000000001
Chrome Mobile,90.0.4430.82,Asus X01AD,Asus,Blink,[object Object],Chrome Mobile 90.0.4430.82 on Asus X01AD (Android 9),2021-05-06T06:04:54.553Z,歩行,あ,false,162.60000000000002,72.5,-72.10000000000001,20.200000000000003,34.9,29.3,18.1,28,28.6,-250.00000000000003,-32.6,250.00000000000003
Chrome Mobile,90.0.4430.82,Asus X01AD,Asus,Blink,[object Object],Chrome Mobile 90.0.4430.82 on Asus X01AD (Android 9),2021-05-06T06:04:54.754Z,歩行,あ,false,120.2,104.7,-27,5.300000000000001,-3.1,12.600000000000001,6.300000000000001,-11.4,14.5,250.00000000000003,-40.4,-249.90000000000003
Chrome Mobile,90.0.4430.82,Asus X01AD,Asus,Blink,[object Object],Chrome Mobile 90.0.4430.82 on Asus X01AD (Android 9),2021-05-06T06:04:54.955Z,歩行,あ,false,135.4,130.6,-37.5,-2.3000000000000003,-13.8,-2.9000000000000004,0.6000000000000001,-19.400000000000002,0.9,-64.10000000000001,0.7,170.8
Chrome Mobile,90.0.4430.82,Asus X01AD,Asus,Blink,[object Object],Chrome Mobile 90.0.4430.82 on Asus X01AD (Android 9),2021-05-06T06:04:55.155Z,歩行,あ,false,149.4,64.4,-60,16.400000000000002,39.1,15.8,13.4,32,14,55.400000000000006,158.00000000000003,138.20000000000002
Chrome Mobile,90.0.4430.82,Asus X01AD,Asus,Blink,[object Object],Chrome Mobile 90.0.4430.82 on Asus X01AD (Android 9),2021-05-06T06:04:55.356Z,歩行,あ,false,131.1,114.4,-39.800000000000004,-4.5,-12.200000000000001,-3.5,-2.3000000000000003,-19.8,-0.8,221.1,-27.9,-249.90000000000003
Chrome Mobile,90.0.4430.82,Asus X01AD,Asus,Blink,[object Object],Chrome Mobile 90.0.4430.82 on Asus X01AD (Android 9),2021-05-06T06:04:55.556Z,歩行,あ,false,101.10000000000001,108.80000000000001,-8.200000000000001,4.3,-8.700000000000001,-1.3,3.8000000000000003,-15.9,1.2000000000000002,-172.70000000000002,-18.900000000000002,250.10000000000002
Chrome Mobile,90.0.4430.82,Asus X01AD,Asus,Blink,[object Object],Chrome Mobile 90.0.4430.82 on Asus X01AD (Android 9),2021-05-06T06:04:55.757Z,歩行,あ,false,162.3,68.5,-72.4,17.1,34,-12.4,14.100000000000001,26,-13.4,243.8,52.900000000000006,-230.79999999999998
Chrome Mobile,90.0.4430.82,Asus X01AD,Asus,Blink,[object Object],Chrome Mobile 90.0.4430.82 on Asus X01AD (Android 9),2021-05-06T06:04:55.958Z,歩行,あ,false,138.9,124.4,-40.5,-2.9000000000000004,-14.700000000000001,3.4000000000000004,0,-21.200000000000003,6.800000000000001,64.9,25.8,-86.4
Chrome Mobile,90.0.4430.82,Asus X01AD,Asus,Blink,[object Object],Chrome Mobile 90.0.4430.82 on Asus X01AD (Android 9),2021-05-06T06:04:56.159Z,歩行,あ,false,55.900000000000006,103.60000000000001,37.9,13.200000000000001,3.4000000000000004,7.5,12.200000000000001,-3.3000000000000003,8.8,-249.5,-34.2,250.10000000000002
Chrome Mobile,90.0.4430.82,Asus X01AD,Asus,Blink,[object Object],Chrome Mobile 90.0.4430.82 on Asus X01AD (Android 9),2021-05-06T06:04:56.359Z,歩行,あ,false,175.8,71.8,-77.2,9.8,11.3,7.6000000000000005,7.1000000000000005,2.8000000000000003,7,110.10000000000001,7.300000000000001,-249.5
Chrome Mobile,90.0.4430.82,Asus X01AD,Asus,Blink,[object Object],Chrome Mobile 90.0.4430.82 on Asus X01AD (Android 9),2021-05-06T06:04:56.560Z,歩行,あ,false,137.3,116.7,-41.900000000000006,-1.5,-8.8,6.4,0.9,-15.8,9,50.60000000000001,13.5,-1
Chrome Mobile,90.0.4430.82,Asus X01AD,Asus,Blink,[object Object],Chrome Mobile 90.0.4430.82 on Asus X01AD (Android 9),2021-05-06T06:04:56.760Z,歩行,あ,false,3.6,111.9,88.5,20.400000000000002,28.1,20.5,17.7,21.5,20.6,-250.00000000000003,14.400000000000002,250.10000000000002
Chrome Mobile,90.0.4430.82,Asus X01AD,Asus,Blink,[object Object],Chrome Mobile 90.0.4430.82 on Asus X01AD (Android 9),2021-05-06T06:04:56.961Z,歩行,あ,false,78.5,100.5,18.3,2.2,-3.8000000000000003,11.9,1.7000000000000002,-12.4,13.5,247.29999999999998,-17.300000000000004,-249.90000000000003
Chrome Mobile,90.0.4430.82,Asus X01AD,Asus,Blink,[object Object],Chrome Mobile 90.0.4430.82 on Asus X01AD (Android 9),2021-05-06T06:04:57.162Z,歩行,あ,false,115.4,117.30000000000001,-17.1,-0.1,-9.1,-0.7000000000000001,0.9,-15.700000000000001,2.6,-46.800000000000004,31,150.2
Chrome Mobile,90.0.4430.82,Asus X01AD,Asus,Blink,[object Object],Chrome Mobile 90.0.4430.82 on Asus X01AD (Android 9),2021-05-06T06:04:57.363Z,歩行,あ,false,164,53.7,-67,21.700000000000003,39.1,16.5,17.2,32.4,14.600000000000001,196.90000000000003,99.5,46
Chrome Mobile,90.0.4430.82,Asus X01AD,Asus,Blink,[object Object],Chrome Mobile 90.0.4430.82 on Asus X01AD (Android 9),2021-05-06T06:04:57.563Z,歩行,あ,false,119.4,115.2,-18.2,-1,-8.1,-1.8,0.2,-15.700000000000001,1.6,100.6,22.5,-162.7
Chrome Mobile,90.0.4430.82,Asus X01AD,Asus,Blink,[object Object],Chrome Mobile 90.0.4430.82 on Asus X01AD (Android 9),2021-05-06T06:04:57.764Z,歩行,あ,false,84.7,113.2,13.8,0.8,-7.1000000000000005,1.3,0.9,-14.3,5,-113.5,-22.2,219.6
Chrome Mobile,90.0.4430.82,Asus X01AD,Asus,Blink,[object Object],Chrome Mobile 90.0.4430.82 on Asus X01AD (Android 9),2021-05-06T06:04:57.965Z,歩行,あ,false,180.20000000000002,64.5,-86.5,18.400000000000002,29.5,-8.3,14.600000000000001,21.5,-8.6,250.00000000000003,11.3,-213.60000000000002
Chrome Mobile,90.0.4430.82,Asus X01AD,Asus,Blink,[object Object],Chrome Mobile 90.0.4430.82 on Asus X01AD (Android 9),2021-05-06T06:04:58.165Z,歩行,あ,false,126.30000000000001,120.4,-25.700000000000003,-2.4000000000000004,-14.700000000000001,7.2,-0.6000000000000001,-21.5,10.8,14.200000000000001,-5.6,-24.900000000000002
Chrome Mobile,90.0.4430.82,Asus X01AD,Asus,Blink,[object Object],Chrome Mobile 90.0.4430.82 on Asus X01AD (Android 9),2021-05-06T06:04:58.366Z,歩行,あ,false,26.1,113.80000000000001,66.4,17.900000000000002,13.9,9.8,15.3,7.6000000000000005,10.9,-249.90000000000003,-30.4,250.10000000000002
Chrome Mobile,90.0.4430.82,Asus X01AD,Asus,Blink,[object Object],Chrome Mobile 90.0.4430.82 on Asus X01AD (Android 9),2021-05-06T06:04:58.571Z,歩行,あ,false,22.200000000000003,106.7,75.9,8.700000000000001,1.4000000000000001,20,6.2,-7.300000000000001,20.6,188.8,16,-249.90000000000003
Chrome Mobile,90.0.4430.82,Asus X01AD,Asus,Blink,[object Object],Chrome Mobile 90.0.4430.82 on Asus X01AD (Android 9),2021-05-06T06:04:58.772Z,歩行,あ,false,121,114.4,-20,-0.30000000000000004,-9.4,-0.7000000000000001,0.8,-16.400000000000002,2.3000000000000003,24.8,-0.4,115.39999999999999
Chrome Mobile,90.0.4430.82,Asus X01AD,Asus,Blink,[object Object],Chrome Mobile 90.0.4430.82 on Asus X01AD (Android 9),2021-05-06T06:04:58.978Z,歩行,あ,false,157.8,54.300000000000004,-67.60000000000001,11.4,39,37.9,7.2,32.7,36.2,-245.70000000000005,90.4,132.3
Chrome Mobile,90.0.4430.82,Asus X01AD,Asus,Blink,[object Object],Chrome Mobile 90.0.4430.82 on Asus X01AD (Android 9),2021-05-06T06:04:59.179Z,歩行,あ,false,111,113.30000000000001,-16.1,1.7000000000000002,-9.8,-2.3000000000000003,2.6,-17.5,0.9,91.2,-36.6,-173.79999999999998
Chrome Mobile,90.0.4430.82,Asus X01AD,Asus,Blink,[object Object],Chrome Mobile 90.0.4430.82 on Asus X01AD (Android 9),2021-05-06T06:04:59.381Z,歩行,あ,false,69.5,109.5,27,0.5,-6.300000000000001,-2.5,-0.6000000000000001,-12.9,-0.4,-177.4,-3.6000000000000005,250.10000000000002
Chrome Mobile,90.0.4430.82,Asus X01AD,Asus,Blink,[object Object],Chrome Mobile 90.0.4430.82 on Asus X01AD (Android 9),2021-05-06T06:04:59.582Z,歩行,あ,false,179.4,69.3,-81.5,14.4,16.8,-3.5,11.3,8.5,-4,176.00000000000003,11.6,-249.90000000000003
Chrome Mobile,90.0.4430.82,Asus X01AD,Asus,Blink,[object Object],Chrome Mobile 90.0.4430.82 on Asus X01AD (Android 9),2021-05-06T06:04:59.783Z,歩行,あ,false,133.20000000000002,114.2,-36.2,-3.1,-14.200000000000001,7.7,-1.3,-21.3,10.200000000000001,-2,15.2,69.3
Chrome Mobile,90.0.4430.82,Asus X01AD,Asus,Blink,[object Object],Chrome Mobile 90.0.4430.82 on Asus X01AD (Android 9),2021-05-06T06:04:59.984Z,歩行,あ,false,166.10000000000002,61.900000000000006,-77.60000000000001,13.700000000000001,39.1,16.8,10.3,32.5,16.1,-250.00000000000003,-21.7,184.5
Chrome Mobile,90.0.4430.82,Asus X01AD,Asus,Blink,[object Object],Chrome Mobile 90.0.4430.82 on Asus X01AD (Android 9),2021-05-06T06:05:00.185Z,歩行,あ,false,95.5,102.60000000000001,-4.1000000000000005,0.5,-2.2,3.7,0.7000000000000001,-10.600000000000001,5.6000000000000005,249.6,-37.6,-218.00000000000003
Chrome Mobile,90.0.4430.82,Asus X01AD,Asus,Blink,[object Object],Chrome Mobile 90.0.4430.82 on Asus X01AD (Android 9),2021-05-06T06:05:00.386Z,歩行,あ,false,117.4,110,-22.8,-3.3000000000000003,-7.1000000000000005,-1.4000000000000001,-2.4000000000000004,-14,0.9,-72.60000000000001,6.600000000000001,151
Chrome Mobile,90.0.4430.82,Asus X01AD,Asus,Blink,[object Object],Chrome Mobile 90.0.4430.82 on Asus X01AD (Android 9),2021-05-06T06:05:00.586Z,歩行,あ,false,152.20000000000002,63.900000000000006,-59.800000000000004,18.8,39.1,16.6,15.9,29.900000000000002,1.1,250.00000000000003,55.2,-65.8
Chrome Mobile,90.0.4430.82,Asus X01AD,Asus,Blink,[object Object],Chrome Mobile 90.0.4430.82 on Asus X01AD (Android 9),2021-05-06T06:05:00.787Z,歩行,あ,false,138.70000000000002,116.30000000000001,-41.5,-2.2,-10.700000000000001,-0.6000000000000001,0.2,-18,2.1,-14.700000000000001,18.900000000000002,-43.800000000000004
Chrome Mobile,90.0.4430.82,Asus X01AD,Asus,Blink,[object Object],Chrome Mobile 90.0.4430.82 on Asus X01AD (Android 9),2021-05-06T06:05:00.988Z,歩行,あ,false,42.2,107.80000000000001,47.300000000000004,-1.3,15.100000000000001,-7.800000000000001,-2.8000000000000003,8.4,-6.4,-250.00000000000003,31.799999999999997,250.10000000000002
Chrome Mobile,90.0.4430.82,Asus X01AD,Asus,Blink,[object Object],Chrome Mobile 90.0.4430.82 on Asus X01AD (Android 9),2021-05-06T06:05:01.189Z,歩行,あ,false,64.60000000000001,98.9,31.900000000000002,0.5,-0.8,15.9,0.2,-9.4,17.2,166.3,-10.600000000000001,-249.90000000000003
Chrome Mobile,90.0.4430.82,Asus X01AD,Asus,Blink,[object Object],Chrome Mobile 90.0.4430.82 on Asus X01AD (Android 9),2021-05-06T06:05:01.390Z,歩行,あ,false,115.30000000000001,117.4,-18.3,-1.2000000000000002,-9.3,1,0,-15.9,4.2,39.9,-36.9,126.10000000000001
Chrome Mobile,90.0.4430.82,Asus X01AD,Asus,Blink,[object Object],Chrome Mobile 90.0.4430.82 on Asus X01AD (Android 9),2021-05-06T06:05:01.590Z,歩行,あ,false,163.70000000000002,59.300000000000004,-83.2,19.900000000000002,39,32.7,16,32.4,32.300000000000004,-250.00000000000003,22.1,108.60000000000001
Chrome Mobile,90.0.4430.82,Asus X01AD,Asus,Blink,[object Object],Chrome Mobile 90.0.4430.82 on Asus X01AD (Android 9),2021-05-06T06:05:01.791Z,歩行,あ,false,105.30000000000001,117.7,-20.200000000000003,-1.4000000000000001,-9.200000000000001,-3.1,-0.1,-16.400000000000002,0.5,239.20000000000005,-101.7,-227.79999999999998
Chrome Mobile,90.0.4430.82,Asus X01AD,Asus,Blink,[object Object],Chrome Mobile 90.0.4430.82 on Asus X01AD (Android 9),2021-05-06T06:05:01.992Z,歩行,あ,false,74.8,114.80000000000001,8.3,3.4000000000000004,-4.5,-0.5,3,-10.700000000000001,2.4000000000000004,-162.7,64.9,249.7
Chrome Mobile,90.0.4430.82,Asus X01AD,Asus,Blink,[object Object],Chrome Mobile 90.0.4430.82 on Asus X01AD (Android 9),2021-05-06T06:05:02.193Z,歩行,あ,false,11.9,110.9,74.3,14,19.5,-7,11,11.3,-6.2,172.70000000000002,-53.599999999999994,-249.7
Chrome Mobile,90.0.4430.82,Asus X01AD,Asus,Blink,[object Object],Chrome Mobile 90.0.4430.82 on Asus X01AD (Android 9),2021-05-06T06:05:02.393Z,歩行,あ,false,123.7,117.7,-36.6,-2.6,-13.9,8.200000000000001,-0.5,-20.700000000000003,11.100000000000001,-92.7,44.10000000000001,-32
Chrome Mobile,90.0.4430.82,Asus X01AD,Asus,Blink,[object Object],Chrome Mobile 90.0.4430.82 on Asus X01AD (Android 9),2021-05-06T06:05:02.594Z,歩行,あ,false,6.2,110.9,72.10000000000001,28.5,29.6,14.3,26.200000000000003,23.200000000000003,15,-250.00000000000003,28.400000000000002,250.10000000000002
Chrome Mobile,90.0.4430.82,Asus X01AD,Asus,Blink,[object Object],Chrome Mobile 90.0.4430.82 on Asus X01AD (Android 9),2021-05-06T06:05:02.795Z,歩行,あ,false,91.4,104.9,-7.800000000000001,1.6,-4.9,7.5,1.9000000000000001,-13,9.600000000000001,233.60000000000002,-26.700000000000003,-249.90000000000003
Chrome Mobile,90.0.4430.82,Asus X01AD,Asus,Blink,[object Object],Chrome Mobile 90.0.4430.82 on Asus X01AD (Android 9),2021-05-06T06:05:02.996Z,歩行,あ,false,104.30000000000001,114.2,-19.6,-2.1,-7.800000000000001,0.2,-1.2000000000000002,-14.100000000000001,2.8000000000000003,-20.1,-42.2,176.10000000000002
Chrome Mobile,90.0.4430.82,Asus X01AD,Asus,Blink,[object Object],Chrome Mobile 90.0.4430.82 on Asus X01AD (Android 9),2021-05-06T06:05:03.196Z,歩行,あ,false,167.10000000000002,64.4,-81.9,17.3,38.5,-11.9,13.8,31.1,-12.4,249.90000000000003,-0.1,-160.70000000000002
Chrome Mobile,90.0.4430.82,Asus X01AD,Asus,Blink,[object Object],Chrome Mobile 90.0.4430.82 on Asus X01AD (Android 9),2021-05-06T06:05:03.397Z,歩行,あ,false,125.60000000000001,117.7,-40.5,-4,-14.3,5.2,-1.7000000000000002,-21.200000000000003,8,-78.10000000000001,120.4,-108.39999999999999
Chrome Mobile,90.0.4430.82,Asus X01AD,Asus,Blink,[object Object],Chrome Mobile 90.0.4430.82 on Asus X01AD (Android 9),2021-05-06T06:05:03.597Z,歩行,あ,false,37.300000000000004,103.60000000000001,41.300000000000004,7.300000000000001,2.4000000000000004,0,6.300000000000001,-4,1.2000000000000002,-239.4,-24.8,250.10000000000002
Chrome Mobile,90.0.4430.82,Asus X01AD,Asus,Blink,[object Object],Chrome Mobile 90.0.4430.82 on Asus X01AD (Android 9),2021-05-06T06:05:03.798Z,歩行,あ,false,4.9,103.2,77.7,6.800000000000001,3.3000000000000003,12.5,4.9,-5.2,12.9,167.20000000000002,-35.1,-249.90000000000003
Chrome Mobile,90.0.4430.82,Asus X01AD,Asus,Blink,[object Object],Chrome Mobile 90.0.4430.82 on Asus X01AD (Android 9),2021-05-06T06:05:03.998Z,歩行,あ,false,119.60000000000001,115.9,-37.4,2.4000000000000004,-11,2.5,4.3,-17.7,5.1000000000000005,33.300000000000004,8.3,79.6
Chrome Mobile,90.0.4430.82,Asus X01AD,Asus,Blink,[object Object],Chrome Mobile 90.0.4430.82 on Asus X01AD (Android 9),2021-05-06T06:05:04.199Z,歩行,あ,false,154.8,62,-76.9,16.2,39,16.2,12.600000000000001,32.5,15.100000000000001,-174.4,50.5,168.70000000000002
Chrome Mobile,90.0.4430.82,Asus X01AD,Asus,Blink,[object Object],Chrome Mobile 90.0.4430.82 on Asus X01AD (Android 9),2021-05-06T06:05:04.400Z,歩行,あ,false,102.7,103.80000000000001,-20.700000000000003,0.9,-4.3,5.6000000000000005,1.6,-12.600000000000001,7.5,250.00000000000003,-72.10000000000001,-247.6
Chrome Mobile,90.0.4430.82,Asus X01AD,Asus,Blink,[object Object],Chrome Mobile 90.0.4430.82 on Asus X01AD (Android 9),2021-05-06T06:05:04.605Z,歩行,あ,false,106.2,112.10000000000001,-25.8,-2,-8.5,1.4000000000000001,-0.9,-15,3.8000000000000003,-97.2,-17.400000000000002,240.5
Chrome Mobile,90.0.4430.82,Asus X01AD,Asus,Blink,[object Object],Chrome Mobile 90.0.4430.82 on Asus X01AD (Android 9),2021-05-06T06:05:04.809Z,歩行,あ,false,140.20000000000002,60.2,-61.800000000000004,20.5,39.1,7.6000000000000005,16.8,31.700000000000003,5.6000000000000005,250.00000000000003,34.800000000000004,-113.5
Chrome Mobile,90.0.4430.82,Asus X01AD,Asus,Blink,[object Object],Chrome Mobile 90.0.4430.82 on Asus X01AD (Android 9),2021-05-06T06:05:05.011Z,歩行,あ,false,117.4,114.80000000000001,-38.1,0.6000000000000001,-14.5,-4.1000000000000005,3.9000000000000004,-19.900000000000002,-3.9000000000000004,-85.80000000000001,108.3,-124.10000000000001
Chrome Mobile,90.0.4430.82,Asus X01AD,Asus,Blink,[object Object],Chrome Mobile 90.0.4430.82 on Asus X01AD (Android 9),2021-05-06T06:05:05.212Z,歩行,あ,false,19.8,98.2,59.800000000000004,3.8000000000000003,-0.5,1.4000000000000001,3,-7.300000000000001,1.9000000000000001,-250.00000000000003,-31.2,249.90000000000003
Chrome Mobile,90.0.4430.82,Asus X01AD,Asus,Blink,[object Object],Chrome Mobile 90.0.4430.82 on Asus X01AD (Android 9),2021-05-06T06:05:05.414Z,歩行,あ,false,11.5,96.80000000000001,72.5,3.9000000000000004,-1.4000000000000001,17.900000000000002,2.9000000000000004,-10.200000000000001,18.3,237.10000000000002,-68,-249.90000000000003
Chrome Mobile,90.0.4430.82,Asus X01AD,Asus,Blink,[object Object],Chrome Mobile 90.0.4430.82 on Asus X01AD (Android 9),2021-05-06T06:05:05.615Z,歩行,あ,false,123.10000000000001,114.10000000000001,-41.300000000000004,-0.6000000000000001,-9.5,-1.8,1.6,-16.2,0.5,15.8,-14.900000000000002,131.4
Chrome Mobile,90.0.4430.82,Asus X01AD,Asus,Blink,[object Object],Chrome Mobile 90.0.4430.82 on Asus X01AD (Android 9),2021-05-06T06:05:05.816Z,歩行,あ,false,134.9,57.1,-58.2,18.6,39,13.600000000000001,15.100000000000001,32.5,11.4,-139.9,78.2,143.6
Chrome Mobile,90.0.4430.82,Asus X01AD,Asus,Blink,[object Object],Chrome Mobile 90.0.4430.82 on Asus X01AD (Android 9),2021-05-06T06:05:06.017Z,歩行,あ,false,102.5,106.10000000000001,-23.8,3.7,-3.9000000000000004,-1.7000000000000002,4.7,-12.100000000000001,0.5,113.1,-28.700000000000003,-83.70000000000002
Chrome Mobile,90.0.4430.82,Asus X01AD,Asus,Blink,[object Object],Chrome Mobile 90.0.4430.82 on Asus X01AD (Android 9),2021-05-06T06:05:06.218Z,歩行,あ,false,74.9,103.7,3.4000000000000004,-0.30000000000000004,-4.1000000000000005,-0.1,-0.4,-10.9,1.6,-45.400000000000006,-0.7,187.7
Chrome Mobile,90.0.4430.82,Asus X01AD,Asus,Blink,[object Object],Chrome Mobile 90.0.4430.82 on Asus X01AD (Android 9),2021-05-06T06:05:06.419Z,歩行,あ,false,150.6,57.7,-70.8,17.1,37.800000000000004,4.800000000000001,12.8,30.5,3.3000000000000003,102.3,5.4,-212.2
Chrome Mobile,90.0.4430.82,Asus X01AD,Asus,Blink,[object Object],Chrome Mobile 90.0.4430.82 on Asus X01AD (Android 9),2021-05-06T06:05:06.619Z,歩行,あ,false,113.60000000000001,110.30000000000001,-33,-3.1,-11.4,4.4,-0.30000000000000004,-18.400000000000002,6.5,2,23.5,-118.60000000000001
Chrome Mobile,90.0.4430.82,Asus X01AD,Asus,Blink,[object Object],Chrome Mobile 90.0.4430.82 on Asus X01AD (Android 9),2021-05-06T06:05:06.820Z,歩行,あ,false,33.800000000000004,105.9,43.900000000000006,-0.6000000000000001,2.3000000000000003,-3.7,-1.9000000000000001,-4.5,-2.3000000000000003,-209.4,-18.5,250.10000000000002
Chrome Mobile,90.0.4430.82,Asus X01AD,Asus,Blink,[object Object],Chrome Mobile 90.0.4430.82 on Asus X01AD (Android 9),2021-05-06T06:05:07.021Z,歩行,あ,false,1.9000000000000001,99.10000000000001,82.2,4,7.800000000000001,13.5,2.6,-1.1,13.700000000000001,53.8,104.00000000000001,-249.90000000000003
Chrome Mobile,90.0.4430.82,Asus X01AD,Asus,Blink,[object Object],Chrome Mobile 90.0.4430.82 on Asus X01AD (Android 9),2021-05-06T06:05:07.222Z,歩行,あ,false,124.10000000000001,112,-37.2,0.1,-10.100000000000001,-1.2000000000000002,1.9000000000000001,-17.2,1.1,63.2,-25.300000000000004,84.5
Chrome Mobile,90.0.4430.82,Asus X01AD,Asus,Blink,[object Object],Chrome Mobile 90.0.4430.82 on Asus X01AD (Android 9),2021-05-06T06:05:07.422Z,歩行,あ,false,145.3,62.2,-69,17.2,39.1,28.400000000000002,17.3,30.5,26.900000000000002,-243.30000000000004,2,188
Chrome Mobile,90.0.4430.82,Asus X01AD,Asus,Blink,[object Object],Chrome Mobile 90.0.4430.82 on Asus X01AD (Android 9),2021-05-06T06:05:07.623Z,歩行,あ,false,92.9,99.2,-10.4,-1,-4.800000000000001,7.5,-0.7000000000000001,-13.5,8.9,249.7,-74.80000000000001,-247.29999999999998
Chrome Mobile,90.0.4430.82,Asus X01AD,Asus,Blink,[object Object],Chrome Mobile 90.0.4430.82 on Asus X01AD (Android 9),2021-05-06T06:05:07.824Z,歩行,あ,false,107,110.9,-23.6,-2,-9.200000000000001,-2.5,-0.9,-16.1,-0.1,-42.900000000000006,29.300000000000004,168.70000000000002
Chrome Mobile,90.0.4430.82,Asus X01AD,Asus,Blink,[object Object],Chrome Mobile 90.0.4430.82 on Asus X01AD (Android 9),2021-05-06T06:05:08.024Z,歩行,あ,false,147.8,56.7,-65.7,20.200000000000003,39.1,16.7,14.600000000000001,32,10.5,205.20000000000002,55.7,-45.8
Chrome Mobile,90.0.4430.82,Asus X01AD,Asus,Blink,[object Object],Chrome Mobile 90.0.4430.82 on Asus X01AD (Android 9),2021-05-06T06:05:08.225Z,歩行,あ,false,109.4,116.2,-27.1,0.6000000000000001,-11,-5.9,2.3000000000000003,-18.6,-2.5,85.60000000000001,15.899999999999999,-202.8
Chrome Mobile,90.0.4430.82,Asus X01AD,Asus,Blink,[object Object],Chrome Mobile 90.0.4430.82 on Asus X01AD (Android 9),2021-05-06T06:05:08.426Z,歩行,あ,false,66.60000000000001,105.7,12.5,3.2,0.5,-0.6000000000000001,2.8000000000000003,-6.4,1.3,-159.8,-36.9,250.10000000000002
Chrome Mobile,90.0.4430.82,Asus X01AD,Asus,Blink,[object Object],Chrome Mobile 90.0.4430.82 on Asus X01AD (Android 9),2021-05-06T06:05:08.626Z,歩行,あ,false,170.8,75.60000000000001,-87.5,7.800000000000001,16.6,6.4,5.5,7.800000000000001,6.300000000000001,130,1.1,-249.4
Chrome Mobile,90.0.4430.82,Asus X01AD,Asus,Blink,[object Object],Chrome Mobile 90.0.4430.82 on Asus X01AD (Android 9),2021-05-06T06:05:08.827Z,歩行,あ,false,125.10000000000001,121.4,-41.800000000000004,-2,-13.600000000000001,2.3000000000000003,0.8,-20.6,5.5,1.2000000000000002,17.400000000000002,-47.5
Chrome Mobile,90.0.4430.82,Asus X01AD,Asus,Blink,[object Object],Chrome Mobile 90.0.4430.82 on Asus X01AD (Android 9),2021-05-06T06:05:09.028Z,歩行,あ,false,5.800000000000001,99.4,72,11.700000000000001,16.7,11.700000000000001,10.600000000000001,9.5,12,-250.00000000000003,11.3,250.10000000000002
Chrome Mobile,90.0.4430.82,Asus X01AD,Asus,Blink,[object Object],Chrome Mobile 90.0.4430.82 on Asus X01AD (Android 9),2021-05-06T06:05:09.229Z,歩行,あ,false,74.8,96.80000000000001,9.8,5.300000000000001,1,11.8,5.2,-8,12.9,193.3,16.6,-217.90000000000003
Chrome Mobile,90.0.4430.82,Asus X01AD,Asus,Blink,[object Object],Chrome Mobile 90.0.4430.82 on Asus X01AD (Android 9),2021-05-06T06:05:09.429Z,歩行,あ,false,124.2,117.7,-34.800000000000004,-3.8000000000000003,-9.3,0,-1.7000000000000002,-16.3,3,-65.10000000000001,-25.4,109.10000000000001
Chrome Mobile,90.0.4430.82,Asus X01AD,Asus,Blink,[object Object],Chrome Mobile 90.0.4430.82 on Asus X01AD (Android 9),2021-05-06T06:05:09.630Z,歩行,あ,false,136.8,65.3,-55,14.200000000000001,39.1,21.6,11.3,31.400000000000002,19.6,-25.900000000000002,86.3,40.300000000000004
Chrome Mobile,90.0.4430.82,Asus X01AD,Asus,Blink,[object Object],Chrome Mobile 90.0.4430.82 on Asus X01AD (Android 9),2021-05-06T06:05:09.831Z,歩行,あ,false,115.10000000000001,118.9,-35.6,-0.30000000000000004,-7.5,-4,2.1,-15.100000000000001,-0.7000000000000001,174.5,-79.1,-130.6
Chrome Mobile,90.0.4430.82,Asus X01AD,Asus,Blink,[object Object],Chrome Mobile 90.0.4430.82 on Asus X01AD (Android 9),2021-05-06T06:05:10.031Z,歩行,あ,false,87.9,106.80000000000001,-8.5,0,-3.5,-5.5,0.30000000000000004,-10.600000000000001,-3.4000000000000004,-217.10000000000002,26.6,245.70000000000005
Chrome Mobile,90.0.4430.82,Asus X01AD,Asus,Blink,[object Object],Chrome Mobile 90.0.4430.82 on Asus X01AD (Android 9),2021-05-06T06:05:10.232Z,歩行,あ,false,15.9,98.2,65.4,7.4,10.9,5.1000000000000005,6.2,1.8,5.6000000000000005,195.5,8,-249.5
Chrome Mobile,90.0.4430.82,Asus X01AD,Asus,Blink,[object Object],Chrome Mobile 90.0.4430.82 on Asus X01AD (Android 9),2021-05-06T06:05:10.432Z,歩行,あ,false,120.7,126.5,-37.800000000000004,-1.5,-9.5,1.7000000000000002,1.4000000000000001,-15.9,5.5,-0.7,1.9,57.49999999999999
Chrome Mobile,90.0.4430.82,Asus X01AD,Asus,Blink,[object Object],Chrome Mobile 90.0.4430.82 on Asus X01AD (Android 9),2021-05-06T06:05:10.639Z,歩行,あ,false,159.60000000000002,73.7,-81.30000000000001,21.1,39.1,21.700000000000003,18.900000000000002,31.6,21.400000000000002,-239.6,54.1,185.5
Chrome Mobile,90.0.4430.82,Asus X01AD,Asus,Blink,[object Object],Chrome Mobile 90.0.4430.82 on Asus X01AD (Android 9),2021-05-06T06:05:10.844Z,歩行,あ,false,119.80000000000001,118.10000000000001,-33.5,-0.6000000000000001,-6.7,7,1.3,-14.5,10.100000000000001,214.00000000000003,-23.2,-212.1
Chrome Mobile,90.0.4430.82,Asus X01AD,Asus,Blink,[object Object],Chrome Mobile 90.0.4430.82 on Asus X01AD (Android 9),2021-05-06T06:05:11.045Z,歩行,あ,false,88.4,113.10000000000001,-5,1.2000000000000002,-4.9,0.9,1.5,-11.5,3.8000000000000003,-206.3,-1.8000000000000003,250.00000000000003
Chrome Mobile,90.0.4430.82,Asus X01AD,Asus,Blink,[object Object],Chrome Mobile 90.0.4430.82 on Asus X01AD (Android 9),2021-05-06T06:05:11.246Z,歩行,あ,false,15.8,105.2,67.2,11.200000000000001,15,5.300000000000001,9,6.300000000000001,6.2,133.9,3.1,-249.90000000000003
Chrome Mobile,90.0.4430.82,Asus X01AD,Asus,Blink,[object Object],Chrome Mobile 90.0.4430.82 on Asus X01AD (Android 9),2021-05-06T06:05:11.447Z,歩行,あ,false,120,121.80000000000001,-27.8,-4.4,-11.5,2.2,-2.4000000000000004,-18.2,5.9,-28.1,18.1,6.4
Chrome Mobile,90.0.4430.82,Asus X01AD,Asus,Blink,[object Object],Chrome Mobile 90.0.4430.82 on Asus X01AD (Android 9),2021-05-06T06:05:11.648Z,歩行,あ,false,353.20000000000005,109.9,86.5,23,32.4,32.9,20.5,25.5,33.1,-250.00000000000003,14.600000000000001,247.9
Chrome Mobile,90.0.4430.82,Asus X01AD,Asus,Blink,[object Object],Chrome Mobile 90.0.4430.82 on Asus X01AD (Android 9),2021-05-06T06:05:11.848Z,歩行,あ,false,90.4,108.9,-3,1.8,-11.4,5.6000000000000005,1.9000000000000001,-19.5,8.3,249.5,-93.49999999999999,-236.20000000000002
Chrome Mobile,90.0.4430.82,Asus X01AD,Asus,Blink,[object Object],Chrome Mobile 90.0.4430.82 on Asus X01AD (Android 9),2021-05-06T06:05:12.049Z,歩行,あ,false,86.2,116.2,-1.2000000000000002,-0.6000000000000001,-4.1000000000000005,-1.3,-0.5,-10.4,1.9000000000000001,-136.4,24.200000000000003,202.1
Chrome Mobile,90.0.4430.82,Asus X01AD,Asus,Blink,[object Object],Chrome Mobile 90.0.4430.82 on Asus X01AD (Android 9),2021-05-06T06:05:12.250Z,歩行,あ,false,170.10000000000002,66.3,-86.10000000000001,13.200000000000001,27.900000000000002,-4.1000000000000005,9.700000000000001,19.900000000000002,-4.4,250.00000000000003,-13.100000000000001,-175.79999999999998
Chrome Mobile,90.0.4430.82,Asus X01AD,Asus,Blink,[object Object],Chrome Mobile 90.0.4430.82 on Asus X01AD (Android 9),2021-05-06T06:05:12.450Z,歩行,あ,false,109.2,120.80000000000001,-24.200000000000003,-0.2,-11.700000000000001,-3.8000000000000003,1.5,-18.6,0,1.3,70.5,-104.7
Chrome Mobile,90.0.4430.82,Asus X01AD,Asus,Blink,[object Object],Chrome Mobile 90.0.4430.82 on Asus X01AD (Android 9),2021-05-06T06:05:12.653Z,歩行,あ,false,32.800000000000004,106,44.300000000000004,18.3,13.600000000000001,1.6,16.900000000000002,6.800000000000001,3,-249.4,-25,250.10000000000002
Chrome Mobile,90.0.4430.82,Asus X01AD,Asus,Blink,[object Object],Chrome Mobile 90.0.4430.82 on Asus X01AD (Android 9),2021-05-06T06:05:12.854Z,歩行,あ,false,78,103.30000000000001,4.2,-0.6000000000000001,-1.8,12.100000000000001,-0.7000000000000001,-10.3,14.100000000000001,250.00000000000003,-26.6,-249.90000000000003
Chrome Mobile,90.0.4430.82,Asus X01AD,Asus,Blink,[object Object],Chrome Mobile 90.0.4430.82 on Asus X01AD (Android 9),2021-05-06T06:05:13.055Z,歩行,あ,false,106.9,126,-20.400000000000002,-1.1,-9.5,-1.6,0.5,-15.600000000000001,2.6,-82.3,51.2,111.20000000000002
Chrome Mobile,90.0.4430.82,Asus X01AD,Asus,Blink,[object Object],Chrome Mobile 90.0.4430.82 on Asus X01AD (Android 9),2021-05-06T06:05:13.256Z,歩行,あ,false,157.10000000000002,63.300000000000004,-78.60000000000001,22.6,39,15.4,19.3,32.2,14.700000000000001,-153.60000000000002,11.1,138.6
Chrome Mobile,90.0.4430.82,Asus X01AD,Asus,Blink,[object Object],Chrome Mobile 90.0.4430.82 on Asus X01AD (Android 9),2021-05-06T06:05:13.457Z,歩行,あ,false,106.9,115.4,-21.700000000000003,0.30000000000000004,-5.6000000000000005,-0.9,1.6,-13.200000000000001,2.5,246.00000000000003,-65.7,-199.1
Chrome Mobile,90.0.4430.82,Asus X01AD,Asus,Blink,[object Object],Chrome Mobile 90.0.4430.82 on Asus X01AD (Android 9),2021-05-06T06:05:13.658Z,歩行,あ,false,107.80000000000001,117.7,-23.400000000000002,-1.6,-4.3,-2,-0.2,-10.8,1.1,-122.90000000000002,19.6,223.70000000000002
Chrome Mobile,90.0.4430.82,Asus X01AD,Asus,Blink,[object Object],Chrome Mobile 90.0.4430.82 on Asus X01AD (Android 9),2021-05-06T06:05:13.859Z,歩行,あ,false,153.3,70.3,-70.7,15.8,32.4,4.3,13.100000000000001,24.200000000000003,3.4000000000000004,250.00000000000003,-45.3,-133.3
Chrome Mobile,90.0.4430.82,Asus X01AD,Asus,Blink,[object Object],Chrome Mobile 90.0.4430.82 on Asus X01AD (Android 9),2021-05-06T06:05:14.060Z,歩行,あ,false,116.60000000000001,123.7,-33.4,-1,-6.6000000000000005,2.9000000000000004,1.4000000000000001,-13.4,6.7,13.3,30.5,-57.699999999999996
Chrome Mobile,90.0.4430.82,Asus X01AD,Asus,Blink,[object Object],Chrome Mobile 90.0.4430.82 on Asus X01AD (Android 9),2021-05-06T06:05:14.261Z,歩行,あ,false,79.4,108,2.8000000000000003,-3.4000000000000004,0.4,-5.800000000000001,-3.5,-6.4,-3.6,-250.00000000000003,80.2,193.1
Chrome Mobile,90.0.4430.82,Asus X01AD,Asus,Blink,[object Object],Chrome Mobile 90.0.4430.82 on Asus X01AD (Android 9),2021-05-06T06:05:14.462Z,歩行,あ,false,52.300000000000004,97.2,36.5,3.6,2.8000000000000003,13.3,2.9000000000000004,-6.1000000000000005,14.200000000000001,183.10000000000002,19.799999999999997,-249.90000000000003
Chrome Mobile,90.0.4430.82,Asus X01AD,Asus,Blink,[object Object],Chrome Mobile 90.0.4430.82 on Asus X01AD (Android 9),2021-05-06T06:05:14.663Z,歩行,あ,false,117.30000000000001,127.80000000000001,-33.1,0.2,-8.6,-0.6000000000000001,2.7,-14.700000000000001,3.3000000000000003,18.6,1.6,89.10000000000001
Chrome Mobile,90.0.4430.82,Asus X01AD,Asus,Blink,[object Object],Chrome Mobile 90.0.4430.82 on Asus X01AD (Android 9),2021-05-06T06:05:14.869Z,歩行,あ,false,158.3,70.4,-81.10000000000001,14,39,21.400000000000002,11.4,31.6,21,-232.8,65.8,140.4
Chrome Mobile,90.0.4430.82,Asus X01AD,Asus,Blink,[object Object],Chrome Mobile 90.0.4430.82 on Asus X01AD (Android 9),2021-05-06T06:05:15.069Z,歩行,あ,false,118.10000000000001,109.4,-34.9,0.7000000000000001,-8.9,10.3,2.3000000000000003,-16.900000000000002,12.600000000000001,216.6,0.30000000000000004,-246.8
Chrome Mobile,90.0.4430.82,Asus X01AD,Asus,Blink,[object Object],Chrome Mobile 90.0.4430.82 on Asus X01AD (Android 9),2021-05-06T06:05:15.270Z,歩行,あ,false,98.9,120.5,-19,-3.5,-7.7,-7.2,-2.3000000000000003,-13.9,-3.7,-104.10000000000001,6.699999999999999,235
Chrome Mobile,90.0.4430.82,Asus X01AD,Asus,Blink,[object Object],Chrome Mobile 90.0.4430.82 on Asus X01AD (Android 9),2021-05-06T06:05:15.470Z,歩行,あ,false,357.20000000000005,107.80000000000001,81.7,13.600000000000001,23.6,-11,11,15.3,-10.600000000000001,250.00000000000003,8.8,-234.30000000000004
Chrome Mobile,90.0.4430.82,Asus X01AD,Asus,Blink,[object Object],Chrome Mobile 90.0.4430.82 on Asus X01AD (Android 9),2021-05-06T06:05:15.671Z,歩行,あ,false,120.7,127.10000000000001,-41.300000000000004,-2.4000000000000004,-11.9,2.7,0.7000000000000001,-18.2,6.300000000000001,-64.50000000000001,19,-46.9
Chrome Mobile,90.0.4430.82,Asus X01AD,Asus,Blink,[object Object],Chrome Mobile 90.0.4430.82 on Asus X01AD (Android 9),2021-05-06T06:05:15.872Z,歩行,あ,false,35.7,100.10000000000001,37,11.100000000000001,21,6.800000000000001,10.3,14,7.800000000000001,-249.4,9.2,250.10000000000002
Chrome Mobile,90.0.4430.82,Asus X01AD,Asus,Blink,[object Object],Chrome Mobile 90.0.4430.82 on Asus X01AD (Android 9),2021-05-06T06:05:16.072Z,歩行,あ,false,102.4,103.5,-21.200000000000003,0.9,-3.3000000000000003,14.3,1.6,-11.700000000000001,16.2,248.4,-36.300000000000004,-249.90000000000003
Chrome Mobile,90.0.4430.82,Asus X01AD,Asus,Blink,[object Object],Chrome Mobile 90.0.4430.82 on Asus X01AD (Android 9),2021-05-06T06:05:16.273Z,歩行,あ,false,120.30000000000001,123.7,-40.1,-1.5,-8.8,2.3000000000000003,1.1,-14.9,5.4,-41.300000000000004,12.100000000000001,105.4
Chrome Mobile,90.0.4430.82,Asus X01AD,Asus,Blink,[object Object],Chrome Mobile 90.0.4430.82 on Asus X01AD (Android 9),2021-05-06T06:05:16.473Z,歩行,あ,false,140.6,65.60000000000001,-65.60000000000001,23.900000000000002,39.1,16.400000000000002,21,31.900000000000002,15,-53.2,59.1,114.3
Chrome Mobile,90.0.4430.82,Asus X01AD,Asus,Blink,[object Object],Chrome Mobile 90.0.4430.82 on Asus X01AD (Android 9),2021-05-06T06:05:16.679Z,歩行,あ,false,114.4,116.30000000000001,-36.1,1.9000000000000001,-8.1,-2,4.1000000000000005,-15.600000000000001,1,207.79999999999998,-33,-187.10000000000002
Chrome Mobile,90.0.4430.82,Asus X01AD,Asus,Blink,[object Object],Chrome Mobile 90.0.4430.82 on Asus X01AD (Android 9),2021-05-06T06:05:16.879Z,歩行,あ,false,100.4,113.10000000000001,-23,1.9000000000000001,-3.2,-6.2,2.9000000000000004,-9.600000000000001,-3.6,-113.2,23.900000000000006,250.10000000000002
Chrome Mobile,90.0.4430.82,Asus X01AD,Asus,Blink,[object Object],Chrome Mobile 90.0.4430.82 on Asus X01AD (Android 9),2021-05-06T06:05:17.080Z,歩行,あ,false,65.4,99.10000000000001,13.600000000000001,5.800000000000001,13.200000000000001,-1.1,5.2,4.7,0.1,132.1,-21.7,-237.90000000000003
Chrome Mobile,90.0.4430.82,Asus X01AD,Asus,Blink,[object Object],Chrome Mobile 90.0.4430.82 on Asus X01AD (Android 9),2021-05-06T06:05:17.280Z,歩行,あ,false,124.60000000000001,124.4,-42,-1.3,-7.5,0.2,1.6,-13.9,3.4000000000000004,-15.399999999999999,9.899999999999999,17.200000000000003
Chrome Mobile,90.0.4430.82,Asus X01AD,Asus,Blink,[object Object],Chrome Mobile 90.0.4430.82 on Asus X01AD (Android 9),2021-05-06T06:05:17.481Z,歩行,あ,false,155.60000000000002,75.4,-64,12.4,9.8,19.8,10.8,2.9000000000000004,19,-250.00000000000003,92.50000000000001,233.1
Chrome Mobile,90.0.4430.82,Asus X01AD,Asus,Blink,[object Object],Chrome Mobile 90.0.4430.82 on Asus X01AD (Android 9),2021-05-06T06:05:17.682Z,歩行,あ,false,135.20000000000002,42.800000000000004,-23.700000000000003,-0.1,4.3,10.700000000000001,-2.5,-1.1,5.300000000000001,-20.900000000000002,55.5,21.300000000000004
Chrome Mobile,90.0.4430.82,Asus X01AD,Asus,Blink,[object Object],Chrome Mobile 90.0.4430.82 on Asus X01AD (Android 9),2021-05-06T06:05:17.888Z,歩行,あ,false,138.5,42.1,-21.900000000000002,0.30000000000000004,3.9000000000000004,6.2,-1.9000000000000001,-1.5,0.6000000000000001,3.4,-1.2000000000000002,-9