platform_name,platform_version,platform_product,platform_manufacturer,platform_layout,platform_os,platform_description,date,label,s_movement,do_absolute,do_alpha,do_beta,do_gamma,acc_g_x,acc_g_y,acc_g_z,acc_x,acc_y,acc_z,rot_alpha,rot_beta,rot_gamma
Chrome Mobile,90.0.4430.82,Asus X01AD,Asus,Blink,[object Object],Chrome Mobile 90.0.4430.82 on Asus X01AD (Android 9),2021-05-06T05:53:18.739Z,寝る,あ,false,54.6,19.5,-10.700000000000001,2.8000000000000003,2.6,8.200000000000001,1,-0.7000000000000001,-1,5.2,-25.300000000000004,2.2
Chrome Mobile,90.0.4430.82,Asus X01AD,Asus,Blink,[object Object],Chrome Mobile 90.0.4430.82 on Asus X01AD (Android 9),2021-05-06T05:53:18.940Z,寝る,あ,false,32.7,69.60000000000001,-1.1,-1.2000000000000002,10,6.300000000000001,-1.2000000000000002,0.7000000000000001,2.9000000000000004,40.2,194.5,-14.5
Chrome Mobile,90.0.4430.82,Asus X01AD,Asus,Blink,[object Object],Chrome Mobile 90.0.4430.82 on Asus X01AD (Android 9),2021-05-06T05:53:19.141Z,寝る,あ,false,36.2,70.3,20.700000000000003,10.9,8.9,3.9000000000000004,12,-0.4,0.8,-54.9,25.7,-41.50000000000001
Chrome Mobile,90.0.4430.82,Asus X01AD,Asus,Blink,[object Object],Chrome Mobile 90.0.4430.82 on Asus X01AD (Android 9),2021-05-06T05:53:19.342Z,寝る,あ,false,43.400000000000006,71.3,-15.5,-8.6,6.300000000000001,6.300000000000001,-9.5,-3,3.3000000000000003,-1.9,-248.4,48.800000000000004
Chrome Mobile,90.0.4430.82,Asus X01AD,Asus,Blink,[object Object],Chrome Mobile 90.0.4430.82 on Asus X01AD (Android 9),2021-05-06T05:53:19.542Z,寝る,あ,false,34.2,67.5,-1,-4.5,10.8,8.3,-4.5,1.7000000000000002,4.5,3.9,249.6,-34.7
Chrome Mobile,90.0.4430.82,Asus X01AD,Asus,Blink,[object Object],Chrome Mobile 90.0.4430.82 on Asus X01AD (Android 9),2021-05-06T05:53:19.743Z,寝る,あ,false,41.6,72.4,31.200000000000003,18.900000000000002,10.100000000000001,2.2,20.5,0.7000000000000001,-0.30000000000000004,22.3,25.200000000000003,17.9
Chrome Mobile,90.0.4430.82,Asus X01AD,Asus,Blink,[object Object],Chrome Mobile 90.0.4430.82 on Asus X01AD (Android 9),2021-05-06T05:53:19.944Z,寝る,あ,false,98.2,79.7,-54.300000000000004,-1.7000000000000002,9.200000000000001,4.3,-3.1,-0.4,3.3000000000000003,-46.800000000000004,-239.79999999999998,59.300000000000004
Chrome Mobile,90.0.4430.82,Asus X01AD,Asus,Blink,[object Object],Chrome Mobile 90.0.4430.82 on Asus X01AD (Android 9),2021-05-06T05:53:20.145Z,寝る,あ,false,68.8,75,-48,-13.3,9.3,6.5,-15.200000000000001,-0.1,4.800000000000001,8.100000000000001,163.7,-48.50000000000001
Chrome Mobile,90.0.4430.82,Asus X01AD,Asus,Blink,[object Object],Chrome Mobile 90.0.4430.82 on Asus X01AD (Android 9),2021-05-06T05:53:20.349Z,寝る,あ,false,30.900000000000002,71.8,40.2,11.200000000000001,9.4,8.700000000000001,13.200000000000001,0,6.300000000000001,-21.6,249.6,-2.5
Chrome Mobile,90.0.4430.82,Asus X01AD,Asus,Blink,[object Object],Chrome Mobile 90.0.4430.82 on Asus X01AD (Android 9),2021-05-06T05:53:20.555Z,寝る,あ,false,45.6,78.30000000000001,17.1,7,9.1,7.4,7.6000000000000005,-0.4,5.6000000000000005,43.2,-243.2,38.400000000000006
Chrome Mobile,90.0.4430.82,Asus X01AD,Asus,Blink,[object Object],Chrome Mobile 90.0.4430.82 on Asus X01AD (Android 9),2021-05-06T05:53:20.756Z,寝る,あ,false,61.300000000000004,72,-51,-16.3,10.600000000000001,5.1000000000000005,-18.7,1.3,3.2,-31.5,-179.2,27.700000000000003
Chrome Mobile,90.0.4430.82,Asus X01AD,Asus,Blink,[object Object],Chrome Mobile 90.0.4430.82 on Asus X01AD (Android 9),2021-05-06T05:53:20.957Z,寝る,あ,false,22.700000000000003,75.9,17.2,-3,13.700000000000001,15,-2.3000000000000003,4.2,12.700000000000001,-7.699999999999999,249.6,-42.60000000000001
Chrome Mobile,90.0.4430.82,Asus X01AD,Asus,Blink,[object Object],Chrome Mobile 90.0.4430.82 on Asus X01AD (Android 9),2021-05-06T05:53:21.158Z,寝る,あ,false,40.800000000000004,78.60000000000001,31.200000000000003,21,8.8,-0.4,22,-0.8,-2,17.200000000000003,-26.799999999999997,3.3000000000000007
Chrome Mobile,90.0.4430.82,Asus X01AD,Asus,Blink,[object Object],Chrome Mobile 90.0.4430.82 on Asus X01AD (Android 9),2021-05-06T05:53:21.358Z,寝る,あ,false,68.7,77.30000000000001,-36.2,-8.200000000000001,11.200000000000001,10.5,-9.5,1.6,8.8,-24.7,-250.4,84.3
Chrome Mobile,90.0.4430.82,Asus X01AD,Asus,Blink,[object Object],Chrome Mobile 90.0.4430.82 on Asus X01AD (Android 9),2021-05-06T05:53:21.559Z,寝る,あ,false,60.1,75.3,-36.6,-8.200000000000001,9.5,6.4,-9.700000000000001,0.1,4.4,39.2,249.6,-58.900000000000006
Chrome Mobile,90.0.4430.82,Asus X01AD,Asus,Blink,[object Object],Chrome Mobile 90.0.4430.82 on Asus X01AD (Android 9),2021-05-06T05:53:21.760Z,寝る,あ,false,49.900000000000006,73.2,21.200000000000003,16.7,8,13.200000000000001,14.5,-1.5,10.4,-18.4,107.10000000000001,86.4
Chrome Mobile,90.0.4430.82,Asus X01AD,Asus,Blink,[object Object],Chrome Mobile 90.0.4430.82 on Asus X01AD (Android 9),2021-05-06T05:53:21.961Z,寝る,あ,false,46.800000000000004,75.9,11.700000000000001,4.2,9.1,9.1,4.7,-0.5,6.7,94.7,-250.4,-33.7
Chrome Mobile,90.0.4430.82,Asus X01AD,Asus,Blink,[object Object],Chrome Mobile 90.0.4430.82 on Asus X01AD (Android 9),2021-05-06T05:53:22.163Z,寝る,あ,false,57.400000000000006,75.8,-45.7,-17.900000000000002,8.8,1.7000000000000002,-19.700000000000003,-0.8,0,-20.3,-122.39999999999999,44.5
Chrome Mobile,90.0.4430.82,Asus X01AD,Asus,Blink,[object Object],Chrome Mobile 90.0.4430.82 on Asus X01AD (Android 9),2021-05-06T05:53:22.364Z,寝る,あ,false,26.8,77.2,14.600000000000001,-3.9000000000000004,13.3,11.200000000000001,-3.3000000000000003,3.7,9.1,-11.900000000000002,249.6,-53.7
Chrome Mobile,90.0.4430.82,Asus X01AD,Asus,Blink,[object Object],Chrome Mobile 90.0.4430.82 on Asus X01AD (Android 9),2021-05-06T05:53:22.565Z,寝る,あ,false,39.900000000000006,80.80000000000001,35.5,20.700000000000003,8.6,1.1,21.6,-1.1,-0.2,44.8,14.800000000000002,16.200000000000003
Chrome Mobile,90.0.4430.82,Asus X01AD,Asus,Blink,[object Object],Chrome Mobile 90.0.4430.82 on Asus X01AD (Android 9),2021-05-06T05:53:22.768Z,寝る,あ,false,70.9,79.4,-28.3,1.1,12.8,9.600000000000001,0.2,3.1,8,-19.700000000000003,-250.4,37.300000000000004
Chrome Mobile,90.0.4430.82,Asus X01AD,Asus,Blink,[object Object],Chrome Mobile 90.0.4430.82 on Asus X01AD (Android 9),2021-05-06T05:53:22.970Z,寝る,あ,false,64.10000000000001,71.5,-51.1,-16.7,9.3,4.4,-19.1,0,2.5,15.000000000000002,144.60000000000002,-38.2
Chrome Mobile,90.0.4430.82,Asus X01AD,Asus,Blink,[object Object],Chrome Mobile 90.0.4430.82 on Asus X01AD (Android 9),2021-05-06T05:53:23.171Z,寝る,あ,false,19,76.10000000000001,38.400000000000006,4.5,9.4,3.9000000000000004,5.9,-0.30000000000000004,2.1,-4.1,249.6,-65.10000000000001
Chrome Mobile,90.0.4430.82,Asus X01AD,Asus,Blink,[object Object],Chrome Mobile 90.0.4430.82 on Asus X01AD (Android 9),2021-05-06T05:53:23.374Z,寝る,あ,false,53,76.4,13,11.100000000000001,9.5,6.2,11.3,-0.2,4,54.300000000000004,-207.7,-7.8
Chrome Mobile,90.0.4430.82,Asus X01AD,Asus,Blink,[object Object],Chrome Mobile 90.0.4430.82 on Asus X01AD (Android 9),2021-05-06T05:53:23.576Z,寝る,あ,false,72.10000000000001,66.3,-56.800000000000004,-9.1,14.200000000000001,4.800000000000001,-12.4,5.300000000000001,2.6,-144.8,-161.9,86.4
Chrome Mobile,90.0.4430.82,Asus X01AD,Asus,Blink,[object Object],Chrome Mobile 90.0.4430.82 on Asus X01AD (Android 9),2021-05-06T05:53:23.779Z,寝る,あ,false,50.400000000000006,72.4,-11.3,1.2000000000000002,13.200000000000001,5.2,0.6000000000000001,3.8000000000000003,2.2,65.6,243.1,-81
Chrome Mobile,90.0.4430.82,Asus X01AD,Asus,Blink,[object Object],Chrome Mobile 90.0.4430.82 on Asus X01AD (Android 9),2021-05-06T05:53:23.981Z,寝る,あ,false,31.400000000000002,72,43.2,15.9,7.6000000000000005,12.8,18,-1.7000000000000002,10.600000000000001,-12.100000000000001,77.00000000000001,43.1
Chrome Mobile,90.0.4430.82,Asus X01AD,Asus,Blink,[object Object],Chrome Mobile 90.0.4430.82 on Asus X01AD (Android 9),2021-05-06T05:53:24.182Z,寝る,あ,false,54.2,76.3,-9.700000000000001,-1.9000000000000001,10.4,10.4,-2.3000000000000003,0.9,8.1,-31.400000000000002,-250.3,15.8
Chrome Mobile,90.0.4430.82,Asus X01AD,Asus,Blink,[object Object],Chrome Mobile 90.0.4430.82 on Asus X01AD (Android 9),2021-05-06T05:53:24.383Z,寝る,あ,false,52.900000000000006,67.3,-39.2,-18.1,9.700000000000001,10,-20.5,0.7000000000000001,7.1000000000000005,2.3,81,-6.9
Chrome Mobile,90.0.4430.82,Asus X01AD,Asus,Blink,[object Object],Chrome Mobile 90.0.4430.82 on Asus X01AD (Android 9),2021-05-06T05:53:24.583Z,寝る,あ,false,30.700000000000003,72.7,29.5,8.1,10.700000000000001,6,8.4,1.9000000000000001,5.9,57.800000000000004,249.6,-55.1
Chrome Mobile,90.0.4430.82,Asus X01AD,Asus,Blink,[object Object],Chrome Mobile 90.0.4430.82 on Asus X01AD (Android 9),2021-05-06T05:53:24.795Z,寝る,あ,false,50.400000000000006,76.9,21.8,11.8,8.6,7.1000000000000005,12.600000000000001,-0.9,5,-9,-76.4,-12.7
Chrome Mobile,90.0.4430.82,Asus X01AD,Asus,Blink,[object Object],Chrome Mobile 90.0.4430.82 on Asus X01AD (Android 9),2021-05-06T05:53:24.999Z,寝る,あ,false,72.10000000000001,68.10000000000001,-50.300000000000004,-9.1,12.3,4.2,-11.9,3.2,1.9000000000000001,-29.800000000000004,-250.4,148.5
Chrome Mobile,90.0.4430.82,Asus X01AD,Asus,Blink,[object Object],Chrome Mobile 90.0.4430.82 on Asus X01AD (Android 9),2021-05-06T05:53:25.200Z,寝る,あ,false,50,73.4,-14.4,-2.6,12.5,9.3,-3.3000000000000003,3,6.5,63.500000000000014,249.4,-42.1
Chrome Mobile,90.0.4430.82,Asus X01AD,Asus,Blink,[object Object],Chrome Mobile 90.0.4430.82 on Asus X01AD (Android 9),2021-05-06T05:53:25.402Z,寝る,あ,false,43,75.9,32.800000000000004,22.900000000000002,9.700000000000001,4.3,24.200000000000003,0.2,2.3000000000000003,-13.6,55.900000000000006,-9.600000000000001
Chrome Mobile,90.0.4430.82,Asus X01AD,Asus,Blink,[object Object],Chrome Mobile 90.0.4430.82 on Asus X01AD (Android 9),2021-05-06T05:53:25.603Z,寝る,あ,false,65.4,76.9,-18.2,-1.3,9.1,12.100000000000001,-2,-0.4,9.9,-43.800000000000004,-250.4,46.6
Chrome Mobile,90.0.4430.82,Asus X01AD,Asus,Blink,[object Object],Chrome Mobile 90.0.4430.82 on Asus X01AD (Android 9),2021-05-06T05:53:25.803Z,寝る,あ,false,72.8,62.7,-55.6,-11.100000000000001,17.8,11.3,-14.8,9,8.700000000000001,21.300000000000004,86.1,-25.4
Chrome Mobile,90.0.4430.82,Asus X01AD,Asus,Blink,[object Object],Chrome Mobile 90.0.4430.82 on Asus X01AD (Android 9),2021-05-06T05:53:26.005Z,寝る,あ,false,16.5,75.5,43.5,8.3,10.100000000000001,4,10,0.4,2.2,19.6,249.6,-114.3
Chrome Mobile,90.0.4430.82,Asus X01AD,Asus,Blink,[object Object],Chrome Mobile 90.0.4430.82 on Asus X01AD (Android 9),2021-05-06T05:53:26.205Z,寝る,あ,false,24.5,81.2,38.5,8.6,8.9,3,9.5,-0.7000000000000001,1.9000000000000001,-26.700000000000003,-186.6,29.500000000000004
Chrome Mobile,90.0.4430.82,Asus X01AD,Asus,Blink,[object Object],Chrome Mobile 90.0.4430.82 on Asus X01AD (Android 9),2021-05-06T05:53:26.409Z,寝る,あ,false,66.10000000000001,70.10000000000001,-49.2,-11.100000000000001,11.700000000000001,6,-13.600000000000001,2.5,3.9000000000000004,-34.7,-204.70000000000002,73.8
Chrome Mobile,90.0.4430.82,Asus X01AD,Asus,Blink,[object Object],Chrome Mobile 90.0.4430.82 on Asus X01AD (Android 9),2021-05-06T05:53:26.609Z,寝る,あ,false,43.2,73.60000000000001,1.9000000000000001,0.2,15.200000000000001,10,0.30000000000000004,5.7,7.2,-13.5,249.5,-86.89999999999999
Chrome Mobile,90.0.4430.82,Asus X01AD,Asus,Blink,[object Object],Chrome Mobile 90.0.4430.82 on Asus X01AD (Android 9),2021-05-06T05:53:26.810Z,寝る,あ,false,26.900000000000002,81,48,19.6,6.1000000000000005,-0.7000000000000001,20.700000000000003,-3.6,-1.7000000000000002,38.800000000000004,-45.400000000000006,34.2
Chrome Mobile,90.0.4430.82,Asus X01AD,Asus,Blink,[object Object],Chrome Mobile 90.0.4430.82 on Asus X01AD (Android 9),2021-05-06T05:53:27.010Z,寝る,あ,false,73.10000000000001,73.5,-37.4,-5.5,12.8,15.8,-7.2,3.5,13.600000000000001,-71.39999999999999,-250.4,97.7
Chrome Mobile,90.0.4430.82,Asus X01AD,Asus,Blink,[object Object],Chrome Mobile 90.0.4430.82 on Asus X01AD (Android 9),2021-05-06T05:53:27.211Z,寝る,あ,false,74.8,68,-50.7,-8.8,12.200000000000001,5.7,-13.100000000000001,3.3000000000000003,4,66.1,170.60000000000002,-33.9
Chrome Mobile,90.0.4430.82,Asus X01AD,Asus,Blink,[object Object],Chrome Mobile 90.0.4430.82 on Asus X01AD (Android 9),2021-05-06T05:53:27.412Z,寝る,あ,false,23,74.8,47.1,6.9,6.9,3.3000000000000003,8.8,-2.7,1.6,-43.900000000000006,249.6,-74.89999999999999
Chrome Mobile,90.0.4430.82,Asus X01AD,Asus,Blink,[object Object],Chrome Mobile 90.0.4430.82 on Asus X01AD (Android 9),2021-05-06T05:53:27.621Z,寝る,あ,false,52.800000000000004,80.60000000000001,14.100000000000001,10.9,9.200000000000001,4.800000000000001,11.3,-0.5,3.3000000000000003,44.2,-239.6,-5.1000000000000005
Chrome Mobile,90.0.4430.82,Asus X01AD,Asus,Blink,[object Object],Chrome Mobile 90.0.4430.82 on Asus X01AD (Android 9),2021-05-06T05:53:27.830Z,寝る,あ,false,67.5,70.4,-52.400000000000006,-16.900000000000002,10.600000000000001,8.5,-19.6,1.3,6.5,-23.099999999999998,-116.80000000000001,106
Chrome Mobile,90.0.4430.82,Asus X01AD,Asus,Blink,[object Object],Chrome Mobile 90.0.4430.82 on Asus X01AD (Android 9),2021-05-06T05:53:28.030Z,寝る,あ,false,57.1,75.9,-15.600000000000001,0.2,13.4,7.1000000000000005,-0.4,3.8000000000000003,4.800000000000001,27.700000000000003,249.5,-45
Chrome Mobile,90.0.4430.82,Asus X01AD,Asus,Blink,[object Object],Chrome Mobile 90.0.4430.82 on Asus X01AD (Android 9),2021-05-06T05:53:28.231Z,寝る,あ,false,24.1,78.30000000000001,54.300000000000004,17.7,6.4,8.700000000000001,19.3,-3.3000000000000003,7.5,-55.5,41.300000000000004,-57.3
Chrome Mobile,90.0.4430.82,Asus X01AD,Asus,Blink,[object Object],Chrome Mobile 90.0.4430.82 on Asus X01AD (Android 9),2021-05-06T05:53:28.432Z,寝る,あ,false,36.6,77.80000000000001,11.5,-5.300000000000001,9.200000000000001,10.600000000000001,-4.9,-0.30000000000000004,8.6,-40.6,-250.4,41.6
Chrome Mobile,90.0.4430.82,Asus X01AD,Asus,Blink,[object Object],Chrome Mobile 90.0.4430.82 on Asus X01AD (Android 9),2021-05-06T05:53:28.633Z,寝る,あ,false,58.300000000000004,70.10000000000001,-28.700000000000003,-9.4,10.100000000000001,5.2,-11,0.9,2.3000000000000003,29.400000000000002,134.00000000000003,11.4
Chrome Mobile,90.0.4430.82,Asus X01AD,Asus,Blink,[object Object],Chrome Mobile 90.0.4430.82 on Asus X01AD (Android 9),2021-05-06T05:53:28.834Z,寝る,あ,false,36,72.9,37.6,6.1000000000000005,9.200000000000001,6.5,7.800000000000001,-0.30000000000000004,4.2,-22.9,249.6,-57.9
Chrome Mobile,90.0.4430.82,Asus X01AD,Asus,Blink,[object Object],Chrome Mobile 90.0.4430.82 on Asus X01AD (Android 9),2021-05-06T05:53:29.035Z,寝る,あ,false,56.7,82.5,23.400000000000002,11.700000000000001,8.200000000000001,5.300000000000001,12.200000000000001,-1.4000000000000001,4.2,3.1,-178.8,2.2
Chrome Mobile,90.0.4430.82,Asus X01AD,Asus,Blink,[object Object],Chrome Mobile 90.0.4430.82 on Asus X01AD (Android 9),2021-05-06T05:53:29.236Z,寝る,あ,false,90,71.10000000000001,-58.7,-10.700000000000001,13.700000000000001,5.5,-13.5,4.3,3.8000000000000003,-18.1,-215.1,110.30000000000001
Chrome Mobile,90.0.4430.82,Asus X01AD,Asus,Blink,[object Object],Chrome Mobile 90.0.4430.82 on Asus X01AD (Android 9),2021-05-06T05:53:29.437Z,寝る,あ,false,69.2,77.80000000000001,-22.400000000000002,-3.1,10.700000000000001,5.1000000000000005,-3.9000000000000004,1.1,3.1,33.800000000000004,249.6,-89.9
Chrome Mobile,90.0.4430.82,Asus X01AD,Asus,Blink,[object Object],Chrome Mobile 90.0.4430.82 on Asus X01AD (Android 9),2021-05-06T05:53:29.643Z,寝る,あ,false,41.900000000000006,79.5,44.2,19.3,6.9,6.5,20.5,-2.7,5.2,13.3,-12.9,-4.2
Chrome Mobile,90.0.4430.82,Asus X01AD,Asus,Blink,[object Object],Chrome Mobile 90.0.4430.82 on Asus X01AD (Android 9),2021-05-06T05:53:29.848Z,寝る,あ,false,81.80000000000001,79,-34.9,-0.2,10.8,12.4,-1.1,1.2000000000000002,10.9,-43.70000000000001,-250.4,39
Chrome Mobile,90.0.4430.82,Asus X01AD,Asus,Blink,[object Object],Chrome Mobile 90.0.4430.82 on Asus X01AD (Android 9),2021-05-06T05:53:30.049Z,寝る,あ,false,83.7,70,-62.1,-13.700000000000001,11.5,7.2,-16.6,2.3000000000000003,5.6000000000000005,45.5,115.7,-18
Chrome Mobile,90.0.4430.82,Asus X01AD,Asus,Blink,[object Object],Chrome Mobile 90.0.4430.82 on Asus X01AD (Android 9),2021-05-06T05:53:30.250Z,寝る,あ,false,27.5,77.30000000000001,41.2,8.9,10.700000000000001,3.1,10.3,1,1.5,-14.800000000000002,249.6,-108.2
Chrome Mobile,90.0.4430.82,Asus X01AD,Asus,Blink,[object Object],Chrome Mobile 90.0.4430.82 on Asus X01AD (Android 9),2021-05-06T05:53:30.450Z,寝る,あ,false,57.800000000000004,81.2,14.9,9.5,8.200000000000001,4.6000000000000005,9.9,-1.4000000000000001,3.2,10.8,-165.6,17
Chrome Mobile,90.0.4430.82,Asus X01AD,Asus,Blink,[object Object],Chrome Mobile 90.0.4430.82 on Asus X01AD (Android 9),2021-05-06T05:53:30.651Z,寝る,あ,false,83.10000000000001,66,-50.800000000000004,-14.5,13.700000000000001,4.6000000000000005,-17.6,4.7,2,-116.1,-65.10000000000001,64.4
Chrome Mobile,90.0.4430.82,Asus X01AD,Asus,Blink,[object Object],Chrome Mobile 90.0.4430.82 on Asus X01AD (Android 9),2021-05-06T05:53:30.857Z,寝る,あ,false,66.4,77.5,-12.3,-1.2000000000000002,14.700000000000001,4.2,-1.7000000000000002,5.1000000000000005,2.2,65,211.1,-71.19999999999999
Chrome Mobile,90.0.4430.82,Asus X01AD,Asus,Blink,[object Object],Chrome Mobile 90.0.4430.82 on Asus X01AD (Android 9),2021-05-06T05:53:31.063Z,寝る,あ,false,45.900000000000006,76.80000000000001,39.400000000000006,19.900000000000002,8.700000000000001,8.200000000000001,21.3,-0.8,6.4,7.500000000000001,4.6,-4.5
Chrome Mobile,90.0.4430.82,Asus X01AD,Asus,Blink,[object Object],Chrome Mobile 90.0.4430.82 on Asus X01AD (Android 9),2021-05-06T05:53:31.265Z,寝る,あ,false,85.5,77,-36.4,-3.1,11.5,13.3,-4.4,2,11.5,-45.8,-250.4,76
Chrome Mobile,90.0.4430.82,Asus X01AD,Asus,Blink,[object Object],Chrome Mobile 90.0.4430.82 on Asus X01AD (Android 9),2021-05-06T05:53:31.466Z,寝る,あ,false,89.5,66.60000000000001,-63.400000000000006,-9.9,13.9,8,-13.3,5,6.300000000000001,79.39999999999999,167.50000000000003,-68.5
Chrome Mobile,90.0.4430.82,Asus X01AD,Asus,Blink,[object Object],Chrome Mobile 90.0.4430.82 on Asus X01AD (Android 9),2021-05-06T05:53:31.667Z,寝る,あ,false,24.1,76.80000000000001,51.1,7,8,1.5,8.700000000000001,-1.7000000000000002,0,-12.7,249.6,-100.1
Chrome Mobile,90.0.4430.82,Asus X01AD,Asus,Blink,[object Object],Chrome Mobile 90.0.4430.82 on Asus X01AD (Android 9),2021-05-06T05:53:31.872Z,寝る,あ,false,45.1,80.4,36,12.4,9.1,3.9000000000000004,13.3,-0.5,2.6,56.50000000000001,-187.50000000000003,42.3
Chrome Mobile,90.0.4430.82,Asus X01AD,Asus,Blink,[object Object],Chrome Mobile 90.0.4430.82 on Asus X01AD (Android 9),2021-05-06T05:53:32.072Z,寝る,あ,false,86.2,65.8,-57.1,-15.5,14.3,4.5,-18.8,5.300000000000001,2.3000000000000003,-62.300000000000004,-215.6,127.40000000000002
Chrome Mobile,90.0.4430.82,Asus X01AD,Asus,Blink,[object Object],Chrome Mobile 90.0.4430.82 on Asus X01AD (Android 9),2021-05-06T05:53:32.273Z,寝る,あ,false,43,79.10000000000001,5.5,-1.8,12.8,7.6000000000000005,-2.2,2.3000000000000003,4.9,-19,249.6,-142.79999999999998
Chrome Mobile,90.0.4430.82,Asus X01AD,Asus,Blink,[object Object],Chrome Mobile 90.0.4430.82 on Asus X01AD (Android 9),2021-05-06T05:53:32.474Z,寝る,あ,false,47.800000000000004,77.5,36,21.700000000000003,9.9,7.1000000000000005,23,0.30000000000000004,5.4,-34.400000000000006,11.8,-16.700000000000003
Chrome Mobile,90.0.4430.82,Asus X01AD,Asus,Blink,[object Object],Chrome Mobile 90.0.4430.82 on Asus X01AD (Android 9),2021-05-06T05:53:32.674Z,寝る,あ,false,72.7,75.3,-27.700000000000003,-7.6000000000000005,10.700000000000001,13.4,-8.8,1.2000000000000002,11.200000000000001,-36.400000000000006,-250.4,68
Chrome Mobile,90.0.4430.82,Asus X01AD,Asus,Blink,[object Object],Chrome Mobile 90.0.4430.82 on Asus X01AD (Android 9),2021-05-06T05:53:32.875Z,寝る,あ,false,82.7,72.3,-49.6,-9.3,11.9,7.5,-11.600000000000001,2.7,5.6000000000000005,59.80000000000001,205.90000000000003,-10.200000000000001
Chrome Mobile,90.0.4430.82,Asus X01AD,Asus,Blink,[object Object],Chrome Mobile 90.0.4430.82 on Asus X01AD (Android 9),2021-05-06T05:53:33.076Z,寝る,あ,false,45.300000000000004,77.4,34.6,18.900000000000002,10.100000000000001,6.800000000000001,20.1,0.4,5,68,147.4,13.5
Chrome Mobile,90.0.4430.82,Asus X01AD,Asus,Blink,[object Object],Chrome Mobile 90.0.4430.82 on Asus X01AD (Android 9),2021-05-06T05:53:33.276Z,寝る,あ,false,58.800000000000004,79.60000000000001,12.5,3.8000000000000003,6.9,9,4.1000000000000005,-2.7,7.300000000000001,32.7,-250.4,65.10000000000001
Chrome Mobile,90.0.4430.82,Asus X01AD,Asus,Blink,[object Object],Chrome Mobile 90.0.4430.82 on Asus X01AD (Android 9),2021-05-06T05:53:33.478Z,寝る,あ,false,73.7,68.8,-46.5,-21.3,13.200000000000001,7.9,-23.900000000000002,4,5.4,-11.900000000000002,-82.3,40.9
Chrome Mobile,90.0.4430.82,Asus X01AD,Asus,Blink,[object Object],Chrome Mobile 90.0.4430.82 on Asus X01AD (Android 9),2021-05-06T05:53:33.679Z,寝る,あ,false,51.300000000000004,76.7,7.5,2.9000000000000004,15.700000000000001,16.5,3.2,6,14.200000000000001,38.2,249.5,-36.6
Chrome Mobile,90.0.4430.82,Asus X01AD,Asus,Blink,[object Object],Chrome Mobile 90.0.4430.82 on Asus X01AD (Android 9),2021-05-06T05:53:33.881Z,寝る,あ,false,67.3,82.60000000000001,16.6,14.8,5.1000000000000005,3.7,15.100000000000001,-4.5,2.5,-59.300000000000004,-46.7,-56.2
Chrome Mobile,90.0.4430.82,Asus X01AD,Asus,Blink,[object Object],Chrome Mobile 90.0.4430.82 on Asus X01AD (Android 9),2021-05-06T05:53:34.083Z,寝る,あ,false,95,72.3,-55.2,-7.9,13.100000000000001,15.700000000000001,-10.3,3.6,14,40.2,-250.4,129.3
Chrome Mobile,90.0.4430.82,Asus X01AD,Asus,Blink,[object Object],Chrome Mobile 90.0.4430.82 on Asus X01AD (Android 9),2021-05-06T05:53:34.290Z,寝る,あ,false,78,75.3,-33.800000000000004,-7.1000000000000005,13.700000000000001,7.5,-8.8,4.2,5.5,40.2,249.6,-82.50000000000001
Chrome Mobile,90.0.4430.82,Asus X01AD,Asus,Blink,[object Object],Chrome Mobile 90.0.4430.82 on Asus X01AD (Android 9),2021-05-06T05:53:34.491Z,寝る,あ,false,21.200000000000003,78.7,70,17.1,6.6000000000000005,-0.30000000000000004,18.900000000000002,-3.1,-0.9,12.4,60.400000000000006,-26.700000000000003
Chrome Mobile,90.0.4430.82,Asus X01AD,Asus,Blink,[object Object],Chrome Mobile 90.0.4430.82 on Asus X01AD (Android 9),2021-05-06T05:53:34.691Z,寝る,あ,false,76,81.30000000000001,-10.4,1.5,9,11.200000000000001,1.2000000000000002,-0.6000000000000001,9.8,-20.599999999999998,-250.4,44.00000000000001
Chrome Mobile,90.0.4430.82,Asus X01AD,Asus,Blink,[object Object],Chrome Mobile 90.0.4430.82 on Asus X01AD (Android 9),2021-05-06T05:53:34.893Z,寝る,あ,false,86.7,70.10000000000001,-58.900000000000006,-23.8,11.200000000000001,6.5,-26.700000000000003,1.9000000000000001,4.800000000000001,-7.9,13.3,-95.5
Chrome Mobile,90.0.4430.82,Asus X01AD,Asus,Blink,[object Object],Chrome Mobile 90.0.4430.82 on Asus X01AD (Android 9),2021-05-06T05:53:35.094Z,寝る,あ,false,47.800000000000004,76.5,19.8,4.3,10,8,5.1000000000000005,0.30000000000000004,5.800000000000001,18.8,249.6,-79.00000000000001
Chrome Mobile,90.0.4430.82,Asus X01AD,Asus,Blink,[object Object],Chrome Mobile 90.0.4430.82 on Asus X01AD (Android 9),2021-05-06T05:53:35.294Z,寝る,あ,false,62.400000000000006,73.7,32.9,13,8.1,8.5,14.600000000000001,-1.4000000000000001,6.2,44.6,8.2,-24.8
Chrome Mobile,90.0.4430.82,Asus X01AD,Asus,Blink,[object Object],Chrome Mobile 90.0.4430.82 on Asus X01AD (Android 9),2021-05-06T05:53:35.495Z,寝る,あ,false,76.3,75.3,-24.8,-6.2,8.5,9.8,-7.300000000000001,-1.1,7.6000000000000005,-60.6,-250.4,55.5
Chrome Mobile,90.0.4430.82,Asus X01AD,Asus,Blink,[object Object],Chrome Mobile 90.0.4430.82 on Asus X01AD (Android 9),2021-05-06T05:53:35.696Z,寝る,あ,false,69,67,-33.4,-10.200000000000001,11.8,7.2,-12.3,2.8000000000000003,4,28.200000000000003,176.20000000000002,-9.700000000000001
Chrome Mobile,90.0.4430.82,Asus X01AD,Asus,Blink,[object Object],Chrome Mobile 90.0.4430.82 on Asus X01AD (Android 9),2021-05-06T05:53:35.897Z,寝る,あ,false,41.800000000000004,70.8,37.4,8,8,6,8.8,-1.2000000000000002,3.5,15.5,249.6,-41.900000000000006
Chrome Mobile,90.0.4430.82,Asus X01AD,Asus,Blink,[object Object],Chrome Mobile 90.0.4430.82 on Asus X01AD (Android 9),2021-05-06T05:53:36.098Z,寝る,あ,false,70.5,84.2,10.3,10.8,8.200000000000001,1.5,11,-1.5,0.5,-5.300000000000001,-216.79999999999998,19.300000000000004
Chrome Mobile,90.0.4430.82,Asus X01AD,Asus,Blink,[object Object],Chrome Mobile 90.0.4430.82 on Asus X01AD (Android 9),2021-05-06T05:53:36.299Z,寝る,あ,false,80.80000000000001,67.7,-47.5,-15.100000000000001,13,7.800000000000001,-17.8,3.9000000000000004,5.300000000000001,-69.5,-160.10000000000002,75.5
Chrome Mobile,90.0.4430.82,Asus X01AD,Asus,Blink,[object Object],Chrome Mobile 90.0.4430.82 on Asus X01AD (Android 9),2021-05-06T05:53:36.500Z,寝る,あ,false,60.400000000000006,70,5.2,1.2000000000000002,14.4,14.5,1.5,5.1000000000000005,11.100000000000001,37.800000000000004,249.6,11.6
Chrome Mobile,90.0.4430.82,Asus X01AD,Asus,Blink,[object Object],Chrome Mobile 90.0.4430.82 on Asus X01AD (Android 9),2021-05-06T05:53:36.700Z,寝る,あ,false,44.5,79.2,45.6,13.200000000000001,6,1.4000000000000001,14.5,-3.7,0.2,49.4,-31.9,3.2
Chrome Mobile,90.0.4430.82,Asus X01AD,Asus,Blink,[object Object],Chrome Mobile 90.0.4430.82 on Asus X01AD (Android 9),2021-05-06T05:53:36.907Z,寝る,あ,false,90.9,69.9,-44.800000000000004,-8.6,11.3,12.100000000000001,-11,2.1,9.700000000000001,-63.500000000000014,-250.4,84.1
Chrome Mobile,90.0.4430.82,Asus X01AD,Asus,Blink,[object Object],Chrome Mobile 90.0.4430.82 on Asus X01AD (Android 9),2021-05-06T05:53:37.114Z,寝る,あ,false,87.30000000000001,73.4,-36.800000000000004,-3.9000000000000004,12.4,5.7,-5.6000000000000005,3.1,3.4000000000000004,22.3,249.6,-90.9
Chrome Mobile,90.0.4430.82,Asus X01AD,Asus,Blink,[object Object],Chrome Mobile 90.0.4430.82 on Asus X01AD (Android 9),2021-05-06T05:53:37.314Z,寝る,あ,false,54,81.4,31.400000000000002,23,5.7,-0.5,23.700000000000003,-4.1000000000000005,-1.8,143.9,-4.1,67.4
Chrome Mobile,90.0.4430.82,Asus X01AD,Asus,Blink,[object Object],Chrome Mobile 90.0.4430.82 on Asus X01AD (Android 9),2021-05-06T05:53:37.517Z,寝る,あ,false,105.7,76,-45.900000000000006,0.5,8.700000000000001,6.7,-1.2000000000000002,-0.8,5.1000000000000005,-77.1,-204,17.200000000000003
Chrome Mobile,90.0.4430.82,Asus X01AD,Asus,Blink,[object Object],Chrome Mobile 90.0.4430.82 on Asus X01AD (Android 9),2021-05-06T05:53:37.717Z,寝る,あ,false,83.2,61.5,-50.800000000000004,-15.100000000000001,15.600000000000001,10.4,-18.7,7,7.5,-45.6,101.4,-64.60000000000001
Chrome Mobile,90.0.4430.82,Asus X01AD,Asus,Blink,[object Object],Chrome Mobile 90.0.4430.82 on Asus X01AD (Android 9),2021-05-06T05:53:37.918Z,寝る,あ,false,64.5,75.9,8.9,14.9,5.7,4.7,15.200000000000001,-4.1000000000000005,2.3000000000000003,148.3,233,-45.7
Chrome Mobile,90.0.4430.82,Asus X01AD,Asus,Blink,[object Object],Chrome Mobile 90.0.4430.82 on Asus X01AD (Android 9),2021-05-06T05:53:38.119Z,寝る,あ,false,72.2,79.60000000000001,7.800000000000001,9.600000000000001,8.5,4.5,9.8,-1.1,2.7,46.6,-226.4,0.1
Chrome Mobile,90.0.4430.82,Asus X01AD,Asus,Blink,[object Object],Chrome Mobile 90.0.4430.82 on Asus X01AD (Android 9),2021-05-06T05:53:38.320Z,寝る,あ,false,61,68.10000000000001,-30.200000000000003,-14.100000000000001,12.100000000000001,12,-16,2.9000000000000004,8.8,-22.000000000000004,-225.70000000000002,54
Chrome Mobile,90.0.4430.82,Asus X01AD,Asus,Blink,[object Object],Chrome Mobile 90.0.4430.82 on Asus X01AD (Android 9),2021-05-06T05:53:38.522Z,寝る,あ,false,70.7,70.5,-19.400000000000002,-2.8000000000000003,10.5,7.4,-4,1.4000000000000001,4.4,44.2,205.7,12.8
Chrome Mobile,90.0.4430.82,Asus X01AD,Asus,Blink,[object Object],Chrome Mobile 90.0.4430.82 on Asus X01AD (Android 9),2021-05-06T05:53:38.723Z,寝る,あ,false,79.60000000000001,80.5,2.5,19.200000000000003,4.4,4.6000000000000005,19.200000000000003,-5.300000000000001,3,-40.1,22.1,8.8
Chrome Mobile,90.0.4430.82,Asus X01AD,Asus,Blink,[object Object],Chrome Mobile 90.0.4430.82 on Asus X01AD (Android 9),2021-05-06T05:53:38.924Z,寝る,あ,false,85.60000000000001,72.10000000000001,-38.300000000000004,-1.9000000000000001,10.700000000000001,13.9,-3.7,1.4000000000000001,11.600000000000001,-64,-236.80000000000004,-3
Chrome Mobile,90.0.4430.82,Asus X01AD,Asus,Blink,[object Object],Chrome Mobile 90.0.4430.82 on Asus X01AD (Android 9),2021-05-06T05:53:39.125Z,寝る,あ,false,53.300000000000004,75.5,-4.2,-7.2,8.3,-0.30000000000000004,-7.4,-1.1,-2.8000000000000003,14,182.8,-1.3
Chrome Mobile,90.0.4430.82,Asus X01AD,Asus,Blink,[object Object],Chrome Mobile 90.0.4430.82 on Asus X01AD (Android 9),2021-05-06T05:53:39.327Z,寝る,あ,false,58.2,74.3,33.7,14.700000000000001,10,8.1,15.200000000000001,-0.8,5.9,12.100000000000001,123.00000000000001,60.7
Chrome Mobile,90.0.4430.82,Asus X01AD,Asus,Blink,[object Object],Chrome Mobile 90.0.4430.82 on Asus X01AD (Android 9),2021-05-06T05:53:39.528Z,寝る,あ,false,52.6,78.7,24.3,3.3000000000000003,8.1,3.8000000000000003,4.1000000000000005,-1.4000000000000001,2,5.8,-216.4,-52.80000000000001
Chrome Mobile,90.0.4430.82,Asus X01AD,Asus,Blink,[object Object],Chrome Mobile 90.0.4430.82 on Asus X01AD (Android 9),2021-05-06T05:53:39.729Z,寝る,あ,false,54.800000000000004,73,-23,-10.8,10.4,5.4,-11.9,1.1,2.8000000000000003,-35.3,-142.79999999999998,30.200000000000003
Chrome Mobile,90.0.4430.82,Asus X01AD,Asus,Blink,[object Object],Chrome Mobile 90.0.4430.82 on Asus X01AD (Android 9),2021-05-06T05:53:39.932Z,寝る,あ,false,38.1,71.2,16.5,-1.7000000000000002,8.3,10.3,-0.8,-0.9,7.2,-13.700000000000001,222.5,43.4
Chrome Mobile,90.0.4430.82,Asus X01AD,Asus,Blink,[object Object],Chrome Mobile 90.0.4430.82 on Asus X01AD (Android 9),2021-05-06T05:53:40.141Z,寝る,あ,false,66.9,77.5,16.7,16.900000000000002,9.8,3.9000000000000004,17.5,0.1,1.8,87.89999999999999,42.1,-43.2
Chrome Mobile,90.0.4430.82,Asus X01AD,Asus,Blink,[object Object],Chrome Mobile 90.0.4430.82 on Asus X01AD (Android 9),2021-05-06T05:53:40.343Z,寝る,あ,false,104.9,79,-57.400000000000006,-0.5,7.300000000000001,4.4,-2.1,-2.1,3.4000000000000004,-51.300000000000004,-249.6,96.1
Chrome Mobile,90.0.4430.82,Asus X01AD,Asus,Blink,[object Object],Chrome Mobile 90.0.4430.82 on Asus X01AD (Android 9),2021-05-06T05:53:40.544Z,寝る,あ,false,40.2,73.3,1.4000000000000001,-7.9,9.3,6.4,-7.800000000000001,-0.2,3.6,89.9,168.6,18.700000000000003
Chrome Mobile,90.0.4430.82,Asus X01AD,Asus,Blink,[object Object],Chrome Mobile 90.0.4430.82 on Asus X01AD (Android 9),2021-05-06T05:53:40.744Z,寝る,あ,false,44.2,75.8,39.800000000000004,12,12.200000000000001,10,13.600000000000001,2.8000000000000003,8.200000000000001,34,65.8,43.2
Chrome Mobile,90.0.4430.82,Asus X01AD,Asus,Blink,[object Object],Chrome Mobile 90.0.4430.82 on Asus X01AD (Android 9),2021-05-06T05:53:40.945Z,寝る,あ,false,77.7,86.60000000000001,-12.100000000000001,-1,8,3.5,0.6000000000000001,-2,2.7,32.2,-214.00000000000003,64
Chrome Mobile,90.0.4430.82,Asus X01AD,Asus,Blink,[object Object],Chrome Mobile 90.0.4430.82 on Asus X01AD (Android 9),2021-05-06T05:53:41.146Z,寝る,あ,false,86.4,68.10000000000001,-60.2,-11.600000000000001,12.8,6.800000000000001,-14.700000000000001,3.8000000000000003,5,-144.4,-33.800000000000004,-14.5
Chrome Mobile,90.0.4430.82,Asus X01AD,Asus,Blink,[object Object],Chrome Mobile 90.0.4430.82 on Asus X01AD (Android 9),2021-05-06T05:53:41.347Z,寝る,あ,false,59.400000000000006,76,-2.4000000000000004,-1,8.6,9.700000000000001,-1.1,-0.9,7.4,25.7,249.5,-29.900000000000006
Chrome Mobile,90.0.4430.82,Asus X01AD,Asus,Blink,[object Object],Chrome Mobile 90.0.4430.82 on Asus X01AD (Android 9),2021-05-06T05:53:41.548Z,寝る,あ,false,64.8,75.3,20,18.2,10.3,8.1,19,0.8,5.7,38.400000000000006,11.4,-18.1
Chrome Mobile,90.0.4430.82,Asus X01AD,Asus,Blink,[object Object],Chrome Mobile 90.0.4430.82 on Asus X01AD (Android 9),2021-05-06T05:53:41.751Z,寝る,あ,false,87.4,80.4,-24.5,-3.2,5.7,5,-5.6000000000000005,-4.6000000000000005,5,-114.9,-96.20000000000002,24.400000000000002
Chrome Mobile,90.0.4430.82,Asus X01AD,Asus,Blink,[object Object],Chrome Mobile 90.0.4430.82 on Asus X01AD (Android 9),2021-05-06T05:53:41.957Z,寝る,あ,false,50.300000000000004,69.9,-11.5,-15.700000000000001,10.5,7.800000000000001,-16.400000000000002,1.4000000000000001,4.5,64.60000000000001,143.1,-38.7
Chrome Mobile,90.0.4430.82,Asus X01AD,Asus,Blink,[object Object],Chrome Mobile 90.0.4430.82 on Asus X01AD (Android 9),2021-05-06T05:53:42.162Z,寝る,あ,false,49.900000000000006,71.9,31.400000000000002,6.800000000000001,10.700000000000001,16.1,8.4,1.5,13.5,-117,155.60000000000002,-16.4
Chrome Mobile,90.0.4430.82,Asus X01AD,Asus,Blink,[object Object],Chrome Mobile 90.0.4430.82 on Asus X01AD (Android 9),2021-05-06T05:53:42.362Z,寝る,あ,false,62.900000000000006,85,11.3,3.3000000000000003,7.9,2.8000000000000003,3.5,-1.8,1.9000000000000001,45,-195.20000000000002,41.50000000000001
Chrome Mobile,90.0.4430.82,Asus X01AD,Asus,Blink,[object Object],Chrome Mobile 90.0.4430.82 on Asus X01AD (Android 9),2021-05-06T05:53:42.564Z,寝る,あ,false,93.10000000000001,72,-63.300000000000004,-12.8,15.3,2.2,-15.5,6.1000000000000005,0.9,-113.3,-92.10000000000001,7.8
Chrome Mobile,90.0.4430.82,Asus X01AD,Asus,Blink,[object Object],Chrome Mobile 90.0.4430.82 on Asus X01AD (Android 9),2021-05-06T05:53:42.765Z,寝る,あ,false,88.60000000000001,82.60000000000001,-31,3.6,10.100000000000001,3.4000000000000004,3,0.4,2.4000000000000004,26.6,245.59999999999997,-67.2
Chrome Mobile,90.0.4430.82,Asus X01AD,Asus,Blink,[object Object],Chrome Mobile 90.0.4430.82 on Asus X01AD (Android 9),2021-05-06T05:53:42.976Z,寝る,あ,false,57.2,78.80000000000001,28,17,9.3,7.4,17.900000000000002,-0.2,5.800000000000001,-20.7,-9.700000000000001,-27.099999999999998
Chrome Mobile,90.0.4430.82,Asus X01AD,Asus,Blink,[object Object],Chrome Mobile 90.0.4430.82 on Asus X01AD (Android 9),2021-05-06T05:53:43.184Z,寝る,あ,false,109.5,75.8,-64.5,-3.2,9.3,8.5,-5.300000000000001,-0.1,7.5,-42.900000000000006,-219.9,104.10000000000001
Chrome Mobile,90.0.4430.82,Asus X01AD,Asus,Blink,[object Object],Chrome Mobile 90.0.4430.82 on Asus X01AD (Android 9),2021-05-06T05:53:43.385Z,寝る,あ,false,98.60000000000001,76.80000000000001,-60.1,-5.7,10.700000000000001,3.1,-7.6000000000000005,1.2000000000000002,2,101.30000000000001,180.10000000000002,-30.000000000000004
Chrome Mobile,90.0.4430.82,Asus X01AD,Asus,Blink,[object Object],Chrome Mobile 90.0.4430.82 on Asus X01AD (Android 9),2021-05-06T05:53:43.586Z,寝る,あ,false,35.2,83.80000000000001,46.5,12.9,11.100000000000001,3.2,13.700000000000001,1.4000000000000001,2.4000000000000004,11.5,98.39999999999999,-40
Chrome Mobile,90.0.4430.82,Asus X01AD,Asus,Blink,[object Object],Chrome Mobile 90.0.4430.82 on Asus X01AD (Android 9),2021-05-06T05:53:43.787Z,寝る,あ,false,120.60000000000001,88.80000000000001,-60.300000000000004,0,7.5,5.1000000000000005,-0.2,-2.2,5,-12.200000000000001,-238.60000000000005,64.80000000000001
Chrome Mobile,90.0.4430.82,Asus X01AD,Asus,Blink,[object Object],Chrome Mobile 90.0.4430.82 on Asus X01AD (Android 9),2021-05-06T05:53:43.989Z,寝る,あ,false,86.7,71.9,-62,-14.5,14.9,7.5,-17.2,5.800000000000001,6.1000000000000005,-63.70000000000001,-17.200000000000003,-0.8
Chrome Mobile,90.0.4430.82,Asus X01AD,Asus,Blink,[object Object],Chrome Mobile 90.0.4430.82 on Asus X01AD (Android 9),2021-05-06T05:53:44.190Z,寝る,あ,false,56.800000000000004,81.30000000000001,4,3.7,9.5,4.1000000000000005,3.8000000000000003,-0.2,2.7,14.300000000000002,249.6,-83.4
Chrome Mobile,90.0.4430.82,Asus X01AD,Asus,Blink,[object Object],Chrome Mobile 90.0.4430.82 on Asus X01AD (Android 9),2021-05-06T05:53:44.392Z,寝る,あ,false,48.5,86.80000000000001,28.8,12.9,8.8,0.9,13.200000000000001,-1,0.4,131,-137.5,65.5
Chrome Mobile,90.0.4430.82,Asus X01AD,Asus,Blink,[object Object],Chrome Mobile 90.0.4430.82 on Asus X01AD (Android 9),2021-05-06T05:53:44.598Z,寝る,あ,false,122.9,72.7,-89.80000000000001,-2.3000000000000003,9.9,5.6000000000000005,-5.2,0.7000000000000001,5.5,-95.9,-200.4,106.9
Chrome Mobile,90.0.4430.82,Asus X01AD,Asus,Blink,[object Object],Chrome Mobile 90.0.4430.82 on Asus X01AD (Android 9),2021-05-06T05:53:44.798Z,寝る,あ,false,76.9,75.5,-39.6,-2.5,12.600000000000001,6.6000000000000005,-4.1000000000000005,3.2,4.7,68,240.5,-46.7
Chrome Mobile,90.0.4430.82,Asus X01AD,Asus,Blink,[object Object],Chrome Mobile 90.0.4430.82 on Asus X01AD (Android 9),2021-05-06T05:53:45.005Z,寝る,あ,false,48.2,81.10000000000001,25.3,20.3,12.4,-10.4,20.900000000000002,2.8000000000000003,-11.700000000000001,44.8,15.399999999999999,-38.900000000000006
Chrome Mobile,90.0.4430.82,Asus X01AD,Asus,Blink,[object Object],Chrome Mobile 90.0.4430.82 on Asus X01AD (Android 9),2021-05-06T05:53:45.206Z,寝る,あ,false,92.9,82.7,-39.1,-4.9,6.4,5.300000000000001,-5.6000000000000005,-3.3000000000000003,4.3,30.3,-222.40000000000003,81.2
Chrome Mobile,90.0.4430.82,Asus X01AD,Asus,Blink,[object Object],Chrome Mobile 90.0.4430.82 on Asus X01AD (Android 9),2021-05-06T05:53:45.407Z,寝る,あ,false,78.9,69,-60,-17.900000000000002,16.2,10.5,-20.900000000000002,7.2,8.700000000000001,-11.8,107.30000000000001,-78.9
Chrome Mobile,90.0.4430.82,Asus X01AD,Asus,Blink,[object Object],Chrome Mobile 90.0.4430.82 on Asus X01AD (Android 9),2021-05-06T05:53:45.607Z,寝る,あ,false,38.5,78.2,26.400000000000002,5.2,6.5,2,6.1000000000000005,-3.1,0.2,23.2,249.6,-58.2
Chrome Mobile,90.0.4430.82,Asus X01AD,Asus,Blink,[object Object],Chrome Mobile 90.0.4430.82 on Asus X01AD (Android 9),2021-05-06T05:53:45.808Z,寝る,あ,false,72.10000000000001,82.5,1.4000000000000001,10.100000000000001,8.700000000000001,7.6000000000000005,10.100000000000001,-0.9,6.300000000000001,-68.3,-52.300000000000004,-56.50000000000001
Chrome Mobile,90.0.4430.82,Asus X01AD,Asus,Blink,[object Object],Chrome Mobile 90.0.4430.82 on Asus X01AD (Android 9),2021-05-06T05:53:46.009Z,寝る,あ,false,77.10000000000001,72.4,-45.1,-14.5,9.9,6.4,-16.5,0.7000000000000001,4.3,-89.2,-154.10000000000002,38.2
Chrome Mobile,90.0.4430.82,Asus X01AD,Asus,Blink,[object Object],Chrome Mobile 90.0.4430.82 on Asus X01AD (Android 9),2021-05-06T05:53:46.210Z,寝る,あ,false,49.5,74.7,-3.4000000000000004,1.8,12,9.3,1.6,2.5,6.7,44.9,206.3,-36.9
Chrome Mobile,90.0.4430.82,Asus X01AD,Asus,Blink,[object Object],Chrome Mobile 90.0.4430.82 on Asus X01AD (Android 9),2021-05-06T05:53:46.411Z,寝る,あ,false,50.300000000000004,73.4,28.700000000000003,16,11.3,4.1000000000000005,17.3,2,1.7000000000000002,52.80000000000001,-26.1,60.00000000000001
Chrome Mobile,90.0.4430.82,Asus X01AD,Asus,Blink,[object Object],Chrome Mobile 90.0.4430.82 on Asus X01AD (Android 9),2021-05-06T05:53:46.613Z,寝る,あ,false,66.10000000000001,80.2,-14.600000000000001,-1.5,8.5,7.7,-1.9000000000000001,-1.1,6.1000000000000005,-2.5,-250.20000000000002,62.6
Chrome Mobile,90.0.4430.82,Asus X01AD,Asus,Blink,[object Object],Chrome Mobile 90.0.4430.82 on Asus X01AD (Android 9),2021-05-06T05:53:46.821Z,寝る,あ,false,72.9,69.4,-55.5,-16.8,12,9,-19.8,2.5,6.2,-32.2,52.7,-47
Chrome Mobile,90.0.4430.82,Asus X01AD,Asus,Blink,[object Object],Chrome Mobile 90.0.4430.82 on Asus X01AD (Android 9),2021-05-06T05:53:47.023Z,寝る,あ,false,33.2,77.4,31.1,3,9.3,0.9,4.1000000000000005,-0.2,-0.9,4.300000000000001,246.1,-66
Chrome Mobile,90.0.4430.82,Asus X01AD,Asus,Blink,[object Object],Chrome Mobile 90.0.4430.82 on Asus X01AD (Android 9),2021-05-06T05:53:47.225Z,寝る,あ,false,41.900000000000006,75.60000000000001,33.9,8,9.5,6.1000000000000005,9.3,0.1,4.1000000000000005,33,-31.2,-26.700000000000003
Chrome Mobile,90.0.4430.82,Asus X01AD,Asus,Blink,[object Object],Chrome Mobile 90.0.4430.82 on Asus X01AD (Android 9),2021-05-06T05:53:47.425Z,寝る,あ,false,72.3,77.5,-36.6,-8,9.4,8.700000000000001,-9.200000000000001,0,7,-29,-247.9,80.60000000000001
Chrome Mobile,90.0.4430.82,Asus X01AD,Asus,Blink,[object Object],Chrome Mobile 90.0.4430.82 on Asus X01AD (Android 9),2021-05-06T05:53:47.626Z,寝る,あ,false,65.60000000000001,78.30000000000001,-35.6,-3.4000000000000004,10.100000000000001,5,-4.6000000000000005,0.6000000000000001,3.4000000000000004,53.599999999999994,203.9,-17.6
Chrome Mobile,90.0.4430.82,Asus X01AD,Asus,Blink,[object Object],Chrome Mobile 90.0.4430.82 on Asus X01AD (Android 9),2021-05-06T05:53:47.827Z,寝る,あ,false,41.400000000000006,77.5,30.700000000000003,19.200000000000003,11.9,7.4,20.3,2.4000000000000004,5.7,-29.700000000000006,87.60000000000001,-25.4
Chrome Mobile,90.0.4430.82,Asus X01AD,Asus,Blink,[object Object],Chrome Mobile 90.0.4430.82 on Asus X01AD (Android 9),2021-05-06T05:53:48.031Z,寝る,あ,false,92.7,82.80000000000001,-47.800000000000004,0.4,8.700000000000001,3.2,-0.4,-0.9,2.4000000000000004,13.900000000000002,-223.60000000000002,67.60000000000001
Chrome Mobile,90.0.4430.82,Asus X01AD,Asus,Blink,[object Object],Chrome Mobile 90.0.4430.82 on Asus X01AD (Android 9),2021-05-06T05:53:48.233Z,寝る,あ,false,52.2,72.9,-38.2,-16.400000000000002,10.5,10.100000000000001,-18.2,1.2000000000000002,7.9,-5.6,74.10000000000001,-49.1
Chrome Mobile,90.0.4430.82,Asus X01AD,Asus,Blink,[object Object],Chrome Mobile 90.0.4430.82 on Asus X01AD (Android 9),2021-05-06T05:53:48.433Z,寝る,あ,false,18.3,72.4,40.6,-0.2,9,4,1.7000000000000002,-0.2,1.8,-62.800000000000004,240.5,-71.39999999999999
Chrome Mobile,90.0.4430.82,Asus X01AD,Asus,Blink,[object Object],Chrome Mobile 90.0.4430.82 on Asus X01AD (Android 9),2021-05-06T05:53:48.634Z,寝る,あ,false,36.7,80,29,10.100000000000001,9.4,-0.9,10.9,-0.2,-2.4000000000000004,55.8,-105.10000000000001,31
Chrome Mobile,90.0.4430.82,Asus X01AD,Asus,Blink,[object Object],Chrome Mobile 90.0.4430.82 on Asus X01AD (Android 9),2021-05-06T05:53:48.835Z,寝る,あ,false,75.10000000000001,74.60000000000001,-46.400000000000006,-6.800000000000001,10.600000000000001,4.3,-8.1,2.1,1.8,-30.200000000000003,-230.89999999999998,125.50000000000001
Chrome Mobile,90.0.4430.82,Asus X01AD,Asus,Blink,[object Object],Chrome Mobile 90.0.4430.82 on Asus X01AD (Android 9),2021-05-06T05:53:49.041Z,寝る,あ,false,55.800000000000004,73.5,-34.7,-4.800000000000001,8.8,4.3,-6.4,-0.4,2.1,33.6,115.39999999999999,-11.6
Chrome Mobile,90.0.4430.82,Asus X01AD,Asus,Blink,[object Object],Chrome Mobile 90.0.4430.82 on Asus X01AD (Android 9),2021-05-06T05:53:49.246Z,寝る,あ,false,32.9,69.5,27.8,16.5,10,4.2,18.1,0.8,1.2000000000000002,24.900000000000002,76.60000000000001,40.9
Chrome Mobile,90.0.4430.82,Asus X01AD,Asus,Blink,[object Object],Chrome Mobile 90.0.4430.82 on Asus X01AD (Android 9),2021-05-06T05:53:49.447Z,寝る,あ,false,59.5,75.2,-21.400000000000002,1.1,9.700000000000001,10,0.30000000000000004,0.2,7.7,-19.700000000000003,-211.1,1.7
Chrome Mobile,90.0.4430.82,Asus X01AD,Asus,Blink,[object Object],Chrome Mobile 90.0.4430.82 on Asus X01AD (Android 9),2021-05-06T05:53:49.647Z,寝る,あ,false,58.2,71.5,-48.2,-16.5,10.4,5.5,-18.8,1.2000000000000002,3.4000000000000004,-4.800000000000001,56.10000000000001,-23.3
Chrome Mobile,90.0.4430.82,Asus X01AD,Asus,Blink,[object Object],Chrome Mobile 90.0.4430.82 on Asus X01AD (Android 9),2021-05-06T05:53:49.848Z,寝る,あ,false,34.2,77.10000000000001,16.1,2.4000000000000004,9.700000000000001,5.2,3,0.2,3.1,12.9,249.5,-64.2
Chrome Mobile,90.0.4430.82,Asus X01AD,Asus,Blink,[object Object],Chrome Mobile 90.0.4430.82 on Asus X01AD (Android 9),2021-05-06T05:53:50.051Z,寝る,あ,false,55.2,79.4,9.1,11.100000000000001,8.700000000000001,0.8,11.4,-0.9,-1,50.8,-61.300000000000004,-1.5
Chrome Mobile,90.0.4430.82,Asus X01AD,Asus,Blink,[object Object],Chrome Mobile 90.0.4430.82 on Asus X01AD (Android 9),2021-05-06T05:53:50.252Z,寝る,あ,false,86.4,73.60000000000001,-59.7,-3.2,10.4,9.200000000000001,-5.6000000000000005,1.1,7.800000000000001,-44.2,-207.3,59.60000000000001
Chrome Mobile,90.0.4430.82,Asus X01AD,Asus,Blink,[object Object],Chrome Mobile 90.0.4430.82 on Asus X01AD (Android 9),2021-05-06T05:53:50.453Z,寝る,あ,false,55.900000000000006,79.60000000000001,-37.4,-7.9,9.600000000000001,3.2,-9,0.2,1.8,66.9,154.10000000000002,11.3
Chrome Mobile,90.0.4430.82,Asus X01AD,Asus,Blink,[object Object],Chrome Mobile 90.0.4430.82 on Asus X01AD (Android 9),2021-05-06T05:53:50.654Z,寝る,あ,false,12.600000000000001,82.60000000000001,50.6,15.600000000000001,10.200000000000001,0.4,16.7,0.6000000000000001,-0.5,49.699999999999996,117.1,13.5
Chrome Mobile,90.0.4430.82,Asus X01AD,Asus,Blink,[object Object],Chrome Mobile 90.0.4430.82 on Asus X01AD (Android 9),2021-05-06T05:53:50.855Z,寝る,あ,false,78.4,83.30000000000001,-31.6,3,8.3,5.6000000000000005,3.5,-1.5,4.6000000000000005,-17.400000000000002,-250.4,43.6
Chrome Mobile,90.0.4430.82,Asus X01AD,Asus,Blink,[object Object],Chrome Mobile 90.0.4430.82 on Asus X01AD (Android 9),2021-05-06T05:53:51.056Z,寝る,あ,false,64.8,70.60000000000001,-64.60000000000001,-15.100000000000001,12.200000000000001,11.600000000000001,-18,3,10.200000000000001,10.1,-124.3,-5.1000000000000005
Chrome Mobile,90.0.4430.82,Asus X01AD,Asus,Blink,[object Object],Chrome Mobile 90.0.4430.82 on Asus X01AD (Android 9),2021-05-06T05:53:51.257Z,寝る,あ,false,35.7,78.80000000000001,2.3000000000000003,4.7,11.600000000000001,10.3,4.800000000000001,2,8.4,21,249.6,-55.60000000000001
Chrome Mobile,90.0.4430.82,Asus X01AD,Asus,Blink,[object Object],Chrome Mobile 90.0.4430.82 on Asus X01AD (Android 9),2021-05-06T05:53:51.459Z,寝る,あ,false,34.2,76.60000000000001,28.8,14.4,9.1,2.5,15.3,-0.4,0.6000000000000001,36.300000000000004,-97.00000000000001,2.8
Chrome Mobile,90.0.4430.82,Asus X01AD,Asus,Blink,[object Object],Chrome Mobile 90.0.4430.82 on Asus X01AD (Android 9),2021-05-06T05:53:51.659Z,寝る,あ,false,67.2,74,-45.400000000000006,-2.3000000000000003,10.100000000000001,12,-4.3,0.7000000000000001,10.100000000000001,-35.5,-250.4,56
Chrome Mobile,90.0.4430.82,Asus X01AD,Asus,Blink,[object Object],Chrome Mobile 90.0.4430.82 on Asus X01AD (Android 9),2021-05-06T05:53:51.860Z,寝る,あ,false,54.1,71.7,-43.1,-9.200000000000001,10.3,6.800000000000001,-11.3,1.1,4.6000000000000005,27.800000000000004,183.7,-29.900000000000006
Chrome Mobile,90.0.4430.82,Asus X01AD,Asus,Blink,[object Object],Chrome Mobile 90.0.4430.82 on Asus X01AD (Android 9),2021-05-06T05:53:52.061Z,寝る,あ,false,31.5,75.9,25,9.8,10,3.3000000000000003,10.8,0.5,1.1,26.300000000000004,243.60000000000002,-7.1000000000000005
Chrome Mobile,90.0.4430.82,Asus X01AD,Asus,Blink,[object Object],Chrome Mobile 90.0.4430.82 on Asus X01AD (Android 9),2021-05-06T05:53:52.262Z,寝る,あ,false,43.2,78.80000000000001,7.7,5.2,8.4,5.800000000000001,5.5,-1.2000000000000002,3.9000000000000004,45.5,-230.89999999999998,3.7000000000000006
Chrome Mobile,90.0.4430.82,Asus X01AD,Asus,Blink,[object Object],Chrome Mobile 90.0.4430.82 on Asus X01AD (Android 9),2021-05-06T05:53:52.463Z,寝る,あ,false,55.400000000000006,74.7,-45.2,-18.900000000000002,9.3,7.9,-20.8,-0.1,6.1000000000000005,-28.700000000000003,-26.400000000000006,15.299999999999999
Chrome Mobile,90.0.4430.82,Asus X01AD,Asus,Blink,[object Object],Chrome Mobile 90.0.4430.82 on Asus X01AD (Android 9),2021-05-06T05:53:52.671Z,寝る,あ,false,32.800000000000004,78,7.4,1.5,10.8,7.7,1.7000000000000002,1.3,5.7,-8.700000000000001,249.6,-68.3
Chrome Mobile,90.0.4430.82,Asus X01AD,Asus,Blink,[object Object],Chrome Mobile 90.0.4430.82 on Asus X01AD (Android 9),2021-05-06T05:53:52.874Z,寝る,あ,false,23.400000000000002,82.60000000000001,29.6,10,9.9,-0.6000000000000001,10.600000000000001,0.30000000000000004,-1.6,55.1,-109.00000000000001,29.600000000000005
Chrome Mobile,90.0.4430.82,Asus X01AD,Asus,Blink,[object Object],Chrome Mobile 90.0.4430.82 on Asus X01AD (Android 9),2021-05-06T05:53:53.075Z,寝る,あ,false,72.10000000000001,75.8,-59.300000000000004,-4.7,10.5,9.200000000000001,-6.7,1,8,-40.9,-186.90000000000003,63.70000000000001
Chrome Mobile,90.0.4430.82,Asus X01AD,Asus,Blink,[object Object],Chrome Mobile 90.0.4430.82 on Asus X01AD (Android 9),2021-05-06T05:53:53.276Z,寝る,あ,false,35,74.3,-15.200000000000001,-4,11,3.5,-4.7,1.7000000000000002,1,-2.5,237.39999999999998,-40.300000000000004
Chrome Mobile,90.0.4430.82,Asus X01AD,Asus,Blink,[object Object],Chrome Mobile 90.0.4430.82 on Asus X01AD (Android 9),2021-05-06T05:53:53.479Z,寝る,あ,false,17.6,69.10000000000001,42.300000000000004,13,13,2.7,15.4,3.9000000000000004,0.2,19.400000000000002,91.8,-14.200000000000001
Chrome Mobile,90.0.4430.82,Asus X01AD,Asus,Blink,[object Object],Chrome Mobile 90.0.4430.82 on Asus X01AD (Android 9),2021-05-06T05:53:53.680Z,寝る,あ,false,0.5,74.10000000000001,42.6,-1.9000000000000001,8.9,9.9,-0.1,-0.6000000000000001,7.9,61.39999999999999,-241.60000000000002,-32.7
Chrome Mobile,90.0.4430.82,Asus X01AD,Asus,Blink,[object Object],Chrome Mobile 90.0.4430.82 on Asus X01AD (Android 9),2021-05-06T05:53:53.880Z,寝る,あ,false,61.400000000000006,81.2,-62.1,-14.700000000000001,9.1,7.4,-16,-0.4,6.7,-78.2,-17.200000000000003,24
Chrome Mobile,90.0.4430.82,Asus X01AD,Asus,Blink,[object Object],Chrome Mobile 90.0.4430.82 on Asus X01AD (Android 9),2021-05-06T05:53:54.082Z,寝る,あ,false,26.5,78.5,5.1000000000000005,-1.1,10.700000000000001,8.1,-1,1.2000000000000002,6.2,-52.7,249.6,-36.2
Chrome Mobile,90.0.4430.82,Asus X01AD,Asus,Blink,[object Object],Chrome Mobile 90.0.4430.82 on Asus X01AD (Android 9),2021-05-06T05:53:54.283Z,寝る,あ,false,33,77.2,30.400000000000002,16.2,8.5,7.5,17.3,-1.1,5.6000000000000005,29.500000000000004,43.50000000000001,-0.2
Chrome Mobile,90.0.4430.82,Asus X01AD,Asus,Blink,[object Object],Chrome Mobile 90.0.4430.82 on Asus X01AD (Android 9),2021-05-06T05:53:54.483Z,寝る,あ,false,68.4,80.80000000000001,-43,-5.5,8.9,9.4,-6.5,-0.7000000000000001,8.3,1.3,-244.20000000000005,97.3
Chrome Mobile,90.0.4430.82,Asus X01AD,Asus,Blink,[object Object],Chrome Mobile 90.0.4430.82 on Asus X01AD (Android 9),2021-05-06T05:53:54.689Z,寝る,あ,false,71.5,75.5,-58.300000000000004,-6.7,9.9,3.8000000000000003,-10.100000000000001,0.9,3.4000000000000004,31.9,142.3,-29.800000000000004
Chrome Mobile,90.0.4430.82,Asus X01AD,Asus,Blink,[object Object],Chrome Mobile 90.0.4430.82 on Asus X01AD (Android 9),2021-05-06T05:53:54.890Z,寝る,あ,false,17.5,72.5,39.1,6.7,11.4,4.4,8.6,2.2,2.1,-66.80000000000001,198.3,-25.6
Chrome Mobile,90.0.4430.82,Asus X01AD,Asus,Blink,[object Object],Chrome Mobile 90.0.4430.82 on Asus X01AD (Android 9),2021-05-06T05:53:55.104Z,寝る,あ,false,41.6,80.7,5.9,2.7,8.200000000000001,5.4,2.9000000000000004,-1.4000000000000001,3.8000000000000003,44.6,-209.8,51.6
Chrome Mobile,90.0.4430.82,Asus X01AD,Asus,Blink,[object Object],Chrome Mobile 90.0.4430.82 on Asus X01AD (Android 9),2021-05-06T05:53:55.308Z,寝る,あ,false,76.3,71,-70.7,-14.700000000000001,14.100000000000001,11.4,-17.7,4.9,10.4,-6.4,-55.5,-8.5
Chrome Mobile,90.0.4430.82,Asus X01AD,Asus,Blink,[object Object],Chrome Mobile 90.0.4430.82 on Asus X01AD (Android 9),2021-05-06T05:53:55.516Z,寝る,あ,false,9,83.7,36.7,1.9000000000000001,9.8,3.7,2.3000000000000003,0.1,2.8000000000000003,-10.4,249.6,-120.50000000000001
Chrome Mobile,90.0.4430.82,Asus X01AD,Asus,Blink,[object Object],Chrome Mobile 90.0.4430.82 on Asus X01AD (Android 9),2021-05-06T05:53:55.718Z,寝る,あ,false,11.200000000000001,81.7,52.1,10.8,8.8,2.4000000000000004,11.9,-0.8,1.6,54,-68.60000000000001,23.099999999999998
Chrome Mobile,90.0.4430.82,Asus X01AD,Asus,Blink,[object Object],Chrome Mobile 90.0.4430.82 on Asus X01AD (Android 9),2021-05-06T05:53:55.919Z,寝る,あ,false,85.60000000000001,75,-63.2,-1.4000000000000001,11.3,5.6000000000000005,-3.6,1.9000000000000001,4.5,-99.39999999999999,-172.00000000000003,68.4
Chrome Mobile,90.0.4430.82,Asus X01AD,Asus,Blink,[object Object],Chrome Mobile 90.0.4430.82 on Asus X01AD (Android 9),2021-05-06T05:53:56.121Z,寝る,あ,false,69.9,77.9,-45.1,-2.2,10.600000000000001,2.9000000000000004,-3.7,1.1,1.5,76.3,171.3,-31.9
Chrome Mobile,90.0.4430.82,Asus X01AD,Asus,Blink,[object Object],Chrome Mobile 90.0.4430.82 on Asus X01AD (Android 9),2021-05-06T05:53:56.327Z,寝る,あ,false,3.4000000000000004,80.9,58.2,12.5,11.4,2.1,13.8,1.7000000000000002,1.3,11.8,103.89999999999999,-7.500000000000001
Chrome Mobile,90.0.4430.82,Asus X01AD,Asus,Blink,[object Object],Chrome Mobile 90.0.4430.82 on Asus X01AD (Android 9),2021-05-06T05:53:56.527Z,寝る,あ,false,83.2,86.9,-36.800000000000004,3.3000000000000003,8.9,4.800000000000001,3,-0.8,4.4,-37.300000000000004,-208.20000000000002,40.4
Chrome Mobile,90.0.4430.82,Asus X01AD,Asus,Blink,[object Object],Chrome Mobile 90.0.4430.82 on Asus X01AD (Android 9),2021-05-06T05:53:56.728Z,寝る,あ,false,81.9,70,-72.8,-10.100000000000001,14.9,6.5,-13.600000000000001,5.6000000000000005,5.2,-4.4,-96.1,54.199999999999996
Chrome Mobile,90.0.4430.82,Asus X01AD,Asus,Blink,[object Object],Chrome Mobile 90.0.4430.82 on Asus X01AD (Android 9),2021-05-06T05:53:56.931Z,寝る,あ,false,49.900000000000006,82.10000000000001,-18.2,-1.6,10.700000000000001,5.5,-2,1.1,4.3,-21.6,249.10000000000002,-85.9
Chrome Mobile,90.0.4430.82,Asus X01AD,Asus,Blink,[object Object],Chrome Mobile 90.0.4430.82 on Asus X01AD (Android 9),2021-05-06T05:53:57.132Z,寝る,あ,false,17.7,80.7,41.300000000000004,13.4,8.1,4.2,14.4,-1.5,3.1,-14.600000000000001,-16.6,-6.300000000000001
Chrome Mobile,90.0.4430.82,Asus X01AD,Asus,Blink,[object Object],Chrome Mobile 90.0.4430.82 on Asus X01AD (Android 9),2021-05-06T05:53:57.333Z,寝る,あ,false,80.60000000000001,78,-52,-2.1,8.9,8.1,-3.7,-0.6000000000000001,6.9,-54.699999999999996,-228.20000000000002,62.50000000000001
Chrome Mobile,90.0.4430.82,Asus X01AD,Asus,Blink,[object Object],Chrome Mobile 90.0.4430.82 on Asus X01AD (Android 9),2021-05-06T05:53:57.536Z,寝る,あ,false,69.10000000000001,68.9,-62.6,-7.2,14.9,9.9,-10.3,5.9,8.3,59.40000000000001,85.20000000000002,-30.3
Chrome Mobile,90.0.4430.82,Asus X01AD,Asus,Blink,[object Object],Chrome Mobile 90.0.4430.82 on Asus X01AD (Android 9),2021-05-06T05:53:57.737Z,寝る,あ,false,6.800000000000001,76.7,49.800000000000004,10.4,10.700000000000001,6.4,12.100000000000001,1.2000000000000002,4.9,29.400000000000002,186.5,-5.7
Chrome Mobile,90.0.4430.82,Asus X01AD,Asus,Blink,[object Object],Chrome Mobile 90.0.4430.82 on Asus X01AD (Android 9),2021-05-06T05:53:57.938Z,寝る,あ,false,65.3,86.4,-17.3,4.1000000000000005,9.1,5.2,5.4,-0.4,3.2,-5.8,-183.4,58
Chrome Mobile,90.0.4430.82,Asus X01AD,Asus,Blink,[object Object],Chrome Mobile 90.0.4430.82 on Asus X01AD (Android 9),2021-05-06T05:53:58.139Z,寝る,あ,false,77.60000000000001,70.8,-65.60000000000001,-14.700000000000001,13.600000000000001,6.7,-17.6,4.5,5.4,-64.2,-103.89999999999999,3.3000000000000007
Chrome Mobile,90.0.4430.82,Asus X01AD,Asus,Blink,[object Object],Chrome Mobile 90.0.4430.82 on Asus X01AD (Android 9),2021-05-06T05:53:58.340Z,寝る,あ,false,49.1,81.60000000000001,-6.800000000000001,1,9.700000000000001,5.7,0.9,0,4.3,1.1,249.6,-98.39999999999999
Chrome Mobile,90.0.4430.82,Asus X01AD,Asus,Blink,[object Object],Chrome Mobile 90.0.4430.82 on Asus X01AD (Android 9),2021-05-06T05:53:58.554Z,寝る,あ,false,50.2,78.60000000000001,14,15.8,11.600000000000001,14.5,16.3,2,12.700000000000001,8.5,-38.900000000000006,-30.200000000000003
Chrome Mobile,90.0.4430.82,Asus X01AD,Asus,Blink,[object Object],Chrome Mobile 90.0.4430.82 on Asus X01AD (Android 9),2021-05-06T05:53:58.756Z,寝る,あ,false,97.80000000000001,79,-74.9,-8.700000000000001,8,7.9,-10.5,-1.5,7.4,3.4,-244.20000000000005,147.6
Chrome Mobile,90.0.4430.82,Asus X01AD,Asus,Blink,[object Object],Chrome Mobile 90.0.4430.82 on Asus X01AD (Android 9),2021-05-06T05:53:58.957Z,寝る,あ,false,68.3,77.7,-41.6,-3.1,12.3,2.1,-4.4,2.8000000000000003,0.6000000000000001,47,197.00000000000003,-85.9
Chrome Mobile,90.0.4430.82,Asus X01AD,Asus,Blink,[object Object],Chrome Mobile 90.0.4430.82 on Asus X01AD (Android 9),2021-05-06T05:53:59.157Z,寝る,あ,false,15.3,80.5,45.800000000000004,19.5,12.200000000000001,2.8000000000000003,20.6,2.6,1.6,30.799999999999997,-7.400000000000001,-31.6
Chrome Mobile,90.0.4430.82,Asus X01AD,Asus,Blink,[object Object],Chrome Mobile 90.0.4430.82 on Asus X01AD (Android 9),2021-05-06T05:53:59.359Z,寝る,あ,false,106,85.30000000000001,-62.800000000000004,3.1,8.8,3.5,2.4000000000000004,-0.9,3.1,-11.3,-219.6,85.4
Chrome Mobile,90.0.4430.82,Asus X01AD,Asus,Blink,[object Object],Chrome Mobile 90.0.4430.82 on Asus X01AD (Android 9),2021-05-06T05:53:59.559Z,寝る,あ,false,67.4,72.5,-59.1,-18.400000000000002,13.100000000000001,9.700000000000001,-20.900000000000002,3.8000000000000003,8.200000000000001,-9.4,31.6,-24
Chrome Mobile,90.0.4430.82,Asus X01AD,Asus,Blink,[object Object],Chrome Mobile 90.0.4430.82 on Asus X01AD (Android 9),2021-05-06T05:53:59.760Z,寝る,あ,false,359.90000000000003,81.60000000000001,45.2,4.6000000000000005,9.4,6.1000000000000005,5.7,-0.30000000000000004,5.1000000000000005,10.600000000000001,249.5,-116.2
Chrome Mobile,90.0.4430.82,Asus X01AD,Asus,Blink,[object Object],Chrome Mobile 90.0.4430.82 on Asus X01AD (Android 9),2021-05-06T05:53:59.961Z,寝る,あ,false,95.10000000000001,91,-37.1,10.200000000000001,7.800000000000001,-4,10.3,-1.9000000000000001,-3.9000000000000004,-11.2,-84.5,39.400000000000006
Chrome Mobile,90.0.4430.82,Asus X01AD,Asus,Blink,[object Object],Chrome Mobile 90.0.4430.82 on Asus X01AD (Android 9),2021-05-06T05:54:00.162Z,寝る,あ,false,77,70.8,-63,-5.9,11.8,7.300000000000001,-8.8,2.6,5.800000000000001,-27.800000000000004,-237.70000000000005,123.4
Chrome Mobile,90.0.4430.82,Asus X01AD,Asus,Blink,[object Object],Chrome Mobile 90.0.4430.82 on Asus X01AD (Android 9),2021-05-06T05:54:00.363Z,寝る,あ,false,69.2,76.7,-51.1,-2.6,11.5,2,-4.3,2.1,0.6000000000000001,60.8,193,-65.6
Chrome Mobile,90.0.4430.82,Asus X01AD,Asus,Blink,[object Object],Chrome Mobile 90.0.4430.82 on Asus X01AD (Android 9),2021-05-06T05:54:00.564Z,寝る,あ,false,359.40000000000003,80.2,60.800000000000004,15.3,10.3,4.4,16.7,0.6000000000000001,3.6,34.800000000000004,81.50000000000001,14.600000000000001
Chrome Mobile,90.0.4430.82,Asus X01AD,Asus,Blink,[object Object],Chrome Mobile 90.0.4430.82 on Asus X01AD (Android 9),2021-05-06T05:54:00.765Z,寝る,あ,false,72,86.30000000000001,-34.4,1.8,8.700000000000001,6.6000000000000005,1.5,-0.9,6.1000000000000005,-7.6,-249.90000000000003,64.50000000000001
Chrome Mobile,90.0.4430.82,Asus X01AD,Asus,Blink,[object Object],Chrome Mobile 90.0.4430.82 on Asus X01AD (Android 9),2021-05-06T05:54:00.966Z,寝る,あ,false,67.7,72.8,-68.7,-14.200000000000001,13,6.800000000000001,-16.8,3.7,5.7,10.9,-51.70000000000001,-33.50000000000001
Chrome Mobile,90.0.4430.82,Asus X01AD,Asus,Blink,[object Object],Chrome Mobile 90.0.4430.82 on Asus X01AD (Android 9),2021-05-06T05:54:01.178Z,寝る,あ,false,20.6,82.60000000000001,11.200000000000001,0.4,10.200000000000001,7.6000000000000005,0.6000000000000001,0.6000000000000001,6.4,-2.7,249.6,-64.2
Chrome Mobile,90.0.4430.82,Asus X01AD,Asus,Blink,[object Object],Chrome Mobile 90.0.4430.82 on Asus X01AD (Android 9),2021-05-06T05:54:01.379Z,寝る,あ,false,342.40000000000003,87.60000000000001,71,11.200000000000001,8,-1.5,11.600000000000001,-1.7000000000000002,-1.6,77.7,-89.8,53.400000000000006
Chrome Mobile,90.0.4430.82,Asus X01AD,Asus,Blink,[object Object],Chrome Mobile 90.0.4430.82 on Asus X01AD (Android 9),2021-05-06T05:54:01.580Z,寝る,あ,false,77.4,76.9,-68.60000000000001,-8.6,10.3,9.4,-10.600000000000001,0.9,8.6,-33.400000000000006,-246.70000000000002,99.8
Chrome Mobile,90.0.4430.82,Asus X01AD,Asus,Blink,[object Object],Chrome Mobile 90.0.4430.82 on Asus X01AD (Android 9),2021-05-06T05:54:01.781Z,寝る,あ,false,52.1,80.9,-36.300000000000004,-4.6000000000000005,12.3,3.5,-5.5,2.8000000000000003,2.3000000000000003,48.50000000000001,168.5,-28.900000000000002
Chrome Mobile,90.0.4430.82,Asus X01AD,Asus,Blink,[object Object],Chrome Mobile 90.0.4430.82 on Asus X01AD (Android 9),2021-05-06T05:54:01.982Z,寝る,あ,false,349,82.7,66.2,18.900000000000002,12,0,20.1,2.3000000000000003,-0.5,19,56.9,-14.200000000000001
Chrome Mobile,90.0.4430.82,Asus X01AD,Asus,Blink,[object Object],Chrome Mobile 90.0.4430.82 on Asus X01AD (Android 9),2021-05-06T05:54:02.183Z,寝る,あ,false,102,85.7,-66.9,2.4000000000000004,10.200000000000001,3.2,1.9000000000000001,0.2,4,5,-250.4,104.7
Chrome Mobile,90.0.4430.82,Asus X01AD,Asus,Blink,[object Object],Chrome Mobile 90.0.4430.82 on Asus X01AD (Android 9),2021-05-06T05:54:02.383Z,寝る,あ,false,70.8,74.3,-76,-15.4,12.100000000000001,8.3,-17.900000000000002,2.8000000000000003,7.7,0,-4.300000000000001,-58.5
Chrome Mobile,90.0.4430.82,Asus X01AD,Asus,Blink,[object Object],Chrome Mobile 90.0.4430.82 on Asus X01AD (Android 9),2021-05-06T05:54:02.584Z,寝る,あ,false,347.40000000000003,80.4,47.300000000000004,-0.2,9.1,4.6000000000000005,1,-0.5,3.4000000000000004,-37.9,249.6,-72.60000000000001
Chrome Mobile,90.0.4430.82,Asus X01AD,Asus,Blink,[object Object],Chrome Mobile 90.0.4430.82 on Asus X01AD (Android 9),2021-05-06T05:54:02.786Z,寝る,あ,false,4.7,81.10000000000001,47.800000000000004,10.5,9,4,11.600000000000001,-0.6000000000000001,3,-1.1,-32.1,-33.300000000000004
Chrome Mobile,90.0.4430.82,Asus X01AD,Asus,Blink,[object Object],Chrome Mobile 90.0.4430.82 on Asus X01AD (Android 9),2021-05-06T05:54:02.987Z,寝る,あ,false,75.8,76.2,-65.5,-4.2,11.5,7,-6.300000000000001,2.2,6,-59.699999999999996,-187.4,109.39999999999999
Chrome Mobile,90.0.4430.82,Asus X01AD,Asus,Blink,[object Object],Chrome Mobile 90.0.4430.82 on Asus X01AD (Android 9),2021-05-06T05:54:03.188Z,寝る,あ,false,25.5,84,-7.4,-4.800000000000001,9.700000000000001,2.4000000000000004,-4.9,0.1,1.4000000000000001,65.89999999999999,191.39999999999998,5.1000000000000005
Chrome Mobile,90.0.4430.82,Asus X01AD,Asus,Blink,[object Object],Chrome Mobile 90.0.4430.82 on Asus X01AD (Android 9),2021-05-06T05:54:03.389Z,寝る,あ,false,5.300000000000001,79.60000000000001,52.5,15.5,10.9,6.7,14,0.7000000000000001,4.3,-6.699999999999999,89.4,33.1
Chrome Mobile,90.0.4430.82,Asus X01AD,Asus,Blink,[object Object],Chrome Mobile 90.0.4430.82 on Asus X01AD (Android 9),2021-05-06T05:54:03.593Z,寝る,あ,false,59.5,84.2,-20.6,1.8,8.8,6.7,1.6,-0.8,5.800000000000001,-2.4000000000000004,-215.7,44.7
Chrome Mobile,90.0.4430.82,Asus X01AD,Asus,Blink,[object Object],Chrome Mobile 90.0.4430.82 on Asus X01AD (Android 9),2021-05-06T05:54:03.794Z,寝る,あ,false,61.400000000000006,71,-54.300000000000004,-17.8,12.9,9.700000000000001,-20.3,3.7,7.9,-11.6,66.4,-36.400000000000006
Chrome Mobile,90.0.4430.82,Asus X01AD,Asus,Blink,[object Object],Chrome Mobile 90.0.4430.82 on Asus X01AD (Android 9),2021-05-06T05:54:03.995Z,寝る,あ,false,5.4,81.10000000000001,39.800000000000004,4.3,9.3,2.7,5.300000000000001,-0.4,1.5,48.400000000000006,223.2,-83.60000000000001
Chrome Mobile,90.0.4430.82,Asus X01AD,Asus,Blink,[object Object],Chrome Mobile 90.0.4430.82 on Asus X01AD (Android 9),2021-05-06T05:54:04.196Z,寝る,あ,false,354,88.30000000000001,61.1,11.4,8.6,-3.2,11.600000000000001,-1,-3.4000000000000004,34.7,-127.69999999999999,61.10000000000001
Chrome Mobile,90.0.4430.82,Asus X01AD,Asus,Blink,[object Object],Chrome Mobile 90.0.4430.82 on Asus X01AD (Android 9),2021-05-06T05:54:04.396Z,寝る,あ,false,87.60000000000001,69.5,-77.7,-3.5,12.4,11.5,-6.800000000000001,3.4000000000000004,10.8,-128.60000000000002,-205.4,75.1
Chrome Mobile,90.0.4430.82,Asus X01AD,Asus,Blink,[object Object],Chrome Mobile 90.0.4430.82 on Asus X01AD (Android 9),2021-05-06T05:54:04.597Z,寝る,あ,false,62.800000000000004,78.5,-47,-3.7,10.4,4,-5.1000000000000005,0.9,2.6,45.3,237.20000000000002,-79.19999999999999
Chrome Mobile,90.0.4430.82,Asus X01AD,Asus,Blink,[object Object],Chrome Mobile 90.0.4430.82 on Asus X01AD (Android 9),2021-05-06T05:54:04.797Z,寝る,あ,false,9.5,76.3,48.1,15.700000000000001,10.8,4.4,17.400000000000002,1.3,2.9000000000000004,-34.900000000000006,33.800000000000004,-15.8
Chrome Mobile,90.0.4430.82,Asus X01AD,Asus,Blink,[object Object],Chrome Mobile 90.0.4430.82 on Asus X01AD (Android 9),2021-05-06T05:54:04.998Z,寝る,あ,false,43,80.10000000000001,-9.1,-0.6000000000000001,9.700000000000001,8.700000000000001,-0.8,0.1,7.1000000000000005,-8.4,-250.4,37.400000000000006
Chrome Mobile,90.0.4430.82,Asus X01AD,Asus,Blink,[object Object],Chrome Mobile 90.0.4430.82 on Asus X01AD (Android 9),2021-05-06T05:54:05.198Z,寝る,あ,false,46,71,-48.5,-13.8,11.8,9,-16.6,3.6,7.9,-46.7,35.5,-36.5
Chrome Mobile,90.0.4430.82,Asus X01AD,Asus,Blink,[object Object],Chrome Mobile 90.0.4430.82 on Asus X01AD (Android 9),2021-05-06T05:54:05.400Z,寝る,あ,false,24.200000000000003,75.2,9.3,1.7000000000000002,13.5,8.3,2.1,4.1000000000000005,5.800000000000001,-29.400000000000002,249.20000000000002,-79.7
Chrome Mobile,90.0.4430.82,Asus X01AD,Asus,Blink,[object Object],Chrome Mobile 90.0.4430.82 on Asus X01AD (Android 9),2021-05-06T05:54:05.604Z,寝る,あ,false,12.9,77.10000000000001,46.5,13.5,8.5,4.1000000000000005,15.100000000000001,-1,2.6,76.5,-49.9,43.800000000000004
Chrome Mobile,90.0.4430.82,Asus X01AD,Asus,Blink,[object Object],Chrome Mobile 90.0.4430.82 on Asus X01AD (Android 9),2021-05-06T05:54:05.805Z,寝る,あ,false,49.5,76,-32.1,-4.5,10.600000000000001,12.100000000000001,-5.800000000000001,1.1,10.100000000000001,-38.50000000000001,-236.70000000000005,48.9
Chrome Mobile,90.0.4430.82,Asus X01AD,Asus,Blink,[object Object],Chrome Mobile 90.0.4430.82 on Asus X01AD (Android 9),2021-05-06T05:54:06.006Z,寝る,あ,false,27.700000000000003,74.4,-18.3,-9,8.700000000000001,6.1000000000000005,-9.9,-0.6000000000000001,3.6,34,213.60000000000002,22.8
Chrome Mobile,90.0.4430.82,Asus X01AD,Asus,Blink,[object Object],Chrome Mobile 90.0.4430.82 on Asus X01AD (Android 9),2021-05-06T05:54:06.207Z,寝る,あ,false,355.8,77.10000000000001,56.300000000000004,10.8,11.200000000000001,2.3000000000000003,12.600000000000001,1.5,1,76.4,101.50000000000001,-29.800000000000004
Chrome Mobile,90.0.4430.82,Asus X01AD,Asus,Blink,[object Object],Chrome Mobile 90.0.4430.82 on Asus X01AD (Android 9),2021-05-06T05:54:06.408Z,寝る,あ,false,94.60000000000001,84.30000000000001,-59.900000000000006,6.9,11,3.2,6.1000000000000005,1.4000000000000001,2.7,-16.700000000000003,-234.70000000000002,78
Chrome Mobile,90.0.4430.82,Asus X01AD,Asus,Blink,[object Object],Chrome Mobile 90.0.4430.82 on Asus X01AD (Android 9),2021-05-06T05:54:06.609Z,寝る,あ,false,68.9,69.8,-79.2,-15,12.600000000000001,8.5,-18.3,3.4000000000000004,7.9,-48,-116.5,18.8
Chrome Mobile,90.0.4430.82,Asus X01AD,Asus,Blink,[object Object],Chrome Mobile 90.0.4430.82 on Asus X01AD (Android 9),2021-05-06T05:54:06.809Z,寝る,あ,false,27.900000000000002,82,-4.9,2.2,13.9,12.200000000000001,2,4.2,10.8,45.8,249.6,-70
Chrome Mobile,90.0.4430.82,Asus X01AD,Asus,Blink,[object Object],Chrome Mobile 90.0.4430.82 on Asus X01AD (Android 9),2021-05-06T05:54:07.010Z,寝る,あ,false,343.20000000000005,85.4,71,16.5,6.9,0,17.2,-2.8000000000000003,-0.2,37,22.2,52.7
Chrome Mobile,90.0.4430.82,Asus X01AD,Asus,Blink,[object Object],Chrome Mobile 90.0.4430.82 on Asus X01AD (Android 9),2021-05-06T05:54:07.219Z,寝る,あ,false,79.80000000000001,74.10000000000001,-59.2,1.7000000000000002,11.5,9,-0.6000000000000001,2.2,7.7,-97.60000000000001,-250.4,66.2
Chrome Mobile,90.0.4430.82,Asus X01AD,Asus,Blink,[object Object],Chrome Mobile 90.0.4430.82 on Asus X01AD (Android 9),2021-05-06T05:54:07.423Z,寝る,あ,false,62.900000000000006,70.4,-65.4,-8.700000000000001,11,6.9,-11.700000000000001,1.9000000000000001,5.6000000000000005,68,152.9,-82
Chrome Mobile,90.0.4430.82,Asus X01AD,Asus,Blink,[object Object],Chrome Mobile 90.0.4430.82 on Asus X01AD (Android 9),2021-05-06T05:54:07.624Z,寝る,あ,false,342.1,76.60000000000001,62.900000000000006,6.7,10.700000000000001,6.5,8.8,1.1,5.5,-1,220.10000000000002,-47.7
Chrome Mobile,90.0.4430.82,Asus X01AD,Asus,Blink,[object Object],Chrome Mobile 90.0.4430.82 on Asus X01AD (Android 9),2021-05-06T05:54:07.825Z,寝る,あ,false,15.700000000000001,82.7,32.7,9.9,8.200000000000001,3.9000000000000004,10.600000000000001,-1.4000000000000001,2.9000000000000004,57.1,-200,53.2
Chrome Mobile,90.0.4430.82,Asus X01AD,Asus,Blink,[object Object],Chrome Mobile 90.0.4430.82 on Asus X01AD (Android 9),2021-05-06T05:54:08.026Z,寝る,あ,false,59.7,68.10000000000001,-56.7,-11.700000000000001,15.3,13.200000000000001,-14.700000000000001,6.300000000000001,11.3,-8,-250.4,185.00000000000003
Chrome Mobile,90.0.4430.82,Asus X01AD,Asus,Blink,[object Object],Chrome Mobile 90.0.4430.82 on Asus X01AD (Android 9),2021-05-06T05:54:08.227Z,寝る,あ,false,37.9,78.9,-19,-2.6,12.9,6.2,-3.2,3.3000000000000003,4.4,29,249.5,-99.8
Chrome Mobile,90.0.4430.82,Asus X01AD,Asus,Blink,[object Object],Chrome Mobile 90.0.4430.82 on Asus X01AD (Android 9),2021-05-06T05:54:08.428Z,寝る,あ,false,4.7,76.80000000000001,53.900000000000006,17.5,9.3,4.2,17.6,0.30000000000000004,5,44.6,60.5,30.699999999999996
Chrome Mobile,90.0.4430.82,Asus X01AD,Asus,Blink,[object Object],Chrome Mobile 90.0.4430.82 on Asus X01AD (Android 9),2021-05-06T05:54:08.633Z,寝る,あ,false,53.800000000000004,81.5,-18.8,4.3,9.9,9,3.8000000000000003,0.4,7.7,-56.400000000000006,-250.4,35.1
Chrome Mobile,90.0.4430.82,Asus X01AD,Asus,Blink,[object Object],Chrome Mobile 90.0.4430.82 on Asus X01AD (Android 9),2021-05-06T05:54:08.834Z,寝る,あ,false,46.800000000000004,70.10000000000001,-49.5,-22.8,10.9,9.8,-25.400000000000002,1.7000000000000002,7.6000000000000005,19.799999999999997,40.6,-27.800000000000004
Chrome Mobile,90.0.4430.82,Asus X01AD,Asus,Blink,[object Object],Chrome Mobile 90.0.4430.82 on Asus X01AD (Android 9),2021-05-06T05:54:09.035Z,寝る,あ,false,359.70000000000005,77.9,38.7,5.9,13.5,4,7.2,3.8000000000000003,2.4000000000000004,12.7,249.5,-138.50000000000003
Chrome Mobile,90.0.4430.82,Asus X01AD,Asus,Blink,[object Object],Chrome Mobile 90.0.4430.82 on Asus X01AD (Android 9),2021-05-06T05:54:09.237Z,寝る,あ,false,7.4,81.7,47.2,11.5,7.9,1.8,12.5,-1.6,0.8,0.4,-113.2,34.800000000000004
Chrome Mobile,90.0.4430.82,Asus X01AD,Asus,Blink,[object Object],Chrome Mobile 90.0.4430.82 on Asus X01AD (Android 9),2021-05-06T05:54:09.445Z,寝る,あ,false,81.2,67,-72,-4.6000000000000005,14.3,6.6000000000000005,-8.3,5.4,5.4,-57.20000000000001,-250.4,173.3
Chrome Mobile,90.0.4430.82,Asus X01AD,Asus,Blink,[object Object],Chrome Mobile 90.0.4430.82 on Asus X01AD (Android 9),2021-05-06T05:54:09.646Z,寝る,あ,false,26.700000000000003,75.4,-0.30000000000000004,-1.3,12.9,8.5,-1.3,3.4000000000000004,6,36.300000000000004,249.6,-84.5
Chrome Mobile,90.0.4430.82,Asus X01AD,Asus,Blink,[object Object],Chrome Mobile 90.0.4430.82 on Asus X01AD (Android 9),2021-05-06T05:54:09.847Z,寝る,あ,false,347,76.7,78.4,18.3,7.9,3.7,20.5,-1.6,3.3000000000000003,11.5,18.4,34.800000000000004
Chrome Mobile,90.0.4430.82,Asus X01AD,Asus,Blink,[object Object],Chrome Mobile 90.0.4430.82 on Asus X01AD (Android 9),2021-05-06T05:54:10.047Z,寝る,あ,false,72.4,80.5,-35.7,6.1000000000000005,11.8,7.7,5.2,2.4000000000000004,6.5,-85.69999999999999,-250.4,92.8
Chrome Mobile,90.0.4430.82,Asus X01AD,Asus,Blink,[object Object],Chrome Mobile 90.0.4430.82 on Asus X01AD (Android 9),2021-05-06T05:54:10.248Z,寝る,あ,false,59.800000000000004,69.7,-48.300000000000004,-15.8,8.8,8.8,-18.3,-0.30000000000000004,6.5,1.9,169.39999999999998,-73.2
Chrome Mobile,90.0.4430.82,Asus X01AD,Asus,Blink,[object Object],Chrome Mobile 90.0.4430.82 on Asus X01AD (Android 9),2021-05-06T05:54:10.449Z,寝る,あ,false,17.7,73.10000000000001,41.5,8,10.3,3.5,9.9,0.8,1.3,54.4,249.6,-33.400000000000006
Chrome Mobile,90.0.4430.82,Asus X01AD,Asus,Blink,[object Object],Chrome Mobile 90.0.4430.82 on Asus X01AD (Android 9),2021-05-06T05:54:10.649Z,寝る,あ,false,21.6,78.4,37.5,7.4,7.300000000000001,7,8.6,-2.2,5.5,33.9,-211,18.700000000000003
Chrome Mobile,90.0.4430.82,Asus X01AD,Asus,Blink,[object Object],Chrome Mobile 90.0.4430.82 on Asus X01AD (Android 9),2021-05-06T05:54:10.850Z,寝る,あ,false,64.10000000000001,72.7,-50.7,-14.4,12.5,9.8,-16.6,3,8,-32.8,-183.5,63.900000000000006
Chrome Mobile,90.0.4430.82,Asus X01AD,Asus,Blink,[object Object],Chrome Mobile 90.0.4430.82 on Asus X01AD (Android 9),2021-05-06T05:54:11.052Z,寝る,あ,false,58.900000000000006,78.2,-27.6,-1.7000000000000002,11.9,6.4,-2.6,2.4000000000000004,4.7,28.400000000000002,215.9,-50.900000000000006
Chrome Mobile,90.0.4430.82,Asus X01AD,Asus,Blink,[object Object],Chrome Mobile 90.0.4430.82 on Asus X01AD (Android 9),2021-05-06T05:54:11.264Z,寝る,あ,false,1.3,78.10000000000001,63.2,13.600000000000001,6.5,0.4,15.4,-3.1,-0.5,78.60000000000001,-27.400000000000002,4.800000000000001
Chrome Mobile,90.0.4430.82,Asus X01AD,Asus,Blink,[object Object],Chrome Mobile 90.0.4430.82 on Asus X01AD (Android 9),2021-05-06T05:54:11.478Z,寝る,あ,false,57.900000000000006,77.7,-31,-3.1,11.3,11.100000000000001,-4.1000000000000005,1.8,9.3,-54.9,-246.2,70.9
Chrome Mobile,90.0.4430.82,Asus X01AD,Asus,Blink,[object Object],Chrome Mobile 90.0.4430.82 on Asus X01AD (Android 9),2021-05-06T05:54:11.685Z,寝る,あ,false,48,75,-28.400000000000002,-7.9,9,3.8000000000000003,-9.1,-0.30000000000000004,1.6,30.000000000000004,183.7,-35.1
Chrome Mobile,90.0.4430.82,Asus X01AD,Asus,Blink,[object Object],Chrome Mobile 90.0.4430.82 on Asus X01AD (Android 9),2021-05-06T05:54:11.887Z,寝る,あ,false,17.7,71.2,48.400000000000006,19.400000000000002,11,7.1000000000000005,21.700000000000003,1.7000000000000002,5,-72.80000000000001,119.30000000000003,-13.700000000000001
Chrome Mobile,90.0.4430.82,Asus X01AD,Asus,Blink,[object Object],Chrome Mobile 90.0.4430.82 on Asus X01AD (Android 9),2021-05-06T05:54:12.088Z,寝る,あ,false,47,81.7,-6.2,0,10.3,6.6000000000000005,-0.2,0.7000000000000001,5.2,23.700000000000003,-250.4,88.20000000000002
Chrome Mobile,90.0.4430.82,Asus X01AD,Asus,Blink,[object Object],Chrome Mobile 90.0.4430.82 on Asus X01AD (Android 9),2021-05-06T05:54:12.290Z,寝る,あ,false,85.4,70.8,-76.7,-12.4,9.3,5,-15.3,0.9,4.7,31.3,0.5,1.3
Chrome Mobile,90.0.4430.82,Asus X01AD,Asus,Blink,[object Object],Chrome Mobile 90.0.4430.82 on Asus X01AD (Android 9),2021-05-06T05:54:12.491Z,寝る,あ,false,29.1,81.30000000000001,15.700000000000001,3.9000000000000004,12.9,5.800000000000001,4.3,3.3000000000000003,4.4,-0.5,249.6,-118.2
Chrome Mobile,90.0.4430.82,Asus X01AD,Asus,Blink,[object Object],Chrome Mobile 90.0.4430.82 on Asus X01AD (Android 9),2021-05-06T05:54:12.692Z,寝る,あ,false,1.3,78.80000000000001,62.6,11.100000000000001,9,-5.5,12.8,-0.5,-6.4,88.00000000000001,-101,59.60000000000001
Chrome Mobile,90.0.4430.82,Asus X01AD,Asus,Blink,[object Object],Chrome Mobile 90.0.4430.82 on Asus X01AD (Android 9),2021-05-06T05:54:12.893Z,寝る,あ,false,92.5,75.9,-75.10000000000001,-7.5,12.5,8,-9.8,3,7.4,-4.5,-241.60000000000002,124.10000000000001
Chrome Mobile,90.0.4430.82,Asus X01AD,Asus,Blink,[object Object],Chrome Mobile 90.0.4430.82 on Asus X01AD (Android 9),2021-05-06T05:54:13.094Z,寝る,あ,false,76.3,77.10000000000001,-55.7,-6.2,10.3,2.7,-8,1,1.5,3.5,171.70000000000002,-45.400000000000006
Chrome Mobile,90.0.4430.82,Asus X01AD,Asus,Blink,[object Object],Chrome Mobile 90.0.4430.82 on Asus X01AD (Android 9),2021-05-06T05:54:13.303Z,寝る,あ,false,2.6,76.9,57.2,16.1,11.3,2.5,16.2,2.4000000000000004,0.5,2.8,63.8,-59.20000000000001
Chrome Mobile,90.0.4430.82,Asus X01AD,Asus,Blink,[object Object],Chrome Mobile 90.0.4430.82 on Asus X01AD (Android 9),2021-05-06T05:54:13.515Z,寝る,あ,false,63.2,83.7,-30.700000000000003,0.2,12.100000000000001,5.5,0.8,2.2,4.2,-1,-250.3,71.19999999999999
Chrome Mobile,90.0.4430.82,Asus X01AD,Asus,Blink,[object Object],Chrome Mobile 90.0.4430.82 on Asus X01AD (Android 9),2021-05-06T05:54:13.716Z,寝る,あ,false,77.80000000000001,76.7,-66.2,-14.600000000000001,8.3,6,-16.7,-1.1,5.1000000000000005,13.700000000000001,111.9,0
Chrome Mobile,90.0.4430.82,Asus X01AD,Asus,Blink,[object Object],Chrome Mobile 90.0.4430.82 on Asus X01AD (Android 9),2021-05-06T05:54:13.926Z,寝る,あ,false,6.800000000000001,76.9,50,5,12.600000000000001,3.9000000000000004,6.7,3,2.5,24.900000000000002,207.90000000000003,-62.900000000000006
Chrome Mobile,90.0.4430.82,Asus X01AD,Asus,Blink,[object Object],Chrome Mobile 90.0.4430.82 on Asus X01AD (Android 9),2021-05-06T05:54:14.132Z,寝る,あ,false,29.900000000000002,83.10000000000001,29.900000000000002,8.1,8.4,3.9000000000000004,8.200000000000001,-1,4.1000000000000005,-26.799999999999997,-193.1,-1.1
Chrome Mobile,90.0.4430.82,Asus X01AD,Asus,Blink,[object Object],Chrome Mobile 90.0.4430.82 on Asus X01AD (Android 9),2021-05-06T05:54:14.334Z,寝る,あ,false,79.4,72.3,-65.8,-9.8,12.4,7.5,-11.600000000000001,3.1,5.800000000000001,-13.000000000000002,-180.10000000000002,89.4
Chrome Mobile,90.0.4430.82,Asus X01AD,Asus,Blink,[object Object],Chrome Mobile 90.0.4430.82 on Asus X01AD (Android 9),2021-05-06T05:54:14.535Z,寝る,あ,false,70.9,78.5,-42.7,-3.3000000000000003,12.3,4.7,-4.6000000000000005,2.9000000000000004,3.3000000000000003,23.3,244.60000000000002,-56.9
Chrome Mobile,90.0.4430.82,Asus X01AD,Asus,Blink,[object Object],Chrome Mobile 90.0.4430.82 on Asus X01AD (Android 9),2021-05-06T05:54:14.736Z,寝る,あ,false,1.2000000000000002,80.30000000000001,70.4,17.2,10.200000000000001,3.5,18.8,0.5,2.9000000000000004,21.900000000000002,53,-36.9
Chrome Mobile,90.0.4430.82,Asus X01AD,Asus,Blink,[object Object],Chrome Mobile 90.0.4430.82 on Asus X01AD (Android 9),2021-05-06T05:54:14.945Z,寝る,あ,false,85.5,83.60000000000001,-35.4,5,9.4,6.1000000000000005,4.4,-0.1,5.2,-88.9,-249.00000000000003,43.1
Chrome Mobile,90.0.4430.82,Asus X01AD,Asus,Blink,[object Object],Chrome Mobile 90.0.4430.82 on Asus X01AD (Android 9),2021-05-06T05:54:15.148Z,寝る,あ,false,70,63.400000000000006,-54.1,-13.8,13.100000000000001,10.5,-14.8,4.5,6,3.6000000000000005,8.5,87.89999999999999
Chrome Mobile,90.0.4430.82,Asus X01AD,Asus,Blink,[object Object],Chrome Mobile 90.0.4430.82 on Asus X01AD (Android 9),2021-05-06T05:54:15.349Z,寝る,あ,false,32.9,76.7,12.8,0.4,11.600000000000001,10.4,0.9,2,8.200000000000001,48.800000000000004,248.79999999999998,-114.10000000000001
Chrome Mobile,90.0.4430.82,Asus X01AD,Asus,Blink,[object Object],Chrome Mobile 90.0.4430.82 on Asus X01AD (Android 9),2021-05-06T05:54:15.550Z,寝る,あ,false,1.9000000000000001,82.2,64.9,16.3,8.5,-5,17.5,-1.1,-5.6000000000000005,58.7,-84.4,54.1
Chrome Mobile,90.0.4430.82,Asus X01AD,Asus,Blink,[object Object],Chrome Mobile 90.0.4430.82 on Asus X01AD (Android 9),2021-05-06T05:54:15.752Z,寝る,あ,false,97.60000000000001,71.2,-74.2,-4.7,13,9.9,-7.7,3.8000000000000003,9.1,-23.2,-250.4,141.8
Chrome Mobile,90.0.4430.82,Asus X01AD,Asus,Blink,[object Object],Chrome Mobile 90.0.4430.82 on Asus X01AD (Android 9),2021-05-06T05:54:15.953Z,寝る,あ,false,85.4,73.60000000000001,-64.5,-1.3,11.9,3.4000000000000004,-3.7,2.6,2.2,29.900000000000006,219.20000000000002,-71.10000000000001
Chrome Mobile,90.0.4430.82,Asus X01AD,Asus,Blink,[object Object],Chrome Mobile 90.0.4430.82 on Asus X01AD (Android 9),2021-05-06T05:54:16.154Z,寝る,あ,false,359.8,75.60000000000001,68.3,7.2,9.5,0.7000000000000001,9.5,0,-0.2,-14.100000000000001,208.6,-80.9
Chrome Mobile,90.0.4430.82,Asus X01AD,Asus,Blink,[object Object],Chrome Mobile 90.0.4430.82 on Asus X01AD (Android 9),2021-05-06T05:54:16.359Z,寝る,あ,false,56.400000000000006,86.80000000000001,-2.5,6.2,9.9,6.300000000000001,6.1000000000000005,0.30000000000000004,5.800000000000001,-9.100000000000001,-216.10000000000002,68.80000000000001
Chrome Mobile,90.0.4430.82,Asus X01AD,Asus,Blink,[object Object],Chrome Mobile 90.0.4430.82 on Asus X01AD (Android 9),2021-05-06T05:54:16.569Z,寝る,あ,false,72.7,70,-60.6,-13.600000000000001,12.100000000000001,10.600000000000001,-16.6,3,9,-40.9,-103.8,32.400000000000006
Chrome Mobile,90.0.4430.82,Asus X01AD,Asus,Blink,[object Object],Chrome Mobile 90.0.4430.82 on Asus X01AD (Android 9),2021-05-06T05:54:16.769Z,寝る,あ,false,31.8,75.10000000000001,13,4.3,12.200000000000001,12.200000000000001,4.800000000000001,2.7,9.700000000000001,53.599999999999994,243.2,-52.300000000000004
Chrome Mobile,90.0.4430.82,Asus X01AD,Asus,Blink,[object Object],Chrome Mobile 90.0.4430.82 on Asus X01AD (Android 9),2021-05-06T05:54:16.970Z,寝る,あ,false,2.1,88.10000000000001,57.2,12.100000000000001,7.2,-5.9,12.3,-2.5,-6.1000000000000005,-21.8,-74.7,12.5
Chrome Mobile,90.0.4430.82,Asus X01AD,Asus,Blink,[object Object],Chrome Mobile 90.0.4430.82 on Asus X01AD (Android 9),2021-05-06T05:54:17.171Z,寝る,あ,false,81.30000000000001,73.4,-63.400000000000006,-6.6000000000000005,11.3,10.200000000000001,-9.1,2,8.9,-6.500000000000001,-238.60000000000005,112.1
Chrome Mobile,90.0.4430.82,Asus X01AD,Asus,Blink,[object Object],Chrome Mobile 90.0.4430.82 on Asus X01AD (Android 9),2021-05-06T05:54:17.371Z,寝る,あ,false,72.9,77.10000000000001,-54.400000000000006,-5.300000000000001,10.600000000000001,3.4000000000000004,-7,1.2000000000000002,2.1,38.900000000000006,187.9,-45.400000000000006
Chrome Mobile,90.0.4430.82,Asus X01AD,Asus,Blink,[object Object],Chrome Mobile 90.0.4430.82 on Asus X01AD (Android 9),2021-05-06T05:54:17.572Z,寝る,あ,false,339.8,80.80000000000001,85.2,12.200000000000001,9.8,1.7000000000000002,13.8,0.1,1.6,47.2,139.5,-31
Chrome Mobile,90.0.4430.82,Asus X01AD,Asus,Blink,[object Object],Chrome Mobile 90.0.4430.82 on Asus X01AD (Android 9),2021-05-06T05:54:17.773Z,寝る,あ,false,106.4,85.60000000000001,-60.2,5.9,10.4,9,5.300000000000001,0.9,8.6,-26.300000000000004,-250.10000000000002,82.7
Chrome Mobile,90.0.4430.82,Asus X01AD,Asus,Blink,[object Object],Chrome Mobile 90.0.4430.82 on Asus X01AD (Android 9),2021-05-06T05:54:17.975Z,寝る,あ,false,86.9,66,-83.60000000000001,-10.100000000000001,14.3,8,-14.100000000000001,5.300000000000001,7.5,0,-163.00000000000003,75.8
Chrome Mobile,90.0.4430.82,Asus X01AD,Asus,Blink,[object Object],Chrome Mobile 90.0.4430.82 on Asus X01AD (Android 9),2021-05-06T05:54:18.175Z,寝る,あ,false,47.5,78.7,-10.700000000000001,0.6000000000000001,14.8,10.100000000000001,0.2,5.2,8.200000000000001,-11.700000000000001,249.6,-93.4
Chrome Mobile,90.0.4430.82,Asus X01AD,Asus,Blink,[object Object],Chrome Mobile 90.0.4430.82 on Asus X01AD (Android 9),2021-05-06T05:54:18.378Z,寝る,あ,false,359.1,83.5,66.60000000000001,17.900000000000002,7.800000000000001,-1.9000000000000001,18.900000000000002,-1.8,-2.4000000000000004,47.3,-45.2,2.9
Chrome Mobile,90.0.4430.82,Asus X01AD,Asus,Blink,[object Object],Chrome Mobile 90.0.4430.82 on Asus X01AD (Android 9),2021-05-06T05:54:18.584Z,寝る,あ,false,63.300000000000004,80.9,-38.300000000000004,-8,12,9.9,-8.9,2.4000000000000004,8.6,17.200000000000003,-250.4,134.20000000000002
Chrome Mobile,90.0.4430.82,Asus X01AD,Asus,Blink,[object Object],Chrome Mobile 90.0.4430.82 on Asus X01AD (Android 9),2021-05-06T05:54:18.786Z,寝る,あ,false,78.5,76.80000000000001,-60.900000000000006,-8,7.9,1.8,-9.9,-1.4000000000000001,0.7000000000000001,10.8,166.10000000000002,-15.399999999999999
Chrome Mobile,90.0.4430.82,Asus X01AD,Asus,Blink,[object Object],Chrome Mobile 90.0.4430.82 on Asus X01AD (Android 9),2021-05-06T05:54:18.987Z,寝る,あ,false,16.7,81.60000000000001,42.6,15.700000000000001,12.4,-0.30000000000000004,16.7,2.7,-1.4000000000000001,32.1,89.2,-53.400000000000006
Chrome Mobile,90.0.4430.82,Asus X01AD,Asus,Blink,[object Object],Chrome Mobile 90.0.4430.82 on Asus X01AD (Android 9),2021-05-06T05:54:19.187Z,寝る,あ,false,66.4,85.2,-21.900000000000002,7.1000000000000005,9,5.5,6.800000000000001,-0.6000000000000001,4.800000000000001,-36.6,-246.9,35.3
Chrome Mobile,90.0.4430.82,Asus X01AD,Asus,Blink,[object Object],Chrome Mobile 90.0.4430.82 on Asus X01AD (Android 9),2021-05-06T05:54:19.394Z,寝る,あ,false,34,61.6,-33.6,-9.5,6.4,11.5,-12.100000000000001,-2.1,7.6000000000000005,-169.60000000000002,-12.299999999999999,-58.800000000000004
Chrome Mobile,90.0.4430.82,Asus X01AD,Asus,Blink,[object Object],Chrome Mobile 90.0.4430.82 on Asus X01AD (Android 9),2021-05-06T05:54:19.595Z,寝る,あ,false,16.2,41.1,0.7000000000000001,0,7,9.600000000000001,0.1,0.7000000000000001,2.4000000000000004,-153.3,93.89999999999999,52.7
Chrome Mobile,90.0.4430.82,Asus X01AD,Asus,Blink,[object Object],Chrome Mobile 90.0.4430.82 on Asus X01AD (Android 9),2021-05-06T05:54:19.801Z,寝る,あ,false,26.700000000000003,32.2,7.4,-0.30000000000000004,5.300000000000001,7.300000000000001,0.7000000000000001,0.2,-0.8,-38.400000000000006,6,45.5