platform_name,platform_version,platform_product,platform_manufacturer,platform_layout,platform_os,platform_description,date,label,s_movement,do_absolute,do_alpha,do_beta,do_gamma,acc_g_x,acc_g_y,acc_g_z,acc_x,acc_y,acc_z,rot_alpha,rot_beta,rot_gamma
Chrome Mobile,90.0.4430.82,Asus X01AD,Asus,Blink,[object Object],Chrome Mobile 90.0.4430.82 on Asus X01AD (Android 9),2021-05-06T06:13:09.384Z,歩行,あ,false,26.200000000000003,15.700000000000001,-1.2000000000000002,0.4,2.1,9.200000000000001,0.2,-0.6000000000000001,-0.4,-1.5,12.4,-9.4
Chrome Mobile,90.0.4430.82,Asus X01AD,Asus,Blink,[object Object],Chrome Mobile 90.0.4430.82 on Asus X01AD (Android 9),2021-05-06T06:13:09.585Z,歩行,あ,false,42.6,95.5,-63.1,-2,-3.5,-0.7000000000000001,-1.1,-13.600000000000001,-0.30000000000000004,122,29.200000000000003,-51.6
Chrome Mobile,90.0.4430.82,Asus X01AD,Asus,Blink,[object Object],Chrome Mobile 90.0.4430.82 on Asus X01AD (Android 9),2021-05-06T06:13:09.786Z,歩行,あ,false,306.5,87.60000000000001,27.1,0,-2.2,2.7,0.2,-11.200000000000001,2.3000000000000003,-56.2,-102.2,83.10000000000001
Chrome Mobile,90.0.4430.82,Asus X01AD,Asus,Blink,[object Object],Chrome Mobile 90.0.4430.82 on Asus X01AD (Android 9),2021-05-06T06:13:09.987Z,歩行,あ,false,11,67.8,-42,13.4,24.5,7.1000000000000005,10.700000000000001,14.700000000000001,4.2,206.20000000000002,-6.2,-210.40000000000003
Chrome Mobile,90.0.4430.82,Asus X01AD,Asus,Blink,[object Object],Chrome Mobile 90.0.4430.82 on Asus X01AD (Android 9),2021-05-06T06:13:10.188Z,歩行,あ,false,24.1,113.80000000000001,-58.2,-2.6,-11.9,-2.9000000000000004,-0.2,-21.1,-0.4,81.8,-80.30000000000001,25.200000000000003
Chrome Mobile,90.0.4430.82,Asus X01AD,Asus,Blink,[object Object],Chrome Mobile 90.0.4430.82 on Asus X01AD (Android 9),2021-05-06T06:13:10.388Z,歩行,あ,false,13.8,81.80000000000001,-51.6,5.4,10,8.6,4.4,1.5,7.800000000000001,-249.5,-51.1,236.3
Chrome Mobile,90.0.4430.82,Asus X01AD,Asus,Blink,[object Object],Chrome Mobile 90.0.4430.82 on Asus X01AD (Android 9),2021-05-06T06:13:10.589Z,歩行,あ,false,328.40000000000003,83.2,-3.3000000000000003,4.2,-3.3000000000000003,14.200000000000001,4.2,-13.700000000000001,13,216.7,78.60000000000001,-249.90000000000003
Chrome Mobile,90.0.4430.82,Asus X01AD,Asus,Blink,[object Object],Chrome Mobile 90.0.4430.82 on Asus X01AD (Android 9),2021-05-06T06:13:10.790Z,歩行,あ,false,13.5,117.2,-44.2,-0.7000000000000001,-7.5,-0.7000000000000001,2.5,-16,2.6,2.4000000000000004,9.899999999999999,89.6
Chrome Mobile,90.0.4430.82,Asus X01AD,Asus,Blink,[object Object],Chrome Mobile 90.0.4430.82 on Asus X01AD (Android 9),2021-05-06T06:13:10.991Z,歩行,あ,false,21.6,65.7,-56.7,16.1,19.3,18.8,13.600000000000001,11.4,17.3,-250.00000000000003,-31.099999999999998,246.9
Chrome Mobile,90.0.4430.82,Asus X01AD,Asus,Blink,[object Object],Chrome Mobile 90.0.4430.82 on Asus X01AD (Android 9),2021-05-06T06:13:11.192Z,歩行,あ,false,44.2,83.9,-75.3,5.1000000000000005,1.3,13,4.1000000000000005,-8.9,12.700000000000001,234,12,-236.70000000000005
Chrome Mobile,90.0.4430.82,Asus X01AD,Asus,Blink,[object Object],Chrome Mobile 90.0.4430.82 on Asus X01AD (Android 9),2021-05-06T06:13:11.393Z,歩行,あ,false,6.800000000000001,120.2,-35.7,-0.7000000000000001,-7.9,-1.2000000000000002,2,-15.700000000000001,2.5,15.2,-23.800000000000004,29.500000000000004
Chrome Mobile,90.0.4430.82,Asus X01AD,Asus,Blink,[object Object],Chrome Mobile 90.0.4430.82 on Asus X01AD (Android 9),2021-05-06T06:13:11.594Z,歩行,あ,false,242.8,102.4,81.7,5.7,1.6,7.4,4,-6.2,7.6000000000000005,-249.6,-65.7,250.10000000000002
Chrome Mobile,90.0.4430.82,Asus X01AD,Asus,Blink,[object Object],Chrome Mobile 90.0.4430.82 on Asus X01AD (Android 9),2021-05-06T06:13:11.795Z,歩行,あ,false,49.400000000000006,74.2,-77.5,6,-6.5,19.6,3.3000000000000003,-16.3,19,250.00000000000003,15.299999999999999,-249.90000000000003
Chrome Mobile,90.0.4430.82,Asus X01AD,Asus,Blink,[object Object],Chrome Mobile 90.0.4430.82 on Asus X01AD (Android 9),2021-05-06T06:13:11.995Z,歩行,あ,false,0.1,116.30000000000001,-26.900000000000002,0.2,-7.2,-3,2,-15.100000000000001,0.4,28.600000000000005,2.5,34.800000000000004
Chrome Mobile,90.0.4430.82,Asus X01AD,Asus,Blink,[object Object],Chrome Mobile 90.0.4430.82 on Asus X01AD (Android 9),2021-05-06T06:13:12.196Z,歩行,あ,false,249.60000000000002,110.7,76.80000000000001,7.7,-1.8,5.5,5.1000000000000005,-8.9,6.1000000000000005,-249.7,-32.9,250.10000000000002
Chrome Mobile,90.0.4430.82,Asus X01AD,Asus,Blink,[object Object],Chrome Mobile 90.0.4430.82 on Asus X01AD (Android 9),2021-05-06T06:13:12.396Z,歩行,あ,false,48.300000000000004,64.5,-81.10000000000001,12.700000000000001,6.6000000000000005,15.8,8.5,-2.4000000000000004,15.100000000000001,197.00000000000003,-8.3,-249.90000000000003
Chrome Mobile,90.0.4430.82,Asus X01AD,Asus,Blink,[object Object],Chrome Mobile 90.0.4430.82 on Asus X01AD (Android 9),2021-05-06T06:13:12.597Z,歩行,あ,false,352.70000000000005,112.30000000000001,-16.7,0.7000000000000001,-8,-0.9,1.6,-16.1,2.3000000000000003,37.7,1.6,-11.700000000000001
Chrome Mobile,90.0.4430.82,Asus X01AD,Asus,Blink,[object Object],Chrome Mobile 90.0.4430.82 on Asus X01AD (Android 9),2021-05-06T06:13:12.798Z,歩行,あ,false,283.40000000000003,107.7,51.5,1.3,-4.4,-0.4,-0.5,-11.5,1,-194.7,-37.300000000000004,247.29999999999998
Chrome Mobile,90.0.4430.82,Asus X01AD,Asus,Blink,[object Object],Chrome Mobile 90.0.4430.82 on Asus X01AD (Android 9),2021-05-06T06:13:12.998Z,歩行,あ,false,44.300000000000004,63.7,-65.4,10.100000000000001,13.700000000000001,11,8.4,10.8,8.8,216,42.800000000000004,-249.90000000000003
Chrome Mobile,90.0.4430.82,Asus X01AD,Asus,Blink,[object Object],Chrome Mobile 90.0.4430.82 on Asus X01AD (Android 9),2021-05-06T06:13:13.199Z,歩行,あ,false,8.3,108.4,-21.700000000000003,-1,-7.800000000000001,-0.8,0,-15.9,1.7000000000000002,63.4,2.7,-19.300000000000004
Chrome Mobile,90.0.4430.82,Asus X01AD,Asus,Blink,[object Object],Chrome Mobile 90.0.4430.82 on Asus X01AD (Android 9),2021-05-06T06:13:13.400Z,歩行,あ,false,301,105.5,40.2,-0.7000000000000001,-5.300000000000001,-1.9000000000000001,-2,-12.4,-0.30000000000000004,-191.30000000000004,-29.800000000000004,215.1
Chrome Mobile,90.0.4430.82,Asus X01AD,Asus,Blink,[object Object],Chrome Mobile 90.0.4430.82 on Asus X01AD (Android 9),2021-05-06T06:13:13.601Z,歩行,あ,false,57.1,66.3,-80.4,10.100000000000001,14.700000000000001,7.5,6.4,6.2,6.9,170.50000000000003,29.900000000000006,-249.90000000000003
Chrome Mobile,90.0.4430.82,Asus X01AD,Asus,Blink,[object Object],Chrome Mobile 90.0.4430.82 on Asus X01AD (Android 9),2021-05-06T06:13:13.801Z,歩行,あ,false,0.7000000000000001,111.80000000000001,-15.4,-1.3,-8.700000000000001,-1.5,-0.5,-16.2,1.5,66.80000000000001,-32.9,26.200000000000003
Chrome Mobile,90.0.4430.82,Asus X01AD,Asus,Blink,[object Object],Chrome Mobile 90.0.4430.82 on Asus X01AD (Android 9),2021-05-06T06:13:14.002Z,歩行,あ,false,277.5,108.10000000000001,57.400000000000006,3.1,-1.4000000000000001,1.8,1.3,-8.3,3,-250.00000000000003,8.4,209.9
Chrome Mobile,90.0.4430.82,Asus X01AD,Asus,Blink,[object Object],Chrome Mobile 90.0.4430.82 on Asus X01AD (Android 9),2021-05-06T06:13:14.203Z,歩行,あ,false,50.6,67,-70.9,4.6000000000000005,7,20.200000000000003,1.2000000000000002,-1.6,19,133,106.20000000000002,-249.5
Chrome Mobile,90.0.4430.82,Asus X01AD,Asus,Blink,[object Object],Chrome Mobile 90.0.4430.82 on Asus X01AD (Android 9),2021-05-06T06:13:14.404Z,歩行,あ,false,7.800000000000001,115.2,-28.400000000000002,-1.7000000000000002,-6.1000000000000005,0.1,-0.1,-13.5,3.1,61.39999999999999,-20.3,-10.200000000000001
Chrome Mobile,90.0.4430.82,Asus X01AD,Asus,Blink,[object Object],Chrome Mobile 90.0.4430.82 on Asus X01AD (Android 9),2021-05-06T06:13:14.605Z,歩行,あ,false,304.40000000000003,108.80000000000001,32.4,0.6000000000000001,-2.4000000000000004,-2.2,-0.6000000000000001,-9.200000000000001,-0.30000000000000004,-236.90000000000003,35.2,246.39999999999998
Chrome Mobile,90.0.4430.82,Asus X01AD,Asus,Blink,[object Object],Chrome Mobile 90.0.4430.82 on Asus X01AD (Android 9),2021-05-06T06:13:14.805Z,歩行,あ,false,257.40000000000003,110,75.8,7.2,11.5,4.800000000000001,4.2,2.9000000000000004,5.5,141.9,-22.5,-249.5
Chrome Mobile,90.0.4430.82,Asus X01AD,Asus,Blink,[object Object],Chrome Mobile 90.0.4430.82 on Asus X01AD (Android 9),2021-05-06T06:13:15.006Z,歩行,あ,false,353.3,116.10000000000001,-20.1,-1.6,-4.5,-0.5,-0.4,-11.8,2.9000000000000004,55.5,-31.5,14
Chrome Mobile,90.0.4430.82,Asus X01AD,Asus,Blink,[object Object],Chrome Mobile 90.0.4430.82 on Asus X01AD (Android 9),2021-05-06T06:13:15.207Z,歩行,あ,false,314.70000000000005,113.30000000000001,11.700000000000001,1,-1.5,-1.1,0.4,-8.200000000000001,1.7000000000000002,-108.60000000000001,2.6,154.9
Chrome Mobile,90.0.4430.82,Asus X01AD,Asus,Blink,[object Object],Chrome Mobile 90.0.4430.82 on Asus X01AD (Android 9),2021-05-06T06:13:15.417Z,歩行,あ,false,230.9,110.2,88.80000000000001,11.600000000000001,24.3,0.9,8.5,15.8,0.9,249.90000000000003,11.4,-227.10000000000002
Chrome Mobile,90.0.4430.82,Asus X01AD,Asus,Blink,[object Object],Chrome Mobile 90.0.4430.82 on Asus X01AD (Android 9),2021-05-06T06:13:15.617Z,歩行,あ,false,355.6,114.7,-26.1,-2.5,-5.7,0.6000000000000001,-0.9,-13.100000000000001,3.7,29.900000000000006,17.300000000000004,11.3
Chrome Mobile,90.0.4430.82,Asus X01AD,Asus,Blink,[object Object],Chrome Mobile 90.0.4430.82 on Asus X01AD (Android 9),2021-05-06T06:13:15.818Z,歩行,あ,false,317.8,107.30000000000001,11.100000000000001,0.6000000000000001,-0.4,-3.9000000000000004,0.2,-7.4,-1.8,-100.2,20.2,129.70000000000002
Chrome Mobile,90.0.4430.82,Asus X01AD,Asus,Blink,[object Object],Chrome Mobile 90.0.4430.82 on Asus X01AD (Android 9),2021-05-06T06:13:16.019Z,歩行,あ,false,45.1,71.7,-77.5,11.4,23.3,7.1000000000000005,8.6,14.700000000000001,6.5,248.9,-15.700000000000001,-189.8
Chrome Mobile,90.0.4430.82,Asus X01AD,Asus,Blink,[object Object],Chrome Mobile 90.0.4430.82 on Asus X01AD (Android 9),2021-05-06T06:13:16.219Z,歩行,あ,false,5.7,116.5,-37.300000000000004,-1.3,-8,1.1,0.9,-15.3,4,16.700000000000003,-71.8,22.3
Chrome Mobile,90.0.4430.82,Asus X01AD,Asus,Blink,[object Object],Chrome Mobile 90.0.4430.82 on Asus X01AD (Android 9),2021-05-06T06:13:16.420Z,歩行,あ,false,270,100.4,55.900000000000006,2.3000000000000003,1.2000000000000002,0.7000000000000001,1.2000000000000002,-5.800000000000001,1.5,-250.00000000000003,-32.2,214.90000000000003
Chrome Mobile,90.0.4430.82,Asus X01AD,Asus,Blink,[object Object],Chrome Mobile 90.0.4430.82 on Asus X01AD (Android 9),2021-05-06T06:13:16.621Z,歩行,あ,false,35.6,72.10000000000001,-76.5,13.9,12,6.2,11.100000000000001,3.2,5.5,157.3,3.3000000000000007,-249.90000000000003
Chrome Mobile,90.0.4430.82,Asus X01AD,Asus,Blink,[object Object],Chrome Mobile 90.0.4430.82 on Asus X01AD (Android 9),2021-05-06T06:13:16.822Z,歩行,あ,false,10.8,114.80000000000001,-45,-2.3000000000000003,-7.2,-2.9000000000000004,0.1,-14.700000000000001,-0.6000000000000001,95.20000000000002,-22.000000000000004,-27.400000000000002
Chrome Mobile,90.0.4430.82,Asus X01AD,Asus,Blink,[object Object],Chrome Mobile 90.0.4430.82 on Asus X01AD (Android 9),2021-05-06T06:13:17.022Z,歩行,あ,false,312.6,95.5,14.5,-0.30000000000000004,-0.5,1.3,-0.5,-7.800000000000001,2,-242.60000000000002,-15.6,191.1
Chrome Mobile,90.0.4430.82,Asus X01AD,Asus,Blink,[object Object],Chrome Mobile 90.0.4430.82 on Asus X01AD (Android 9),2021-05-06T06:13:17.223Z,歩行,あ,false,18.900000000000002,70.60000000000001,-53.900000000000006,9.3,18.400000000000002,2.8000000000000003,6.800000000000001,9.700000000000001,1,165.4,38.1,-206.70000000000005
Chrome Mobile,90.0.4430.82,Asus X01AD,Asus,Blink,[object Object],Chrome Mobile 90.0.4430.82 on Asus X01AD (Android 9),2021-05-06T06:13:17.424Z,歩行,あ,false,23.6,112.2,-58.1,-1.8,-4.6000000000000005,-2.7,0.9,-12.5,-1,142.20000000000002,-43.800000000000004,-14.700000000000001
Chrome Mobile,90.0.4430.82,Asus X01AD,Asus,Blink,[object Object],Chrome Mobile 90.0.4430.82 on Asus X01AD (Android 9),2021-05-06T06:13:17.624Z,歩行,あ,false,359.5,98.80000000000001,-32.7,-1.1,-1.7000000000000002,-0.1,-0.5,-9.3,0.9,-127.69999999999999,-20.1,173.79999999999998
Chrome Mobile,90.0.4430.82,Asus X01AD,Asus,Blink,[object Object],Chrome Mobile 90.0.4430.82 on Asus X01AD (Android 9),2021-05-06T06:13:17.826Z,歩行,あ,false,14.100000000000001,64.60000000000001,-52.900000000000006,15.5,30.900000000000002,3.4000000000000004,12.3,22.5,1,244.90000000000003,-32.1,-139.3
Chrome Mobile,90.0.4430.82,Asus X01AD,Asus,Blink,[object Object],Chrome Mobile 90.0.4430.82 on Asus X01AD (Android 9),2021-05-06T06:13:18.027Z,歩行,あ,false,21.400000000000002,108.2,-59.300000000000004,-3.2,-5,0.5,-0.8,-13.3,1.9000000000000001,74.30000000000001,20.8,-71.19999999999999
Chrome Mobile,90.0.4430.82,Asus X01AD,Asus,Blink,[object Object],Chrome Mobile 90.0.4430.82 on Asus X01AD (Android 9),2021-05-06T06:13:18.229Z,歩行,あ,false,352.40000000000003,100.7,-28.8,0.4,-1.2000000000000002,0.2,1.1,-9,1.4000000000000001,-119.8,5.2,118.10000000000001
Chrome Mobile,90.0.4430.82,Asus X01AD,Asus,Blink,[object Object],Chrome Mobile 90.0.4430.82 on Asus X01AD (Android 9),2021-05-06T06:13:18.430Z,歩行,あ,false,9.9,62.2,-54.5,18.900000000000002,39.1,14.100000000000001,15.4,30.900000000000002,11.600000000000001,120.3,18.8,-83.5
Chrome Mobile,90.0.4430.82,Asus X01AD,Asus,Blink,[object Object],Chrome Mobile 90.0.4430.82 on Asus X01AD (Android 9),2021-05-06T06:13:18.631Z,歩行,あ,false,15.8,110.7,-56.6,-2.1,-5.800000000000001,0.9,0.6000000000000001,-14.200000000000001,2.6,78.10000000000001,44.2,-117.7
Chrome Mobile,90.0.4430.82,Asus X01AD,Asus,Blink,[object Object],Chrome Mobile 90.0.4430.82 on Asus X01AD (Android 9),2021-05-06T06:13:18.831Z,歩行,あ,false,5.800000000000001,109,-43.800000000000004,-1.2000000000000002,-4.4,0.5,0.6000000000000001,-12,2.4000000000000004,-91.4,3.8,133.9
Chrome Mobile,90.0.4430.82,Asus X01AD,Asus,Blink,[object Object],Chrome Mobile 90.0.4430.82 on Asus X01AD (Android 9),2021-05-06T06:13:19.032Z,歩行,あ,false,8.8,56.900000000000006,-38.400000000000006,18.3,39.1,23.200000000000003,15.3,31.6,19.400000000000002,-70.3,108,25.8
Chrome Mobile,90.0.4430.82,Asus X01AD,Asus,Blink,[object Object],Chrome Mobile 90.0.4430.82 on Asus X01AD (Android 9),2021-05-06T06:13:19.233Z,歩行,あ,false,29.1,104.7,-58.400000000000006,-1.7000000000000002,-4.3,2.1,0.30000000000000004,-13.200000000000001,3.3000000000000003,177.4,-27.400000000000002,-128.8
Chrome Mobile,90.0.4430.82,Asus X01AD,Asus,Blink,[object Object],Chrome Mobile 90.0.4430.82 on Asus X01AD (Android 9),2021-05-06T06:13:19.434Z,歩行,あ,false,25.6,114.2,-56.900000000000006,-1.1,-3.5,-0.5,1.7000000000000002,-11,1.4000000000000001,-28.1,8.4,70
Chrome Mobile,90.0.4430.82,Asus X01AD,Asus,Blink,[object Object],Chrome Mobile 90.0.4430.82 on Asus X01AD (Android 9),2021-05-06T06:13:19.636Z,歩行,あ,false,356.20000000000005,69.7,-29.8,12,37.5,8.700000000000001,10.8,25,6,-250.00000000000003,26.5,168.1
Chrome Mobile,90.0.4430.82,Asus X01AD,Asus,Blink,[object Object],Chrome Mobile 90.0.4430.82 on Asus X01AD (Android 9),2021-05-06T06:13:19.837Z,歩行,あ,false,262.90000000000003,83.10000000000001,66.3,2.2,-0.8,3.7,3.3000000000000003,-10.3,3.3000000000000003,129.00000000000003,20,-202.9
Chrome Mobile,90.0.4430.82,Asus X01AD,Asus,Blink,[object Object],Chrome Mobile 90.0.4430.82 on Asus X01AD (Android 9),2021-05-06T06:13:20.038Z,歩行,あ,false,39.2,114.10000000000001,-67.4,-2.2,-3.6,1.4000000000000001,1,-11.5,2.8000000000000003,-13.900000000000002,28.600000000000005,17.5
Chrome Mobile,90.0.4430.82,Asus X01AD,Asus,Blink,[object Object],Chrome Mobile 90.0.4430.82 on Asus X01AD (Android 9),2021-05-06T06:13:20.239Z,歩行,あ,false,333.8,81.60000000000001,-6.5,0.6000000000000001,0.1,1.1,0.5,-7.6000000000000005,0,-249.6,-22.5,164
Chrome Mobile,90.0.4430.82,Asus X01AD,Asus,Blink,[object Object],Chrome Mobile 90.0.4430.82 on Asus X01AD (Android 9),2021-05-06T06:13:20.445Z,歩行,あ,false,335.40000000000003,74.8,-13.8,6.300000000000001,3.8000000000000003,6.7,6.7,-2.6,4.4,250.00000000000003,57.9,-237.20000000000002
Chrome Mobile,90.0.4430.82,Asus X01AD,Asus,Blink,[object Object],Chrome Mobile 90.0.4430.82 on Asus X01AD (Android 9),2021-05-06T06:13:20.646Z,歩行,あ,false,17.400000000000002,111.2,-53.1,-1.5,-3.8000000000000003,1.5,1,-12,3.4000000000000004,25.1,35.699999999999996,38.7
Chrome Mobile,90.0.4430.82,Asus X01AD,Asus,Blink,[object Object],Chrome Mobile 90.0.4430.82 on Asus X01AD (Android 9),2021-05-06T06:13:20.848Z,歩行,あ,false,238,94.7,87,4.2,4,1.1,3.6,-4,1.2000000000000002,-250.00000000000003,33.300000000000004,151.8
Chrome Mobile,90.0.4430.82,Asus X01AD,Asus,Blink,[object Object],Chrome Mobile 90.0.4430.82 on Asus X01AD (Android 9),2021-05-06T06:13:21.050Z,歩行,あ,false,12.8,81.2,-47.6,6.800000000000001,8.4,6.6000000000000005,5.6000000000000005,-1.3,5.5,244.50000000000003,9.899999999999999,-212.40000000000003
Chrome Mobile,90.0.4430.82,Asus X01AD,Asus,Blink,[object Object],Chrome Mobile 90.0.4430.82 on Asus X01AD (Android 9),2021-05-06T06:13:21.251Z,歩行,あ,false,15.3,116,-50.1,-1.2000000000000002,-3.4000000000000004,-1.1,1.8,-11.5,1.4000000000000001,16.3,-7.1000000000000005,4.9
Chrome Mobile,90.0.4430.82,Asus X01AD,Asus,Blink,[object Object],Chrome Mobile 90.0.4430.82 on Asus X01AD (Android 9),2021-05-06T06:13:21.457Z,歩行,あ,false,351.3,103.60000000000001,-27.400000000000002,-1.6,-1.7000000000000002,-3,-0.8,-9.600000000000001,-1.3,-94,-15.700000000000001,128.70000000000002
Chrome Mobile,90.0.4430.82,Asus X01AD,Asus,Blink,[object Object],Chrome Mobile 90.0.4430.82 on Asus X01AD (Android 9),2021-05-06T06:13:21.663Z,歩行,あ,false,342.90000000000003,64.10000000000001,-23.6,9,29.6,24.3,7.300000000000001,20.900000000000002,20.3,214.90000000000003,34.7,-172.70000000000002
Chrome Mobile,90.0.4430.82,Asus X01AD,Asus,Blink,[object Object],Chrome Mobile 90.0.4430.82 on Asus X01AD (Android 9),2021-05-06T06:13:21.865Z,歩行,あ,false,10.700000000000001,118,-55,-1.7000000000000002,-4.7,-1.4000000000000001,1.8,-12.8,1.1,102.8,-39.9,-10.9
Chrome Mobile,90.0.4430.82,Asus X01AD,Asus,Blink,[object Object],Chrome Mobile 90.0.4430.82 on Asus X01AD (Android 9),2021-05-06T06:13:22.066Z,歩行,あ,false,352.5,112.2,-42.2,-2.4000000000000004,-2.8000000000000003,1.3,-0.30000000000000004,-10.4,3.6,-56.9,8.100000000000001,146.20000000000002
Chrome Mobile,90.0.4430.82,Asus X01AD,Asus,Blink,[object Object],Chrome Mobile 90.0.4430.82 on Asus X01AD (Android 9),2021-05-06T06:13:22.267Z,歩行,あ,false,358,69.60000000000001,-43,11.200000000000001,39.1,23.8,9,30.400000000000002,21.5,153.4,33.1,50
Chrome Mobile,90.0.4430.82,Asus X01AD,Asus,Blink,[object Object],Chrome Mobile 90.0.4430.82 on Asus X01AD (Android 9),2021-05-06T06:13:22.468Z,歩行,あ,false,0.5,115.10000000000001,-49.2,-0.9,-3.8000000000000003,0.9,2.1,-12.3,3.5,115.39999999999999,-84.9,-123.6
Chrome Mobile,90.0.4430.82,Asus X01AD,Asus,Blink,[object Object],Chrome Mobile 90.0.4430.82 on Asus X01AD (Android 9),2021-05-06T06:13:22.669Z,歩行,あ,false,4.3,117.7,-58,-3.4000000000000004,-3.7,0.7000000000000001,-0.1,-11.100000000000001,2.8000000000000003,-28.500000000000004,38.7,118.00000000000001
Chrome Mobile,90.0.4430.82,Asus X01AD,Asus,Blink,[object Object],Chrome Mobile 90.0.4430.82 on Asus X01AD (Android 9),2021-05-06T06:13:22.869Z,歩行,あ,false,357.5,67.60000000000001,-54.6,11.9,39.1,9.4,9.1,30.900000000000002,7.4,-194.90000000000003,74.2,85
Chrome Mobile,90.0.4430.82,Asus X01AD,Asus,Blink,[object Object],Chrome Mobile 90.0.4430.82 on Asus X01AD (Android 9),2021-05-06T06:13:23.070Z,歩行,あ,false,0.5,106.4,-54.800000000000004,1,-3.8000000000000003,4.4,3.2,-13.100000000000001,6,148,14,-213.8
Chrome Mobile,90.0.4430.82,Asus X01AD,Asus,Blink,[object Object],Chrome Mobile 90.0.4430.82 on Asus X01AD (Android 9),2021-05-06T06:13:23.271Z,歩行,あ,false,3.2,121.80000000000001,-54.400000000000006,-2.3000000000000003,-4.5,1.3,1.3,-11.700000000000001,3.9000000000000004,-48.10000000000001,26.700000000000003,62.6
Chrome Mobile,90.0.4430.82,Asus X01AD,Asus,Blink,[object Object],Chrome Mobile 90.0.4430.82 on Asus X01AD (Android 9),2021-05-06T06:13:23.473Z,歩行,あ,false,2.6,73.3,-49.300000000000004,30,34.6,13.5,28.200000000000003,26.900000000000002,11.9,-209.20000000000002,20.8,225.20000000000002
Chrome Mobile,90.0.4430.82,Asus X01AD,Asus,Blink,[object Object],Chrome Mobile 90.0.4430.82 on Asus X01AD (Android 9),2021-05-06T06:13:23.674Z,歩行,あ,false,264.90000000000003,75.3,46.6,2.1,-2.1,11.600000000000001,3.8000000000000003,-11.5,9.9,148.8,-10,-249.90000000000003
Chrome Mobile,90.0.4430.82,Asus X01AD,Asus,Blink,[object Object],Chrome Mobile 90.0.4430.82 on Asus X01AD (Android 9),2021-05-06T06:13:23.875Z,歩行,あ,false,20.5,121.9,-73.10000000000001,-1.4000000000000001,-3.8000000000000003,2.2,3,-11.200000000000001,3.6,15.100000000000001,20.1,69.80000000000001
Chrome Mobile,90.0.4430.82,Asus X01AD,Asus,Blink,[object Object],Chrome Mobile 90.0.4430.82 on Asus X01AD (Android 9),2021-05-06T06:13:24.075Z,歩行,あ,false,325.20000000000005,104.2,-20.1,-4.7,5.9,-8,-4,-1.8,-6.2,-248.7,173.9,218.10000000000002
Chrome Mobile,90.0.4430.82,Asus X01AD,Asus,Blink,[object Object],Chrome Mobile 90.0.4430.82 on Asus X01AD (Android 9),2021-05-06T06:13:24.276Z,歩行,あ,false,275.7,94.5,32,7.2,8.700000000000001,8.1,6.800000000000001,-1,8.700000000000001,140.4,-32.400000000000006,-249.90000000000003
Chrome Mobile,90.0.4430.82,Asus X01AD,Asus,Blink,[object Object],Chrome Mobile 90.0.4430.82 on Asus X01AD (Android 9),2021-05-06T06:13:24.478Z,歩行,あ,false,1.2000000000000002,124,-54.6,-1.1,-5.1000000000000005,-1.8,2.8000000000000003,-12.3,1,15.8,8.8,4.6
Chrome Mobile,90.0.4430.82,Asus X01AD,Asus,Blink,[object Object],Chrome Mobile 90.0.4430.82 on Asus X01AD (Android 9),2021-05-06T06:13:24.679Z,歩行,あ,false,339.70000000000005,95.10000000000001,-33.800000000000004,3.6,3.7,3.3000000000000003,4,-4,3.9000000000000004,-250.00000000000003,-79.6,249.90000000000003
Chrome Mobile,90.0.4430.82,Asus X01AD,Asus,Blink,[object Object],Chrome Mobile 90.0.4430.82 on Asus X01AD (Android 9),2021-05-06T06:13:24.879Z,歩行,あ,false,342,94.30000000000001,-37.1,4.7,4,5.2,5.1000000000000005,-5.6000000000000005,5.800000000000001,129.5,-17.1,-249.90000000000003
Chrome Mobile,90.0.4430.82,Asus X01AD,Asus,Blink,[object Object],Chrome Mobile 90.0.4430.82 on Asus X01AD (Android 9),2021-05-06T06:13:25.080Z,歩行,あ,false,359.8,122.60000000000001,-49.1,-2,-4.800000000000001,1.1,1.5,-12.100000000000001,4.2,76,-37.2,-1.3
Chrome Mobile,90.0.4430.82,Asus X01AD,Asus,Blink,[object Object],Chrome Mobile 90.0.4430.82 on Asus X01AD (Android 9),2021-05-06T06:13:25.280Z,歩行,あ,false,334.6,109.7,-27.900000000000002,0.1,-3.4000000000000004,-1.1,1.3,-10.5,1.2000000000000002,-84.6,-15.100000000000001,156.9
Chrome Mobile,90.0.4430.82,Asus X01AD,Asus,Blink,[object Object],Chrome Mobile 90.0.4430.82 on Asus X01AD (Android 9),2021-05-06T06:13:25.481Z,歩行,あ,false,232.8,94.7,76.2,8.5,12.100000000000001,2.8000000000000003,7.800000000000001,2.7,3,208.9,-26.200000000000003,-249.90000000000003
Chrome Mobile,90.0.4430.82,Asus X01AD,Asus,Blink,[object Object],Chrome Mobile 90.0.4430.82 on Asus X01AD (Android 9),2021-05-06T06:13:25.682Z,歩行,あ,false,6.6000000000000005,122.5,-57.400000000000006,-1.8,-5.300000000000001,1.2000000000000002,2,-12.4,3.7,9,23.5,14.300000000000002
Chrome Mobile,90.0.4430.82,Asus X01AD,Asus,Blink,[object Object],Chrome Mobile 90.0.4430.82 on Asus X01AD (Android 9),2021-05-06T06:13:25.883Z,歩行,あ,false,359.40000000000003,106.2,-48.400000000000006,-3.2,-2,0.2,-1.7000000000000002,-9.200000000000001,1.5,-142.60000000000002,-14.400000000000002,197.00000000000003
Chrome Mobile,90.0.4430.82,Asus X01AD,Asus,Blink,[object Object],Chrome Mobile 90.0.4430.82 on Asus X01AD (Android 9),2021-05-06T06:13:26.084Z,歩行,あ,false,329.20000000000005,73.10000000000001,-22.5,7.6000000000000005,21.200000000000003,4.4,6.6000000000000005,12.3,1.9000000000000001,250.00000000000003,-50.900000000000006,-233.50000000000003
Chrome Mobile,90.0.4430.82,Asus X01AD,Asus,Blink,[object Object],Chrome Mobile 90.0.4430.82 on Asus X01AD (Android 9),2021-05-06T06:13:26.285Z,歩行,あ,false,9.600000000000001,120,-65.9,-0.30000000000000004,-5.1000000000000005,0.9,3.6,-12.5,2.7,105.4,-26.5,-26.700000000000003
Chrome Mobile,90.0.4430.82,Asus X01AD,Asus,Blink,[object Object],Chrome Mobile 90.0.4430.82 on Asus X01AD (Android 9),2021-05-06T06:13:26.485Z,歩行,あ,false,349.5,108.80000000000001,-45.7,-2.7,-2.5,-6.2,-0.9,-9.700000000000001,-4.5,-105.7,57.00000000000001,180.9
Chrome Mobile,90.0.4430.82,Asus X01AD,Asus,Blink,[object Object],Chrome Mobile 90.0.4430.82 on Asus X01AD (Android 9),2021-05-06T06:13:26.686Z,歩行,あ,false,220.70000000000002,92.10000000000001,84.9,9.3,14,1.9000000000000001,10.600000000000001,9.1,-0.2,215.4,-37.1,-221.3
Chrome Mobile,90.0.4430.82,Asus X01AD,Asus,Blink,[object Object],Chrome Mobile 90.0.4430.82 on Asus X01AD (Android 9),2021-05-06T06:13:26.887Z,歩行,あ,false,354.3,126.2,-51.300000000000004,-1.8,-4.3,0.1,2.2,-11.200000000000001,3.3000000000000003,58,27.099999999999998,11.900000000000002
Chrome Mobile,90.0.4430.82,Asus X01AD,Asus,Blink,[object Object],Chrome Mobile 90.0.4430.82 on Asus X01AD (Android 9),2021-05-06T06:13:27.087Z,歩行,あ,false,333.90000000000003,110.10000000000001,-29.3,-1.7000000000000002,-2.3000000000000003,-1.7000000000000002,-0.4,-9.5,0.6000000000000001,-164.4,21.500000000000004,190.9
Chrome Mobile,90.0.4430.82,Asus X01AD,Asus,Blink,[object Object],Chrome Mobile 90.0.4430.82 on Asus X01AD (Android 9),2021-05-06T06:13:27.288Z,歩行,あ,false,6,78.10000000000001,-67.10000000000001,12.600000000000001,19,-5,10.8,9.8,-5.800000000000001,250.00000000000003,-49.4,-204.3
Chrome Mobile,90.0.4430.82,Asus X01AD,Asus,Blink,[object Object],Chrome Mobile 90.0.4430.82 on Asus X01AD (Android 9),2021-05-06T06:13:27.494Z,歩行,あ,false,340,123,-47.800000000000004,-1.2000000000000002,-3.5,-1,2.3000000000000003,-10.8,2.2,103.00000000000001,-18.900000000000002,-14.700000000000001
Chrome Mobile,90.0.4430.82,Asus X01AD,Asus,Blink,[object Object],Chrome Mobile 90.0.4430.82 on Asus X01AD (Android 9),2021-05-06T06:13:27.697Z,歩行,あ,false,321.70000000000005,118.9,-25.8,-2.8000000000000003,-4.1000000000000005,-2.3000000000000003,-1.2000000000000002,-10.9,1,-60.900000000000006,24.7,124.60000000000001
Chrome Mobile,90.0.4430.82,Asus X01AD,Asus,Blink,[object Object],Chrome Mobile 90.0.4430.82 on Asus X01AD (Android 9),2021-05-06T06:13:27.898Z,歩行,あ,false,353.8,71.4,-59.800000000000004,16,38.5,14.5,13.5,29.900000000000002,13,250.00000000000003,-1.8000000000000003,-122.69999999999999
Chrome Mobile,90.0.4430.82,Asus X01AD,Asus,Blink,[object Object],Chrome Mobile 90.0.4430.82 on Asus X01AD (Android 9),2021-05-06T06:13:28.098Z,歩行,あ,false,333.40000000000003,123,-41.900000000000006,-2.8000000000000003,-5.1000000000000005,1.6,0.4,-12.4,5.2,115.39999999999999,17.6,-47.60000000000001
Chrome Mobile,90.0.4430.82,Asus X01AD,Asus,Blink,[object Object],Chrome Mobile 90.0.4430.82 on Asus X01AD (Android 9),2021-05-06T06:13:28.299Z,歩行,あ,false,321,123.60000000000001,-27.400000000000002,-2.6,-3.3000000000000003,-0.6000000000000001,-0.6000000000000001,-9.8,3.3000000000000003,-54.9,75.00000000000001,99.00000000000001
Chrome Mobile,90.0.4430.82,Asus X01AD,Asus,Blink,[object Object],Chrome Mobile 90.0.4430.82 on Asus X01AD (Android 9),2021-05-06T06:13:28.499Z,歩行,あ,false,355,70.4,-65.4,7.5,39.1,31.400000000000002,5,31.1,30.200000000000003,-250.00000000000003,16.8,43.300000000000004
Chrome Mobile,90.0.4430.82,Asus X01AD,Asus,Blink,[object Object],Chrome Mobile 90.0.4430.82 on Asus X01AD (Android 9),2021-05-06T06:13:28.700Z,歩行,あ,false,318.1,113.4,-37.4,-1.3,-5.7,4,0.9,-14,6.9,118.60000000000001,36.6,-236.00000000000003
Chrome Mobile,90.0.4430.82,Asus X01AD,Asus,Blink,[object Object],Chrome Mobile 90.0.4430.82 on Asus X01AD (Android 9),2021-05-06T06:13:28.900Z,歩行,あ,false,322.1,128.3,-39.800000000000004,-0.4,-4,1.3,2.8000000000000003,-10.4,5.1000000000000005,-13.6,58.1,30.799999999999997
Chrome Mobile,90.0.4430.82,Asus X01AD,Asus,Blink,[object Object],Chrome Mobile 90.0.4430.82 on Asus X01AD (Android 9),2021-05-06T06:13:29.101Z,歩行,あ,false,204.8,100,76.60000000000001,12.700000000000001,35.1,3.3000000000000003,11.4,27.400000000000002,3.6,-249.80000000000004,12.299999999999999,228.5
Chrome Mobile,90.0.4430.82,Asus X01AD,Asus,Blink,[object Object],Chrome Mobile 90.0.4430.82 on Asus X01AD (Android 9),2021-05-06T06:13:29.301Z,歩行,あ,false,322.5,103.9,-43.400000000000006,1.3,-0.9,6.2,2.9000000000000004,-9.9,7.800000000000001,121.4,-6,-213.1
Chrome Mobile,90.0.4430.82,Asus X01AD,Asus,Blink,[object Object],Chrome Mobile 90.0.4430.82 on Asus X01AD (Android 9),2021-05-06T06:13:29.502Z,歩行,あ,false,323.90000000000003,121.10000000000001,-43.6,-0.5,-4.5,0.7000000000000001,2.2,-11.600000000000001,4.1000000000000005,5.300000000000001,10.200000000000001,32.400000000000006
Chrome Mobile,90.0.4430.82,Asus X01AD,Asus,Blink,[object Object],Chrome Mobile 90.0.4430.82 on Asus X01AD (Android 9),2021-05-06T06:13:29.703Z,歩行,あ,false,244,99.10000000000001,41.5,3.5,10.3,-0.4,2.7,2.9000000000000004,0.5,-250.00000000000003,88.7,250.10000000000002
Chrome Mobile,90.0.4430.82,Asus X01AD,Asus,Blink,[object Object],Chrome Mobile 90.0.4430.82 on Asus X01AD (Android 9),2021-05-06T06:13:29.904Z,歩行,あ,false,205.8,93.2,75,4.4,4.1000000000000005,5.7,3.9000000000000004,-5.300000000000001,5.800000000000001,112.20000000000002,61.39999999999999,-249.90000000000003
Chrome Mobile,90.0.4430.82,Asus X01AD,Asus,Blink,[object Object],Chrome Mobile 90.0.4430.82 on Asus X01AD (Android 9),2021-05-06T06:13:30.105Z,歩行,あ,false,323,120.10000000000001,-45.2,-1.1,-4.2,0.6000000000000001,2,-11.600000000000001,3.6,57.699999999999996,10.4,41.199999999999996
Chrome Mobile,90.0.4430.82,Asus X01AD,Asus,Blink,[object Object],Chrome Mobile 90.0.4430.82 on Asus X01AD (Android 9),2021-05-06T06:13:30.305Z,歩行,あ,false,281.8,101.30000000000001,3.5,-0.1,-1.8,-0.2,-0.1,-9.3,1.2000000000000002,-204.70000000000002,20.400000000000002,154.10000000000002
Chrome Mobile,90.0.4430.82,Asus X01AD,Asus,Blink,[object Object],Chrome Mobile 90.0.4430.82 on Asus X01AD (Android 9),2021-05-06T06:13:30.506Z,歩行,あ,false,335.20000000000005,77.80000000000001,-55.800000000000004,9.8,16.5,5,8.200000000000001,7.2,3.9000000000000004,250.00000000000003,-56.50000000000001,-219.10000000000002
Chrome Mobile,90.0.4430.82,Asus X01AD,Asus,Blink,[object Object],Chrome Mobile 90.0.4430.82 on Asus X01AD (Android 9),2021-05-06T06:13:30.707Z,歩行,あ,false,323.70000000000005,121.9,-50.800000000000004,-2.1,-5,1.3,1.5,-12.4,4.2,56.6,-36,-3.2
Chrome Mobile,90.0.4430.82,Asus X01AD,Asus,Blink,[object Object],Chrome Mobile 90.0.4430.82 on Asus X01AD (Android 9),2021-05-06T06:13:30.908Z,歩行,あ,false,300.3,110.80000000000001,-30.8,2.2,-2.4000000000000004,3.1,3.6,-9.5,5.5,-69.20000000000002,1.5,122.39999999999999
Chrome Mobile,90.0.4430.82,Asus X01AD,Asus,Blink,[object Object],Chrome Mobile 90.0.4430.82 on Asus X01AD (Android 9),2021-05-06T06:13:31.109Z,歩行,あ,false,352.40000000000003,78.60000000000001,-88.60000000000001,13.100000000000001,35.5,3.4000000000000004,9.9,20.3,-1.1,250.00000000000003,-35.699999999999996,-162
Chrome Mobile,90.0.4430.82,Asus X01AD,Asus,Blink,[object Object],Chrome Mobile 90.0.4430.82 on Asus X01AD (Android 9),2021-05-06T06:13:31.310Z,歩行,あ,false,304.7,122.80000000000001,-42.800000000000004,-1.9000000000000001,-4.6000000000000005,0.7000000000000001,1.4000000000000001,-12,4.2,71.6,14.400000000000002,-8.2
Chrome Mobile,90.0.4430.82,Asus X01AD,Asus,Blink,[object Object],Chrome Mobile 90.0.4430.82 on Asus X01AD (Android 9),2021-05-06T06:13:31.511Z,歩行,あ,false,295.7,114,-28.6,0.2,-3.7,-0.6000000000000001,1.7000000000000002,-10.700000000000001,2.2,-82.10000000000001,38.900000000000006,115.7
Chrome Mobile,90.0.4430.82,Asus X01AD,Asus,Blink,[object Object],Chrome Mobile 90.0.4430.82 on Asus X01AD (Android 9),2021-05-06T06:13:31.711Z,歩行,あ,false,323,73.4,-64.7,19.900000000000002,39.1,13.3,17.400000000000002,30.6,11.8,184.3,-67.8,-105
Chrome Mobile,90.0.4430.82,Asus X01AD,Asus,Blink,[object Object],Chrome Mobile 90.0.4430.82 on Asus X01AD (Android 9),2021-05-06T06:13:31.912Z,歩行,あ,false,312.8,118,-53.7,-1.5,-5.1000000000000005,-0.30000000000000004,1.8,-12.8,2.1,122,-29.700000000000006,-47.400000000000006
Chrome Mobile,90.0.4430.82,Asus X01AD,Asus,Blink,[object Object],Chrome Mobile 90.0.4430.82 on Asus X01AD (Android 9),2021-05-06T06:13:32.113Z,歩行,あ,false,285,112.30000000000001,-23.700000000000003,-1.5,-4.2,-1.2000000000000002,-0.30000000000000004,-11.3,1.5,-68.9,28.800000000000004,142
Chrome Mobile,90.0.4430.82,Asus X01AD,Asus,Blink,[object Object],Chrome Mobile 90.0.4430.82 on Asus X01AD (Android 9),2021-05-06T06:13:32.313Z,歩行,あ,false,302.7,67,-47.5,12.9,39.1,28.6,9.9,30.900000000000002,20.1,54.800000000000004,7.6,-90.70000000000002
Chrome Mobile,90.0.4430.82,Asus X01AD,Asus,Blink,[object Object],Chrome Mobile 90.0.4430.82 on Asus X01AD (Android 9),2021-05-06T06:13:32.514Z,歩行,あ,false,308,115.4,-51.1,-2.9000000000000004,-5.800000000000001,1.2000000000000002,-0.1,-13.600000000000001,3.5,109.50000000000001,2.3,-96.5
Chrome Mobile,90.0.4430.82,Asus X01AD,Asus,Blink,[object Object],Chrome Mobile 90.0.4430.82 on Asus X01AD (Android 9),2021-05-06T06:13:32.715Z,歩行,あ,false,295.3,114.80000000000001,-38.2,2.6,-4.2,5.2,4.6000000000000005,-11.100000000000001,7.800000000000001,-11.6,-14.700000000000001,98
Chrome Mobile,90.0.4430.82,Asus X01AD,Asus,Blink,[object Object],Chrome Mobile 90.0.4430.82 on Asus X01AD (Android 9),2021-05-06T06:13:32.917Z,歩行,あ,false,332.20000000000005,76.60000000000001,-74.2,14.8,39.1,5.9,12.8,30.5,5.4,113.1,-15.899999999999999,-65.7
Chrome Mobile,90.0.4430.82,Asus X01AD,Asus,Blink,[object Object],Chrome Mobile 90.0.4430.82 on Asus X01AD (Android 9),2021-05-06T06:13:33.118Z,歩行,あ,false,307.90000000000003,121.2,-51.5,-3.7,-4.3,1.2000000000000002,-0.2,-11.8,4,62.7,28.900000000000002,-93.10000000000001
Chrome Mobile,90.0.4430.82,Asus X01AD,Asus,Blink,[object Object],Chrome Mobile 90.0.4430.82 on Asus X01AD (Android 9),2021-05-06T06:13:33.319Z,歩行,あ,false,306.1,123,-49.1,3.1,-4.7,2.5,6.300000000000001,-11.100000000000001,5.300000000000001,-26.799999999999997,-19.200000000000003,27.9
Chrome Mobile,90.0.4430.82,Asus X01AD,Asus,Blink,[object Object],Chrome Mobile 90.0.4430.82 on Asus X01AD (Android 9),2021-05-06T06:13:33.526Z,歩行,あ,false,287.40000000000003,69.2,-29.400000000000002,5.300000000000001,39.1,18.900000000000002,3.9000000000000004,31.3,16.3,-134.20000000000002,60.7,89.2
Chrome Mobile,90.0.4430.82,Asus X01AD,Asus,Blink,[object Object],Chrome Mobile 90.0.4430.82 on Asus X01AD (Android 9),2021-05-06T06:13:33.727Z,歩行,あ,false,313.8,118,-60,-3.8000000000000003,-4.3,-2.7,-0.1,-12.100000000000001,-0.7000000000000001,158.10000000000002,35.9,-106.80000000000001
Chrome Mobile,90.0.4430.82,Asus X01AD,Asus,Blink,[object Object],Chrome Mobile 90.0.4430.82 on Asus X01AD (Android 9),2021-05-06T06:13:33.928Z,歩行,あ,false,295.5,117,-41.800000000000004,-0.9,-4.9,3.2,1.4000000000000001,-11.8,5.800000000000001,-15.8,31,109.39999999999999
Chrome Mobile,90.0.4430.82,Asus X01AD,Asus,Blink,[object Object],Chrome Mobile 90.0.4430.82 on Asus X01AD (Android 9),2021-05-06T06:13:34.130Z,歩行,あ,false,305.2,71.2,-48.900000000000006,12,39.1,28.200000000000003,9.9,31.200000000000003,26.400000000000002,-244.60000000000002,-6.9,2.9
Chrome Mobile,90.0.4430.82,Asus X01AD,Asus,Blink,[object Object],Chrome Mobile 90.0.4430.82 on Asus X01AD (Android 9),2021-05-06T06:13:34.332Z,歩行,あ,false,311.70000000000005,117.2,-59.900000000000006,-3.5,-5,2.1,0,-12.8,4.1000000000000005,106,7.200000000000001,-164.5
Chrome Mobile,90.0.4430.82,Asus X01AD,Asus,Blink,[object Object],Chrome Mobile 90.0.4430.82 on Asus X01AD (Android 9),2021-05-06T06:13:34.533Z,歩行,あ,false,299.3,121.60000000000001,-48,-2.5,-4.7,0,0.5,-11.3,2.8000000000000003,-24.5,5.1000000000000005,98.7
Chrome Mobile,90.0.4430.82,Asus X01AD,Asus,Blink,[object Object],Chrome Mobile 90.0.4430.82 on Asus X01AD (Android 9),2021-05-06T06:13:34.734Z,歩行,あ,false,303.3,70.4,-50.300000000000004,16.8,39.1,13.3,14.700000000000001,31.400000000000002,11.5,-187.4,17,82.60000000000001
Chrome Mobile,90.0.4430.82,Asus X01AD,Asus,Blink,[object Object],Chrome Mobile 90.0.4430.82 on Asus X01AD (Android 9),2021-05-06T06:13:34.934Z,歩行,あ,false,298.1,117.10000000000001,-50.7,-1.6,-4.4,1.9000000000000001,1.5,-12.200000000000001,4.4,167.1,17.7,-168.1
Chrome Mobile,90.0.4430.82,Asus X01AD,Asus,Blink,[object Object],Chrome Mobile 90.0.4430.82 on Asus X01AD (Android 9),2021-05-06T06:13:35.135Z,歩行,あ,false,289.90000000000003,127.7,-41.6,-1.1,-4.3,0.2,2,-10.200000000000001,3.4000000000000004,-8,9.4,51.4
Chrome Mobile,90.0.4430.82,Asus X01AD,Asus,Blink,[object Object],Chrome Mobile 90.0.4430.82 on Asus X01AD (Android 9),2021-05-06T06:13:35.336Z,歩行,あ,false,169.10000000000002,98,80.5,18.900000000000002,39.1,6.1000000000000005,17.8,31.5,6.300000000000001,-120.3,62.1,249.5
Chrome Mobile,90.0.4430.82,Asus X01AD,Asus,Blink,[object Object],Chrome Mobile 90.0.4430.82 on Asus X01AD (Android 9),2021-05-06T06:13:35.537Z,歩行,あ,false,309,109,-62.7,-4,-2.9000000000000004,4.4,-1.5,-11.200000000000001,5.7,66.7,149.60000000000002,-149.60000000000002
Chrome Mobile,90.0.4430.82,Asus X01AD,Asus,Blink,[object Object],Chrome Mobile 90.0.4430.82 on Asus X01AD (Android 9),2021-05-06T06:13:35.737Z,歩行,あ,false,291.8,120.7,-44.7,-0.30000000000000004,-4.1000000000000005,0.5,2.5,-10.9,3.3000000000000003,-10.5,28.600000000000005,70.3
Chrome Mobile,90.0.4430.82,Asus X01AD,Asus,Blink,[object Object],Chrome Mobile 90.0.4430.82 on Asus X01AD (Android 9),2021-05-06T06:13:35.938Z,歩行,あ,false,314.3,73.60000000000001,-69.9,20.700000000000003,38.300000000000004,-0.5,18.7,31,-1.3,-250.00000000000003,-63.500000000000014,216.3
Chrome Mobile,90.0.4430.82,Asus X01AD,Asus,Blink,[object Object],Chrome Mobile 90.0.4430.82 on Asus X01AD (Android 9),2021-05-06T06:13:36.139Z,歩行,あ,false,292.8,103.4,-53,2.8000000000000003,-2.4000000000000004,3.5,5.2,-10.3,4.9,141.9,39.9,-249.90000000000003
Chrome Mobile,90.0.4430.82,Asus X01AD,Asus,Blink,[object Object],Chrome Mobile 90.0.4430.82 on Asus X01AD (Android 9),2021-05-06T06:13:36.340Z,歩行,あ,false,293.8,129.5,-49.400000000000006,-3.3000000000000003,-6.4,-0.2,0.6000000000000001,-12.5,3.1,7.9,13.900000000000002,44.00000000000001
Chrome Mobile,90.0.4430.82,Asus X01AD,Asus,Blink,[object Object],Chrome Mobile 90.0.4430.82 on Asus X01AD (Android 9),2021-05-06T06:13:36.541Z,歩行,あ,false,234.10000000000002,96.9,7.2,6.2,12.200000000000001,4.2,6.1000000000000005,5.1000000000000005,5.1000000000000005,-250.00000000000003,3.9,249.90000000000003
Chrome Mobile,90.0.4430.82,Asus X01AD,Asus,Blink,[object Object],Chrome Mobile 90.0.4430.82 on Asus X01AD (Android 9),2021-05-06T06:13:36.742Z,歩行,あ,false,267.3,95.2,-24.5,2.4000000000000004,4.7,4.9,2.7,-4.4,5.6000000000000005,15.000000000000002,-11.2,-246.50000000000006
Chrome Mobile,90.0.4430.82,Asus X01AD,Asus,Blink,[object Object],Chrome Mobile 90.0.4430.82 on Asus X01AD (Android 9),2021-05-06T06:13:36.942Z,歩行,あ,false,295.40000000000003,118.60000000000001,-59.7,-0.9,-4.6000000000000005,0.5,2.5,-11.700000000000001,2.5,33.2,2.5,-37.1
Chrome Mobile,90.0.4430.82,Asus X01AD,Asus,Blink,[object Object],Chrome Mobile 90.0.4430.82 on Asus X01AD (Android 9),2021-05-06T06:13:37.144Z,歩行,あ,false,154.60000000000002,87.30000000000001,82.4,3.8000000000000003,6.1000000000000005,2.4000000000000004,4.2,-1.1,2.4000000000000004,-191.1,-45.3,250.10000000000002
Chrome Mobile,90.0.4430.82,Asus X01AD,Asus,Blink,[object Object],Chrome Mobile 90.0.4430.82 on Asus X01AD (Android 9),2021-05-06T06:13:37.344Z,歩行,あ,false,210.60000000000002,82.4,20.900000000000002,2.7,9.8,4.6000000000000005,3.1,0.7000000000000001,3.5,39.9,33.9,-249.90000000000003
Chrome Mobile,90.0.4430.82,Asus X01AD,Asus,Blink,[object Object],Chrome Mobile 90.0.4430.82 on Asus X01AD (Android 9),2021-05-06T06:13:37.545Z,歩行,あ,false,301.1,117.7,-75.8,0.8,-4.4,2,4.6000000000000005,-11.8,2.9000000000000004,17.300000000000004,-36.8,4.9
Chrome Mobile,90.0.4430.82,Asus X01AD,Asus,Blink,[object Object],Chrome Mobile 90.0.4430.82 on Asus X01AD (Android 9),2021-05-06T06:13:37.746Z,歩行,あ,false,281.40000000000003,106.5,-53,-2,-3,1.3,-0.30000000000000004,-10.200000000000001,2.6,-10.9,41.50000000000001,171.20000000000002
Chrome Mobile,90.0.4430.82,Asus X01AD,Asus,Blink,[object Object],Chrome Mobile 90.0.4430.82 on Asus X01AD (Android 9),2021-05-06T06:13:37.946Z,歩行,あ,false,291,73.8,-55.2,16.6,31.1,-1.3,14.5,22.400000000000002,-2.8000000000000003,233,-24.400000000000002,-213.1
Chrome Mobile,90.0.4430.82,Asus X01AD,Asus,Blink,[object Object],Chrome Mobile 90.0.4430.82 on Asus X01AD (Android 9),2021-05-06T06:13:38.147Z,歩行,あ,false,302.5,115.10000000000001,-69.2,-2.1,-4.6000000000000005,0.8,1.3,-12.4,2.1,48.300000000000004,-17,-3.8
Chrome Mobile,90.0.4430.82,Asus X01AD,Asus,Blink,[object Object],Chrome Mobile 90.0.4430.82 on Asus X01AD (Android 9),2021-05-06T06:13:38.348Z,歩行,あ,false,280.6,106.60000000000001,-46.5,-2.5,-4.7,0.4,-0.9,-12,1.9000000000000001,-12.8,30.3,148.1
Chrome Mobile,90.0.4430.82,Asus X01AD,Asus,Blink,[object Object],Chrome Mobile 90.0.4430.82 on Asus X01AD (Android 9),2021-05-06T06:13:38.549Z,歩行,あ,false,296.1,60.5,-58.300000000000004,17.2,39.1,22.200000000000003,13.600000000000001,31.5,19.900000000000002,16.4,5.8,-59.60000000000001
Chrome Mobile,90.0.4430.82,Asus X01AD,Asus,Blink,[object Object],Chrome Mobile 90.0.4430.82 on Asus X01AD (Android 9),2021-05-06T06:13:38.750Z,歩行,あ,false,296.3,110.2,-61.900000000000006,-3,-5,0.5,-0.30000000000000004,-13.200000000000001,2,99.5,-8.600000000000001,-137.1
Chrome Mobile,90.0.4430.82,Asus X01AD,Asus,Blink,[object Object],Chrome Mobile 90.0.4430.82 on Asus X01AD (Android 9),2021-05-06T06:13:38.956Z,歩行,あ,false,284.6,112,-48.7,-1.6,-5,0.5,0.7000000000000001,-12.200000000000001,2.4000000000000004,4.300000000000001,6.1000000000000005,111.4
Chrome Mobile,90.0.4430.82,Asus X01AD,Asus,Blink,[object Object],Chrome Mobile 90.0.4430.82 on Asus X01AD (Android 9),2021-05-06T06:13:39.160Z,歩行,あ,false,305.5,63.300000000000004,-67.2,18.6,39.1,16.8,15.4,32,15.4,-250.00000000000003,76.7,150.2
Chrome Mobile,90.0.4430.82,Asus X01AD,Asus,Blink,[object Object],Chrome Mobile 90.0.4430.82 on Asus X01AD (Android 9),2021-05-06T06:13:39.361Z,歩行,あ,false,293.2,102.4,-56.400000000000006,0.2,-5.6000000000000005,4.2,1.8,-14.4,5.2,166.10000000000002,-62.50000000000001,-244.60000000000002
Chrome Mobile,90.0.4430.82,Asus X01AD,Asus,Blink,[object Object],Chrome Mobile 90.0.4430.82 on Asus X01AD (Android 9),2021-05-06T06:13:39.566Z,歩行,あ,false,291.2,118.10000000000001,-51,-3.9000000000000004,-6.300000000000001,1.1,-1,-13.200000000000001,3.4000000000000004,0.5,15.700000000000001,87.3
Chrome Mobile,90.0.4430.82,Asus X01AD,Asus,Blink,[object Object],Chrome Mobile 90.0.4430.82 on Asus X01AD (Android 9),2021-05-06T06:13:39.767Z,歩行,あ,false,159.9,110.60000000000001,80.30000000000001,13.4,39.1,4.1000000000000005,10.8,31.900000000000002,4.5,-249.7,74.30000000000001,219.20000000000002
Chrome Mobile,90.0.4430.82,Asus X01AD,Asus,Blink,[object Object],Chrome Mobile 90.0.4430.82 on Asus X01AD (Android 9),2021-05-06T06:13:39.967Z,歩行,あ,false,298,97.4,-65.8,1.5,-3.2,6.9,2.5,-12.100000000000001,7.4,132,-52.00000000000001,-249.90000000000003
Chrome Mobile,90.0.4430.82,Asus X01AD,Asus,Blink,[object Object],Chrome Mobile 90.0.4430.82 on Asus X01AD (Android 9),2021-05-06T06:13:40.168Z,歩行,あ,false,292.40000000000003,112.80000000000001,-60.6,-1.6,-5.7,1.4000000000000001,1.1,-13,2.9000000000000004,26.6,36.7,69.00000000000001
Chrome Mobile,90.0.4430.82,Asus X01AD,Asus,Blink,[object Object],Chrome Mobile 90.0.4430.82 on Asus X01AD (Android 9),2021-05-06T06:13:40.369Z,歩行,あ,false,159.60000000000002,111.10000000000001,74.3,12.9,32.9,-7.800000000000001,10.3,25.900000000000002,-7.1000000000000005,-182,-12.8,246.60000000000005
Chrome Mobile,90.0.4430.82,Asus X01AD,Asus,Blink,[object Object],Chrome Mobile 90.0.4430.82 on Asus X01AD (Android 9),2021-05-06T06:13:40.570Z,歩行,あ,false,169,93.4,69,4.4,0,10,3.8000000000000003,-9,10.200000000000001,50.60000000000001,25.5,-249.90000000000003
Chrome Mobile,90.0.4430.82,Asus X01AD,Asus,Blink,[object Object],Chrome Mobile 90.0.4430.82 on Asus X01AD (Android 9),2021-05-06T06:13:40.772Z,歩行,あ,false,280.3,117.7,-45.400000000000006,-1.5,-4.4,1,1.2000000000000002,-11.600000000000001,3.7,-13.000000000000002,99.2,47.80000000000001
Chrome Mobile,90.0.4430.82,Asus X01AD,Asus,Blink,[object Object],Chrome Mobile 90.0.4430.82 on Asus X01AD (Android 9),2021-05-06T06:13:40.973Z,歩行,あ,false,194.70000000000002,106.4,43.2,6,4.800000000000001,-2.2,4.6000000000000005,-2.1,-0.7000000000000001,-250.00000000000003,24.1,249.80000000000004
Chrome Mobile,90.0.4430.82,Asus X01AD,Asus,Blink,[object Object],Chrome Mobile 90.0.4430.82 on Asus X01AD (Android 9),2021-05-06T06:13:41.179Z,歩行,あ,false,171.10000000000002,99.2,61.2,6.300000000000001,7.800000000000001,-0.1,5,-1.2000000000000002,0.6000000000000001,28.600000000000005,-12.299999999999999,-249.90000000000003
Chrome Mobile,90.0.4430.82,Asus X01AD,Asus,Blink,[object Object],Chrome Mobile 90.0.4430.82 on Asus X01AD (Android 9),2021-05-06T06:13:41.381Z,歩行,あ,false,298.3,111.60000000000001,-69.8,-0.2,-4.800000000000001,0.5,2.6,-12.4,1.6,3.4,12.7,21.900000000000002
Chrome Mobile,90.0.4430.82,Asus X01AD,Asus,Blink,[object Object],Chrome Mobile 90.0.4430.82 on Asus X01AD (Android 9),2021-05-06T06:13:41.583Z,歩行,あ,false,216.60000000000002,96.10000000000001,15.100000000000001,0.6000000000000001,-1.9000000000000001,-2.6,-1,-6.9,-1.2000000000000002,-52.80000000000001,51.1,213.8
Chrome Mobile,90.0.4430.82,Asus X01AD,Asus,Blink,[object Object],Chrome Mobile 90.0.4430.82 on Asus X01AD (Android 9),2021-05-06T06:13:41.784Z,歩行,あ,false,321.5,77.80000000000001,-81.80000000000001,9,17.6,-2.9000000000000004,7.1000000000000005,8.700000000000001,-3.2,106.5,11.6,-249.5
Chrome Mobile,90.0.4430.82,Asus X01AD,Asus,Blink,[object Object],Chrome Mobile 90.0.4430.82 on Asus X01AD (Android 9),2021-05-06T06:13:41.985Z,歩行,あ,false,317.8,116.80000000000001,-76.7,-1.7000000000000002,-6.300000000000001,1.7000000000000002,2,-13.600000000000001,2.6,-27.700000000000003,37.300000000000004,-50.5
Chrome Mobile,90.0.4430.82,Asus X01AD,Asus,Blink,[object Object],Chrome Mobile 90.0.4430.82 on Asus X01AD (Android 9),2021-05-06T06:13:42.185Z,歩行,あ,false,311,98.30000000000001,-71.5,2.1,-4.5,-2.6,3.1,-11.600000000000001,-2.3000000000000003,-40,-40.800000000000004,250.10000000000002
Chrome Mobile,90.0.4430.82,Asus X01AD,Asus,Blink,[object Object],Chrome Mobile 90.0.4430.82 on Asus X01AD (Android 9),2021-05-06T06:13:42.386Z,歩行,あ,false,284.7,68.2,-50.2,13.4,27,0.8,10.8,18.5,-1.3,234.60000000000002,8.8,-249.90000000000003
Chrome Mobile,90.0.4430.82,Asus X01AD,Asus,Blink,[object Object],Chrome Mobile 90.0.4430.82 on Asus X01AD (Android 9),2021-05-06T06:13:42.587Z,歩行,あ,false,322.6,112.4,-84.80000000000001,-0.2,-5.300000000000001,0.8,3.1,-13.200000000000001,1.1,82.60000000000001,-16.1,-101.9
Chrome Mobile,90.0.4430.82,Asus X01AD,Asus,Blink,[object Object],Chrome Mobile 90.0.4430.82 on Asus X01AD (Android 9),2021-05-06T06:13:42.787Z,歩行,あ,false,311,107.10000000000001,-75.10000000000001,-1.5,-4.3,1.3,0.7000000000000001,-11.5,1.9000000000000001,11.2,-21.400000000000002,149
Chrome Mobile,90.0.4430.82,Asus X01AD,Asus,Blink,[object Object],Chrome Mobile 90.0.4430.82 on Asus X01AD (Android 9),2021-05-06T06:13:42.989Z,歩行,あ,false,290.3,66.3,-47,24,39.1,8.3,21.5,31.1,5.9,202.1,-30.9,-118.90000000000002
Chrome Mobile,90.0.4430.82,Asus X01AD,Asus,Blink,[object Object],Chrome Mobile 90.0.4430.82 on Asus X01AD (Android 9),2021-05-06T06:13:43.190Z,歩行,あ,false,312.5,117.4,-70.8,-1.5,-5.5,2.5,2.2,-13.100000000000001,3.8000000000000003,48.800000000000004,30.799999999999997,-110.9
Chrome Mobile,90.0.4430.82,Asus X01AD,Asus,Blink,[object Object],Chrome Mobile 90.0.4430.82 on Asus X01AD (Android 9),2021-05-06T06:13:43.390Z,歩行,あ,false,297.3,117.2,-54.300000000000004,-3.1,-6.4,0.9,-0.2,-13.200000000000001,3,5.6,-10.1,128.5
Chrome Mobile,90.0.4430.82,Asus X01AD,Asus,Blink,[object Object],Chrome Mobile 90.0.4430.82 on Asus X01AD (Android 9),2021-05-06T06:13:43.591Z,歩行,あ,false,292.90000000000003,64.10000000000001,-57.6,14.600000000000001,39.1,23.400000000000002,11.600000000000001,31.8,21.5,-107.6,36.8,36.300000000000004
Chrome Mobile,90.0.4430.82,Asus X01AD,Asus,Blink,[object Object],Chrome Mobile 90.0.4430.82 on Asus X01AD (Android 9),2021-05-06T06:13:43.793Z,歩行,あ,false,316.3,111.5,-75.4,-2.2,-4.4,0.5,0.9,-12.5,1.3,84.2,7,-179.2
Chrome Mobile,90.0.4430.82,Asus X01AD,Asus,Blink,[object Object],Chrome Mobile 90.0.4430.82 on Asus X01AD (Android 9),2021-05-06T06:13:43.994Z,歩行,あ,false,303.3,116,-63.900000000000006,-1.5,-5,0.30000000000000004,1.5,-11.9,1.8,-3.1,25,83.70000000000002
Chrome Mobile,90.0.4430.82,Asus X01AD,Asus,Blink,[object Object],Chrome Mobile 90.0.4430.82 on Asus X01AD (Android 9),2021-05-06T06:13:44.194Z,歩行,あ,false,300.6,70.3,-72.10000000000001,18,39.1,12.3,15.5,31.900000000000002,11.600000000000001,-249.7,-6.4,207.4
Chrome Mobile,90.0.4430.82,Asus X01AD,Asus,Blink,[object Object],Chrome Mobile 90.0.4430.82 on Asus X01AD (Android 9),2021-05-06T06:13:44.395Z,歩行,あ,false,150.8,77.4,85.9,-0.8,-4.6000000000000005,4.1000000000000005,1.2000000000000002,-13.3,4,96.1,78.9,-249.90000000000003
Chrome Mobile,90.0.4430.82,Asus X01AD,Asus,Blink,[object Object],Chrome Mobile 90.0.4430.82 on Asus X01AD (Android 9),2021-05-06T06:13:44.595Z,歩行,あ,false,304.90000000000003,115.2,-60.5,0.8,-4.1000000000000005,2.3000000000000003,3.8000000000000003,-11.3,4,-3.2,18.1,31
Chrome Mobile,90.0.4430.82,Asus X01AD,Asus,Blink,[object Object],Chrome Mobile 90.0.4430.82 on Asus X01AD (Android 9),2021-05-06T06:13:44.796Z,歩行,あ,false,161.10000000000002,101.80000000000001,79.10000000000001,3.9000000000000004,21.900000000000002,-2.7,2.5,14.9,-2.4000000000000004,-186.10000000000002,-28,250.10000000000002
Chrome Mobile,90.0.4430.82,Asus X01AD,Asus,Blink,[object Object],Chrome Mobile 90.0.4430.82 on Asus X01AD (Android 9),2021-05-06T06:13:44.997Z,歩行,あ,false,236.3,80.4,3,3.3000000000000003,-0.30000000000000004,11.3,3.4000000000000004,-9.200000000000001,9.8,53.10000000000001,41.199999999999996,-249.90000000000003
Chrome Mobile,90.0.4430.82,Asus X01AD,Asus,Blink,[object Object],Chrome Mobile 90.0.4430.82 on Asus X01AD (Android 9),2021-05-06T06:13:45.197Z,歩行,あ,false,318.5,113.80000000000001,-70.9,-1.1,-4.5,0,2,-11.8,1,74.2,24.200000000000003,26.6
Chrome Mobile,90.0.4430.82,Asus X01AD,Asus,Blink,[object Object],Chrome Mobile 90.0.4430.82 on Asus X01AD (Android 9),2021-05-06T06:13:45.398Z,歩行,あ,false,243.70000000000002,102.4,-3,5.9,3.2,-7.800000000000001,6,-3.8000000000000003,-6.2,-45.2,-40.4,250.10000000000002
Chrome Mobile,90.0.4430.82,Asus X01AD,Asus,Blink,[object Object],Chrome Mobile 90.0.4430.82 on Asus X01AD (Android 9),2021-05-06T06:13:45.607Z,歩行,あ,false,167.20000000000002,99.9,73.60000000000001,5.1000000000000005,20.200000000000003,-4.800000000000001,3.6,11.100000000000001,-4.3,9.4,-9.5,-249.90000000000003
Chrome Mobile,90.0.4430.82,Asus X01AD,Asus,Blink,[object Object],Chrome Mobile 90.0.4430.82 on Asus X01AD (Android 9),2021-05-06T06:13:45.808Z,歩行,あ,false,308.1,119.2,-68.8,-1.1,-4.5,2.6,2.7,-11.8,4.1000000000000005,-0.8,14.100000000000001,8.5
Chrome Mobile,90.0.4430.82,Asus X01AD,Asus,Blink,[object Object],Chrome Mobile 90.0.4430.82 on Asus X01AD (Android 9),2021-05-06T06:13:46.009Z,歩行,あ,false,299.40000000000003,107.30000000000001,-55.300000000000004,-1.5,-6.4,2.2,0.30000000000000004,-13.4,3.4000000000000004,-51.2,26.9,174.6
Chrome Mobile,90.0.4430.82,Asus X01AD,Asus,Blink,[object Object],Chrome Mobile 90.0.4430.82 on Asus X01AD (Android 9),2021-05-06T06:13:46.210Z,歩行,あ,false,291.5,69.8,-46.300000000000004,16.3,29.6,2.4000000000000004,14,21.1,0.30000000000000004,250.00000000000003,-3.3000000000000007,-249.90000000000003
Chrome Mobile,90.0.4430.82,Asus X01AD,Asus,Blink,[object Object],Chrome Mobile 90.0.4430.82 on Asus X01AD (Android 9),2021-05-06T06:13:46.410Z,歩行,あ,false,326.1,117.7,-81.60000000000001,-2.3000000000000003,-5.1000000000000005,1.2000000000000002,1.6,-12.5,1.8,34.60000000000001,27.800000000000004,-82.2
Chrome Mobile,90.0.4430.82,Asus X01AD,Asus,Blink,[object Object],Chrome Mobile 90.0.4430.82 on Asus X01AD (Android 9),2021-05-06T06:13:46.611Z,歩行,あ,false,314.20000000000005,112.5,-65.5,-3,-6.2,0,-0.4,-13.100000000000001,1.2000000000000002,-8.3,-34.2,141.9
Chrome Mobile,90.0.4430.82,Asus X01AD,Asus,Blink,[object Object],Chrome Mobile 90.0.4430.82 on Asus X01AD (Android 9),2021-05-06T06:13:46.812Z,歩行,あ,false,297.8,63.5,-57.6,16.6,39.1,19.900000000000002,13.4,31.6,17.900000000000002,-12.9,0.6000000000000001,-2.3
Chrome Mobile,90.0.4430.82,Asus X01AD,Asus,Blink,[object Object],Chrome Mobile 90.0.4430.82 on Asus X01AD (Android 9),2021-05-06T06:13:47.013Z,歩行,あ,false,314.5,112.30000000000001,-70.2,-1.6,-5.7,4.2,1.5,-13.9,5.300000000000001,41.199999999999996,25.5,-166.5
Chrome Mobile,90.0.4430.82,Asus X01AD,Asus,Blink,[object Object],Chrome Mobile 90.0.4430.82 on Asus X01AD (Android 9),2021-05-06T06:13:47.214Z,歩行,あ,false,314,115.60000000000001,-70.7,-1.8,-4.800000000000001,1.1,1.4000000000000001,-11.8,2.2,-9.4,8.600000000000001,133.70000000000002
Chrome Mobile,90.0.4430.82,Asus X01AD,Asus,Blink,[object Object],Chrome Mobile 90.0.4430.82 on Asus X01AD (Android 9),2021-05-06T06:13:47.414Z,歩行,あ,false,301.3,61.2,-56.2,16.8,39,11.9,13.600000000000001,32,9.8,-227.4,72.10000000000001,159.5
Chrome Mobile,90.0.4430.82,Asus X01AD,Asus,Blink,[object Object],Chrome Mobile 90.0.4430.82 on Asus X01AD (Android 9),2021-05-06T06:13:47.615Z,歩行,あ,false,327.3,102.5,-80.30000000000001,-1.4000000000000001,-3.2,4.6000000000000005,0.2,-12.100000000000001,4.6000000000000005,176.8,-60.1,-248.20000000000002
Chrome Mobile,90.0.4430.82,Asus X01AD,Asus,Blink,[object Object],Chrome Mobile 90.0.4430.82 on Asus X01AD (Android 9),2021-05-06T06:13:47.815Z,歩行,あ,false,327.5,116.10000000000001,-81.9,-1.3,-4,0.9,2.2,-11.200000000000001,1.4000000000000001,-18.8,36.1,59.9
Chrome Mobile,90.0.4430.82,Asus X01AD,Asus,Blink,[object Object],Chrome Mobile 90.0.4430.82 on Asus X01AD (Android 9),2021-05-06T06:13:48.016Z,歩行,あ,false,289.6,70.7,-44.7,20,32.7,5.9,18.2,25.5,4.1000000000000005,-172.4,-55.8,250.10000000000002
Chrome Mobile,90.0.4430.82,Asus X01AD,Asus,Blink,[object Object],Chrome Mobile 90.0.4430.82 on Asus X01AD (Android 9),2021-05-06T06:13:48.217Z,歩行,あ,false,201.8,77.9,45.300000000000004,2,-1.9000000000000001,8.200000000000001,3.4000000000000004,-10.9,6.800000000000001,106.30000000000001,15.5,-249.90000000000003
Chrome Mobile,90.0.4430.82,Asus X01AD,Asus,Blink,[object Object],Chrome Mobile 90.0.4430.82 on Asus X01AD (Android 9),2021-05-06T06:13:48.418Z,歩行,あ,false,329.40000000000003,119.2,-84.9,-0.6000000000000001,-4.4,1.4000000000000001,3.4000000000000004,-11.600000000000001,1.7000000000000002,-14.900000000000002,2.9,73
Chrome Mobile,90.0.4430.82,Asus X01AD,Asus,Blink,[object Object],Chrome Mobile 90.0.4430.82 on Asus X01AD (Android 9),2021-05-06T06:13:48.618Z,歩行,あ,false,278.7,82.80000000000001,-33.9,7.800000000000001,11,-0.1,7.300000000000001,3.7,-0.8,-176.7,18.3,250.10000000000002
Chrome Mobile,90.0.4430.82,Asus X01AD,Asus,Blink,[object Object],Chrome Mobile 90.0.4430.82 on Asus X01AD (Android 9),2021-05-06T06:13:48.819Z,歩行,あ,false,253,80.60000000000001,-11.100000000000001,6.9,4.6000000000000005,6,6.6000000000000005,-4.7,4.5,77.20000000000002,27.5,-249.90000000000003
Chrome Mobile,90.0.4430.82,Asus X01AD,Asus,Blink,[object Object],Chrome Mobile 90.0.4430.82 on Asus X01AD (Android 9),2021-05-06T06:13:49.019Z,歩行,あ,false,328,120.7,-87.5,-1.6,-4.6000000000000005,1.5,2.7,-11.9,1.7000000000000002,8.4,2.2,-8.899999999999999
Chrome Mobile,90.0.4430.82,Asus X01AD,Asus,Blink,[object Object],Chrome Mobile 90.0.4430.82 on Asus X01AD (Android 9),2021-05-06T06:13:49.220Z,歩行,あ,false,160.20000000000002,82,84.10000000000001,0,-4.1000000000000005,2,1,-11.5,1.9000000000000001,-55.1,-33.9,234.1
Chrome Mobile,90.0.4430.82,Asus X01AD,Asus,Blink,[object Object],Chrome Mobile 90.0.4430.82 on Asus X01AD (Android 9),2021-05-06T06:13:49.421Z,歩行,あ,false,276.40000000000003,56.1,-39.300000000000004,17.7,26.3,17.7,14.4,18.5,13.600000000000001,160,58.7,-249.90000000000003
Chrome Mobile,90.0.4430.82,Asus X01AD,Asus,Blink,[object Object],Chrome Mobile 90.0.4430.82 on Asus X01AD (Android 9),2021-05-06T06:13:49.621Z,歩行,あ,false,181.9,64.2,67,-1.1,-5.1000000000000005,1.2000000000000002,2.4000000000000004,-13.100000000000001,-0.30000000000000004,20.8,43.2,-71.30000000000001
Chrome Mobile,90.0.4430.82,Asus X01AD,Asus,Blink,[object Object],Chrome Mobile 90.0.4430.82 on Asus X01AD (Android 9),2021-05-06T06:13:49.822Z,歩行,あ,false,329,110.10000000000001,-85.9,-3.5,-5,0,-0.8,-12.4,0.2,106.20000000000002,-28.400000000000002,117.60000000000001
Chrome Mobile,90.0.4430.82,Asus X01AD,Asus,Blink,[object Object],Chrome Mobile 90.0.4430.82 on Asus X01AD (Android 9),2021-05-06T06:13:50.023Z,歩行,あ,false,297.7,62.2,-59.6,14.200000000000001,39.1,17.7,10.700000000000001,31.5,15.700000000000001,-71.6,19.6,13.8
Chrome Mobile,90.0.4430.82,Asus X01AD,Asus,Blink,[object Object],Chrome Mobile 90.0.4430.82 on Asus X01AD (Android 9),2021-05-06T06:13:50.224Z,歩行,あ,false,149.5,69.60000000000001,85.4,-0.4,-2.6,-0.8,2.8000000000000003,-11,-1,51.50000000000001,20.599999999999998,-186.8
Chrome Mobile,90.0.4430.82,Asus X01AD,Asus,Blink,[object Object],Chrome Mobile 90.0.4430.82 on Asus X01AD (Android 9),2021-05-06T06:13:50.424Z,歩行,あ,false,324.40000000000003,115.9,-78.60000000000001,-2.7,-4.7,1.4000000000000001,0.8,-11.9,2,4.2,58.7,82
Chrome Mobile,90.0.4430.82,Asus X01AD,Asus,Blink,[object Object],Chrome Mobile 90.0.4430.82 on Asus X01AD (Android 9),2021-05-06T06:13:50.625Z,歩行,あ,false,330.8,75,-82.9,20.6,28,0.5,18.6,20.700000000000003,0.30000000000000004,-250.00000000000003,111.80000000000001,250.10000000000002
Chrome Mobile,90.0.4430.82,Asus X01AD,Asus,Blink,[object Object],Chrome Mobile 90.0.4430.82 on Asus X01AD (Android 9),2021-05-06T06:13:50.827Z,歩行,あ,false,177.3,84.5,74.10000000000001,2.3000000000000003,2.2,7.1000000000000005,3.2,-7.1000000000000005,6.9,95.69999999999999,-19.300000000000004,-236.90000000000003
Chrome Mobile,90.0.4430.82,Asus X01AD,Asus,Blink,[object Object],Chrome Mobile 90.0.4430.82 on Asus X01AD (Android 9),2021-05-06T06:13:51.027Z,歩行,あ,false,312.40000000000003,117.9,-75.3,-0.9,-4.9,-2.1,3,-12.3,-1.1,-4.9,20.2,19.700000000000003
Chrome Mobile,90.0.4430.82,Asus X01AD,Asus,Blink,[object Object],Chrome Mobile 90.0.4430.82 on Asus X01AD (Android 9),2021-05-06T06:13:51.228Z,歩行,あ,false,275.3,95.2,-25.6,2.5,2,-2.4000000000000004,2.8000000000000003,-5.4,-1.8,-89.2,73.2,247
Chrome Mobile,90.0.4430.82,Asus X01AD,Asus,Blink,[object Object],Chrome Mobile 90.0.4430.82 on Asus X01AD (Android 9),2021-05-06T06:13:51.429Z,歩行,あ,false,319.70000000000005,78,-65,8.8,18.7,0.1,7.1000000000000005,9.5,-0.7000000000000001,117.60000000000001,-4.4,-249.90000000000003
Chrome Mobile,90.0.4430.82,Asus X01AD,Asus,Blink,[object Object],Chrome Mobile 90.0.4430.82 on Asus X01AD (Android 9),2021-05-06T06:13:51.634Z,歩行,あ,false,323.6,117.80000000000001,-72.9,0.5,-3.7,-0.9,4.4,-11.4,0.30000000000000004,29.200000000000003,-33,-53.8
Chrome Mobile,90.0.4430.82,Asus X01AD,Asus,Blink,[object Object],Chrome Mobile 90.0.4430.82 on Asus X01AD (Android 9),2021-05-06T06:13:51.838Z,歩行,あ,false,315.1,113.30000000000001,-64.60000000000001,-2.4000000000000004,-5.7,0.1,1,-12.600000000000001,1,-28.700000000000003,23,152.2
Chrome Mobile,90.0.4430.82,Asus X01AD,Asus,Blink,[object Object],Chrome Mobile 90.0.4430.82 on Asus X01AD (Android 9),2021-05-06T06:13:52.039Z,歩行,あ,false,289.3,63.1,-38,7.7,39.1,27.5,5.300000000000001,31.3,24.400000000000002,-59.80000000000001,55.1,52.80000000000001
Chrome Mobile,90.0.4430.82,Asus X01AD,Asus,Blink,[object Object],Chrome Mobile 90.0.4430.82 on Asus X01AD (Android 9),2021-05-06T06:13:52.241Z,歩行,あ,false,335.6,114.4,-84.60000000000001,-1.5,-3.5,2.5,2.2,-11.8,2.8000000000000003,53.2,16.3,-241.3
Chrome Mobile,90.0.4430.82,Asus X01AD,Asus,Blink,[object Object],Chrome Mobile 90.0.4430.82 on Asus X01AD (Android 9),2021-05-06T06:13:52.442Z,歩行,あ,false,325.8,118.30000000000001,-75.10000000000001,-1.7000000000000002,-4.4,0.9,2.1,-11.600000000000001,1.9000000000000001,1.8000000000000003,28.600000000000005,94.4
Chrome Mobile,90.0.4430.82,Asus X01AD,Asus,Blink,[object Object],Chrome Mobile 90.0.4430.82 on Asus X01AD (Android 9),2021-05-06T06:13:52.644Z,歩行,あ,false,310.6,75.3,-62.400000000000006,23.900000000000002,39.1,2.4000000000000004,22.1,31.400000000000002,1.5,-249.7,-48.400000000000006,241.20000000000002
Chrome Mobile,90.0.4430.82,Asus X01AD,Asus,Blink,[object Object],Chrome Mobile 90.0.4430.82 on Asus X01AD (Android 9),2021-05-06T06:13:52.845Z,歩行,あ,false,175.3,77.4,73.4,2.5,-0.1,6.2,4.5,-9.3,5.6000000000000005,60.6,39.8,-249.90000000000003
Chrome Mobile,90.0.4430.82,Asus X01AD,Asus,Blink,[object Object],Chrome Mobile 90.0.4430.82 on Asus X01AD (Android 9),2021-05-06T06:13:53.046Z,歩行,あ,false,327.20000000000005,121.9,-72.2,-0.6000000000000001,-4.800000000000001,1.3,3.7,-11.9,2.7,4.5,22.000000000000004,32.7
Chrome Mobile,90.0.4430.82,Asus X01AD,Asus,Blink,[object Object],Chrome Mobile 90.0.4430.82 on Asus X01AD (Android 9),2021-05-06T06:13:53.246Z,歩行,あ,false,326.20000000000005,100.30000000000001,-72.8,-0.9,-0.6000000000000001,1.3,0.30000000000000004,-8,1.7000000000000002,-180.60000000000002,-35.4,250.10000000000002
Chrome Mobile,90.0.4430.82,Asus X01AD,Asus,Blink,[object Object],Chrome Mobile 90.0.4430.82 on Asus X01AD (Android 9),2021-05-06T06:13:53.447Z,歩行,あ,false,201.10000000000002,91.30000000000001,49.800000000000004,7.300000000000001,15.4,-3.6,7.1000000000000005,6,-3.5,85.20000000000002,-58.7,-249.90000000000003
Chrome Mobile,90.0.4430.82,Asus X01AD,Asus,Blink,[object Object],Chrome Mobile 90.0.4430.82 on Asus X01AD (Android 9),2021-05-06T06:13:53.648Z,歩行,あ,false,329.1,123.30000000000001,-81.9,-1.4000000000000001,-5.2,0.7000000000000001,3.3000000000000003,-12.4,1.4000000000000001,41.4,-24.200000000000003,-35.8
Chrome Mobile,90.0.4430.82,Asus X01AD,Asus,Blink,[object Object],Chrome Mobile 90.0.4430.82 on Asus X01AD (Android 9),2021-05-06T06:13:53.849Z,歩行,あ,false,317.70000000000005,112,-68.10000000000001,3.5,-6.2,2.9000000000000004,6.1000000000000005,-13.3,3.9000000000000004,-18.1,18.200000000000003,156.70000000000002
Chrome Mobile,90.0.4430.82,Asus X01AD,Asus,Blink,[object Object],Chrome Mobile 90.0.4430.82 on Asus X01AD (Android 9),2021-05-06T06:13:54.050Z,歩行,あ,false,278.90000000000003,69.8,-25.200000000000003,10.600000000000001,38.6,14.4,9.200000000000001,30.1,11.600000000000001,94.7,33.7,-173.3
Chrome Mobile,90.0.4430.82,Asus X01AD,Asus,Blink,[object Object],Chrome Mobile 90.0.4430.82 on Asus X01AD (Android 9),2021-05-06T06:13:54.251Z,歩行,あ,false,330.90000000000003,124.10000000000001,-76.10000000000001,-0.8,-4.4,-1.5,4,-11.700000000000001,-0.4,49,56.7,-124.8
Chrome Mobile,90.0.4430.82,Asus X01AD,Asus,Blink,[object Object],Chrome Mobile 90.0.4430.82 on Asus X01AD (Android 9),2021-05-06T06:13:54.451Z,歩行,あ,false,332.20000000000005,128.20000000000002,-70.9,-2.4000000000000004,-4.800000000000001,0.2,2.2,-11,1.8,-21.400000000000002,40.1,46.300000000000004
Chrome Mobile,90.0.4430.82,Asus X01AD,Asus,Blink,[object Object],Chrome Mobile 90.0.4430.82 on Asus X01AD (Android 9),2021-05-06T06:13:54.652Z,歩行,あ,false,287,81.60000000000001,-29.5,12.8,39,4.6000000000000005,12.200000000000001,31.1,3.5,-153.3,2.6,151.3
Chrome Mobile,90.0.4430.82,Asus X01AD,Asus,Blink,[object Object],Chrome Mobile 90.0.4430.82 on Asus X01AD (Android 9),2021-05-06T06:13:54.853Z,歩行,あ,false,341.8,117.4,-81.60000000000001,2.4000000000000004,-3.1,4.3,6.5,-11.100000000000001,4.9,38.7,-0.2,-228.3
Chrome Mobile,90.0.4430.82,Asus X01AD,Asus,Blink,[object Object],Chrome Mobile 90.0.4430.82 on Asus X01AD (Android 9),2021-05-06T06:13:55.053Z,歩行,あ,false,337.6,133.4,-80.5,-1.2000000000000002,-5.300000000000001,1.4000000000000001,4.2,-11.100000000000001,2.3000000000000003,7.699999999999999,14.800000000000002,36.5
Chrome Mobile,90.0.4430.82,Asus X01AD,Asus,Blink,[object Object],Chrome Mobile 90.0.4430.82 on Asus X01AD (Android 9),2021-05-06T06:13:55.254Z,歩行,あ,false,333.70000000000005,101.10000000000001,-79.10000000000001,15.5,15,-3.8000000000000003,16.900000000000002,7.9,-3.5,-242.60000000000002,80.7,250.10000000000002
Chrome Mobile,90.0.4430.82,Asus X01AD,Asus,Blink,[object Object],Chrome Mobile 90.0.4430.82 on Asus X01AD (Android 9),2021-05-06T06:13:55.455Z,歩行,あ,false,342.8,106.5,-87.5,6.9,8.700000000000001,2.1,8.5,-2.7,2.8000000000000003,112.7,-34.800000000000004,-249.90000000000003
Chrome Mobile,90.0.4430.82,Asus X01AD,Asus,Blink,[object Object],Chrome Mobile 90.0.4430.82 on Asus X01AD (Android 9),2021-05-06T06:13:55.656Z,歩行,あ,false,335.40000000000003,136.8,-81.7,-0.5,-5.6000000000000005,-0.9,5.4,-11.200000000000001,-0.1,-1,4.9,-10.1
Chrome Mobile,90.0.4430.82,Asus X01AD,Asus,Blink,[object Object],Chrome Mobile 90.0.4430.82 on Asus X01AD (Android 9),2021-05-06T06:13:55.856Z,歩行,あ,false,331.90000000000003,122.80000000000001,-79.2,1.6,-6.4,4.800000000000001,5.5,-12.5,5.6000000000000005,17.5,-1.4,183.29999999999998
Chrome Mobile,90.0.4430.82,Asus X01AD,Asus,Blink,[object Object],Chrome Mobile 90.0.4430.82 on Asus X01AD (Android 9),2021-05-06T06:13:56.057Z,歩行,あ,false,304,80.9,-36.7,17.6,37.7,-14.700000000000001,16.8,29.200000000000003,-15.8,247.8,-2.3,-154.00000000000003
Chrome Mobile,90.0.4430.82,Asus X01AD,Asus,Blink,[object Object],Chrome Mobile 90.0.4430.82 on Asus X01AD (Android 9),2021-05-06T06:13:56.258Z,歩行,あ,false,334.90000000000003,122.5,-80.7,0.4,-4.6000000000000005,3.1,4.7,-11.700000000000001,4.3,82.3,-93.4,-83.10000000000001
Chrome Mobile,90.0.4430.82,Asus X01AD,Asus,Blink,[object Object],Chrome Mobile 90.0.4430.82 on Asus X01AD (Android 9),2021-05-06T06:13:56.460Z,歩行,あ,false,331.5,122.30000000000001,-78.4,-1.4000000000000001,-4.6000000000000005,2,2.4000000000000004,-10.8,2.8000000000000003,27.400000000000002,9.2,97.50000000000001
Chrome Mobile,90.0.4430.82,Asus X01AD,Asus,Blink,[object Object],Chrome Mobile 90.0.4430.82 on Asus X01AD (Android 9),2021-05-06T06:13:56.668Z,歩行,あ,false,289.1,70.5,-39.6,20.3,39.1,23.1,18.7,31.6,21.1,-123.00000000000001,13.700000000000001,113.4
Chrome Mobile,90.0.4430.82,Asus X01AD,Asus,Blink,[object Object],Chrome Mobile 90.0.4430.82 on Asus X01AD (Android 9),2021-05-06T06:13:56.869Z,歩行,あ,false,327.1,118.5,-82.10000000000001,0.1,-1.8,-1.9000000000000001,3.9000000000000004,-9.4,-1.5,136,-62,-218.79999999999998
Chrome Mobile,90.0.4430.82,Asus X01AD,Asus,Blink,[object Object],Chrome Mobile 90.0.4430.82 on Asus X01AD (Android 9),2021-05-06T06:13:57.070Z,歩行,あ,false,326.40000000000003,126.4,-74.9,-0.2,-4.7,0,4.2,-10.8,1.1,-10.299999999999999,45.3,29.600000000000005
Chrome Mobile,90.0.4430.82,Asus X01AD,Asus,Blink,[object Object],Chrome Mobile 90.0.4430.82 on Asus X01AD (Android 9),2021-05-06T06:13:57.271Z,歩行,あ,false,341.20000000000005,95.9,-88.7,10.700000000000001,12.200000000000001,-2.2,11.4,5.4,-2.2,-228.20000000000002,32.1,250.10000000000002
Chrome Mobile,90.0.4430.82,Asus X01AD,Asus,Blink,[object Object],Chrome Mobile 90.0.4430.82 on Asus X01AD (Android 9),2021-05-06T06:13:57.472Z,歩行,あ,false,215,81.2,39.6,10.8,5.1000000000000005,14.5,11.700000000000001,-3.7,13.5,57.800000000000004,-4.800000000000001,-249.90000000000003
Chrome Mobile,90.0.4430.82,Asus X01AD,Asus,Blink,[object Object],Chrome Mobile 90.0.4430.82 on Asus X01AD (Android 9),2021-05-06T06:13:57.678Z,歩行,あ,false,323.70000000000005,127.7,-71.4,-0.8,-5.300000000000001,-1.1,3.8000000000000003,-11.700000000000001,0.4,61.39999999999999,-22.4,16.4
Chrome Mobile,90.0.4430.82,Asus X01AD,Asus,Blink,[object Object],Chrome Mobile 90.0.4430.82 on Asus X01AD (Android 9),2021-05-06T06:13:57.879Z,歩行,あ,false,295.90000000000003,111.10000000000001,-49.5,0.5,-4.2,-1.2000000000000002,2.4000000000000004,-10.700000000000001,0.4,-25.300000000000004,-11.6,226.9
Chrome Mobile,90.0.4430.82,Asus X01AD,Asus,Blink,[object Object],Chrome Mobile 90.0.4430.82 on Asus X01AD (Android 9),2021-05-06T06:13:58.079Z,歩行,あ,false,326.5,72.2,-80.2,20,33.9,-4.7,17.3,25.5,-5.2,175.00000000000003,4.9,-249.90000000000003
Chrome Mobile,90.0.4430.82,Asus X01AD,Asus,Blink,[object Object],Chrome Mobile 90.0.4430.82 on Asus X01AD (Android 9),2021-05-06T06:13:58.280Z,歩行,あ,false,323.90000000000003,113.10000000000001,-75,-0.30000000000000004,-5.1000000000000005,3.5,2.9000000000000004,-12.9,4.4,31.6,35.4,-109.9
Chrome Mobile,90.0.4430.82,Asus X01AD,Asus,Blink,[object Object],Chrome Mobile 90.0.4430.82 on Asus X01AD (Android 9),2021-05-06T06:13:58.480Z,歩行,あ,false,313.90000000000003,113.80000000000001,-61.7,-2.4000000000000004,-5.300000000000001,2,0.2,-12.200000000000001,3.4000000000000004,-4.4,11.1,95.69999999999999
Chrome Mobile,90.0.4430.82,Asus X01AD,Asus,Blink,[object Object],Chrome Mobile 90.0.4430.82 on Asus X01AD (Android 9),2021-05-06T06:13:58.681Z,歩行,あ,false,318.40000000000003,65.5,-64.3,8.200000000000001,39.1,18,5.2,31.900000000000002,16.6,-239.20000000000005,16.900000000000002,106.4
Chrome Mobile,90.0.4430.82,Asus X01AD,Asus,Blink,[object Object],Chrome Mobile 90.0.4430.82 on Asus X01AD (Android 9),2021-05-06T06:13:58.882Z,歩行,あ,false,332.40000000000003,103.10000000000001,-76,0.9,-1.8,1.4000000000000001,2.8000000000000003,-10.5,1.9000000000000001,103.8,-23.800000000000004,-229.10000000000002
Chrome Mobile,90.0.4430.82,Asus X01AD,Asus,Blink,[object Object],Chrome Mobile 90.0.4430.82 on Asus X01AD (Android 9),2021-05-06T06:13:59.084Z,歩行,あ,false,324.6,116,-69,0.2,-4.2,1,3.5,-11.4,2.2,-8,41,39.599999999999994
Chrome Mobile,90.0.4430.82,Asus X01AD,Asus,Blink,[object Object],Chrome Mobile 90.0.4430.82 on Asus X01AD (Android 9),2021-05-06T06:13:59.285Z,歩行,あ,false,219.20000000000002,98.30000000000001,37.7,8.8,12.4,-2,8.200000000000001,5.4,-1.2000000000000002,-182.8,56.10000000000001,249.90000000000003
Chrome Mobile,90.0.4430.82,Asus X01AD,Asus,Blink,[object Object],Chrome Mobile 90.0.4430.82 on Asus X01AD (Android 9),2021-05-06T06:13:59.485Z,歩行,あ,false,300.90000000000003,84.60000000000001,-46.7,9,7.800000000000001,7.7,8.4,-1.3,7.1000000000000005,-17.5,-17.300000000000004,-249.90000000000003
Chrome Mobile,90.0.4430.82,Asus X01AD,Asus,Blink,[object Object],Chrome Mobile 90.0.4430.82 on Asus X01AD (Android 9),2021-05-06T06:13:59.691Z,歩行,あ,false,332.70000000000005,114.30000000000001,-78,-1.5,-3.8000000000000003,1.9000000000000001,2.2,-11.5,2.9000000000000004,58,-15.700000000000001,4.800000000000001
Chrome Mobile,90.0.4430.82,Asus X01AD,Asus,Blink,[object Object],Chrome Mobile 90.0.4430.82 on Asus X01AD (Android 9),2021-05-06T06:13:59.893Z,歩行,あ,false,297.90000000000003,104.80000000000001,-42.300000000000004,-1,-6,1.2000000000000002,0.30000000000000004,-13.100000000000001,2.6,22.4,8.4,129.3
Chrome Mobile,90.0.4430.82,Asus X01AD,Asus,Blink,[object Object],Chrome Mobile 90.0.4430.82 on Asus X01AD (Android 9),2021-05-06T06:14:00.095Z,歩行,あ,false,326.40000000000003,69.8,-69.7,15.700000000000001,33.1,-0.4,12.8,24.700000000000003,-1.4000000000000001,164.3,-14.900000000000002,-214.20000000000002
Chrome Mobile,90.0.4430.82,Asus X01AD,Asus,Blink,[object Object],Chrome Mobile 90.0.4430.82 on Asus X01AD (Android 9),2021-05-06T06:14:00.296Z,歩行,あ,false,331.8,113.5,-75.10000000000001,-2,-4.5,0.7000000000000001,1.4000000000000001,-12.4,1.6,18.200000000000003,23.2,-96.80000000000001
Chrome Mobile,90.0.4430.82,Asus X01AD,Asus,Blink,[object Object],Chrome Mobile 90.0.4430.82 on Asus X01AD (Android 9),2021-05-06T06:14:00.497Z,歩行,あ,false,330,113.5,-71.60000000000001,-0.1,-4.4,1.3,2.8000000000000003,-11.4,2.2,9.700000000000001,64.9,73.5
Chrome Mobile,90.0.4430.82,Asus X01AD,Asus,Blink,[object Object],Chrome Mobile 90.0.4430.82 on Asus X01AD (Android 9),2021-05-06T06:14:00.698Z,歩行,あ,false,301.2,60.900000000000006,-45.7,9.200000000000001,39.1,17.1,6.4,32,14.4,-237.90000000000003,45.5,178.3
Chrome Mobile,90.0.4430.82,Asus X01AD,Asus,Blink,[object Object],Chrome Mobile 90.0.4430.82 on Asus X01AD (Android 9),2021-05-06T06:14:00.903Z,歩行,あ,false,346.3,108,-88.9,0.4,-3.8000000000000003,-1,3.2,-12.3,-1,199.9,-19.1,-236.20000000000002
Chrome Mobile,90.0.4430.82,Asus X01AD,Asus,Blink,[object Object],Chrome Mobile 90.0.4430.82 on Asus X01AD (Android 9),2021-05-06T06:14:01.105Z,歩行,あ,false,328.90000000000003,122.4,-71.2,-1.6,-4.800000000000001,-1.5,2.5,-11.5,-0.2,18.6,15.8,47.2
Chrome Mobile,90.0.4430.82,Asus X01AD,Asus,Blink,[object Object],Chrome Mobile 90.0.4430.82 on Asus X01AD (Android 9),2021-05-06T06:14:01.308Z,歩行,あ,false,186.9,96.30000000000001,65.8,16.5,6.1000000000000005,-4,15.8,-1,-3.7,-126.49999999999999,24.3,250.10000000000002
Chrome Mobile,90.0.4430.82,Asus X01AD,Asus,Blink,[object Object],Chrome Mobile 90.0.4430.82 on Asus X01AD (Android 9),2021-05-06T06:14:01.509Z,歩行,あ,false,314.6,78.9,-53.2,8.8,14.200000000000001,3.6,7.300000000000001,5,2.5,-4.9,-41.900000000000006,-249.90000000000003
Chrome Mobile,90.0.4430.82,Asus X01AD,Asus,Blink,[object Object],Chrome Mobile 90.0.4430.82 on Asus X01AD (Android 9),2021-05-06T06:14:01.710Z,歩行,あ,false,341.40000000000003,122.2,-86.7,-0.4,-4.9,1.8,4.1000000000000005,-12.100000000000001,2.1,-10.1,-4.5,-71.5
Chrome Mobile,90.0.4430.82,Asus X01AD,Asus,Blink,[object Object],Chrome Mobile 90.0.4430.82 on Asus X01AD (Android 9),2021-05-06T06:14:01.911Z,歩行,あ,false,183.4,69.10000000000001,80,-2.3000000000000003,-6.5,0.7000000000000001,0.4,-13.600000000000001,0.2,-196.79999999999998,93.8,250.10000000000002
Chrome Mobile,90.0.4430.82,Asus X01AD,Asus,Blink,[object Object],Chrome Mobile 90.0.4430.82 on Asus X01AD (Android 9),2021-05-06T06:14:02.111Z,歩行,あ,false,285.1,40.1,-24.900000000000002,16.400000000000002,37.9,39,13.5,32.2,32.800000000000004,16.700000000000003,127.69999999999999,-39.599999999999994
Chrome Mobile,90.0.4430.82,Asus X01AD,Asus,Blink,[object Object],Chrome Mobile 90.0.4430.82 on Asus X01AD (Android 9),2021-05-06T06:14:02.316Z,歩行,あ,false,206.20000000000002,65.2,71.5,0.4,-3.5,3.8000000000000003,4,-11.600000000000001,2.6,77.3,81.8,-6.500000000000001
Chrome Mobile,90.0.4430.82,Asus X01AD,Asus,Blink,[object Object],Chrome Mobile 90.0.4430.82 on Asus X01AD (Android 9),2021-05-06T06:14:02.517Z,歩行,あ,false,334.20000000000005,102.60000000000001,-61,-1.3,-3.5,-2.8000000000000003,0.2,-11.200000000000001,-2,-10.600000000000001,8.100000000000001,194.6
Chrome Mobile,90.0.4430.82,Asus X01AD,Asus,Blink,[object Object],Chrome Mobile 90.0.4430.82 on Asus X01AD (Android 9),2021-05-06T06:14:02.718Z,歩行,あ,false,324.90000000000003,46.800000000000004,-45.7,11.8,33.2,21.400000000000002,7.7,27.1,17.400000000000002,-137.9,17.9,73.9
Chrome Mobile,90.0.4430.82,Asus X01AD,Asus,Blink,[object Object],Chrome Mobile 90.0.4430.82 on Asus X01AD (Android 9),2021-05-06T06:14:02.919Z,歩行,あ,false,331.70000000000005,81.4,-52.5,2.2,5.4,4,1.1,-4,3.2,189.1,-42.5,-198.00000000000003
Chrome Mobile,90.0.4430.82,Asus X01AD,Asus,Blink,[object Object],Chrome Mobile 90.0.4430.82 on Asus X01AD (Android 9),2021-05-06T06:14:03.120Z,歩行,あ,false,343.8,111,-73,-3,-3.5,-2.4000000000000004,-0.1,-11.600000000000001,-1.5,23.5,-63.10000000000001,-14.200000000000001
Chrome Mobile,90.0.4430.82,Asus X01AD,Asus,Blink,[object Object],Chrome Mobile 90.0.4430.82 on Asus X01AD (Android 9),2021-05-06T06:14:03.321Z,歩行,あ,false,328.3,80.7,-63.2,9,3.2,5.800000000000001,7.9,-4.5,5.300000000000001,-83.70000000000002,-78.60000000000001,249.90000000000003
Chrome Mobile,90.0.4430.82,Asus X01AD,Asus,Blink,[object Object],Chrome Mobile 90.0.4430.82 on Asus X01AD (Android 9),2021-05-06T06:14:03.522Z,歩行,あ,false,320.40000000000003,77.30000000000001,-66.9,14.3,15.9,4,12.3,6.300000000000001,3.1,108,6.1000000000000005,-249.90000000000003
Chrome Mobile,90.0.4430.82,Asus X01AD,Asus,Blink,[object Object],Chrome Mobile 90.0.4430.82 on Asus X01AD (Android 9),2021-05-06T06:14:03.728Z,歩行,あ,false,347.70000000000005,116.30000000000001,-86.4,-3.5,-5.300000000000001,-0.5,0.5,-13.4,-0.2,60.7,0.5,-56.10000000000001
Chrome Mobile,90.0.4430.82,Asus X01AD,Asus,Blink,[object Object],Chrome Mobile 90.0.4430.82 on Asus X01AD (Android 9),2021-05-06T06:14:03.929Z,歩行,あ,false,288.90000000000003,99.80000000000001,-34.9,6.1000000000000005,-3.8000000000000003,0.9,6.9,-11.5,2,69.00000000000001,-52.2,182.3
Chrome Mobile,90.0.4430.82,Asus X01AD,Asus,Blink,[object Object],Chrome Mobile 90.0.4430.82 on Asus X01AD (Android 9),2021-05-06T06:14:04.130Z,歩行,あ,false,322.90000000000003,56.7,-63.900000000000006,19.700000000000003,39.1,13.3,15,31.200000000000003,11,159.8,29.500000000000004,-156.10000000000002
Chrome Mobile,90.0.4430.82,Asus X01AD,Asus,Blink,[object Object],Chrome Mobile 90.0.4430.82 on Asus X01AD (Android 9),2021-05-06T06:14:04.330Z,歩行,あ,false,347.8,106.60000000000001,-89.80000000000001,-3.4000000000000004,-6.1000000000000005,3.3000000000000003,-0.8,-15,3.3000000000000003,-13.900000000000002,3.7000000000000006,-138.6
Chrome Mobile,90.0.4430.82,Asus X01AD,Asus,Blink,[object Object],Chrome Mobile 90.0.4430.82 on Asus X01AD (Android 9),2021-05-06T06:14:04.531Z,歩行,あ,false,325.5,104.10000000000001,-65.60000000000001,-3.7,-5.6000000000000005,0.7000000000000001,-1.9000000000000001,-13.600000000000001,1.6,29.700000000000006,-21.200000000000003,147.7
Chrome Mobile,90.0.4430.82,Asus X01AD,Asus,Blink,[object Object],Chrome Mobile 90.0.4430.82 on Asus X01AD (Android 9),2021-05-06T06:14:04.732Z,歩行,あ,false,326.90000000000003,56.2,-69.10000000000001,7.7,39.1,32.9,3.1,31.8,31.200000000000003,-250.00000000000003,79.8,55.1
Chrome Mobile,90.0.4430.82,Asus X01AD,Asus,Blink,[object Object],Chrome Mobile 90.0.4430.82 on Asus X01AD (Android 9),2021-05-06T06:14:04.943Z,歩行,あ,false,348.70000000000005,98.80000000000001,-80.80000000000001,-4.5,-3.6,1.6,-3.1,-12.9,1.9000000000000001,61.7,40,-183.10000000000002
Chrome Mobile,90.0.4430.82,Asus X01AD,Asus,Blink,[object Object],Chrome Mobile 90.0.4430.82 on Asus X01AD (Android 9),2021-05-06T06:14:05.154Z,歩行,あ,false,337.70000000000005,105.10000000000001,-64.60000000000001,-4.1000000000000005,-4.3,-0.7000000000000001,-2.1,-12.3,0.30000000000000004,-9.899999999999999,12.4,117.5
Chrome Mobile,90.0.4430.82,Asus X01AD,Asus,Blink,[object Object],Chrome Mobile 90.0.4430.82 on Asus X01AD (Android 9),2021-05-06T06:14:05.358Z,歩行,あ,false,335.1,56.400000000000006,-67.10000000000001,24.200000000000003,39.1,12.100000000000001,20,32.2,10.3,-249.20000000000002,23.5,189.70000000000002
Chrome Mobile,90.0.4430.82,Asus X01AD,Asus,Blink,[object Object],Chrome Mobile 90.0.4430.82 on Asus X01AD (Android 9),2021-05-06T06:14:05.559Z,歩行,あ,false,335.40000000000003,93.2,-67.60000000000001,-2.5,-4.1000000000000005,1.2000000000000002,-2,-13.600000000000001,1.4000000000000001,128,-40.9,-249.90000000000003
Chrome Mobile,90.0.4430.82,Asus X01AD,Asus,Blink,[object Object],Chrome Mobile 90.0.4430.82 on Asus X01AD (Android 9),2021-05-06T06:14:05.762Z,歩行,あ,false,326.40000000000003,111.7,-57.1,-0.6000000000000001,-3.6,0.5,2.1,-11.600000000000001,2.2,-13.6,59.60000000000001,55.2
Chrome Mobile,90.0.4430.82,Asus X01AD,Asus,Blink,[object Object],Chrome Mobile 90.0.4430.82 on Asus X01AD (Android 9),2021-05-06T06:14:05.962Z,歩行,あ,false,186.8,107.30000000000001,82.30000000000001,15.700000000000001,16.6,-7.300000000000001,13.4,9,-7,-221.1,-2.7,250.10000000000002
Chrome Mobile,90.0.4430.82,Asus X01AD,Asus,Blink,[object Object],Chrome Mobile 90.0.4430.82 on Asus X01AD (Android 9),2021-05-06T06:14:06.163Z,歩行,あ,false,322.6,78,-51.1,5.4,4.2,9.5,3.8000000000000003,-5.5,8.3,66.7,83.80000000000001,-249.90000000000003
Chrome Mobile,90.0.4430.82,Asus X01AD,Asus,Blink,[object Object],Chrome Mobile 90.0.4430.82 on Asus X01AD (Android 9),2021-05-06T06:14:06.363Z,歩行,あ,false,331,115,-66.4,-1,-3.1,1.8,2.3000000000000003,-11.3,3.2,54.699999999999996,-42.5,-45.8
Chrome Mobile,90.0.4430.82,Asus X01AD,Asus,Blink,[object Object],Chrome Mobile 90.0.4430.82 on Asus X01AD (Android 9),2021-05-06T06:14:06.564Z,歩行,あ,false,276.3,101.80000000000001,-9.9,1,-4,2.1,1.3,-11.700000000000001,3.7,-48.70000000000001,9.100000000000001,239.4
Chrome Mobile,90.0.4430.82,Asus X01AD,Asus,Blink,[object Object],Chrome Mobile 90.0.4430.82 on Asus X01AD (Android 9),2021-05-06T06:14:06.765Z,歩行,あ,false,341,61.800000000000004,-71.2,18.5,35.300000000000004,-2.7,14.200000000000001,26.900000000000002,-4.2,203.29999999999998,5.4,-153.20000000000002
Chrome Mobile,90.0.4430.82,Asus X01AD,Asus,Blink,[object Object],Chrome Mobile 90.0.4430.82 on Asus X01AD (Android 9),2021-05-06T06:14:06.966Z,歩行,あ,false,333.1,109.5,-67.8,-1.1,-3.5,0.9,1.7000000000000002,-12.3,2.1,53.400000000000006,-19.1,-104.10000000000001
Chrome Mobile,90.0.4430.82,Asus X01AD,Asus,Blink,[object Object],Chrome Mobile 90.0.4430.82 on Asus X01AD (Android 9),2021-05-06T06:14:07.167Z,歩行,あ,false,320.1,108.2,-53.300000000000004,-2.2,-4.2,1,-0.1,-12.100000000000001,2.6,-1.8000000000000003,39.50000000000001,155.70000000000002
Chrome Mobile,90.0.4430.82,Asus X01AD,Asus,Blink,[object Object],Chrome Mobile 90.0.4430.82 on Asus X01AD (Android 9),2021-05-06T06:14:07.368Z,歩行,あ,false,335.3,57.6,-64.8,9.1,39.1,17.8,4.800000000000001,31.6,15.8,-152.9,66.7,118.69999999999999
Chrome Mobile,90.0.4430.82,Asus X01AD,Asus,Blink,[object Object],Chrome Mobile 90.0.4430.82 on Asus X01AD (Android 9),2021-05-06T06:14:07.568Z,歩行,あ,false,325.40000000000003,99,-51.300000000000004,-2.3000000000000003,-3.2,0.4,-1.2000000000000002,-12.700000000000001,1.4000000000000001,69.00000000000001,-17.1,-229.8
Chrome Mobile,90.0.4430.82,Asus X01AD,Asus,Blink,[object Object],Chrome Mobile 90.0.4430.82 on Asus X01AD (Android 9),2021-05-06T06:14:07.769Z,歩行,あ,false,331.6,108.10000000000001,-60.300000000000004,-1.6,-5,3.9000000000000004,0.7000000000000001,-13.100000000000001,5.2,1.9,41.7,77.3
Chrome Mobile,90.0.4430.82,Asus X01AD,Asus,Blink,[object Object],Chrome Mobile 90.0.4430.82 on Asus X01AD (Android 9),2021-05-06T06:14:07.970Z,歩行,あ,false,353.3,65.7,-81.5,20.1,30.3,3.9000000000000004,16.7,22.900000000000002,3.4000000000000004,-250.00000000000003,51.70000000000001,247.9
Chrome Mobile,90.0.4430.82,Asus X01AD,Asus,Blink,[object Object],Chrome Mobile 90.0.4430.82 on Asus X01AD (Android 9),2021-05-06T06:14:08.171Z,歩行,あ,false,301.7,82,-32.300000000000004,5.7,1.1,9.8,5,-8.6,8.6,49.4,5,-249.90000000000003
Chrome Mobile,90.0.4430.82,Asus X01AD,Asus,Blink,[object Object],Chrome Mobile 90.0.4430.82 on Asus X01AD (Android 9),2021-05-06T06:14:08.371Z,歩行,あ,false,339.5,113.7,-72.5,-0.8,-4.6000000000000005,1.6,2.5,-12.600000000000001,2.7,18.3,41,16
Chrome Mobile,90.0.4430.82,Asus X01AD,Asus,Blink,[object Object],Chrome Mobile 90.0.4430.82 on Asus X01AD (Android 9),2021-05-06T06:14:08.572Z,歩行,あ,false,213.20000000000002,95.30000000000001,56.400000000000006,3.7,3.3000000000000003,0.30000000000000004,3.1,-4.6000000000000005,0.7000000000000001,-85.69999999999999,18,245.00000000000003
Chrome Mobile,90.0.4430.82,Asus X01AD,Asus,Blink,[object Object],Chrome Mobile 90.0.4430.82 on Asus X01AD (Android 9),2021-05-06T06:14:08.773Z,歩行,あ,false,316.90000000000003,68,-55.2,8.1,15.200000000000001,5,5.1000000000000005,6.1000000000000005,2.9000000000000004,86.1,51.50000000000001,-249.6
Chrome Mobile,90.0.4430.82,Asus X01AD,Asus,Blink,[object Object],Chrome Mobile 90.0.4430.82 on Asus X01AD (Android 9),2021-05-06T06:14:08.974Z,歩行,あ,false,178.10000000000002,69.10000000000001,87.4,-2.5,-3.5,4,0.7000000000000001,-12,3.8000000000000003,109.10000000000001,-44.4,-113.1
Chrome Mobile,90.0.4430.82,Asus X01AD,Asus,Blink,[object Object],Chrome Mobile 90.0.4430.82 on Asus X01AD (Android 9),2021-05-06T06:14:09.175Z,歩行,あ,false,319.40000000000003,103.4,-54.2,0.9,-4,2.3000000000000003,2.4000000000000004,-11.9,3.4000000000000004,21.300000000000004,0.4,177.5
Chrome Mobile,90.0.4430.82,Asus X01AD,Asus,Blink,[object Object],Chrome Mobile 90.0.4430.82 on Asus X01AD (Android 9),2021-05-06T06:14:09.376Z,歩行,あ,false,330.70000000000005,60.800000000000004,-64.9,11.700000000000001,36.9,12,7.6000000000000005,28.6,10,67.5,18.900000000000002,-68.4
Chrome Mobile,90.0.4430.82,Asus X01AD,Asus,Blink,[object Object],Chrome Mobile 90.0.4430.82 on Asus X01AD (Android 9),2021-05-06T06:14:09.576Z,歩行,あ,false,356.5,107.4,-84.7,-1.2000000000000002,-3.4000000000000004,-1,1.7000000000000002,-12.4,-0.7000000000000001,7.699999999999999,33.300000000000004,-111.6
Chrome Mobile,90.0.4430.82,Asus X01AD,Asus,Blink,[object Object],Chrome Mobile 90.0.4430.82 on Asus X01AD (Android 9),2021-05-06T06:14:09.783Z,歩行,あ,false,289.5,69.4,15.4,-5.9,-2.6,2.4000000000000004,-5.1000000000000005,-10.4,-0.5,-250.00000000000003,162.6,250.10000000000002
Chrome Mobile,90.0.4430.82,Asus X01AD,Asus,Blink,[object Object],Chrome Mobile 90.0.4430.82 on Asus X01AD (Android 9),2021-05-06T06:14:09.985Z,歩行,あ,false,337,19.900000000000002,-3.1,2.8000000000000003,7.2,24.1,2.3000000000000003,4.3,16,-249.20000000000002,-16.5,49.50000000000001
Chrome Mobile,90.0.4430.82,Asus X01AD,Asus,Blink,[object Object],Chrome Mobile 90.0.4430.82 on Asus X01AD (Android 9),2021-05-06T06:14:10.186Z,歩行,あ,false,349.5,19.200000000000003,-5,1.8,2.8000000000000003,7.5,1,-0.2,-1.1,37.6,36.5,23.6