platform_name,platform_version,platform_product,platform_manufacturer,platform_layout,platform_os,platform_description,date,label,s_movement,do_absolute,do_alpha,do_beta,do_gamma,acc_g_x,acc_g_y,acc_g_z,acc_x,acc_y,acc_z,rot_alpha,rot_beta,rot_gamma
Chrome Mobile,90.0.4430.82,Asus X01AD,Asus,Blink,[object Object],Chrome Mobile 90.0.4430.82 on Asus X01AD (Android 9),2021-05-06T05:50:05.477Z,寝る,あ,false,327.3,25.200000000000003,3.1,-0.5,4.2,8.700000000000001,-0.1,0,-0.30000000000000004,-6.699999999999999,9.600000000000001,-2.9
Chrome Mobile,90.0.4430.82,Asus X01AD,Asus,Blink,[object Object],Chrome Mobile 90.0.4430.82 on Asus X01AD (Android 9),2021-05-06T05:50:05.678Z,寝る,あ,false,308.6,72.10000000000001,21.8,6.1000000000000005,6.6000000000000005,0.5,7.300000000000001,-2.9000000000000004,-2.4000000000000004,0.30000000000000004,193,7.699999999999999
Chrome Mobile,90.0.4430.82,Asus X01AD,Asus,Blink,[object Object],Chrome Mobile 90.0.4430.82 on Asus X01AD (Android 9),2021-05-06T05:50:05.880Z,寝る,あ,false,355.3,76.10000000000001,-24.8,11.200000000000001,9.4,3.7,10.200000000000001,-0.2,1.6,72.80000000000001,-185.6,34.7
Chrome Mobile,90.0.4430.82,Asus X01AD,Asus,Blink,[object Object],Chrome Mobile 90.0.4430.82 on Asus X01AD (Android 9),2021-05-06T05:50:06.080Z,寝る,あ,false,354.40000000000003,70.4,-62.300000000000004,-17.7,12.700000000000001,13.5,-20.6,3.4000000000000004,11.9,-39.1,-31.5,16.900000000000002
Chrome Mobile,90.0.4430.82,Asus X01AD,Asus,Blink,[object Object],Chrome Mobile 90.0.4430.82 on Asus X01AD (Android 9),2021-05-06T05:50:06.281Z,寝る,あ,false,310.20000000000005,74.10000000000001,20,0.1,9.5,6.9,1,-0.1,4.4,9.2,249.6,-45.9
Chrome Mobile,90.0.4430.82,Asus X01AD,Asus,Blink,[object Object],Chrome Mobile 90.0.4430.82 on Asus X01AD (Android 9),2021-05-06T05:50:06.489Z,寝る,あ,false,347.1,78.5,0.6000000000000001,12.700000000000001,7.7,5.300000000000001,12.700000000000001,-1.8,3.3000000000000003,0.2,-24.8,20.5
Chrome Mobile,90.0.4430.82,Asus X01AD,Asus,Blink,[object Object],Chrome Mobile 90.0.4430.82 on Asus X01AD (Android 9),2021-05-06T05:50:06.690Z,寝る,あ,false,1.3,71.60000000000001,-50.800000000000004,-6,10.200000000000001,12,-8.4,0.8,10.100000000000001,-62.900000000000006,-250.4,23.3
Chrome Mobile,90.0.4430.82,Asus X01AD,Asus,Blink,[object Object],Chrome Mobile 90.0.4430.82 on Asus X01AD (Android 9),2021-05-06T05:50:06.891Z,寝る,あ,false,327.70000000000005,73,-18.1,-6.9,11,7.4,-7.7,1.6,4.7,18.5,249.5,-27.6
Chrome Mobile,90.0.4430.82,Asus X01AD,Asus,Blink,[object Object],Chrome Mobile 90.0.4430.82 on Asus X01AD (Android 9),2021-05-06T05:50:07.092Z,寝る,あ,false,332.1,71.3,19.3,15.8,9.3,5.4,16.900000000000002,-0.1,2.4000000000000004,26.200000000000003,46.7,4.2
Chrome Mobile,90.0.4430.82,Asus X01AD,Asus,Blink,[object Object],Chrome Mobile 90.0.4430.82 on Asus X01AD (Android 9),2021-05-06T05:50:07.292Z,寝る,あ,false,334.20000000000005,73,-2.4000000000000004,3.6,8.3,6.9,3.5,-1,3.9000000000000004,-55.3,-174.6,-60.6
Chrome Mobile,90.0.4430.82,Asus X01AD,Asus,Blink,[object Object],Chrome Mobile 90.0.4430.82 on Asus X01AD (Android 9),2021-05-06T05:50:07.494Z,寝る,あ,false,304.3,64.3,-6.2,-20.400000000000002,6.7,9.9,-20.900000000000002,-2.2,5.6000000000000005,33.400000000000006,37,20.599999999999998
Chrome Mobile,90.0.4430.82,Asus X01AD,Asus,Blink,[object Object],Chrome Mobile 90.0.4430.82 on Asus X01AD (Android 9),2021-05-06T05:50:07.694Z,寝る,あ,false,319.1,61.400000000000006,22.8,3.9000000000000004,9.4,8.5,5.7,0.7000000000000001,4.1000000000000005,-59.60000000000001,237.90000000000003,49.50000000000001
Chrome Mobile,90.0.4430.82,Asus X01AD,Asus,Blink,[object Object],Chrome Mobile 90.0.4430.82 on Asus X01AD (Android 9),2021-05-06T05:50:07.895Z,寝る,あ,false,331.70000000000005,58.800000000000004,20.900000000000002,8,8.1,8.1,9.8,-0.30000000000000004,3.3000000000000003,55,-69.7,-17.200000000000003
Chrome Mobile,90.0.4430.82,Asus X01AD,Asus,Blink,[object Object],Chrome Mobile 90.0.4430.82 on Asus X01AD (Android 9),2021-05-06T05:50:08.096Z,寝る,あ,false,315.90000000000003,66.2,-7.1000000000000005,-12.9,7.7,8.6,-13.4,-1.3,4.7,31.799999999999997,-198.00000000000003,4.4
Chrome Mobile,90.0.4430.82,Asus X01AD,Asus,Blink,[object Object],Chrome Mobile 90.0.4430.82 on Asus X01AD (Android 9),2021-05-06T05:50:08.297Z,寝る,あ,false,315.20000000000005,67.10000000000001,2.8000000000000003,-5.1000000000000005,8.700000000000001,4.5,-4.9,-0.2,0.7000000000000001,-11.3,188.8,24.1
Chrome Mobile,90.0.4430.82,Asus X01AD,Asus,Blink,[object Object],Chrome Mobile 90.0.4430.82 on Asus X01AD (Android 9),2021-05-06T05:50:08.498Z,寝る,あ,false,336.20000000000005,64.7,17.5,15.700000000000001,10,7.7,17,1.1,3.7,37.9,89.9,23.800000000000004
Chrome Mobile,90.0.4430.82,Asus X01AD,Asus,Blink,[object Object],Chrome Mobile 90.0.4430.82 on Asus X01AD (Android 9),2021-05-06T05:50:08.699Z,寝る,あ,false,338.3,68.5,-3.8000000000000003,4.3,7.1000000000000005,6.2,4.1000000000000005,-2,2.7,-24.900000000000002,-148.3,-30.699999999999996
Chrome Mobile,90.0.4430.82,Asus X01AD,Asus,Blink,[object Object],Chrome Mobile 90.0.4430.82 on Asus X01AD (Android 9),2021-05-06T05:50:08.899Z,寝る,あ,false,312.20000000000005,60.6,-5.800000000000001,-12.700000000000001,9,4.7,-13.200000000000001,0.5,-0.1,-15.8,-69.9,-30.4
Chrome Mobile,90.0.4430.82,Asus X01AD,Asus,Blink,[object Object],Chrome Mobile 90.0.4430.82 on Asus X01AD (Android 9),2021-05-06T05:50:09.101Z,寝る,あ,false,311.3,58,19.400000000000002,-5.800000000000001,7.300000000000001,11.700000000000001,-4.1000000000000005,-1.1,6.800000000000001,-22.9,231.3,68
Chrome Mobile,90.0.4430.82,Asus X01AD,Asus,Blink,[object Object],Chrome Mobile 90.0.4430.82 on Asus X01AD (Android 9),2021-05-06T05:50:09.301Z,寝る,あ,false,340.40000000000003,66,20.6,14.700000000000001,7.300000000000001,7,16.1,-1.7000000000000002,3.2,49.199999999999996,-18.3,13.3
Chrome Mobile,90.0.4430.82,Asus X01AD,Asus,Blink,[object Object],Chrome Mobile 90.0.4430.82 on Asus X01AD (Android 9),2021-05-06T05:50:09.502Z,寝る,あ,false,336.6,69.60000000000001,-13.200000000000001,-3.9000000000000004,8,11.100000000000001,-4.7,-1.2000000000000002,7.800000000000001,-41.300000000000004,-250.4,-27.800000000000004
Chrome Mobile,90.0.4430.82,Asus X01AD,Asus,Blink,[object Object],Chrome Mobile 90.0.4430.82 on Asus X01AD (Android 9),2021-05-06T05:50:09.703Z,寝る,あ,false,312.8,69.5,-5.5,-15.8,8.9,6.6000000000000005,-16.1,-0.30000000000000004,3.2,34.2,124.39999999999999,26.400000000000006
Chrome Mobile,90.0.4430.82,Asus X01AD,Asus,Blink,[object Object],Chrome Mobile 90.0.4430.82 on Asus X01AD (Android 9),2021-05-06T05:50:09.904Z,寝る,あ,false,322.1,67.8,27.1,11.3,9.3,6.9,12.9,0.2,3.6,-9.2,180.9,34.300000000000004
Chrome Mobile,90.0.4430.82,Asus X01AD,Asus,Blink,[object Object],Chrome Mobile 90.0.4430.82 on Asus X01AD (Android 9),2021-05-06T05:50:10.104Z,寝る,あ,false,340.5,75.7,3.1,6.300000000000001,8.1,4.1000000000000005,6.4,-1.4000000000000001,1.7000000000000002,74.4,-189.1,11.000000000000002
Chrome Mobile,90.0.4430.82,Asus X01AD,Asus,Blink,[object Object],Chrome Mobile 90.0.4430.82 on Asus X01AD (Android 9),2021-05-06T05:50:10.306Z,寝る,あ,false,335.70000000000005,68.10000000000001,-36.300000000000004,-17.400000000000002,13.9,10.200000000000001,-19.5,4.800000000000001,7.300000000000001,8.4,-96.60000000000001,33.7
Chrome Mobile,90.0.4430.82,Asus X01AD,Asus,Blink,[object Object],Chrome Mobile 90.0.4430.82 on Asus X01AD (Android 9),2021-05-06T05:50:10.507Z,寝る,あ,false,322.5,69,13.700000000000001,2.2,8.8,13.3,3,-0.4,9.9,-105.9,210,12.9
Chrome Mobile,90.0.4430.82,Asus X01AD,Asus,Blink,[object Object],Chrome Mobile 90.0.4430.82 on Asus X01AD (Android 9),2021-05-06T05:50:10.714Z,寝る,あ,false,354.20000000000005,73.60000000000001,2.9000000000000004,14.700000000000001,6.9,4.2,14.9,-2.5,1.5,74.60000000000001,-54.800000000000004,11.1
Chrome Mobile,90.0.4430.82,Asus X01AD,Asus,Blink,[object Object],Chrome Mobile 90.0.4430.82 on Asus X01AD (Android 9),2021-05-06T05:50:10.916Z,寝る,あ,false,345.1,71.5,-30.1,-9.4,10.4,9.5,-11,1.1,6.9,-7,-250.4,46.6
Chrome Mobile,90.0.4430.82,Asus X01AD,Asus,Blink,[object Object],Chrome Mobile 90.0.4430.82 on Asus X01AD (Android 9),2021-05-06T05:50:11.119Z,寝る,あ,false,318.90000000000003,76,-3.2,-10.3,9.4,4,-10.4,-0.1,1.7000000000000002,10.299999999999999,249.4,-56.7
Chrome Mobile,90.0.4430.82,Asus X01AD,Asus,Blink,[object Object],Chrome Mobile 90.0.4430.82 on Asus X01AD (Android 9),2021-05-06T05:50:11.320Z,寝る,あ,false,339.6,73,17.8,12.100000000000001,7.300000000000001,6.300000000000001,13,-2.1,3.6,37.1,108.60000000000001,4.7
Chrome Mobile,90.0.4430.82,Asus X01AD,Asus,Blink,[object Object],Chrome Mobile 90.0.4430.82 on Asus X01AD (Android 9),2021-05-06T05:50:11.526Z,寝る,あ,false,355.5,77.60000000000001,-12.9,5.1000000000000005,8.1,9.700000000000001,4.7,-1.4000000000000001,7.7,-33.1,-188.8,-55
Chrome Mobile,90.0.4430.82,Asus X01AD,Asus,Blink,[object Object],Chrome Mobile 90.0.4430.82 on Asus X01AD (Android 9),2021-05-06T05:50:11.727Z,寝る,あ,false,335.8,68.3,-36.800000000000004,-15.700000000000001,13.5,12.5,-17.8,4.4,9.600000000000001,-59.40000000000001,-119.49999999999999,14.400000000000002
Chrome Mobile,90.0.4430.82,Asus X01AD,Asus,Blink,[object Object],Chrome Mobile 90.0.4430.82 on Asus X01AD (Android 9),2021-05-06T05:50:11.929Z,寝る,あ,false,311.90000000000003,72.9,17.7,1.9000000000000001,11.5,8.8,2.8000000000000003,2,6.1000000000000005,-6.4,228.4,-41.900000000000006
Chrome Mobile,90.0.4430.82,Asus X01AD,Asus,Blink,[object Object],Chrome Mobile 90.0.4430.82 on Asus X01AD (Android 9),2021-05-06T05:50:12.135Z,寝る,あ,false,336.3,77,19.3,13.200000000000001,7.5,1.9000000000000001,15,-2.2,-0.6000000000000001,-13.8,-33.400000000000006,7.400000000000001
Chrome Mobile,90.0.4430.82,Asus X01AD,Asus,Blink,[object Object],Chrome Mobile 90.0.4430.82 on Asus X01AD (Android 9),2021-05-06T05:50:12.336Z,寝る,あ,false,335.3,69.8,-16.3,-2.3000000000000003,10.100000000000001,13.100000000000001,-3.3000000000000003,0.9,9.9,-85.9,-202.9,-49.300000000000004
Chrome Mobile,90.0.4430.82,Asus X01AD,Asus,Blink,[object Object],Chrome Mobile 90.0.4430.82 on Asus X01AD (Android 9),2021-05-06T05:50:12.536Z,寝る,あ,false,324.6,71.8,-15.600000000000001,-12.100000000000001,6.2,4.800000000000001,-12.9,-3.1,1.8,62.6,154.40000000000003,54.300000000000004
Chrome Mobile,90.0.4430.82,Asus X01AD,Asus,Blink,[object Object],Chrome Mobile 90.0.4430.82 on Asus X01AD (Android 9),2021-05-06T05:50:12.739Z,寝る,あ,false,333.90000000000003,72.4,13.8,11.4,10.4,2.6,12.100000000000001,1,-0.30000000000000004,45.5,221.3,-9.100000000000001
Chrome Mobile,90.0.4430.82,Asus X01AD,Asus,Blink,[object Object],Chrome Mobile 90.0.4430.82 on Asus X01AD (Android 9),2021-05-06T05:50:12.940Z,寝る,あ,false,358.90000000000003,80.30000000000001,-12.8,9.3,7.9,4,9,-1.6,2.4000000000000004,18.4,-162.8,17.799999999999997
Chrome Mobile,90.0.4430.82,Asus X01AD,Asus,Blink,[object Object],Chrome Mobile 90.0.4430.82 on Asus X01AD (Android 9),2021-05-06T05:50:13.141Z,寝る,あ,false,328.5,70,-21.700000000000003,-13.600000000000001,11.4,7.7,-14.8,2.2,4.7,-72.60000000000001,-144,3.4
Chrome Mobile,90.0.4430.82,Asus X01AD,Asus,Blink,[object Object],Chrome Mobile 90.0.4430.82 on Asus X01AD (Android 9),2021-05-06T05:50:13.341Z,寝る,あ,false,316.20000000000005,73.10000000000001,9.1,-4.7,9.700000000000001,8.700000000000001,-4.2,0.4,5.9,-10.5,248.79999999999998,21
Chrome Mobile,90.0.4430.82,Asus X01AD,Asus,Blink,[object Object],Chrome Mobile 90.0.4430.82 on Asus X01AD (Android 9),2021-05-06T05:50:13.542Z,寝る,あ,false,347.8,74.3,6.4,16.1,7.6000000000000005,4,16.400000000000002,-1.9000000000000001,1.3,32,19.9,22.2
Chrome Mobile,90.0.4430.82,Asus X01AD,Asus,Blink,[object Object],Chrome Mobile 90.0.4430.82 on Asus X01AD (Android 9),2021-05-06T05:50:13.743Z,寝る,あ,false,355.70000000000005,74,-25.1,5.7,9.4,6.4,4.6000000000000005,0.1,4.1000000000000005,-34.300000000000004,-199.5,-18.3
Chrome Mobile,90.0.4430.82,Asus X01AD,Asus,Blink,[object Object],Chrome Mobile 90.0.4430.82 on Asus X01AD (Android 9),2021-05-06T05:50:13.943Z,寝る,あ,false,320.20000000000005,70.10000000000001,-21.3,-20.900000000000002,9.600000000000001,11.5,-22.1,0.4,8.4,20.2,63.2,-13.100000000000001
Chrome Mobile,90.0.4430.82,Asus X01AD,Asus,Blink,[object Object],Chrome Mobile 90.0.4430.82 on Asus X01AD (Android 9),2021-05-06T05:50:14.144Z,寝る,あ,false,320.40000000000003,72.10000000000001,18.8,8.4,8.700000000000001,10.700000000000001,9.4,-0.7000000000000001,7.800000000000001,10.8,209.3,2.4000000000000004
Chrome Mobile,90.0.4430.82,Asus X01AD,Asus,Blink,[object Object],Chrome Mobile 90.0.4430.82 on Asus X01AD (Android 9),2021-05-06T05:50:14.346Z,寝る,あ,false,354,79.4,-6.4,10.5,8,1.3,10.3,-1.5,-0.5,22.3,-143.2,14.100000000000001
Chrome Mobile,90.0.4430.82,Asus X01AD,Asus,Blink,[object Object],Chrome Mobile 90.0.4430.82 on Asus X01AD (Android 9),2021-05-06T05:50:14.547Z,寝る,あ,false,333.5,70,-25.1,-13.4,12.8,7.5,-14.8,3.7,4.5,-38.400000000000006,-250.3,26.300000000000004
Chrome Mobile,90.0.4430.82,Asus X01AD,Asus,Blink,[object Object],Chrome Mobile 90.0.4430.82 on Asus X01AD (Android 9),2021-05-06T05:50:14.747Z,寝る,あ,false,318.70000000000005,72.5,14.200000000000001,-2.2,9.600000000000001,4.7,-1.4000000000000001,0.2,1.8,-19.300000000000004,249.6,-29.600000000000005
Chrome Mobile,90.0.4430.82,Asus X01AD,Asus,Blink,[object Object],Chrome Mobile 90.0.4430.82 on Asus X01AD (Android 9),2021-05-06T05:50:14.948Z,寝る,あ,false,330.3,76.5,29.6,12.700000000000001,7.1000000000000005,3.7,13.700000000000001,-2.1,2.2,46,-13.700000000000001,11.5
Chrome Mobile,90.0.4430.82,Asus X01AD,Asus,Blink,[object Object],Chrome Mobile 90.0.4430.82 on Asus X01AD (Android 9),2021-05-06T05:50:15.148Z,寝る,あ,false,358.1,78.60000000000001,-27.1,1,8.5,8.6,0.1,-0.9,7,-95.60000000000002,-196.3,-12.8
Chrome Mobile,90.0.4430.82,Asus X01AD,Asus,Blink,[object Object],Chrome Mobile 90.0.4430.82 on Asus X01AD (Android 9),2021-05-06T05:50:15.350Z,寝る,あ,false,309.90000000000003,73.3,3.1,-13.200000000000001,9.200000000000001,3.5,-13.100000000000001,-0.2,0.7000000000000001,55.8,149,7.300000000000001
Chrome Mobile,90.0.4430.82,Asus X01AD,Asus,Blink,[object Object],Chrome Mobile 90.0.4430.82 on Asus X01AD (Android 9),2021-05-06T05:50:15.550Z,寝る,あ,false,321,73.9,29.3,10.700000000000001,9.200000000000001,4.6000000000000005,12,-0.2,2.2,7.9,138.29999999999998,46.199999999999996
Chrome Mobile,90.0.4430.82,Asus X01AD,Asus,Blink,[object Object],Chrome Mobile 90.0.4430.82 on Asus X01AD (Android 9),2021-05-06T05:50:15.751Z,寝る,あ,false,350.5,77.80000000000001,-7.2,7.300000000000001,8.4,2.9000000000000004,7.2,-1.3,2.7,49.300000000000004,-179.6,28.600000000000005
Chrome Mobile,90.0.4430.82,Asus X01AD,Asus,Blink,[object Object],Chrome Mobile 90.0.4430.82 on Asus X01AD (Android 9),2021-05-06T05:50:15.952Z,寝る,あ,false,337,69.5,-27.6,-15.100000000000001,12.700000000000001,8.700000000000001,-16.7,3.5,5.6000000000000005,-38.2,-47.1,16.3
Chrome Mobile,90.0.4430.82,Asus X01AD,Asus,Blink,[object Object],Chrome Mobile 90.0.4430.82 on Asus X01AD (Android 9),2021-05-06T05:50:16.152Z,寝る,あ,false,321.3,69.5,19.700000000000003,2.3000000000000003,10.100000000000001,9.600000000000001,3.5,0.9,6.4,-26.300000000000004,181.40000000000003,-6.600000000000001
Chrome Mobile,90.0.4430.82,Asus X01AD,Asus,Blink,[object Object],Chrome Mobile 90.0.4430.82 on Asus X01AD (Android 9),2021-05-06T05:50:16.353Z,寝る,あ,false,337.5,71.9,16.400000000000002,9.600000000000001,6.4,4.6000000000000005,10.5,-2.9000000000000004,1.6,13.5,-23.099999999999998,-28.1
Chrome Mobile,90.0.4430.82,Asus X01AD,Asus,Blink,[object Object],Chrome Mobile 90.0.4430.82 on Asus X01AD (Android 9),2021-05-06T05:50:16.554Z,寝る,あ,false,332.70000000000005,73,-8,-11,9.8,10,-11.4,0.5,7.2,-24.900000000000002,-180.9,4.1
Chrome Mobile,90.0.4430.82,Asus X01AD,Asus,Blink,[object Object],Chrome Mobile 90.0.4430.82 on Asus X01AD (Android 9),2021-05-06T05:50:16.755Z,寝る,あ,false,319,74,5.9,-9.9,8.5,4.9,-9.600000000000001,-0.9,2.2,9.899999999999999,182.4,19.200000000000003
Chrome Mobile,90.0.4430.82,Asus X01AD,Asus,Blink,[object Object],Chrome Mobile 90.0.4430.82 on Asus X01AD (Android 9),2021-05-06T05:50:16.956Z,寝る,あ,false,331.40000000000003,72.4,22.200000000000003,16.5,8.8,6.7,17.6,-0.5,4,-8.2,-3.5,19
Chrome Mobile,90.0.4430.82,Asus X01AD,Asus,Blink,[object Object],Chrome Mobile 90.0.4430.82 on Asus X01AD (Android 9),2021-05-06T05:50:17.157Z,寝る,あ,false,340.3,76.2,-7.4,4.2,6.4,5.9,3.9000000000000004,-2.9000000000000004,3.7,-23,-209.8,-21.7
Chrome Mobile,90.0.4430.82,Asus X01AD,Asus,Blink,[object Object],Chrome Mobile 90.0.4430.82 on Asus X01AD (Android 9),2021-05-06T05:50:17.358Z,寝る,あ,false,308.3,67.3,-0.7000000000000001,-20.1,8.1,7.9,-20.1,-1,4.1000000000000005,36.400000000000006,152.70000000000002,-8.700000000000001
Chrome Mobile,90.0.4430.82,Asus X01AD,Asus,Blink,[object Object],Chrome Mobile 90.0.4430.82 on Asus X01AD (Android 9),2021-05-06T05:50:17.564Z,寝る,あ,false,315.90000000000003,68.5,29,5,5.300000000000001,4.2,6.800000000000001,-3.9000000000000004,1.1,-67.4,191.9,-66.5
Chrome Mobile,90.0.4430.82,Asus X01AD,Asus,Blink,[object Object],Chrome Mobile 90.0.4430.82 on Asus X01AD (Android 9),2021-05-06T05:50:17.766Z,寝る,あ,false,352.1,75.10000000000001,0.4,9.600000000000001,7,3.8000000000000003,9.600000000000001,-2.3000000000000003,1.3,29.800000000000004,-137.60000000000002,-19.300000000000004
Chrome Mobile,90.0.4430.82,Asus X01AD,Asus,Blink,[object Object],Chrome Mobile 90.0.4430.82 on Asus X01AD (Android 9),2021-05-06T05:50:17.968Z,寝る,あ,false,328,67.2,-17.1,-16.6,10.9,9.8,-17.7,1.9000000000000001,6.2,-36.400000000000006,-141.3,11.700000000000001
Chrome Mobile,90.0.4430.82,Asus X01AD,Asus,Blink,[object Object],Chrome Mobile 90.0.4430.82 on Asus X01AD (Android 9),2021-05-06T05:50:18.168Z,寝る,あ,false,307.6,73.3,23.400000000000002,-5.5,10.9,7.300000000000001,-4.4,1.5,4.7,11.3,228.00000000000003,-25.900000000000002
Chrome Mobile,90.0.4430.82,Asus X01AD,Asus,Blink,[object Object],Chrome Mobile 90.0.4430.82 on Asus X01AD (Android 9),2021-05-06T05:50:18.369Z,寝る,あ,false,314.1,76.5,44.800000000000004,18.2,9.600000000000001,-2.9000000000000004,19.8,0.1,-4.5,79.6,-41.1,52.60000000000001
Chrome Mobile,90.0.4430.82,Asus X01AD,Asus,Blink,[object Object],Chrome Mobile 90.0.4430.82 on Asus X01AD (Android 9),2021-05-06T05:50:18.570Z,寝る,あ,false,343.1,77.7,-3.8000000000000003,3.3000000000000003,8.200000000000001,6.800000000000001,3.1,-1.2000000000000002,4.800000000000001,-39,-231.20000000000002,-1.1
Chrome Mobile,90.0.4430.82,Asus X01AD,Asus,Blink,[object Object],Chrome Mobile 90.0.4430.82 on Asus X01AD (Android 9),2021-05-06T05:50:18.771Z,寝る,あ,false,331,65,-23.200000000000003,-14.700000000000001,12.5,6.5,-16.3,3.7,2.7,-13.700000000000001,67.8,42.7
Chrome Mobile,90.0.4430.82,Asus X01AD,Asus,Blink,[object Object],Chrome Mobile 90.0.4430.82 on Asus X01AD (Android 9),2021-05-06T05:50:18.972Z,寝る,あ,false,319.5,70.60000000000001,21.700000000000003,4.1000000000000005,9.1,4.800000000000001,5.300000000000001,-0.30000000000000004,1.7000000000000002,53.300000000000004,226.4,-0.4
Chrome Mobile,90.0.4430.82,Asus X01AD,Asus,Blink,[object Object],Chrome Mobile 90.0.4430.82 on Asus X01AD (Android 9),2021-05-06T05:50:19.172Z,寝る,あ,false,342.90000000000003,75.5,15.200000000000001,10.4,6.4,0,11.100000000000001,-3,-2.3000000000000003,37.300000000000004,-33.7,11.2
Chrome Mobile,90.0.4430.82,Asus X01AD,Asus,Blink,[object Object],Chrome Mobile 90.0.4430.82 on Asus X01AD (Android 9),2021-05-06T05:50:19.373Z,寝る,あ,false,343.90000000000003,70.10000000000001,-23.900000000000002,-3.8000000000000003,9.1,13.9,-3.6,-0.4,10.600000000000001,-76.89999999999999,-214.10000000000002,-21.6
Chrome Mobile,90.0.4430.82,Asus X01AD,Asus,Blink,[object Object],Chrome Mobile 90.0.4430.82 on Asus X01AD (Android 9),2021-05-06T05:50:19.574Z,寝る,あ,false,324.1,70.5,-15.4,-12.600000000000001,8.3,3.5,-13.4,-0.9,0.4,54.1,167.40000000000003,-16.700000000000003
Chrome Mobile,90.0.4430.82,Asus X01AD,Asus,Blink,[object Object],Chrome Mobile 90.0.4430.82 on Asus X01AD (Android 9),2021-05-06T05:50:19.775Z,寝る,あ,false,315.20000000000005,72.7,34.5,12.700000000000001,12.8,2,14.3,3.4000000000000004,-0.4,37.50000000000001,149.79999999999998,-25.7
Chrome Mobile,90.0.4430.82,Asus X01AD,Asus,Blink,[object Object],Chrome Mobile 90.0.4430.82 on Asus X01AD (Android 9),2021-05-06T05:50:19.976Z,寝る,あ,false,5.7,79.7,-15.9,8.9,8.4,5.1000000000000005,8.4,-1,3.5,13.900000000000002,-167.60000000000002,35.1
Chrome Mobile,90.0.4430.82,Asus X01AD,Asus,Blink,[object Object],Chrome Mobile 90.0.4430.82 on Asus X01AD (Android 9),2021-05-06T05:50:20.177Z,寝る,あ,false,345.90000000000003,67.60000000000001,-43,-15.9,13.100000000000001,12.4,-18.400000000000002,4.1000000000000005,9.600000000000001,-27,-204.1,71.8
Chrome Mobile,90.0.4430.82,Asus X01AD,Asus,Blink,[object Object],Chrome Mobile 90.0.4430.82 on Asus X01AD (Android 9),2021-05-06T05:50:20.378Z,寝る,あ,false,317.5,73.60000000000001,8.700000000000001,-3.7,12,7,-3.3000000000000003,2.6,4.3,-14.300000000000002,249.5,-58.400000000000006
Chrome Mobile,90.0.4430.82,Asus X01AD,Asus,Blink,[object Object],Chrome Mobile 90.0.4430.82 on Asus X01AD (Android 9),2021-05-06T05:50:20.579Z,寝る,あ,false,312.8,76,43.5,15,5.300000000000001,2.3000000000000003,16.6,-4.1000000000000005,0.6000000000000001,3.1,-30.599999999999998,8
Chrome Mobile,90.0.4430.82,Asus X01AD,Asus,Blink,[object Object],Chrome Mobile 90.0.4430.82 on Asus X01AD (Android 9),2021-05-06T05:50:20.779Z,寝る,あ,false,352.5,73.8,-23.900000000000002,2.5,9.9,11.4,1.4000000000000001,0.7000000000000001,9,-102.2,-250.20000000000002,12
Chrome Mobile,90.0.4430.82,Asus X01AD,Asus,Blink,[object Object],Chrome Mobile 90.0.4430.82 on Asus X01AD (Android 9),2021-05-06T05:50:20.980Z,寝る,あ,false,323.5,62.7,-15.700000000000001,-15.200000000000001,9.8,6.2,-16.400000000000002,1.1,1.9000000000000001,28.200000000000003,120.4,-57.800000000000004
Chrome Mobile,90.0.4430.82,Asus X01AD,Asus,Blink,[object Object],Chrome Mobile 90.0.4430.82 on Asus X01AD (Android 9),2021-05-06T05:50:21.181Z,寝る,あ,false,310.40000000000003,71.3,37.9,5.9,7.9,3.4000000000000004,7.800000000000001,-1.5,0.9,-40.1,247.7,-40.4
Chrome Mobile,90.0.4430.82,Asus X01AD,Asus,Blink,[object Object],Chrome Mobile 90.0.4430.82 on Asus X01AD (Android 9),2021-05-06T05:50:21.381Z,寝る,あ,false,14.5,83,-23.900000000000002,11.3,6.4,0.4,10.8,-3.1,-0.7000000000000001,63.500000000000014,-189.70000000000002,39.1
Chrome Mobile,90.0.4430.82,Asus X01AD,Asus,Blink,[object Object],Chrome Mobile 90.0.4430.82 on Asus X01AD (Android 9),2021-05-06T05:50:21.582Z,寝る,あ,false,355.3,64.2,-50.2,-5.4,15.5,15.3,-8.3,6.300000000000001,10.700000000000001,-63.2,-250.4,88.7
Chrome Mobile,90.0.4430.82,Asus X01AD,Asus,Blink,[object Object],Chrome Mobile 90.0.4430.82 on Asus X01AD (Android 9),2021-05-06T05:50:21.783Z,寝る,あ,false,322.5,72.4,-8.3,-2.8000000000000003,10.9,8.9,-3.2,1.5,5.9,20,249.6,-25.4
Chrome Mobile,90.0.4430.82,Asus X01AD,Asus,Blink,[object Object],Chrome Mobile 90.0.4430.82 on Asus X01AD (Android 9),2021-05-06T05:50:21.984Z,寝る,あ,false,326.6,75.7,28.6,19.3,8.3,5.2,20.5,-1.3,3.1,74.4,0.2,25
Chrome Mobile,90.0.4430.82,Asus X01AD,Asus,Blink,[object Object],Chrome Mobile 90.0.4430.82 on Asus X01AD (Android 9),2021-05-06T05:50:22.184Z,寝る,あ,false,353.6,76.2,-21.400000000000002,0.2,9.4,5.6000000000000005,-0.6000000000000001,-0.1,3.4000000000000004,-34.2,-249.7,27.3
Chrome Mobile,90.0.4430.82,Asus X01AD,Asus,Blink,[object Object],Chrome Mobile 90.0.4430.82 on Asus X01AD (Android 9),2021-05-06T05:50:22.385Z,寝る,あ,false,343.70000000000005,64.9,-48,-15.3,12.9,10.4,-18.400000000000002,4,7.6000000000000005,11.4,-11.000000000000002,7.699999999999999
Chrome Mobile,90.0.4430.82,Asus X01AD,Asus,Blink,[object Object],Chrome Mobile 90.0.4430.82 on Asus X01AD (Android 9),2021-05-06T05:50:22.586Z,寝る,あ,false,319.20000000000005,72.5,16.400000000000002,0.4,8.8,7.800000000000001,1.3,-0.7000000000000001,5,-36.7,249.6,-102.10000000000001
Chrome Mobile,90.0.4430.82,Asus X01AD,Asus,Blink,[object Object],Chrome Mobile 90.0.4430.82 on Asus X01AD (Android 9),2021-05-06T05:50:22.787Z,寝る,あ,false,343.20000000000005,75.60000000000001,11.3,14.4,7.300000000000001,0.6000000000000001,14.9,-2.2,-1.7000000000000002,-1,-37.2,13.000000000000002
Chrome Mobile,90.0.4430.82,Asus X01AD,Asus,Blink,[object Object],Chrome Mobile 90.0.4430.82 on Asus X01AD (Android 9),2021-05-06T05:50:22.988Z,寝る,あ,false,337.20000000000005,66.2,-21.6,-9.1,11.5,12.9,-10.8,2.6,9.200000000000001,-37.7,-250.4,88.10000000000001
Chrome Mobile,90.0.4430.82,Asus X01AD,Asus,Blink,[object Object],Chrome Mobile 90.0.4430.82 on Asus X01AD (Android 9),2021-05-06T05:50:23.188Z,寝る,あ,false,340.20000000000005,70.5,-24.200000000000003,-1,11.200000000000001,6.5,-2.4000000000000004,1.9000000000000001,3.5,114.9,185.3,-2.2
Chrome Mobile,90.0.4430.82,Asus X01AD,Asus,Blink,[object Object],Chrome Mobile 90.0.4430.82 on Asus X01AD (Android 9),2021-05-06T05:50:23.389Z,寝る,あ,false,329.3,79.10000000000001,28.1,15.700000000000001,6.7,1.5,16.6,-3.1,-0.1,45,113.00000000000001,-5.2
Chrome Mobile,90.0.4430.82,Asus X01AD,Asus,Blink,[object Object],Chrome Mobile 90.0.4430.82 on Asus X01AD (Android 9),2021-05-06T05:50:23.596Z,寝る,あ,false,7.2,77.60000000000001,-29,7.4,7.300000000000001,7.4,6.4,-2.1,5.6000000000000005,-96.4,-212.1,-16
Chrome Mobile,90.0.4430.82,Asus X01AD,Asus,Blink,[object Object],Chrome Mobile 90.0.4430.82 on Asus X01AD (Android 9),2021-05-06T05:50:23.799Z,寝る,あ,false,346.3,60,-44.400000000000006,-11.700000000000001,17.3,13.4,-16.1,6.7,8.9,-17,135.4,-40.4
Chrome Mobile,90.0.4430.82,Asus X01AD,Asus,Blink,[object Object],Chrome Mobile 90.0.4430.82 on Asus X01AD (Android 9),2021-05-06T05:50:24.000Z,寝る,あ,false,331.90000000000003,71.8,16,12.700000000000001,11.100000000000001,5.7,13.600000000000001,1.5,2.7,132.8,249.6,-20.400000000000002
Chrome Mobile,90.0.4430.82,Asus X01AD,Asus,Blink,[object Object],Chrome Mobile 90.0.4430.82 on Asus X01AD (Android 9),2021-05-06T05:50:24.201Z,寝る,あ,false,335.5,82.7,27.700000000000003,10.600000000000001,6.6000000000000005,2.5,11.100000000000001,-3,1.4000000000000001,11.900000000000002,-100.2,35.1
Chrome Mobile,90.0.4430.82,Asus X01AD,Asus,Blink,[object Object],Chrome Mobile 90.0.4430.82 on Asus X01AD (Android 9),2021-05-06T05:50:24.401Z,寝る,あ,false,5,68.60000000000001,-47.900000000000006,-5.300000000000001,11.600000000000001,9.3,-7.9,2.5,6.9,-94.4,-250.4,103.00000000000001
Chrome Mobile,90.0.4430.82,Asus X01AD,Asus,Blink,[object Object],Chrome Mobile 90.0.4430.82 on Asus X01AD (Android 9),2021-05-06T05:50:24.601Z,寝る,あ,false,337.1,70.3,-21.900000000000002,-7.2,9.5,4.6000000000000005,-8.4,0.2,1.5,42.5,228.10000000000002,-46.4
Chrome Mobile,90.0.4430.82,Asus X01AD,Asus,Blink,[object Object],Chrome Mobile 90.0.4430.82 on Asus X01AD (Android 9),2021-05-06T05:50:24.802Z,寝る,あ,false,325.5,74.9,36.1,13.700000000000001,7.2,3.5,15.200000000000001,-2.4000000000000004,1.4000000000000001,86.3,111,20.7
Chrome Mobile,90.0.4430.82,Asus X01AD,Asus,Blink,[object Object],Chrome Mobile 90.0.4430.82 on Asus X01AD (Android 9),2021-05-06T05:50:25.003Z,寝る,あ,false,2.9000000000000004,79,-15.600000000000001,8,8.6,6.5,7.5,-1,4.7,-33.800000000000004,-196.79999999999998,11.3
Chrome Mobile,90.0.4430.82,Asus X01AD,Asus,Blink,[object Object],Chrome Mobile 90.0.4430.82 on Asus X01AD (Android 9),2021-05-06T05:50:25.203Z,寝る,あ,false,354.40000000000003,62.1,-51.7,-11.100000000000001,19.5,12.100000000000001,-14.700000000000001,10.8,9.200000000000001,3.8,-43.1,26.5
Chrome Mobile,90.0.4430.82,Asus X01AD,Asus,Blink,[object Object],Chrome Mobile 90.0.4430.82 on Asus X01AD (Android 9),2021-05-06T05:50:25.404Z,寝る,あ,false,332.1,73.2,9.8,6.7,11.4,14,7.2,1.8,11.100000000000001,16.700000000000003,249.6,-35.599999999999994
Chrome Mobile,90.0.4430.82,Asus X01AD,Asus,Blink,[object Object],Chrome Mobile 90.0.4430.82 on Asus X01AD (Android 9),2021-05-06T05:50:25.605Z,寝る,あ,false,326.5,83.4,36.4,14.600000000000001,6,1.1,15.3,-3.7,0.2,6.2,-57.9,10
Chrome Mobile,90.0.4430.82,Asus X01AD,Asus,Blink,[object Object],Chrome Mobile 90.0.4430.82 on Asus X01AD (Android 9),2021-05-06T05:50:25.806Z,寝る,あ,false,8.700000000000001,69.10000000000001,-48.7,-3,11.700000000000001,9.8,-5.6000000000000005,2.6,7.5,-67.00000000000001,-250.4,89.10000000000001
Chrome Mobile,90.0.4430.82,Asus X01AD,Asus,Blink,[object Object],Chrome Mobile 90.0.4430.82 on Asus X01AD (Android 9),2021-05-06T05:50:26.006Z,寝る,あ,false,343.1,67.3,-24.900000000000002,-3.4000000000000004,10.700000000000001,7.2,-6.7,1.5,5.300000000000001,83.80000000000001,205,-16.3
Chrome Mobile,90.0.4430.82,Asus X01AD,Asus,Blink,[object Object],Chrome Mobile 90.0.4430.82 on Asus X01AD (Android 9),2021-05-06T05:50:26.207Z,寝る,あ,false,315.70000000000005,77.30000000000001,44.2,13,8.4,1.5,14.5,-1.4000000000000001,-0.1,30.4,131.29999999999998,-32.300000000000004
Chrome Mobile,90.0.4430.82,Asus X01AD,Asus,Blink,[object Object],Chrome Mobile 90.0.4430.82 on Asus X01AD (Android 9),2021-05-06T05:50:26.408Z,寝る,あ,false,17.6,79.9,-31.200000000000003,7.2,8.1,4.800000000000001,6.300000000000001,-1.4000000000000001,3.3000000000000003,-50.400000000000006,-250.4,59.80000000000001
Chrome Mobile,90.0.4430.82,Asus X01AD,Asus,Blink,[object Object],Chrome Mobile 90.0.4430.82 on Asus X01AD (Android 9),2021-05-06T05:50:26.609Z,寝る,あ,false,354,60.7,-43.900000000000006,-17.1,15.200000000000001,13.4,-20.5,6.6000000000000005,10,-16.200000000000003,20.900000000000002,-14.900000000000002
Chrome Mobile,90.0.4430.82,Asus X01AD,Asus,Blink,[object Object],Chrome Mobile 90.0.4430.82 on Asus X01AD (Android 9),2021-05-06T05:50:26.809Z,寝る,あ,false,335.1,70.60000000000001,12.9,6.2,11.200000000000001,11.700000000000001,7,1.8,8.4,30.000000000000004,186.10000000000002,-44.4
Chrome Mobile,90.0.4430.82,Asus X01AD,Asus,Blink,[object Object],Chrome Mobile 90.0.4430.82 on Asus X01AD (Android 9),2021-05-06T05:50:27.010Z,寝る,あ,false,329.8,84.2,33.7,12.600000000000001,5.5,-4.4,13.100000000000001,-4.1000000000000005,-5.2,-12.9,-87.50000000000001,29.800000000000004
Chrome Mobile,90.0.4430.82,Asus X01AD,Asus,Blink,[object Object],Chrome Mobile 90.0.4430.82 on Asus X01AD (Android 9),2021-05-06T05:50:27.211Z,寝る,あ,false,4.9,64.3,-48.7,-5.2,15.100000000000001,11.700000000000001,-8.3,6.300000000000001,8.9,-84.69999999999999,-247.5,56.800000000000004
Chrome Mobile,90.0.4430.82,Asus X01AD,Asus,Blink,[object Object],Chrome Mobile 90.0.4430.82 on Asus X01AD (Android 9),2021-05-06T05:50:27.412Z,寝る,あ,false,345.90000000000003,71.7,-17.400000000000002,-0.5,12.4,9.3,-1.4000000000000001,3.1,6.300000000000001,7.300000000000001,249.6,-71.19999999999999
Chrome Mobile,90.0.4430.82,Asus X01AD,Asus,Blink,[object Object],Chrome Mobile 90.0.4430.82 on Asus X01AD (Android 9),2021-05-06T05:50:27.612Z,寝る,あ,false,339.70000000000005,78.7,26,18.5,7.2,8.700000000000001,19.3,-2.5,7,-37,48.2,-12.5
Chrome Mobile,90.0.4430.82,Asus X01AD,Asus,Blink,[object Object],Chrome Mobile 90.0.4430.82 on Asus X01AD (Android 9),2021-05-06T05:50:27.813Z,寝る,あ,false,23.400000000000002,76.5,-41.800000000000004,2.4000000000000004,8.9,9.600000000000001,0.9,-0.6000000000000001,7.9,-108.10000000000001,-240.3,1.5
Chrome Mobile,90.0.4430.82,Asus X01AD,Asus,Blink,[object Object],Chrome Mobile 90.0.4430.82 on Asus X01AD (Android 9),2021-05-06T05:50:28.013Z,寝る,あ,false,356.3,66.4,-45.400000000000006,-15.600000000000001,10.9,6.5,-18.400000000000002,1.9000000000000001,3.8000000000000003,38.1,75.60000000000001,-13.700000000000001
Chrome Mobile,90.0.4430.82,Asus X01AD,Asus,Blink,[object Object],Chrome Mobile 90.0.4430.82 on Asus X01AD (Android 9),2021-05-06T05:50:28.214Z,寝る,あ,false,332.40000000000003,71.9,15.5,1.7000000000000002,10,13.600000000000001,2.6,0.6000000000000001,10.600000000000001,-20.3,249.6,-69.10000000000001
Chrome Mobile,90.0.4430.82,Asus X01AD,Asus,Blink,[object Object],Chrome Mobile 90.0.4430.82 on Asus X01AD (Android 9),2021-05-06T05:50:28.415Z,寝る,あ,false,339.40000000000003,79.5,25.8,12.4,7.2,2.2,13.200000000000001,-2.4000000000000004,0.6000000000000001,30.000000000000004,-35,15.700000000000001
Chrome Mobile,90.0.4430.82,Asus X01AD,Asus,Blink,[object Object],Chrome Mobile 90.0.4430.82 on Asus X01AD (Android 9),2021-05-06T05:50:28.616Z,寝る,あ,false,11.5,73.3,-46.400000000000006,-7.2,12.5,7.1000000000000005,-9.200000000000001,3.2,5.2,-47.2,-245.10000000000002,94.7
Chrome Mobile,90.0.4430.82,Asus X01AD,Asus,Blink,[object Object],Chrome Mobile 90.0.4430.82 on Asus X01AD (Android 9),2021-05-06T05:50:28.816Z,寝る,あ,false,347.6,75.7,-25,-7.4,9.200000000000001,4.3,-9.200000000000001,-0.30000000000000004,2.3000000000000003,41.800000000000004,182.60000000000002,-12.8
Chrome Mobile,90.0.4430.82,Asus X01AD,Asus,Blink,[object Object],Chrome Mobile 90.0.4430.82 on Asus X01AD (Android 9),2021-05-06T05:50:29.017Z,寝る,あ,false,326.5,75.7,37.9,10.100000000000001,10.3,6.1000000000000005,11.600000000000001,0.7000000000000001,4.1000000000000005,35,158.50000000000003,-0.1
Chrome Mobile,90.0.4430.82,Asus X01AD,Asus,Blink,[object Object],Chrome Mobile 90.0.4430.82 on Asus X01AD (Android 9),2021-05-06T05:50:29.218Z,寝る,あ,false,37.9,83.30000000000001,-38,9.1,8.200000000000001,2.1,8.4,-1.3,1.2000000000000002,-2.8,-187.10000000000002,66.3
Chrome Mobile,90.0.4430.82,Asus X01AD,Asus,Blink,[object Object],Chrome Mobile 90.0.4430.82 on Asus X01AD (Android 9),2021-05-06T05:50:29.419Z,寝る,あ,false,11.3,67.5,-55.400000000000006,-16,14.8,11.4,-19.1,5.800000000000001,9.3,-48,-109.00000000000001,22.700000000000003
Chrome Mobile,90.0.4430.82,Asus X01AD,Asus,Blink,[object Object],Chrome Mobile 90.0.4430.82 on Asus X01AD (Android 9),2021-05-06T05:50:29.626Z,寝る,あ,false,330.90000000000003,75.60000000000001,15.9,4.9,12.100000000000001,11.9,5.6000000000000005,2.5,9.600000000000001,40.6,249.6,-43.2
Chrome Mobile,90.0.4430.82,Asus X01AD,Asus,Blink,[object Object],Chrome Mobile 90.0.4430.82 on Asus X01AD (Android 9),2021-05-06T05:50:29.830Z,寝る,あ,false,336.1,84.2,35.1,14.100000000000001,5.4,-1.9000000000000001,14.5,-4.3,-2.6,48.2,-53.10000000000001,53.10000000000001
Chrome Mobile,90.0.4430.82,Asus X01AD,Asus,Blink,[object Object],Chrome Mobile 90.0.4430.82 on Asus X01AD (Android 9),2021-05-06T05:50:30.031Z,寝る,あ,false,13.9,71,-47.300000000000004,-7.4,14.600000000000001,13.8,-9.700000000000001,5.4,11.600000000000001,-58.2,-250.4,88.60000000000001
Chrome Mobile,90.0.4430.82,Asus X01AD,Asus,Blink,[object Object],Chrome Mobile 90.0.4430.82 on Asus X01AD (Android 9),2021-05-06T05:50:30.233Z,寝る,あ,false,343.20000000000005,74.2,-15.4,-6.9,9.8,6.4,-7.6000000000000005,0.4,3.8000000000000003,29.200000000000003,211,-15.6
Chrome Mobile,90.0.4430.82,Asus X01AD,Asus,Blink,[object Object],Chrome Mobile 90.0.4430.82 on Asus X01AD (Android 9),2021-05-06T05:50:30.434Z,寝る,あ,false,324.3,78.10000000000001,44.7,13.200000000000001,6.4,2,14.700000000000001,-3.3000000000000003,0.5,61.9,119.8,4.2
Chrome Mobile,90.0.4430.82,Asus X01AD,Asus,Blink,[object Object],Chrome Mobile 90.0.4430.82 on Asus X01AD (Android 9),2021-05-06T05:50:30.635Z,寝る,あ,false,21.6,79.4,-26.6,13,10.3,4,12.200000000000001,0.9,2.4000000000000004,-50.60000000000001,-228.20000000000002,20.400000000000002
Chrome Mobile,90.0.4430.82,Asus X01AD,Asus,Blink,[object Object],Chrome Mobile 90.0.4430.82 on Asus X01AD (Android 9),2021-05-06T05:50:30.837Z,寝る,あ,false,350.1,65.8,-36.800000000000004,-17.8,9.200000000000001,11,-20.200000000000003,0.30000000000000004,7.800000000000001,16.5,-86.60000000000001,48.9
Chrome Mobile,90.0.4430.82,Asus X01AD,Asus,Blink,[object Object],Chrome Mobile 90.0.4430.82 on Asus X01AD (Android 9),2021-05-06T05:50:31.038Z,寝る,あ,false,342.40000000000003,71.9,6,1.4000000000000001,13.9,15.9,5,4.9,13.3,64.80000000000001,234.60000000000002,14.800000000000002
Chrome Mobile,90.0.4430.82,Asus X01AD,Asus,Blink,[object Object],Chrome Mobile 90.0.4430.82 on Asus X01AD (Android 9),2021-05-06T05:50:31.239Z,寝る,あ,false,348.8,87.2,28.3,18.1,4.1000000000000005,-1.8,18.400000000000002,-5.5,-2.2,26.5,-47,57.20000000000001
Chrome Mobile,90.0.4430.82,Asus X01AD,Asus,Blink,[object Object],Chrome Mobile 90.0.4430.82 on Asus X01AD (Android 9),2021-05-06T05:50:31.439Z,寝る,あ,false,27.1,75.7,-47.300000000000004,1.2000000000000002,11.5,10.600000000000001,-0.6000000000000001,2.1,9,-59.40000000000001,-250.4,29.500000000000004
Chrome Mobile,90.0.4430.82,Asus X01AD,Asus,Blink,[object Object],Chrome Mobile 90.0.4430.82 on Asus X01AD (Android 9),2021-05-06T05:50:31.640Z,寝る,あ,false,353,70.10000000000001,-31,-10.700000000000001,9.700000000000001,6.7,-12.4,0.5,3.8000000000000003,41.800000000000004,184.6,-40.300000000000004
Chrome Mobile,90.0.4430.82,Asus X01AD,Asus,Blink,[object Object],Chrome Mobile 90.0.4430.82 on Asus X01AD (Android 9),2021-05-06T05:50:31.841Z,寝る,あ,false,313.3,77.2,53,11.100000000000001,10.3,2.2,12.9,0.6000000000000001,0.9,60.2,221.60000000000002,-66
Chrome Mobile,90.0.4430.82,Asus X01AD,Asus,Blink,[object Object],Chrome Mobile 90.0.4430.82 on Asus X01AD (Android 9),2021-05-06T05:50:32.042Z,寝る,あ,false,7.1000000000000005,86.10000000000001,2,12.3,9.3,0.4,12.3,-0.30000000000000004,-0.2,-20.7,-152.4,67.9
Chrome Mobile,90.0.4430.82,Asus X01AD,Asus,Blink,[object Object],Chrome Mobile 90.0.4430.82 on Asus X01AD (Android 9),2021-05-06T05:50:32.243Z,寝る,あ,false,13.600000000000001,66.2,-49.7,-14.100000000000001,13.5,10.4,-17.1,4.6000000000000005,7.800000000000001,-70.9,-104.50000000000001,78
Chrome Mobile,90.0.4430.82,Asus X01AD,Asus,Blink,[object Object],Chrome Mobile 90.0.4430.82 on Asus X01AD (Android 9),2021-05-06T05:50:32.444Z,寝る,あ,false,346.6,72,4.4,-0.6000000000000001,13.100000000000001,11.200000000000001,-0.30000000000000004,3.7,8.1,48.2,229.29999999999998,-77.5
Chrome Mobile,90.0.4430.82,Asus X01AD,Asus,Blink,[object Object],Chrome Mobile 90.0.4430.82 on Asus X01AD (Android 9),2021-05-06T05:50:32.645Z,寝る,あ,false,321.1,78.80000000000001,59.400000000000006,12.600000000000001,5.6000000000000005,1.2000000000000002,14.200000000000001,-3.9000000000000004,0.30000000000000004,54,4.2,41.50000000000001
Chrome Mobile,90.0.4430.82,Asus X01AD,Asus,Blink,[object Object],Chrome Mobile 90.0.4430.82 on Asus X01AD (Android 9),2021-05-06T05:50:32.846Z,寝る,あ,false,32.2,76.60000000000001,-49.400000000000006,-3,10.3,10.200000000000001,-4.7,0.9,8.8,-84.9,-233.70000000000002,101.30000000000001
Chrome Mobile,90.0.4430.82,Asus X01AD,Asus,Blink,[object Object],Chrome Mobile 90.0.4430.82 on Asus X01AD (Android 9),2021-05-06T05:50:33.047Z,寝る,あ,false,13.200000000000001,71.5,-44.1,-10.3,11.100000000000001,5.4,-12.4,1.9000000000000001,3.2,56.10000000000001,177.00000000000003,-44.300000000000004
Chrome Mobile,90.0.4430.82,Asus X01AD,Asus,Blink,[object Object],Chrome Mobile 90.0.4430.82 on Asus X01AD (Android 9),2021-05-06T05:50:33.253Z,寝る,あ,false,323.1,78.5,50.2,8,9,2.9000000000000004,9.5,-0.7000000000000001,1.6,-16.700000000000003,235.60000000000002,-50.7
Chrome Mobile,90.0.4430.82,Asus X01AD,Asus,Blink,[object Object],Chrome Mobile 90.0.4430.82 on Asus X01AD (Android 9),2021-05-06T05:50:33.456Z,寝る,あ,false,13.600000000000001,82.5,2.7,13,9,2.8000000000000003,13.100000000000001,-0.5,1.5,7.699999999999999,-181.2,43.50000000000001
Chrome Mobile,90.0.4430.82,Asus X01AD,Asus,Blink,[object Object],Chrome Mobile 90.0.4430.82 on Asus X01AD (Android 9),2021-05-06T05:50:33.656Z,寝る,あ,false,16.1,69.2,-48.400000000000006,-12.3,13.100000000000001,8.9,-14.9,4,6.5,-50.900000000000006,-223.8,70.7
Chrome Mobile,90.0.4430.82,Asus X01AD,Asus,Blink,[object Object],Chrome Mobile 90.0.4430.82 on Asus X01AD (Android 9),2021-05-06T05:50:33.857Z,寝る,あ,false,9.3,76.2,-30.8,-3.3000000000000003,11.600000000000001,4.9,-4.5,2.1,3,46.4,249.6,-16.5
Chrome Mobile,90.0.4430.82,Asus X01AD,Asus,Blink,[object Object],Chrome Mobile 90.0.4430.82 on Asus X01AD (Android 9),2021-05-06T05:50:34.057Z,寝る,あ,false,343,80,41.5,15.600000000000001,7.4,6.5,16.7,-2.3000000000000003,5.2,9.100000000000001,159.6,-34.300000000000004
Chrome Mobile,90.0.4430.82,Asus X01AD,Asus,Blink,[object Object],Chrome Mobile 90.0.4430.82 on Asus X01AD (Android 9),2021-05-06T05:50:34.258Z,寝る,あ,false,37.4,81.30000000000001,-32.800000000000004,4.4,8.9,11.3,3.6,-0.7000000000000001,10,-48.70000000000001,-250.4,31.9
Chrome Mobile,90.0.4430.82,Asus X01AD,Asus,Blink,[object Object],Chrome Mobile 90.0.4430.82 on Asus X01AD (Android 9),2021-05-06T05:50:34.459Z,寝る,あ,false,20.700000000000003,66.5,-56,-20,14.3,9.600000000000001,-23.3,5.4,7.5,0,3.5,-35.4
Chrome Mobile,90.0.4430.82,Asus X01AD,Asus,Blink,[object Object],Chrome Mobile 90.0.4430.82 on Asus X01AD (Android 9),2021-05-06T05:50:34.659Z,寝る,あ,false,1.5,78.30000000000001,3,6.800000000000001,11.3,11.600000000000001,6.9,1.5,9.600000000000001,87.40000000000002,249.6,-49.800000000000004
Chrome Mobile,90.0.4430.82,Asus X01AD,Asus,Blink,[object Object],Chrome Mobile 90.0.4430.82 on Asus X01AD (Android 9),2021-05-06T05:50:34.861Z,寝る,あ,false,345.5,85.80000000000001,40,14.9,6.4,2.4000000000000004,15.4,-3.3000000000000003,1.8,25,-69.10000000000001,44.8
Chrome Mobile,90.0.4430.82,Asus X01AD,Asus,Blink,[object Object],Chrome Mobile 90.0.4430.82 on Asus X01AD (Android 9),2021-05-06T05:50:35.062Z,寝る,あ,false,30.5,67.9,-50.900000000000006,-8.9,15.100000000000001,6.6000000000000005,-11.700000000000001,6.2,4.3,-93.4,-207.10000000000002,121.4
Chrome Mobile,90.0.4430.82,Asus X01AD,Asus,Blink,[object Object],Chrome Mobile 90.0.4430.82 on Asus X01AD (Android 9),2021-05-06T05:50:35.262Z,寝る,あ,false,26.5,75.5,-40.300000000000004,-2.3000000000000003,10.600000000000001,4.9,-3.9000000000000004,1.2000000000000002,3,101.7,212.29999999999998,-69.20000000000002
Chrome Mobile,90.0.4430.82,Asus X01AD,Asus,Blink,[object Object],Chrome Mobile 90.0.4430.82 on Asus X01AD (Android 9),2021-05-06T05:50:35.463Z,寝る,あ,false,327.90000000000003,81.60000000000001,56.400000000000006,18.8,6.6000000000000005,5.800000000000001,20,-3.2,5,25.900000000000002,31.2,16.4
Chrome Mobile,90.0.4430.82,Asus X01AD,Asus,Blink,[object Object],Chrome Mobile 90.0.4430.82 on Asus X01AD (Android 9),2021-05-06T05:50:35.672Z,寝る,あ,false,65.60000000000001,79.30000000000001,-67.7,2.5,8.9,8.9,0.9,-0.5,8.200000000000001,-100.6,-250.3,91.30000000000001
Chrome Mobile,90.0.4430.82,Asus X01AD,Asus,Blink,[object Object],Chrome Mobile 90.0.4430.82 on Asus X01AD (Android 9),2021-05-06T05:50:35.878Z,寝る,あ,false,34.1,63.800000000000004,-63.800000000000004,-14,11.9,8.9,-17.900000000000002,3.1,6.9,45.9,185.6,-131.6
Chrome Mobile,90.0.4430.82,Asus X01AD,Asus,Blink,[object Object],Chrome Mobile 90.0.4430.82 on Asus X01AD (Android 9),2021-05-06T05:50:36.079Z,寝る,あ,false,329.90000000000003,86.5,41.300000000000004,13.700000000000001,9.8,-2,14.100000000000001,-0.1,-2.4000000000000004,106.5,119.89999999999999,-73.10000000000001
Chrome Mobile,90.0.4430.82,Asus X01AD,Asus,Blink,[object Object],Chrome Mobile 90.0.4430.82 on Asus X01AD (Android 9),2021-05-06T05:50:36.280Z,寝る,あ,false,47.2,85.80000000000001,-33.5,8.700000000000001,8.9,0.2,8.3,-0.7000000000000001,-0.4,20.2,-134.10000000000002,71
Chrome Mobile,90.0.4430.82,Asus X01AD,Asus,Blink,[object Object],Chrome Mobile 90.0.4430.82 on Asus X01AD (Android 9),2021-05-06T05:50:36.481Z,寝る,あ,false,37.7,62.1,-68.9,-8.6,18.7,8.4,-12.9,10.100000000000001,6.800000000000001,-100.2,-147,63.10000000000001
Chrome Mobile,90.0.4430.82,Asus X01AD,Asus,Blink,[object Object],Chrome Mobile 90.0.4430.82 on Asus X01AD (Android 9),2021-05-06T05:50:36.681Z,寝る,あ,false,47.6,80,-53.7,1,13.3,4.7,-0.4,3.7,3.6,34.900000000000006,202.8,-115.50000000000003
Chrome Mobile,90.0.4430.82,Asus X01AD,Asus,Blink,[object Object],Chrome Mobile 90.0.4430.82 on Asus X01AD (Android 9),2021-05-06T05:50:36.883Z,寝る,あ,false,113.30000000000001,97.10000000000001,-89.80000000000001,14.700000000000001,6.300000000000001,2.6,15.9,-3.3000000000000003,2.6,-32.6,64,-45.5
Chrome Mobile,90.0.4430.82,Asus X01AD,Asus,Blink,[object Object],Chrome Mobile 90.0.4430.82 on Asus X01AD (Android 9),2021-05-06T05:50:37.083Z,寝る,あ,false,78.9,81.5,-78,-2.2,7,2.6,-3.5,-2.4000000000000004,2.3000000000000003,-75.8,-250.20000000000002,102.89999999999999
Chrome Mobile,90.0.4430.82,Asus X01AD,Asus,Blink,[object Object],Chrome Mobile 90.0.4430.82 on Asus X01AD (Android 9),2021-05-06T05:50:37.284Z,寝る,あ,false,24.700000000000003,71.7,-40.900000000000006,-9.9,9.4,2.1,-11.9,0.2,-0.2,96.30000000000001,151.8,-8.4
Chrome Mobile,90.0.4430.82,Asus X01AD,Asus,Blink,[object Object],Chrome Mobile 90.0.4430.82 on Asus X01AD (Android 9),2021-05-06T05:50:37.485Z,寝る,あ,false,310.6,83.30000000000001,68.3,10.700000000000001,8.3,0.8,11.700000000000001,-1.5,0.2,103.89999999999999,118.10000000000001,-39.699999999999996
Chrome Mobile,90.0.4430.82,Asus X01AD,Asus,Blink,[object Object],Chrome Mobile 90.0.4430.82 on Asus X01AD (Android 9),2021-05-06T05:50:37.686Z,寝る,あ,false,95.5,88.10000000000001,-78.7,12.5,9.600000000000001,0.4,12.200000000000001,0.1,0.30000000000000004,46.300000000000004,-208.5,83.89999999999999
Chrome Mobile,90.0.4430.82,Asus X01AD,Asus,Blink,[object Object],Chrome Mobile 90.0.4430.82 on Asus X01AD (Android 9),2021-05-06T05:50:37.887Z,寝る,あ,false,42.7,69.4,-71.7,-12.9,16,10.8,-14.9,6.4,7.7,-60.5,-214.90000000000003,109.8
Chrome Mobile,90.0.4430.82,Asus X01AD,Asus,Blink,[object Object],Chrome Mobile 90.0.4430.82 on Asus X01AD (Android 9),2021-05-06T05:50:38.087Z,寝る,あ,false,39.6,78.9,-40.300000000000004,0.7000000000000001,13.9,5.5,-0.5,4.3,4.1000000000000005,28.400000000000002,243.9,-38.60000000000001
Chrome Mobile,90.0.4430.82,Asus X01AD,Asus,Blink,[object Object],Chrome Mobile 90.0.4430.82 on Asus X01AD (Android 9),2021-05-06T05:50:38.288Z,寝る,あ,false,325.90000000000003,86.9,66.10000000000001,17.5,6.6000000000000005,2.6,18,-3.1,2.4000000000000004,-5.500000000000001,5.9,-39.9
Chrome Mobile,90.0.4430.82,Asus X01AD,Asus,Blink,[object Object],Chrome Mobile 90.0.4430.82 on Asus X01AD (Android 9),2021-05-06T05:50:38.489Z,寝る,あ,false,59.1,81.5,-50.2,1.7000000000000002,8.6,2.4000000000000004,0.6000000000000001,-0.8,1.5,-97.60000000000001,-227.6,49.300000000000004
Chrome Mobile,90.0.4430.82,Asus X01AD,Asus,Blink,[object Object],Chrome Mobile 90.0.4430.82 on Asus X01AD (Android 9),2021-05-06T05:50:38.689Z,寝る,あ,false,31.6,66.10000000000001,-45,-11.4,10.8,7.1000000000000005,-14.200000000000001,1.9000000000000001,4.3,74.2,151.8,-30.200000000000003
Chrome Mobile,90.0.4430.82,Asus X01AD,Asus,Blink,[object Object],Chrome Mobile 90.0.4430.82 on Asus X01AD (Android 9),2021-05-06T05:50:38.890Z,寝る,あ,false,350.90000000000003,80.10000000000001,31.900000000000002,2.7,10.3,1.5,3.6,0.6000000000000001,0.1,38,170.40000000000003,-92.3
Chrome Mobile,90.0.4430.82,Asus X01AD,Asus,Blink,[object Object],Chrome Mobile 90.0.4430.82 on Asus X01AD (Android 9),2021-05-06T05:50:39.092Z,寝る,あ,false,347.70000000000005,84.5,45.6,9.200000000000001,7.4,1.5,9.9,-2.1,0.8,40.6,-63.70000000000001,46.9
Chrome Mobile,90.0.4430.82,Asus X01AD,Asus,Blink,[object Object],Chrome Mobile 90.0.4430.82 on Asus X01AD (Android 9),2021-05-06T05:50:39.292Z,寝る,あ,false,44.6,70.4,-51.800000000000004,-11.600000000000001,12.700000000000001,8.1,-14.100000000000001,3.6,6.1000000000000005,-78.3,-246.8,115.50000000000003
Chrome Mobile,90.0.4430.82,Asus X01AD,Asus,Blink,[object Object],Chrome Mobile 90.0.4430.82 on Asus X01AD (Android 9),2021-05-06T05:50:39.494Z,寝る,あ,false,45.2,78.10000000000001,-44.6,-0.1,11.9,3.3000000000000003,-1.5,2.4000000000000004,1.9000000000000001,81.50000000000001,192.8,-97.7
Chrome Mobile,90.0.4430.82,Asus X01AD,Asus,Blink,[object Object],Chrome Mobile 90.0.4430.82 on Asus X01AD (Android 9),2021-05-06T05:50:39.695Z,寝る,あ,false,121.4,97.10000000000001,-86.5,13.9,6.7,4.2,15.100000000000001,-3,4.3,-12.600000000000001,38.7,-24
Chrome Mobile,90.0.4430.82,Asus X01AD,Asus,Blink,[object Object],Chrome Mobile 90.0.4430.82 on Asus X01AD (Android 9),2021-05-06T05:50:39.895Z,寝る,あ,false,94.5,81.30000000000001,-81.5,1.6,9.1,2.7,0.2,-0.4,2.5,-122.20000000000002,-194.20000000000002,61
Chrome Mobile,90.0.4430.82,Asus X01AD,Asus,Blink,[object Object],Chrome Mobile 90.0.4430.82 on Asus X01AD (Android 9),2021-05-06T05:50:40.096Z,寝る,あ,false,47.400000000000006,74,-58.900000000000006,-12.100000000000001,11,5.2,-14.4,1.6,3.8000000000000003,96,93.60000000000001,-35.5
Chrome Mobile,90.0.4430.82,Asus X01AD,Asus,Blink,[object Object],Chrome Mobile 90.0.4430.82 on Asus X01AD (Android 9),2021-05-06T05:50:40.297Z,寝る,あ,false,359.6,81,27.900000000000002,12.5,10.4,2,13.200000000000001,0.8,0.6000000000000001,71,214.8,-20.1
Chrome Mobile,90.0.4430.82,Asus X01AD,Asus,Blink,[object Object],Chrome Mobile 90.0.4430.82 on Asus X01AD (Android 9),2021-05-06T05:50:40.497Z,寝る,あ,false,31.400000000000002,85,1.5,10.3,7.800000000000001,-3.4000000000000004,10.3,-1.7000000000000002,-4.2,27,-151.9,41.900000000000006
Chrome Mobile,90.0.4430.82,Asus X01AD,Asus,Blink,[object Object],Chrome Mobile 90.0.4430.82 on Asus X01AD (Android 9),2021-05-06T05:50:40.699Z,寝る,あ,false,38.800000000000004,70.60000000000001,-52,-11.200000000000001,12.600000000000001,10,-13.700000000000001,3.4000000000000004,8,23.400000000000002,-250.4,139.8
Chrome Mobile,90.0.4430.82,Asus X01AD,Asus,Blink,[object Object],Chrome Mobile 90.0.4430.82 on Asus X01AD (Android 9),2021-05-06T05:50:40.900Z,寝る,あ,false,47.900000000000006,78.80000000000001,-49.2,-1.4000000000000001,12.9,1.7000000000000002,-3,3.4000000000000004,0.5,35.599999999999994,219.3,-69.7
Chrome Mobile,90.0.4430.82,Asus X01AD,Asus,Blink,[object Object],Chrome Mobile 90.0.4430.82 on Asus X01AD (Android 9),2021-05-06T05:50:41.101Z,寝る,あ,false,356.40000000000003,77.5,36.300000000000004,14.700000000000001,7.9,7.5,16,-1.6,5.800000000000001,-36.400000000000006,94.4,-69.5
Chrome Mobile,90.0.4430.82,Asus X01AD,Asus,Blink,[object Object],Chrome Mobile 90.0.4430.82 on Asus X01AD (Android 9),2021-05-06T05:50:41.301Z,寝る,あ,false,47.800000000000004,80.9,-38.1,-2.1,8.5,8.9,-3.1,-1,7.7,-38.300000000000004,-250.4,66.1
Chrome Mobile,90.0.4430.82,Asus X01AD,Asus,Blink,[object Object],Chrome Mobile 90.0.4430.82 on Asus X01AD (Android 9),2021-05-06T05:50:41.502Z,寝る,あ,false,39.1,69,-58.900000000000006,-13.4,11,8.4,-16.3,1.9000000000000001,6.6000000000000005,47.400000000000006,82.8,-92.90000000000002
Chrome Mobile,90.0.4430.82,Asus X01AD,Asus,Blink,[object Object],Chrome Mobile 90.0.4430.82 on Asus X01AD (Android 9),2021-05-06T05:50:41.714Z,寝る,あ,false,347.3,80.30000000000001,34.300000000000004,4.5,10.100000000000001,3.1,5.4,0.4,1.7000000000000002,40.2,249.6,-81.2
Chrome Mobile,90.0.4430.82,Asus X01AD,Asus,Blink,[object Object],Chrome Mobile 90.0.4430.82 on Asus X01AD (Android 9),2021-05-06T05:50:41.915Z,寝る,あ,false,14.100000000000001,86.80000000000001,20.1,11,8.1,-1.6,11.200000000000001,-1.4000000000000001,-2.1,24.7,-140.5,60.00000000000001
Chrome Mobile,90.0.4430.82,Asus X01AD,Asus,Blink,[object Object],Chrome Mobile 90.0.4430.82 on Asus X01AD (Android 9),2021-05-06T05:50:42.115Z,寝る,あ,false,61.900000000000006,65.60000000000001,-74.60000000000001,-5.2,14.9,5.300000000000001,-8.200000000000001,5.2,4.1000000000000005,-99.30000000000001,-178.8,154.40000000000003
Chrome Mobile,90.0.4430.82,Asus X01AD,Asus,Blink,[object Object],Chrome Mobile 90.0.4430.82 on Asus X01AD (Android 9),2021-05-06T05:50:42.316Z,寝る,あ,false,39,75.8,-41.1,-0.9,11,3.5,-2.4000000000000004,1.6,1.7000000000000002,64.80000000000001,245.80000000000004,-85.1
Chrome Mobile,90.0.4430.82,Asus X01AD,Asus,Blink,[object Object],Chrome Mobile 90.0.4430.82 on Asus X01AD (Android 9),2021-05-06T05:50:42.517Z,寝る,あ,false,341.6,79.7,55.800000000000004,10.9,8.200000000000001,7.300000000000001,12.4,-1.4000000000000001,6.300000000000001,-36.6,117.9,-39.50000000000001
Chrome Mobile,90.0.4430.82,Asus X01AD,Asus,Blink,[object Object],Chrome Mobile 90.0.4430.82 on Asus X01AD (Android 9),2021-05-06T05:50:42.718Z,寝る,あ,false,100.60000000000001,82.7,-80.60000000000001,7.1000000000000005,7.2,1.2000000000000002,5.9,-2.2,1,-41.6,-243.70000000000002,71.9
Chrome Mobile,90.0.4430.82,Asus X01AD,Asus,Blink,[object Object],Chrome Mobile 90.0.4430.82 on Asus X01AD (Android 9),2021-05-06T05:50:42.919Z,寝る,あ,false,42.1,59.5,-67.3,-9.200000000000001,20.200000000000003,14.600000000000001,-13.8,11.8,12.700000000000001,-83.89999999999999,-18.1,-17.300000000000004
Chrome Mobile,90.0.4430.82,Asus X01AD,Asus,Blink,[object Object],Chrome Mobile 90.0.4430.82 on Asus X01AD (Android 9),2021-05-06T05:50:43.119Z,寝る,あ,false,27.700000000000003,76.2,-16.5,4,11.600000000000001,10.200000000000001,3.3000000000000003,2.1,7.9,87.60000000000001,249.6,-66.4
Chrome Mobile,90.0.4430.82,Asus X01AD,Asus,Blink,[object Object],Chrome Mobile 90.0.4430.82 on Asus X01AD (Android 9),2021-05-06T05:50:43.320Z,寝る,あ,false,353.6,82.60000000000001,49.800000000000004,13.200000000000001,6.300000000000001,4.7,14.200000000000001,-3.3000000000000003,3.9000000000000004,26.700000000000003,-3.5,-4.4
Chrome Mobile,90.0.4430.82,Asus X01AD,Asus,Blink,[object Object],Chrome Mobile 90.0.4430.82 on Asus X01AD (Android 9),2021-05-06T05:50:43.521Z,寝る,あ,false,76.10000000000001,78.60000000000001,-63,1.7000000000000002,10.3,4.6000000000000005,0,0.9,3.8000000000000003,-101.7,-248.79999999999998,73.6
Chrome Mobile,90.0.4430.82,Asus X01AD,Asus,Blink,[object Object],Chrome Mobile 90.0.4430.82 on Asus X01AD (Android 9),2021-05-06T05:50:43.721Z,寝る,あ,false,42,68.7,-55.400000000000006,-13.700000000000001,9.9,5.300000000000001,-16.6,0.8,3.2,71,103.7,-52.00000000000001
Chrome Mobile,90.0.4430.82,Asus X01AD,Asus,Blink,[object Object],Chrome Mobile 90.0.4430.82 on Asus X01AD (Android 9),2021-05-06T05:50:43.922Z,寝る,あ,false,23.5,81.9,1.8,5.6000000000000005,11,5.2,5.7,1.3,3.8000000000000003,59.9,249.6,-65.89999999999999
Chrome Mobile,90.0.4430.82,Asus X01AD,Asus,Blink,[object Object],Chrome Mobile 90.0.4430.82 on Asus X01AD (Android 9),2021-05-06T05:50:44.124Z,寝る,あ,false,47.900000000000006,86,-12.3,9.1,6.7,-0.2,8.8,-2.9000000000000004,-0.8,41.300000000000004,-128.5,57.9
Chrome Mobile,90.0.4430.82,Asus X01AD,Asus,Blink,[object Object],Chrome Mobile 90.0.4430.82 on Asus X01AD (Android 9),2021-05-06T05:50:44.325Z,寝る,あ,false,54.300000000000004,69.3,-61,4.4,10.8,9.4,1.5,1.9000000000000001,7.800000000000001,-150.1,-250.4,140.8
Chrome Mobile,90.0.4430.82,Asus X01AD,Asus,Blink,[object Object],Chrome Mobile 90.0.4430.82 on Asus X01AD (Android 9),2021-05-06T05:50:44.526Z,寝る,あ,false,25.6,72.60000000000001,-25.700000000000003,-1.8,9.4,5.1000000000000005,-3.1,0,2.4000000000000004,62.7,247.4,-73.6
Chrome Mobile,90.0.4430.82,Asus X01AD,Asus,Blink,[object Object],Chrome Mobile 90.0.4430.82 on Asus X01AD (Android 9),2021-05-06T05:50:44.726Z,寝る,あ,false,342.90000000000003,82.60000000000001,54.800000000000004,10.3,8.8,2.8000000000000003,11.3,-0.9,2.1,6,68.9,-5.2
Chrome Mobile,90.0.4430.82,Asus X01AD,Asus,Blink,[object Object],Chrome Mobile 90.0.4430.82 on Asus X01AD (Android 9),2021-05-06T05:50:44.927Z,寝る,あ,false,84,86.30000000000001,-55.900000000000006,5.800000000000001,9.1,2.2,5.300000000000001,-0.4,1.8,-5.1000000000000005,-189.70000000000002,59.300000000000004
Chrome Mobile,90.0.4430.82,Asus X01AD,Asus,Blink,[object Object],Chrome Mobile 90.0.4430.82 on Asus X01AD (Android 9),2021-05-06T05:50:45.128Z,寝る,あ,false,29.6,67.4,-44.1,-16.1,15.3,11.4,-18.7,6.300000000000001,8.700000000000001,-55.7,-93.10000000000001,19.5
Chrome Mobile,90.0.4430.82,Asus X01AD,Asus,Blink,[object Object],Chrome Mobile 90.0.4430.82 on Asus X01AD (Android 9),2021-05-06T05:50:45.329Z,寝る,あ,false,17.400000000000002,79.4,-8.8,1,11.9,11.600000000000001,0.7000000000000001,2.2,9.8,68.3,192,-52.400000000000006
Chrome Mobile,90.0.4430.82,Asus X01AD,Asus,Blink,[object Object],Chrome Mobile 90.0.4430.82 on Asus X01AD (Android 9),2021-05-06T05:50:45.530Z,寝る,あ,false,323.5,82.80000000000001,77.10000000000001,13.4,6.6000000000000005,1.7000000000000002,14.600000000000001,-3.1,1.5,24.7,28.800000000000004,9.700000000000001
Chrome Mobile,90.0.4430.82,Asus X01AD,Asus,Blink,[object Object],Chrome Mobile 90.0.4430.82 on Asus X01AD (Android 9),2021-05-06T05:50:45.738Z,寝る,あ,false,82.4,83.60000000000001,-61.400000000000006,2.9000000000000004,8.700000000000001,1.8,2,-0.8,1.2000000000000002,-67.10000000000001,-198.50000000000003,62.300000000000004
Chrome Mobile,90.0.4430.82,Asus X01AD,Asus,Blink,[object Object],Chrome Mobile 90.0.4430.82 on Asus X01AD (Android 9),2021-05-06T05:50:45.939Z,寝る,あ,false,42.800000000000004,64.4,-56.400000000000006,-9.5,16.1,8.8,-13,7.300000000000001,6.4,-5.8,59.9,-35.599999999999994
Chrome Mobile,90.0.4430.82,Asus X01AD,Asus,Blink,[object Object],Chrome Mobile 90.0.4430.82 on Asus X01AD (Android 9),2021-05-06T05:50:46.140Z,寝る,あ,false,17.1,79.10000000000001,4,3.2,10.9,7.2,3.4000000000000004,1.3,5.300000000000001,0.5,234.9,-84.69999999999999
Chrome Mobile,90.0.4430.82,Asus X01AD,Asus,Blink,[object Object],Chrome Mobile 90.0.4430.82 on Asus X01AD (Android 9),2021-05-06T05:50:46.340Z,寝る,あ,false,1.9000000000000001,77.10000000000001,41.6,10.600000000000001,8.6,4.5,12,-0.9,2.9000000000000004,41.7,-6.2,19.9
Chrome Mobile,90.0.4430.82,Asus X01AD,Asus,Blink,[object Object],Chrome Mobile 90.0.4430.82 on Asus X01AD (Android 9),2021-05-06T05:50:46.541Z,寝る,あ,false,70.3,80.10000000000001,-54.5,-0.5,9.3,5.1000000000000005,-1.9000000000000001,-0.2,4.1000000000000005,-67.00000000000001,-179.40000000000003,41.1
Chrome Mobile,90.0.4430.82,Asus X01AD,Asus,Blink,[object Object],Chrome Mobile 90.0.4430.82 on Asus X01AD (Android 9),2021-05-06T05:50:46.742Z,寝る,あ,false,36.1,74.2,-40.7,-13.200000000000001,11.600000000000001,3.9000000000000004,-14.9,2.2,1.9000000000000001,36.5,106.60000000000001,-68.3
Chrome Mobile,90.0.4430.82,Asus X01AD,Asus,Blink,[object Object],Chrome Mobile 90.0.4430.82 on Asus X01AD (Android 9),2021-05-06T05:50:46.942Z,寝る,あ,false,346.1,81.4,44.800000000000004,2.4000000000000004,10.4,3.4000000000000004,3.4000000000000004,0.7000000000000001,2.4000000000000004,-5.300000000000001,189.4,-43.50000000000001
Chrome Mobile,90.0.4430.82,Asus X01AD,Asus,Blink,[object Object],Chrome Mobile 90.0.4430.82 on Asus X01AD (Android 9),2021-05-06T05:50:47.143Z,寝る,あ,false,16.400000000000002,86.7,23.400000000000002,9.600000000000001,8.200000000000001,-0.6000000000000001,9.8,-1.5,-1.1,25.1,-86.00000000000001,25.7
Chrome Mobile,90.0.4430.82,Asus X01AD,Asus,Blink,[object Object],Chrome Mobile 90.0.4430.82 on Asus X01AD (Android 9),2021-05-06T05:50:47.345Z,寝る,あ,false,36.9,72.8,-36.9,-11.700000000000001,12.100000000000001,10.4,-13.4,2.9000000000000004,8.1,-107.30000000000001,-237.3,34.800000000000004
Chrome Mobile,90.0.4430.82,Asus X01AD,Asus,Blink,[object Object],Chrome Mobile 90.0.4430.82 on Asus X01AD (Android 9),2021-05-06T05:50:47.545Z,寝る,あ,false,40.5,76.60000000000001,-31.400000000000002,-2.6,10.5,3,-3.8000000000000003,1,1.1,54.300000000000004,200.5,17.200000000000003
Chrome Mobile,90.0.4430.82,Asus X01AD,Asus,Blink,[object Object],Chrome Mobile 90.0.4430.82 on Asus X01AD (Android 9),2021-05-06T05:50:47.751Z,寝る,あ,false,14.9,78.5,30.3,16.900000000000002,8.1,11.700000000000001,17.900000000000002,-1.6,10,16.4,107.10000000000001,-100.5
Chrome Mobile,90.0.4430.82,Asus X01AD,Asus,Blink,[object Object],Chrome Mobile 90.0.4430.82 on Asus X01AD (Android 9),2021-05-06T05:50:47.958Z,寝る,あ,false,296.6,93.80000000000001,86.5,2.6,9.4,2.1,2,-0.2,2.1,-12.299999999999999,-250.4,99.2
Chrome Mobile,90.0.4430.82,Asus X01AD,Asus,Blink,[object Object],Chrome Mobile 90.0.4430.82 on Asus X01AD (Android 9),2021-05-06T05:50:48.158Z,寝る,あ,false,38,68.2,-43,-14.3,14.100000000000001,8.700000000000001,-16.7,5.1000000000000005,6.1000000000000005,5.6,-4.6,28.3
Chrome Mobile,90.0.4430.82,Asus X01AD,Asus,Blink,[object Object],Chrome Mobile 90.0.4430.82 on Asus X01AD (Android 9),2021-05-06T05:50:48.359Z,寝る,あ,false,9.5,80.80000000000001,15.9,3.6,11.100000000000001,10.700000000000001,4,1.4000000000000001,9.200000000000001,33.300000000000004,163.7,-91
Chrome Mobile,90.0.4430.82,Asus X01AD,Asus,Blink,[object Object],Chrome Mobile 90.0.4430.82 on Asus X01AD (Android 9),2021-05-06T05:50:48.560Z,寝る,あ,false,32,87.5,10.700000000000001,14.700000000000001,7.5,0.6000000000000001,14.8,-2.1,0.2,49.800000000000004,-56.10000000000001,53.599999999999994
Chrome Mobile,90.0.4430.82,Asus X01AD,Asus,Blink,[object Object],Chrome Mobile 90.0.4430.82 on Asus X01AD (Android 9),2021-05-06T05:50:48.761Z,寝る,あ,false,40.400000000000006,73.5,-41.1,-10.700000000000001,8.1,11,-12.5,-1,8.9,-139.3,-250.4,31.799999999999997
Chrome Mobile,90.0.4430.82,Asus X01AD,Asus,Blink,[object Object],Chrome Mobile 90.0.4430.82 on Asus X01AD (Android 9),2021-05-06T05:50:48.962Z,寝る,あ,false,33.5,72.3,-36.5,-3.5,9.700000000000001,4.3,-5.300000000000001,0.4,1.9000000000000001,143.8,141.3,12.600000000000001
Chrome Mobile,90.0.4430.82,Asus X01AD,Asus,Blink,[object Object],Chrome Mobile 90.0.4430.82 on Asus X01AD (Android 9),2021-05-06T05:50:49.163Z,寝る,あ,false,341.6,80.7,54.1,16.3,9.9,6.1000000000000005,17.6,0.2,5.2,-17.799999999999997,141.6,-56.10000000000001
Chrome Mobile,90.0.4430.82,Asus X01AD,Asus,Blink,[object Object],Chrome Mobile 90.0.4430.82 on Asus X01AD (Android 9),2021-05-06T05:50:49.363Z,寝る,あ,false,90,84.2,-69.3,7.800000000000001,9.8,4.5,6.9,0.2,4.1000000000000005,-31.7,-227.79999999999998,64.7
Chrome Mobile,90.0.4430.82,Asus X01AD,Asus,Blink,[object Object],Chrome Mobile 90.0.4430.82 on Asus X01AD (Android 9),2021-05-06T05:50:49.564Z,寝る,あ,false,32.800000000000004,70.60000000000001,-50.6,-19.400000000000002,12.8,9.3,-21.900000000000002,3.6,7.300000000000001,-42.1,-14.300000000000002,-8.8
Chrome Mobile,90.0.4430.82,Asus X01AD,Asus,Blink,[object Object],Chrome Mobile 90.0.4430.82 on Asus X01AD (Android 9),2021-05-06T05:50:49.765Z,寝る,あ,false,37,78.4,-18.400000000000002,-0.7000000000000001,13.3,13.3,-1.4000000000000001,3.7,11.4,-26.300000000000004,249.6,-73.8
Chrome Mobile,90.0.4430.82,Asus X01AD,Asus,Blink,[object Object],Chrome Mobile 90.0.4430.82 on Asus X01AD (Android 9),2021-05-06T05:50:49.965Z,寝る,あ,false,22.400000000000002,83.30000000000001,20.900000000000002,20.6,6.9,-0.2,21,-2.8000000000000003,-1.3,35.5,-13.000000000000002,-24.1
Chrome Mobile,90.0.4430.82,Asus X01AD,Asus,Blink,[object Object],Chrome Mobile 90.0.4430.82 on Asus X01AD (Android 9),2021-05-06T05:50:50.166Z,寝る,あ,false,71.60000000000001,79.7,-61.400000000000006,-4.1000000000000005,8.1,6,-5.6000000000000005,-1.3,5.2,-77.20000000000002,-250.20000000000002,126.49999999999999
Chrome Mobile,90.0.4430.82,Asus X01AD,Asus,Blink,[object Object],Chrome Mobile 90.0.4430.82 on Asus X01AD (Android 9),2021-05-06T05:50:50.367Z,寝る,あ,false,33.7,67.3,-50.800000000000004,-16.3,10.8,5.9,-19.3,1.8,3.5,41.4,66.5,-28.200000000000003
Chrome Mobile,90.0.4430.82,Asus X01AD,Asus,Blink,[object Object],Chrome Mobile 90.0.4430.82 on Asus X01AD (Android 9),2021-05-06T05:50:50.568Z,寝る,あ,false,10,78,12.9,3.5,12.3,8.4,3.9000000000000004,2.7,6.4,43.800000000000004,210.9,-44.10000000000001
Chrome Mobile,90.0.4430.82,Asus X01AD,Asus,Blink,[object Object],Chrome Mobile 90.0.4430.82 on Asus X01AD (Android 9),2021-05-06T05:50:50.769Z,寝る,あ,false,12.9,84.80000000000001,26,12.200000000000001,6.5,2.2,12.600000000000001,-3.5,0.9,15.399999999999999,-57.60000000000001,36.400000000000006
Chrome Mobile,90.0.4430.82,Asus X01AD,Asus,Blink,[object Object],Chrome Mobile 90.0.4430.82 on Asus X01AD (Android 9),2021-05-06T05:50:50.970Z,寝る,あ,false,52.1,69.5,-56.6,-2.2,10.3,11.5,-5,1.2000000000000002,9.600000000000001,-114.10000000000001,-250.4,67.2
Chrome Mobile,90.0.4430.82,Asus X01AD,Asus,Blink,[object Object],Chrome Mobile 90.0.4430.82 on Asus X01AD (Android 9),2021-05-06T05:50:51.170Z,寝る,あ,false,34.800000000000004,63.6,-52.1,-5.9,11.200000000000001,6.4,-9.3,2.5,3.7,88.50000000000001,163.6,4.2
Chrome Mobile,90.0.4430.82,Asus X01AD,Asus,Blink,[object Object],Chrome Mobile 90.0.4430.82 on Asus X01AD (Android 9),2021-05-06T05:50:51.371Z,寝る,あ,false,26.5,80.10000000000001,3.4000000000000004,10.3,9.3,5.2,10.4,-0.5,3.5,119.60000000000002,222.5,-56
Chrome Mobile,90.0.4430.82,Asus X01AD,Asus,Blink,[object Object],Chrome Mobile 90.0.4430.82 on Asus X01AD (Android 9),2021-05-06T05:50:51.572Z,寝る,あ,false,121.5,85.80000000000001,-88.10000000000001,10.700000000000001,5.7,-0.7000000000000001,9.4,-3.7,0,-27.3,-96.9,34.900000000000006
Chrome Mobile,90.0.4430.82,Asus X01AD,Asus,Blink,[object Object],Chrome Mobile 90.0.4430.82 on Asus X01AD (Android 9),2021-05-06T05:50:51.773Z,寝る,あ,false,50.7,65.2,-61.900000000000006,-4.7,12.600000000000001,11.4,-8.3,3.9000000000000004,9.5,-128.5,-246.50000000000006,74.30000000000001
Chrome Mobile,90.0.4430.82,Asus X01AD,Asus,Blink,[object Object],Chrome Mobile 90.0.4430.82 on Asus X01AD (Android 9),2021-05-06T05:50:51.974Z,寝る,あ,false,45.6,66.3,-58.7,-0.6000000000000001,11,4.3,-4,2.1,2.3000000000000003,76.7,154.8,-42.400000000000006
Chrome Mobile,90.0.4430.82,Asus X01AD,Asus,Blink,[object Object],Chrome Mobile 90.0.4430.82 on Asus X01AD (Android 9),2021-05-06T05:50:52.174Z,寝る,あ,false,24.3,82.7,6.1000000000000005,10.100000000000001,8.9,1.8,10.200000000000001,-0.9,0.6000000000000001,68.2,138.20000000000002,-46.7
Chrome Mobile,90.0.4430.82,Asus X01AD,Asus,Blink,[object Object],Chrome Mobile 90.0.4430.82 on Asus X01AD (Android 9),2021-05-06T05:50:52.376Z,寝る,あ,false,93.7,82.80000000000001,-68.60000000000001,8.1,8,3.6,7,-1.6,3.1,12.5,-175.20000000000002,63.8
Chrome Mobile,90.0.4430.82,Asus X01AD,Asus,Blink,[object Object],Chrome Mobile 90.0.4430.82 on Asus X01AD (Android 9),2021-05-06T05:50:52.576Z,寝る,あ,false,51.300000000000004,70,-64.2,-9.600000000000001,16,7.300000000000001,-12.600000000000001,6.9,5.800000000000001,-78.5,-153,69.10000000000001
Chrome Mobile,90.0.4430.82,Asus X01AD,Asus,Blink,[object Object],Chrome Mobile 90.0.4430.82 on Asus X01AD (Android 9),2021-05-06T05:50:52.778Z,寝る,あ,false,43.800000000000004,78.10000000000001,-33.2,-4.3,10.100000000000001,11.700000000000001,-5.4,0.6000000000000001,10,5.300000000000001,230.7,-49.800000000000004
Chrome Mobile,90.0.4430.82,Asus X01AD,Asus,Blink,[object Object],Chrome Mobile 90.0.4430.82 on Asus X01AD (Android 9),2021-05-06T05:50:52.978Z,寝る,あ,false,8.3,80.7,34.1,13,8.5,3.5,13.9,-1.2000000000000002,2.2,18.8,67.00000000000001,-21.400000000000002
Chrome Mobile,90.0.4430.82,Asus X01AD,Asus,Blink,[object Object],Chrome Mobile 90.0.4430.82 on Asus X01AD (Android 9),2021-05-06T05:50:53.179Z,寝る,あ,false,51,82.80000000000001,-27.5,2.3000000000000003,8.700000000000001,8.1,1.7000000000000002,-0.8,7,-5.2,-200.3,48.300000000000004
Chrome Mobile,90.0.4430.82,Asus X01AD,Asus,Blink,[object Object],Chrome Mobile 90.0.4430.82 on Asus X01AD (Android 9),2021-05-06T05:50:53.380Z,寝る,あ,false,45.7,67,-61.800000000000004,-7,15.100000000000001,5,-10.4,6.1000000000000005,3.2,-79.8,-67.00000000000001,-14.5
Chrome Mobile,90.0.4430.82,Asus X01AD,Asus,Blink,[object Object],Chrome Mobile 90.0.4430.82 on Asus X01AD (Android 9),2021-05-06T05:50:53.580Z,寝る,あ,false,38.400000000000006,79.80000000000001,-33.9,-0.8,12.100000000000001,2.4000000000000004,-1.7000000000000002,2.6,1,37.800000000000004,172.70000000000002,-56.10000000000001
Chrome Mobile,90.0.4430.82,Asus X01AD,Asus,Blink,[object Object],Chrome Mobile 90.0.4430.82 on Asus X01AD (Android 9),2021-05-06T05:50:53.786Z,寝る,あ,false,337.40000000000003,82.4,56.5,9.600000000000001,8.9,4.6000000000000005,10.700000000000001,-0.9,3.9000000000000004,-4.5,115.8,-27.9
Chrome Mobile,90.0.4430.82,Asus X01AD,Asus,Blink,[object Object],Chrome Mobile 90.0.4430.82 on Asus X01AD (Android 9),2021-05-06T05:50:53.990Z,寝る,あ,false,71.9,84.2,-46,7.800000000000001,10,3,7.1000000000000005,0.5,2.4000000000000004,-25.1,-170.2,41
Chrome Mobile,90.0.4430.82,Asus X01AD,Asus,Blink,[object Object],Chrome Mobile 90.0.4430.82 on Asus X01AD (Android 9),2021-05-06T05:50:54.190Z,寝る,あ,false,48.6,65.9,-65.7,-6,13.8,6.300000000000001,-9.700000000000001,4.9,4.7,-65.7,-134.5,55.7
Chrome Mobile,90.0.4430.82,Asus X01AD,Asus,Blink,[object Object],Chrome Mobile 90.0.4430.82 on Asus X01AD (Android 9),2021-05-06T05:50:54.392Z,寝る,あ,false,41.7,73.60000000000001,-42.800000000000004,-1.7000000000000002,11.4,5.9,-3.8000000000000003,1.7000000000000002,2.5,46.9,178.1,-56
Chrome Mobile,90.0.4430.82,Asus X01AD,Asus,Blink,[object Object],Chrome Mobile 90.0.4430.82 on Asus X01AD (Android 9),2021-05-06T05:50:54.592Z,寝る,あ,false,355.20000000000005,82.7,36.6,11.200000000000001,9.8,1.2000000000000002,12,0.1,0.2,26.200000000000003,80.60000000000001,-42.60000000000001
Chrome Mobile,90.0.4430.82,Asus X01AD,Asus,Blink,[object Object],Chrome Mobile 90.0.4430.82 on Asus X01AD (Android 9),2021-05-06T05:50:54.793Z,寝る,あ,false,100.7,84.2,-79.10000000000001,6.7,8.700000000000001,1.3,5.7,-0.9,1.1,-37.2,-177.70000000000002,46.6
Chrome Mobile,90.0.4430.82,Asus X01AD,Asus,Blink,[object Object],Chrome Mobile 90.0.4430.82 on Asus X01AD (Android 9),2021-05-06T05:50:54.995Z,寝る,あ,false,43.400000000000006,70.9,-56.2,-12.700000000000001,14.9,7,-15.4,5.7,5.2,-11.6,30.4,9.8
Chrome Mobile,90.0.4430.82,Asus X01AD,Asus,Blink,[object Object],Chrome Mobile 90.0.4430.82 on Asus X01AD (Android 9),2021-05-06T05:50:55.196Z,寝る,あ,false,33,82.2,-13.100000000000001,4.800000000000001,9.600000000000001,6,4.5,-0.1,4.7,54.50000000000001,199.5,-70
Chrome Mobile,90.0.4430.82,Asus X01AD,Asus,Blink,[object Object],Chrome Mobile 90.0.4430.82 on Asus X01AD (Android 9),2021-05-06T05:50:55.396Z,寝る,あ,false,6.7,85.4,25.900000000000002,7.6000000000000005,7.6000000000000005,0.8,7.9,-2.1,0.1,14.100000000000001,-3.9,-10.600000000000001
Chrome Mobile,90.0.4430.82,Asus X01AD,Asus,Blink,[object Object],Chrome Mobile 90.0.4430.82 on Asus X01AD (Android 9),2021-05-06T05:50:55.598Z,寝る,あ,false,67.2,75.7,-61.1,0.30000000000000004,13.200000000000001,4.7,-1.8,3.9000000000000004,3.6,-106.20000000000002,-158.29999999999998,82.9
Chrome Mobile,90.0.4430.82,Asus X01AD,Asus,Blink,[object Object],Chrome Mobile 90.0.4430.82 on Asus X01AD (Android 9),2021-05-06T05:50:55.798Z,寝る,あ,false,43.5,78,-43.400000000000006,-2.6,10.5,1.3,-4,1,-0.2,104.9,123.9,-29.500000000000004
Chrome Mobile,90.0.4430.82,Asus X01AD,Asus,Blink,[object Object],Chrome Mobile 90.0.4430.82 on Asus X01AD (Android 9),2021-05-06T05:50:56.000Z,寝る,あ,false,309.20000000000005,83,82.30000000000001,12.3,7.6000000000000005,7.6000000000000005,13.5,-2.1,7.4,-28.500000000000004,94.4,-7.9
Chrome Mobile,90.0.4430.82,Asus X01AD,Asus,Blink,[object Object],Chrome Mobile 90.0.4430.82 on Asus X01AD (Android 9),2021-05-06T05:50:56.201Z,寝る,あ,false,90.4,86.60000000000001,-64.9,3.3000000000000003,8.9,-0.5,2.8000000000000003,-0.6000000000000001,-0.8,-70.2,-122.60000000000001,40.4
Chrome Mobile,90.0.4430.82,Asus X01AD,Asus,Blink,[object Object],Chrome Mobile 90.0.4430.82 on Asus X01AD (Android 9),2021-05-06T05:50:56.402Z,寝る,あ,false,41,68.4,-50.7,-7.9,13.700000000000001,6.6000000000000005,-10.600000000000001,4.7,4.3,-8.2,-104.00000000000001,33.1
Chrome Mobile,90.0.4430.82,Asus X01AD,Asus,Blink,[object Object],Chrome Mobile 90.0.4430.82 on Asus X01AD (Android 9),2021-05-06T05:50:56.602Z,寝る,あ,false,6.4,76,8.200000000000001,-2,11.600000000000001,9.8,-1.7000000000000002,2.2,7.5,52.00000000000001,198.00000000000003,-21.500000000000004
Chrome Mobile,90.0.4430.82,Asus X01AD,Asus,Blink,[object Object],Chrome Mobile 90.0.4430.82 on Asus X01AD (Android 9),2021-05-06T05:50:56.803Z,寝る,あ,false,326.1,84.60000000000001,71.2,14.5,6.7,1.9000000000000001,15.4,-3,1.6,3.8,5.300000000000001,12.200000000000001
Chrome Mobile,90.0.4430.82,Asus X01AD,Asus,Blink,[object Object],Chrome Mobile 90.0.4430.82 on Asus X01AD (Android 9),2021-05-06T05:50:57.004Z,寝る,あ,false,79,79.5,-67.8,1.8,10.8,4.3,0.2,1.3,3.6,-59.40000000000001,-217.4,89.8
Chrome Mobile,90.0.4430.82,Asus X01AD,Asus,Blink,[object Object],Chrome Mobile 90.0.4430.82 on Asus X01AD (Android 9),2021-05-06T05:50:57.205Z,寝る,あ,false,43.800000000000004,68.5,-53.2,-10.3,10.8,5.7,-13.200000000000001,1.8,3.6,43.900000000000006,68.2,18.900000000000002
Chrome Mobile,90.0.4430.82,Asus X01AD,Asus,Blink,[object Object],Chrome Mobile 90.0.4430.82 on Asus X01AD (Android 9),2021-05-06T05:50:57.405Z,寝る,あ,false,357.5,78.80000000000001,27.900000000000002,2.1,12.3,6.9,3,2.7,5.2,39.1,218.50000000000003,-87.89999999999999
Chrome Mobile,90.0.4430.82,Asus X01AD,Asus,Blink,[object Object],Chrome Mobile 90.0.4430.82 on Asus X01AD (Android 9),2021-05-06T05:50:57.606Z,寝る,あ,false,340.5,83,62.6,13.600000000000001,7.4,2.9000000000000004,14.600000000000001,-2.2,2.3000000000000003,34.7,-30.1,69.9
Chrome Mobile,90.0.4430.82,Asus X01AD,Asus,Blink,[object Object],Chrome Mobile 90.0.4430.82 on Asus X01AD (Android 9),2021-05-06T05:50:57.807Z,寝る,あ,false,67.10000000000001,76.10000000000001,-59,0.1,10.200000000000001,7.7,-1.9000000000000001,0.9,6.5,-138.50000000000003,-199.70000000000002,59.300000000000004
Chrome Mobile,90.0.4430.82,Asus X01AD,Asus,Blink,[object Object],Chrome Mobile 90.0.4430.82 on Asus X01AD (Android 9),2021-05-06T05:50:58.009Z,寝る,あ,false,31.8,71.5,-36.300000000000004,-8.5,9.5,5,-10.3,0.2,2.5,76.2,154.00000000000003,-22.6
Chrome Mobile,90.0.4430.82,Asus X01AD,Asus,Blink,[object Object],Chrome Mobile 90.0.4430.82 on Asus X01AD (Android 9),2021-05-06T05:50:58.210Z,寝る,あ,false,358.90000000000003,77.10000000000001,40.1,6.800000000000001,6.6000000000000005,2.6,8.200000000000001,-2.9000000000000004,1,-66,189.60000000000002,-54
Chrome Mobile,90.0.4430.82,Asus X01AD,Asus,Blink,[object Object],Chrome Mobile 90.0.4430.82 on Asus X01AD (Android 9),2021-05-06T05:50:58.411Z,寝る,あ,false,44.6,81.7,-9,7.5,10.5,4.5,7.300000000000001,0.9,3.1,18,-161.20000000000002,3.6000000000000005
Chrome Mobile,90.0.4430.82,Asus X01AD,Asus,Blink,[object Object],Chrome Mobile 90.0.4430.82 on Asus X01AD (Android 9),2021-05-06T05:50:58.616Z,寝る,あ,false,55.400000000000006,71.7,-65.4,-8.9,10.9,5.6000000000000005,-11.700000000000001,2,4.3,-68.5,-197.3,73.2
Chrome Mobile,90.0.4430.82,Asus X01AD,Asus,Blink,[object Object],Chrome Mobile 90.0.4430.82 on Asus X01AD (Android 9),2021-05-06T05:50:58.818Z,寝る,あ,false,41.2,78.10000000000001,-33.6,-1.5,12.9,7.7,-2.6,3.4000000000000004,6,33.7,198.10000000000002,-84.1
Chrome Mobile,90.0.4430.82,Asus X01AD,Asus,Blink,[object Object],Chrome Mobile 90.0.4430.82 on Asus X01AD (Android 9),2021-05-06T05:50:59.018Z,寝る,あ,false,351.6,80.80000000000001,53.800000000000004,8.6,5.800000000000001,8.4,9.8,-3.8000000000000003,7.4,-53.8,125.60000000000001,-8.3
Chrome Mobile,90.0.4430.82,Asus X01AD,Asus,Blink,[object Object],Chrome Mobile 90.0.4430.82 on Asus X01AD (Android 9),2021-05-06T05:50:59.219Z,寝る,あ,false,77,83.4,-43,3.2,8.5,7,2.5,-1,6.2,46.300000000000004,-219.5,48.50000000000001
Chrome Mobile,90.0.4430.82,Asus X01AD,Asus,Blink,[object Object],Chrome Mobile 90.0.4430.82 on Asus X01AD (Android 9),2021-05-06T05:50:59.420Z,寝る,あ,false,47.7,66.5,-57.800000000000004,-9.200000000000001,15,5.800000000000001,-12.5,6.1000000000000005,3.7,-86.8,-83.4,7.6
Chrome Mobile,90.0.4430.82,Asus X01AD,Asus,Blink,[object Object],Chrome Mobile 90.0.4430.82 on Asus X01AD (Android 9),2021-05-06T05:50:59.621Z,寝る,あ,false,20.700000000000003,77.5,-6.2,0.30000000000000004,13.8,8.700000000000001,0,4.2,6.6000000000000005,29.600000000000005,245.49999999999997,-71.8
Chrome Mobile,90.0.4430.82,Asus X01AD,Asus,Blink,[object Object],Chrome Mobile 90.0.4430.82 on Asus X01AD (Android 9),2021-05-06T05:50:59.827Z,寝る,あ,false,355.70000000000005,75.5,53.2,12.8,5.7,8.3,14.700000000000001,-3.7,6.800000000000001,-21.6,50.400000000000006,-12.5
Chrome Mobile,90.0.4430.82,Asus X01AD,Asus,Blink,[object Object],Chrome Mobile 90.0.4430.82 on Asus X01AD (Android 9),2021-05-06T05:51:00.028Z,寝る,あ,false,45.1,77.60000000000001,-27.900000000000002,2.3000000000000003,9.9,8.8,2.3000000000000003,0.4,6.6000000000000005,-82.2,-250.4,48.2
Chrome Mobile,90.0.4430.82,Asus X01AD,Asus,Blink,[object Object],Chrome Mobile 90.0.4430.82 on Asus X01AD (Android 9),2021-05-06T05:51:00.228Z,寝る,あ,false,30.400000000000002,63.5,-44.400000000000006,-16.3,12.100000000000001,12.600000000000001,-19.3,3.4000000000000004,9.5,7.500000000000001,40,1
Chrome Mobile,90.0.4430.82,Asus X01AD,Asus,Blink,[object Object],Chrome Mobile 90.0.4430.82 on Asus X01AD (Android 9),2021-05-06T05:51:00.429Z,寝る,あ,false,9.1,75.7,17.6,5.7,11.3,8.4,6.5,1.7000000000000002,6,121.2,244.40000000000003,-38.800000000000004
Chrome Mobile,90.0.4430.82,Asus X01AD,Asus,Blink,[object Object],Chrome Mobile 90.0.4430.82 on Asus X01AD (Android 9),2021-05-06T05:51:00.629Z,寝る,あ,false,358.5,83.2,48.2,11.200000000000001,6.800000000000001,2,12,-2.7,1.3,12.4,-31.6,43.50000000000001
Chrome Mobile,90.0.4430.82,Asus X01AD,Asus,Blink,[object Object],Chrome Mobile 90.0.4430.82 on Asus X01AD (Android 9),2021-05-06T05:51:00.830Z,寝る,あ,false,66.4,72,-58.900000000000006,0.5,11.5,11.700000000000001,-2,2.4000000000000004,10.200000000000001,-97.7,-250.4,94.7
Chrome Mobile,90.0.4430.82,Asus X01AD,Asus,Blink,[object Object],Chrome Mobile 90.0.4430.82 on Asus X01AD (Android 9),2021-05-06T05:51:01.030Z,寝る,あ,false,40.6,69.60000000000001,-49.5,-8.8,11.200000000000001,6.2,-11.4,2.1,4,51.4,148,-69.60000000000001
Chrome Mobile,90.0.4430.82,Asus X01AD,Asus,Blink,[object Object],Chrome Mobile 90.0.4430.82 on Asus X01AD (Android 9),2021-05-06T05:51:01.231Z,寝る,あ,false,335.1,76,60.900000000000006,6.2,8.9,3.3000000000000003,8.3,-0.7000000000000001,2.1,6.699999999999999,249.6,-80.8
Chrome Mobile,90.0.4430.82,Asus X01AD,Asus,Blink,[object Object],Chrome Mobile 90.0.4430.82 on Asus X01AD (Android 9),2021-05-06T05:51:01.432Z,寝る,あ,false,6,87,33.9,10.600000000000001,8.700000000000001,2.2,10.9,-0.8,1.8,-18.1,-143.4,56.2
Chrome Mobile,90.0.4430.82,Asus X01AD,Asus,Blink,[object Object],Chrome Mobile 90.0.4430.82 on Asus X01AD (Android 9),2021-05-06T05:51:01.632Z,寝る,あ,false,66.9,67,-71.7,1.7000000000000002,13.200000000000001,5.2,-1.8,4.3,4,-44.300000000000004,-250.4,172.00000000000003
Chrome Mobile,90.0.4430.82,Asus X01AD,Asus,Blink,[object Object],Chrome Mobile 90.0.4430.82 on Asus X01AD (Android 9),2021-05-06T05:51:01.833Z,寝る,あ,false,48.5,70.8,-50.300000000000004,-2.7,11.3,4.5,-5.1000000000000005,2.1,2.5,55.900000000000006,233.50000000000003,-111.70000000000002
Chrome Mobile,90.0.4430.82,Asus X01AD,Asus,Blink,[object Object],Chrome Mobile 90.0.4430.82 on Asus X01AD (Android 9),2021-05-06T05:51:02.034Z,寝る,あ,false,324.3,78.10000000000001,78.80000000000001,8.9,7.1000000000000005,-4.3,10.9,-2.5,-4.7,2.8,104.3,-48.2
Chrome Mobile,90.0.4430.82,Asus X01AD,Asus,Blink,[object Object],Chrome Mobile 90.0.4430.82 on Asus X01AD (Android 9),2021-05-06T05:51:02.235Z,寝る,あ,false,70.3,84.9,-44.800000000000004,1.6,9.4,9,1,-0.2,8.4,-5.500000000000001,-250.4,114.40000000000002
Chrome Mobile,90.0.4430.82,Asus X01AD,Asus,Blink,[object Object],Chrome Mobile 90.0.4430.82 on Asus X01AD (Android 9),2021-05-06T05:51:02.437Z,寝る,あ,false,57.900000000000006,60.900000000000006,-74.5,-9,15.9,7.5,-13.5,7.4,6.2,-51,-59.20000000000001,33.7
Chrome Mobile,90.0.4430.82,Asus X01AD,Asus,Blink,[object Object],Chrome Mobile 90.0.4430.82 on Asus X01AD (Android 9),2021-05-06T05:51:02.638Z,寝る,あ,false,19.400000000000002,77.4,-6.5,-2.4000000000000004,12.600000000000001,10.600000000000001,-2.6,3,8.5,24.1,249.6,-127.6
Chrome Mobile,90.0.4430.82,Asus X01AD,Asus,Blink,[object Object],Chrome Mobile 90.0.4430.82 on Asus X01AD (Android 9),2021-05-06T05:51:02.838Z,寝る,あ,false,347.20000000000005,78.5,58,17.8,9.8,9,19.5,0.30000000000000004,7.9,4.2,47,24.1
Chrome Mobile,90.0.4430.82,Asus X01AD,Asus,Blink,[object Object],Chrome Mobile 90.0.4430.82 on Asus X01AD (Android 9),2021-05-06T05:51:03.039Z,寝る,あ,false,69.8,78.80000000000001,-56,4.7,10.700000000000001,5.5,3.2,1.3,4.4,-55.900000000000006,-247.9,106
Chrome Mobile,90.0.4430.82,Asus X01AD,Asus,Blink,[object Object],Chrome Mobile 90.0.4430.82 on Asus X01AD (Android 9),2021-05-06T05:51:03.245Z,寝る,あ,false,41.900000000000006,69.2,-57.5,-15.9,9.1,7,-18.8,0,5.2,17.5,115.50000000000003,-48.400000000000006
Chrome Mobile,90.0.4430.82,Asus X01AD,Asus,Blink,[object Object],Chrome Mobile 90.0.4430.82 on Asus X01AD (Android 9),2021-05-06T05:51:03.446Z,寝る,あ,false,352.40000000000003,73.3,38.5,3.8000000000000003,11.200000000000001,4.5,5.6000000000000005,1.8,2.2,42.7,249.6,-66.4
Chrome Mobile,90.0.4430.82,Asus X01AD,Asus,Blink,[object Object],Chrome Mobile 90.0.4430.82 on Asus X01AD (Android 9),2021-05-06T05:51:03.649Z,寝る,あ,false,353.20000000000005,80.2,51.800000000000004,10.600000000000001,8.200000000000001,-0.5,11.9,-1.3,-1.5,37,-95.1,64
Chrome Mobile,90.0.4430.82,Asus X01AD,Asus,Blink,[object Object],Chrome Mobile 90.0.4430.82 on Asus X01AD (Android 9),2021-05-06T05:51:03.849Z,寝る,あ,false,57.900000000000006,71.60000000000001,-57.800000000000004,-5.5,11.100000000000001,9.9,-8.1,1.9000000000000001,8.200000000000001,-26.6,-228.00000000000003,113.3
Chrome Mobile,90.0.4430.82,Asus X01AD,Asus,Blink,[object Object],Chrome Mobile 90.0.4430.82 on Asus X01AD (Android 9),2021-05-06T05:51:04.050Z,寝る,あ,false,48,73.60000000000001,-52,-4.6000000000000005,10.200000000000001,0.8,-6.800000000000001,1,-0.9,43.4,194.3,-55.7
Chrome Mobile,90.0.4430.82,Asus X01AD,Asus,Blink,[object Object],Chrome Mobile 90.0.4430.82 on Asus X01AD (Android 9),2021-05-06T05:51:04.251Z,寝る,あ,false,354.8,75.60000000000001,48.400000000000006,9.5,10.3,3.2,11.3,0.8,1.5,52.5,189.1,-20
Chrome Mobile,90.0.4430.82,Asus X01AD,Asus,Blink,[object Object],Chrome Mobile 90.0.4430.82 on Asus X01AD (Android 9),2021-05-06T05:51:04.452Z,寝る,あ,false,22,82.80000000000001,14.700000000000001,8.6,8.5,2.2,7.7,-1,1.4000000000000001,6,-175.3,41.800000000000004
Chrome Mobile,90.0.4430.82,Asus X01AD,Asus,Blink,[object Object],Chrome Mobile 90.0.4430.82 on Asus X01AD (Android 9),2021-05-06T05:51:04.652Z,寝る,あ,false,46.1,66.4,-55,-9.3,13.9,13.700000000000001,-12.5,4.9,11.4,-79.9,-172.29999999999998,17.400000000000002
Chrome Mobile,90.0.4430.82,Asus X01AD,Asus,Blink,[object Object],Chrome Mobile 90.0.4430.82 on Asus X01AD (Android 9),2021-05-06T05:51:04.853Z,寝る,あ,false,24.900000000000002,74.60000000000001,-14.3,-1.7000000000000002,11.600000000000001,4.9,-2.4000000000000004,2.2,2.4000000000000004,2.5,249.6,-81.2
Chrome Mobile,90.0.4430.82,Asus X01AD,Asus,Blink,[object Object],Chrome Mobile 90.0.4430.82 on Asus X01AD (Android 9),2021-05-06T05:51:05.054Z,寝る,あ,false,347.20000000000005,77.4,62,13.9,5.9,3.3000000000000003,15.8,-3.7,2.3000000000000003,32.300000000000004,61.199999999999996,34.1
Chrome Mobile,90.0.4430.82,Asus X01AD,Asus,Blink,[object Object],Chrome Mobile 90.0.4430.82 on Asus X01AD (Android 9),2021-05-06T05:51:05.255Z,寝る,あ,false,63.5,82.2,-30.5,5.1000000000000005,8.5,2.4000000000000004,4.5,-1,1.3,-40.800000000000004,-226.8,47.400000000000006
Chrome Mobile,90.0.4430.82,Asus X01AD,Asus,Blink,[object Object],Chrome Mobile 90.0.4430.82 on Asus X01AD (Android 9),2021-05-06T05:51:05.455Z,寝る,あ,false,39,63.300000000000004,-52.5,-11.700000000000001,15.4,14.700000000000001,-15.100000000000001,6.7,12,-72.10000000000001,-85.1,-11.6
Chrome Mobile,90.0.4430.82,Asus X01AD,Asus,Blink,[object Object],Chrome Mobile 90.0.4430.82 on Asus X01AD (Android 9),2021-05-06T05:51:05.656Z,寝る,あ,false,18,70.5,-0.2,-3.2,9.700000000000001,9.3,-3.2,0.4,6,-9.3,249.6,-57.3
Chrome Mobile,90.0.4430.82,Asus X01AD,Asus,Blink,[object Object],Chrome Mobile 90.0.4430.82 on Asus X01AD (Android 9),2021-05-06T05:51:05.867Z,寝る,あ,false,26.5,74.2,26.200000000000003,13.100000000000001,7.6000000000000005,2.5,14.200000000000001,-1.8,0.1,-88.4,42.400000000000006,-14.300000000000002
Chrome Mobile,90.0.4430.82,Asus X01AD,Asus,Blink,[object Object],Chrome Mobile 90.0.4430.82 on Asus X01AD (Android 9),2021-05-06T05:51:06.071Z,寝る,あ,false,29,47.5,4.7,0.2,4.3,9.200000000000001,0.7000000000000001,-2.8000000000000003,2.8000000000000003,-191.20000000000005,-166.8,-135
Chrome Mobile,90.0.4430.82,Asus X01AD,Asus,Blink,[object Object],Chrome Mobile 90.0.4430.82 on Asus X01AD (Android 9),2021-05-06T05:51:06.271Z,寝る,あ,false,5.1000000000000005,29.3,8.200000000000001,-4.2,5,9.8,-3,0.2,1.4000000000000001,-16.4,11.6,-81.4
Chrome Mobile,90.0.4430.82,Asus X01AD,Asus,Blink,[object Object],Chrome Mobile 90.0.4430.82 on Asus X01AD (Android 9),2021-05-06T05:51:06.472Z,寝る,あ,false,0.4,31.400000000000002,9.9,-0.6000000000000001,5.7,7.300000000000001,0.8,0.6000000000000001,-0.9,19.300000000000004,-48.400000000000006,30.699999999999996