platform_name,platform_version,platform_product,platform_manufacturer,platform_layout,platform_os,platform_description,date,label,s_movement,do_absolute,do_alpha,do_beta,do_gamma,acc_g_x,acc_g_y,acc_g_z,acc_x,acc_y,acc_z,rot_alpha,rot_beta,rot_gamma
Chrome Mobile,90.0.4430.82,Asus X01AD,Asus,Blink,[object Object],Chrome Mobile 90.0.4430.82 on Asus X01AD (Android 9),2021-05-06T06:05:28.614Z,歩行,あ,false,143.4,17.5,4.6000000000000005,-0.6000000000000001,2.2,8.6,0.1,-0.7000000000000001,-0.5,-5,-2.6,-12.5
Chrome Mobile,90.0.4430.82,Asus X01AD,Asus,Blink,[object Object],Chrome Mobile 90.0.4430.82 on Asus X01AD (Android 9),2021-05-06T06:05:28.820Z,歩行,あ,false,58.2,86.7,35.2,2.2,4.7,2.6,2.6,-5.6000000000000005,2.1,146.20000000000002,-1.4,-72.7
Chrome Mobile,90.0.4430.82,Asus X01AD,Asus,Blink,[object Object],Chrome Mobile 90.0.4430.82 on Asus X01AD (Android 9),2021-05-06T06:05:29.021Z,歩行,あ,false,12.100000000000001,85.60000000000001,81,-1,-5.800000000000001,1.9000000000000001,-0.30000000000000004,-15,1.8,-143.9,-0.8,77.7
Chrome Mobile,90.0.4430.82,Asus X01AD,Asus,Blink,[object Object],Chrome Mobile 90.0.4430.82 on Asus X01AD (Android 9),2021-05-06T06:05:29.222Z,歩行,あ,false,106.7,63.5,-12.600000000000001,7.2,24.200000000000003,11.8,6.2,14.9,7.300000000000001,250.00000000000003,20.400000000000002,-50.900000000000006
Chrome Mobile,90.0.4430.82,Asus X01AD,Asus,Blink,[object Object],Chrome Mobile 90.0.4430.82 on Asus X01AD (Android 9),2021-05-06T06:05:29.422Z,歩行,あ,false,150.4,105.4,-53.6,-3.9000000000000004,-13.200000000000001,-2.7,-1.8,-22.6,-1.2000000000000002,37.800000000000004,-37.50000000000001,22.700000000000003
Chrome Mobile,90.0.4430.82,Asus X01AD,Asus,Blink,[object Object],Chrome Mobile 90.0.4430.82 on Asus X01AD (Android 9),2021-05-06T06:05:29.624Z,歩行,あ,false,111,60.6,-13.100000000000001,5.6000000000000005,32.4,24.5,4.5,24.3,20,-216.6,1.1,-7.1000000000000005
Chrome Mobile,90.0.4430.82,Asus X01AD,Asus,Blink,[object Object],Chrome Mobile 90.0.4430.82 on Asus X01AD (Android 9),2021-05-06T06:05:29.824Z,歩行,あ,false,180.60000000000002,93.9,-82,1.4000000000000001,-0.30000000000000004,2.1,2.1,-10.600000000000001,2.2,228.90000000000003,-3.3000000000000007,-84.6
Chrome Mobile,90.0.4430.82,Asus X01AD,Asus,Blink,[object Object],Chrome Mobile 90.0.4430.82 on Asus X01AD (Android 9),2021-05-06T06:05:30.025Z,歩行,あ,false,127.9,100.80000000000001,-36.5,-1.8,-7.1000000000000005,0,-0.8,-15.9,1.3,-144.5,-75.3,151.5
Chrome Mobile,90.0.4430.82,Asus X01AD,Asus,Blink,[object Object],Chrome Mobile 90.0.4430.82 on Asus X01AD (Android 9),2021-05-06T06:05:30.226Z,歩行,あ,false,114.7,77.2,-22,8.700000000000001,17.7,6.7,7.9,7.5,4.6000000000000005,250.00000000000003,63.4,-181.50000000000003
Chrome Mobile,90.0.4430.82,Asus X01AD,Asus,Blink,[object Object],Chrome Mobile 90.0.4430.82 on Asus X01AD (Android 9),2021-05-06T06:05:30.427Z,歩行,あ,false,138.20000000000002,119.2,-43,-1.5,-14.4,-1.4000000000000001,1.6,-22.5,1.9000000000000001,4.6,-40.300000000000004,81.4
Chrome Mobile,90.0.4430.82,Asus X01AD,Asus,Blink,[object Object],Chrome Mobile 90.0.4430.82 on Asus X01AD (Android 9),2021-05-06T06:05:30.627Z,歩行,あ,false,130.6,65.5,-44.2,11.4,39,36,8.8,30.700000000000003,33.300000000000004,-247.4,49.1,122.79999999999998
Chrome Mobile,90.0.4430.82,Asus X01AD,Asus,Blink,[object Object],Chrome Mobile 90.0.4430.82 on Asus X01AD (Android 9),2021-05-06T06:05:30.828Z,歩行,あ,false,135.8,113.7,-38.300000000000004,0.8,-10.600000000000001,-3.5,3.2,-19.5,-0.5,189.2,-20.1,-140.10000000000002
Chrome Mobile,90.0.4430.82,Asus X01AD,Asus,Blink,[object Object],Chrome Mobile 90.0.4430.82 on Asus X01AD (Android 9),2021-05-06T06:05:31.029Z,歩行,あ,false,86.80000000000001,101,8.200000000000001,3.5,-3.7,-4.5,3.3000000000000003,-11.700000000000001,-2.9000000000000004,-248.20000000000002,-59.9,248.79999999999998
Chrome Mobile,90.0.4430.82,Asus X01AD,Asus,Blink,[object Object],Chrome Mobile 90.0.4430.82 on Asus X01AD (Android 9),2021-05-06T06:05:31.229Z,歩行,あ,false,166.8,80.80000000000001,-71.10000000000001,6.5,9.9,11,4.9,0,10.4,250.00000000000003,-10.600000000000001,-248.7
Chrome Mobile,90.0.4430.82,Asus X01AD,Asus,Blink,[object Object],Chrome Mobile 90.0.4430.82 on Asus X01AD (Android 9),2021-05-06T06:05:31.430Z,歩行,あ,false,136.1,115.10000000000001,-35.5,-2.4000000000000004,-12.3,-1.8,-0.4,-19.900000000000002,1.1,-23,-14.400000000000002,117.20000000000002
Chrome Mobile,90.0.4430.82,Asus X01AD,Asus,Blink,[object Object],Chrome Mobile 90.0.4430.82 on Asus X01AD (Android 9),2021-05-06T06:05:31.630Z,歩行,あ,false,131.4,59.7,-43.400000000000006,12.600000000000001,39,39,9.600000000000001,31.5,35.800000000000004,-101.7,-14.5,78.9
Chrome Mobile,90.0.4430.82,Asus X01AD,Asus,Blink,[object Object],Chrome Mobile 90.0.4430.82 on Asus X01AD (Android 9),2021-05-06T06:05:31.831Z,歩行,あ,false,129.20000000000002,109.5,-27.1,-1,-16.5,-8.1,0.4,-25,-5.5,173.6,24.3,-90.1
Chrome Mobile,90.0.4430.82,Asus X01AD,Asus,Blink,[object Object],Chrome Mobile 90.0.4430.82 on Asus X01AD (Android 9),2021-05-06T06:05:32.032Z,歩行,あ,false,160.60000000000002,79.7,-62.1,4.5,6.2,5.2,7.6000000000000005,4.4,10,-250.00000000000003,-66.5,188.9
Chrome Mobile,90.0.4430.82,Asus X01AD,Asus,Blink,[object Object],Chrome Mobile 90.0.4430.82 on Asus X01AD (Android 9),2021-05-06T06:05:32.232Z,歩行,あ,false,106.10000000000001,87.2,-5.2,-1.8,-6.9,5.4,0.2,-14.100000000000001,5.1000000000000005,203.9,112,-200.4
Chrome Mobile,90.0.4430.82,Asus X01AD,Asus,Blink,[object Object],Chrome Mobile 90.0.4430.82 on Asus X01AD (Android 9),2021-05-06T06:05:32.433Z,歩行,あ,false,141.70000000000002,87.60000000000001,-39,4,-3,-4.9,3.8000000000000003,-10.8,-5.2,-250.00000000000003,-64.60000000000001,186.4
Chrome Mobile,90.0.4430.82,Asus X01AD,Asus,Blink,[object Object],Chrome Mobile 90.0.4430.82 on Asus X01AD (Android 9),2021-05-06T06:05:32.633Z,歩行,あ,false,137.6,76,-44.300000000000004,4.5,9,9.5,2.9000000000000004,-0.30000000000000004,7.800000000000001,250.00000000000003,39.50000000000001,-182.9
Chrome Mobile,90.0.4430.82,Asus X01AD,Asus,Blink,[object Object],Chrome Mobile 90.0.4430.82 on Asus X01AD (Android 9),2021-05-06T06:05:32.834Z,歩行,あ,false,125.60000000000001,108.5,-31.6,-2.5,-10.8,0.30000000000000004,-1.1,-18.7,2.6,-59.9,-2.4000000000000004,113.4
Chrome Mobile,90.0.4430.82,Asus X01AD,Asus,Blink,[object Object],Chrome Mobile 90.0.4430.82 on Asus X01AD (Android 9),2021-05-06T06:05:33.035Z,歩行,あ,false,130.9,61.6,-39.900000000000006,12.9,39.1,26.200000000000003,9.5,31.1,29.400000000000002,104.4,68.80000000000001,-35.3
Chrome Mobile,90.0.4430.82,Asus X01AD,Asus,Blink,[object Object],Chrome Mobile 90.0.4430.82 on Asus X01AD (Android 9),2021-05-06T06:05:33.235Z,歩行,あ,false,130.20000000000002,113,-36.4,-1.1,-15.100000000000001,-2.3000000000000003,0.9,-23.1,0.4,38.1,-16.6,-32.7
Chrome Mobile,90.0.4430.82,Asus X01AD,Asus,Blink,[object Object],Chrome Mobile 90.0.4430.82 on Asus X01AD (Android 9),2021-05-06T06:05:33.436Z,歩行,あ,false,139.20000000000002,69.7,-55.5,22.5,32,20.5,20.3,24.5,18.900000000000002,-250.00000000000003,-47.3,220.8
Chrome Mobile,90.0.4430.82,Asus X01AD,Asus,Blink,[object Object],Chrome Mobile 90.0.4430.82 on Asus X01AD (Android 9),2021-05-06T06:05:33.637Z,歩行,あ,false,127.60000000000001,95.10000000000001,-39.900000000000006,-3.1,-6.5,10.8,-2.5,-15.8,11.4,230.79999999999998,1.8000000000000003,-221
Chrome Mobile,90.0.4430.82,Asus X01AD,Asus,Blink,[object Object],Chrome Mobile 90.0.4430.82 on Asus X01AD (Android 9),2021-05-06T06:05:33.837Z,歩行,あ,false,84.2,93.5,2.5,0.5,-3.6,1,0.5,-11.3,1.4000000000000001,-213.60000000000002,-25.1,179.2
Chrome Mobile,90.0.4430.82,Asus X01AD,Asus,Blink,[object Object],Chrome Mobile 90.0.4430.82 on Asus X01AD (Android 9),2021-05-06T06:05:34.038Z,歩行,あ,false,156.10000000000002,75.8,-76.3,6.9,9.9,7,4.7,0.7000000000000001,6.5,179.2,-23.6,-214.10000000000002
Chrome Mobile,90.0.4430.82,Asus X01AD,Asus,Blink,[object Object],Chrome Mobile 90.0.4430.82 on Asus X01AD (Android 9),2021-05-06T06:05:34.238Z,歩行,あ,false,99.60000000000001,102.30000000000001,-16.400000000000002,-1.7000000000000002,-9.3,-4.4,-1.2000000000000002,-17.1,-2.8000000000000003,-91.10000000000001,-3.5,147.9
Chrome Mobile,90.0.4430.82,Asus X01AD,Asus,Blink,[object Object],Chrome Mobile 90.0.4430.82 on Asus X01AD (Android 9),2021-05-06T06:05:34.439Z,歩行,あ,false,132.6,67.60000000000001,-48.2,13.9,34.4,7.300000000000001,11.3,25.8,5,250.00000000000003,13.399999999999999,-109.30000000000001
Chrome Mobile,90.0.4430.82,Asus X01AD,Asus,Blink,[object Object],Chrome Mobile 90.0.4430.82 on Asus X01AD (Android 9),2021-05-06T06:05:34.645Z,歩行,あ,false,131,107,-41.800000000000004,0.2,-14.700000000000001,4.800000000000001,1.8,-22.6,6.6000000000000005,-11.2,-5.7,35.3
Chrome Mobile,90.0.4430.82,Asus X01AD,Asus,Blink,[object Object],Chrome Mobile 90.0.4430.82 on Asus X01AD (Android 9),2021-05-06T06:05:34.851Z,歩行,あ,false,129.3,57.7,-46.1,17.6,39.1,24.5,14.3,31.8,21.3,-11.6,40.2,71.10000000000001
Chrome Mobile,90.0.4430.82,Asus X01AD,Asus,Blink,[object Object],Chrome Mobile 90.0.4430.82 on Asus X01AD (Android 9),2021-05-06T06:05:35.053Z,歩行,あ,false,127.30000000000001,108.4,-39.2,1.8,-19.8,0.6000000000000001,3.5,-28.1,2.7,-29.300000000000004,33.7,-157.8
Chrome Mobile,90.0.4430.82,Asus X01AD,Asus,Blink,[object Object],Chrome Mobile 90.0.4430.82 on Asus X01AD (Android 9),2021-05-06T06:05:35.254Z,歩行,あ,false,138.5,73.7,-51.400000000000006,8.3,18.2,11.700000000000001,6.6000000000000005,11,10.4,-250.00000000000003,-2.7,250.10000000000002
Chrome Mobile,90.0.4430.82,Asus X01AD,Asus,Blink,[object Object],Chrome Mobile 90.0.4430.82 on Asus X01AD (Android 9),2021-05-06T06:05:35.454Z,歩行,あ,false,124.9,92.4,-33,0,-7.1000000000000005,12.4,0.2,-16.2,12.700000000000001,250.00000000000003,32,-247.4
Chrome Mobile,90.0.4430.82,Asus X01AD,Asus,Blink,[object Object],Chrome Mobile 90.0.4430.82 on Asus X01AD (Android 9),2021-05-06T06:05:35.655Z,歩行,あ,false,99.30000000000001,96.80000000000001,-7.5,-0.1,-6.7,-0.1,0,-13.9,0.7000000000000001,-202.40000000000003,-26.000000000000004,225.8
Chrome Mobile,90.0.4430.82,Asus X01AD,Asus,Blink,[object Object],Chrome Mobile 90.0.4430.82 on Asus X01AD (Android 9),2021-05-06T06:05:35.856Z,歩行,あ,false,154.5,71.5,-64.4,13.5,17.5,-1.9000000000000001,10.9,8.8,-3.2,250.00000000000003,-24.400000000000002,-240.5
Chrome Mobile,90.0.4430.82,Asus X01AD,Asus,Blink,[object Object],Chrome Mobile 90.0.4430.82 on Asus X01AD (Android 9),2021-05-06T06:05:36.056Z,歩行,あ,false,122.2,103.7,-35.2,-2,-11.8,-2.1,-1,-19.1,-0.6000000000000001,-55.60000000000001,5.1000000000000005,135.20000000000002
Chrome Mobile,90.0.4430.82,Asus X01AD,Asus,Blink,[object Object],Chrome Mobile 90.0.4430.82 on Asus X01AD (Android 9),2021-05-06T06:05:36.257Z,歩行,あ,false,141.1,66.2,-53.900000000000006,16.8,33.7,-1.7000000000000002,13.9,25.6,-3.8000000000000003,248.79999999999998,-43.4,-147.9
Chrome Mobile,90.0.4430.82,Asus X01AD,Asus,Blink,[object Object],Chrome Mobile 90.0.4430.82 on Asus X01AD (Android 9),2021-05-06T06:05:36.457Z,歩行,あ,false,127.2,109.2,-39.6,-2.4000000000000004,-13.600000000000001,2.5,-1,-22.900000000000002,7.1000000000000005,-3.4,15.5,116.1
Chrome Mobile,90.0.4430.82,Asus X01AD,Asus,Blink,[object Object],Chrome Mobile 90.0.4430.82 on Asus X01AD (Android 9),2021-05-06T06:05:36.658Z,歩行,あ,false,138,53.400000000000006,-53.800000000000004,18,39,23.6,14.3,32.800000000000004,20.900000000000002,-213.40000000000003,88.50000000000001,155.3
Chrome Mobile,90.0.4430.82,Asus X01AD,Asus,Blink,[object Object],Chrome Mobile 90.0.4430.82 on Asus X01AD (Android 9),2021-05-06T06:05:36.859Z,歩行,あ,false,118.7,101.9,-25.400000000000002,1.6,-14.4,-3.8000000000000003,2.3000000000000003,-22.6,-2.3000000000000003,126.8,-47.1,-139.1
Chrome Mobile,90.0.4430.82,Asus X01AD,Asus,Blink,[object Object],Chrome Mobile 90.0.4430.82 on Asus X01AD (Android 9),2021-05-06T06:05:37.059Z,歩行,あ,false,167.70000000000002,75.4,-79.30000000000001,3.1,-2.7,-0.30000000000000004,1.4000000000000001,-9.3,-0.6000000000000001,-250.00000000000003,-21.900000000000002,232.8
Chrome Mobile,90.0.4430.82,Asus X01AD,Asus,Blink,[object Object],Chrome Mobile 90.0.4430.82 on Asus X01AD (Android 9),2021-05-06T06:05:37.260Z,歩行,あ,false,146.3,72.5,-56.5,9.8,11.600000000000001,8.4,7.2,3.2,6.6000000000000005,240.20000000000002,-0.2,-249.90000000000003
Chrome Mobile,90.0.4430.82,Asus X01AD,Asus,Blink,[object Object],Chrome Mobile 90.0.4430.82 on Asus X01AD (Android 9),2021-05-06T06:05:37.461Z,歩行,あ,false,113.5,110.30000000000001,-23.200000000000003,0.5,-12.5,2,1.5,-19.700000000000003,4.5,-22.6,-1.5,102.10000000000001
Chrome Mobile,90.0.4430.82,Asus X01AD,Asus,Blink,[object Object],Chrome Mobile 90.0.4430.82 on Asus X01AD (Android 9),2021-05-06T06:05:37.662Z,歩行,あ,false,142.9,54.1,-56.7,14.8,39,27.900000000000002,11,32.6,25.400000000000002,-234.70000000000002,105,89
Chrome Mobile,90.0.4430.82,Asus X01AD,Asus,Blink,[object Object],Chrome Mobile 90.0.4430.82 on Asus X01AD (Android 9),2021-05-06T06:05:37.863Z,歩行,あ,false,83.5,98.60000000000001,7.7,-0.2,-5.5,5.9,-0.4,-14.200000000000001,7.1000000000000005,184.6,-16.6,-181.3
Chrome Mobile,90.0.4430.82,Asus X01AD,Asus,Blink,[object Object],Chrome Mobile 90.0.4430.82 on Asus X01AD (Android 9),2021-05-06T06:05:38.063Z,歩行,あ,false,96.80000000000001,101.9,-6.6000000000000005,-1.3,-5.6000000000000005,0.2,-1.1,-12.9,1.7000000000000002,-85.69999999999999,-15.100000000000001,141.9
Chrome Mobile,90.0.4430.82,Asus X01AD,Asus,Blink,[object Object],Chrome Mobile 90.0.4430.82 on Asus X01AD (Android 9),2021-05-06T06:05:38.264Z,歩行,あ,false,144.3,60.300000000000004,-55.800000000000004,20.3,38.900000000000006,8.1,16.7,31.200000000000003,5.7,250.00000000000003,51.6,-93.89999999999999
Chrome Mobile,90.0.4430.82,Asus X01AD,Asus,Blink,[object Object],Chrome Mobile 90.0.4430.82 on Asus X01AD (Android 9),2021-05-06T06:05:38.464Z,歩行,あ,false,141.70000000000002,107.60000000000001,-46.800000000000004,-3.6,-17.6,6.7,-1.8,-25.400000000000002,8.4,-77.3,40.7,-73.7
Chrome Mobile,90.0.4430.82,Asus X01AD,Asus,Blink,[object Object],Chrome Mobile 90.0.4430.82 on Asus X01AD (Android 9),2021-05-06T06:05:38.665Z,歩行,あ,false,152.9,65.60000000000001,-65.3,12.200000000000001,16.8,11.4,16.5,17.6,11.4,-250.00000000000003,-24.3,250.10000000000002
Chrome Mobile,90.0.4430.82,Asus X01AD,Asus,Blink,[object Object],Chrome Mobile 90.0.4430.82 on Asus X01AD (Android 9),2021-05-06T06:05:38.866Z,歩行,あ,false,149.20000000000002,84.80000000000001,-53.7,2,-1.2000000000000002,8.4,1.3,-10.200000000000001,7.9,211.70000000000002,-23.800000000000004,-249.80000000000004
Chrome Mobile,90.0.4430.82,Asus X01AD,Asus,Blink,[object Object],Chrome Mobile 90.0.4430.82 on Asus X01AD (Android 9),2021-05-06T06:05:39.067Z,歩行,あ,false,140,106,-47.400000000000006,-2,-7.5,-0.30000000000000004,-0.5,-14.8,1.1,-77.1,25,115.60000000000001
Chrome Mobile,90.0.4430.82,Asus X01AD,Asus,Blink,[object Object],Chrome Mobile 90.0.4430.82 on Asus X01AD (Android 9),2021-05-06T06:05:39.267Z,歩行,あ,false,131.70000000000002,59.400000000000006,-38.800000000000004,9.700000000000001,39.1,21.200000000000003,7,31.700000000000003,17.8,78.5,71.19999999999999,1.2000000000000002
Chrome Mobile,90.0.4430.82,Asus X01AD,Asus,Blink,[object Object],Chrome Mobile 90.0.4430.82 on Asus X01AD (Android 9),2021-05-06T06:05:39.468Z,歩行,あ,false,132.9,111,-38.900000000000006,-0.9,-11,-2.7,1,-19,-0.30000000000000004,102.10000000000001,11.6,-141
Chrome Mobile,90.0.4430.82,Asus X01AD,Asus,Blink,[object Object],Chrome Mobile 90.0.4430.82 on Asus X01AD (Android 9),2021-05-06T06:05:39.669Z,歩行,あ,false,80.2,94.4,15.3,-3,-4.1000000000000005,-4.3,-3.1,-11.4,-3.7,-250.00000000000003,86.4,226.00000000000003
Chrome Mobile,90.0.4430.82,Asus X01AD,Asus,Blink,[object Object],Chrome Mobile 90.0.4430.82 on Asus X01AD (Android 9),2021-05-06T06:05:39.869Z,歩行,あ,false,148.9,80.30000000000001,-52.900000000000006,6,10.100000000000001,9.4,4.7,1,8.5,175.60000000000002,-17.400000000000002,-249.90000000000003
Chrome Mobile,90.0.4430.82,Asus X01AD,Asus,Blink,[object Object],Chrome Mobile 90.0.4430.82 on Asus X01AD (Android 9),2021-05-06T06:05:40.070Z,歩行,あ,false,143.6,113.10000000000001,-43.1,-1.2000000000000002,-9.200000000000001,-1.4000000000000001,0.9,-16.6,0.9,-4.6,-32.2,74.4
Chrome Mobile,90.0.4430.82,Asus X01AD,Asus,Blink,[object Object],Chrome Mobile 90.0.4430.82 on Asus X01AD (Android 9),2021-05-06T06:05:40.271Z,歩行,あ,false,138.20000000000002,63.400000000000006,-51.2,9.8,39.1,16.5,7,32,14.3,-239.3,-53.2,112.20000000000002
Chrome Mobile,90.0.4430.82,Asus X01AD,Asus,Blink,[object Object],Chrome Mobile 90.0.4430.82 on Asus X01AD (Android 9),2021-05-06T06:05:40.472Z,歩行,あ,false,148.3,102.9,-54.900000000000006,-1.3,-6.7,6.1000000000000005,0.1,-15.4,6.9,200.1,52.900000000000006,-173.7
Chrome Mobile,90.0.4430.82,Asus X01AD,Asus,Blink,[object Object],Chrome Mobile 90.0.4430.82 on Asus X01AD (Android 9),2021-05-06T06:05:40.681Z,歩行,あ,false,113.5,110.60000000000001,-22,-0.1,-4,-1.4000000000000001,0.9,-11.200000000000001,1.1,-53.9,-21.200000000000003,152.2
Chrome Mobile,90.0.4430.82,Asus X01AD,Asus,Blink,[object Object],Chrome Mobile 90.0.4430.82 on Asus X01AD (Android 9),2021-05-06T06:05:40.884Z,歩行,あ,false,147,60.800000000000004,-56.2,18.900000000000002,39.1,8.200000000000001,15.4,31.400000000000002,5.800000000000001,235.4,36.400000000000006,-99.9
Chrome Mobile,90.0.4430.82,Asus X01AD,Asus,Blink,[object Object],Chrome Mobile 90.0.4430.82 on Asus X01AD (Android 9),2021-05-06T06:05:41.085Z,歩行,あ,false,122.7,113.4,-32.1,-2.2,-6.800000000000001,-1.1,-0.30000000000000004,-14.600000000000001,1.8,87.7,16.700000000000003,-78.9
Chrome Mobile,90.0.4430.82,Asus X01AD,Asus,Blink,[object Object],Chrome Mobile 90.0.4430.82 on Asus X01AD (Android 9),2021-05-06T06:05:41.285Z,歩行,あ,false,91.30000000000001,103.30000000000001,1.1,0.8,-4.1000000000000005,-0.8,0.8,-11.3,0.9,-167.60000000000002,-2.2,158.6
Chrome Mobile,90.0.4430.82,Asus X01AD,Asus,Blink,[object Object],Chrome Mobile 90.0.4430.82 on Asus X01AD (Android 9),2021-05-06T06:05:41.486Z,歩行,あ,false,166.70000000000002,66.9,-75.4,16.1,27.5,-1.3,12.3,19.3,-2.6,249.90000000000003,-51.50000000000001,-198.79999999999998
Chrome Mobile,90.0.4430.82,Asus X01AD,Asus,Blink,[object Object],Chrome Mobile 90.0.4430.82 on Asus X01AD (Android 9),2021-05-06T06:05:41.688Z,歩行,あ,false,129.20000000000002,116.2,-35.6,-4.2,-13.700000000000001,5.800000000000001,-2.1,-21,8.700000000000001,-5.300000000000001,13.5,5.1000000000000005
Chrome Mobile,90.0.4430.82,Asus X01AD,Asus,Blink,[object Object],Chrome Mobile 90.0.4430.82 on Asus X01AD (Android 9),2021-05-06T06:05:41.888Z,歩行,あ,false,8.700000000000001,105.2,74.9,11.9,12.8,11.600000000000001,10.100000000000001,5.9,12.100000000000001,-250.00000000000003,-55.60000000000001,250.10000000000002
Chrome Mobile,90.0.4430.82,Asus X01AD,Asus,Blink,[object Object],Chrome Mobile 90.0.4430.82 on Asus X01AD (Android 9),2021-05-06T06:05:42.089Z,歩行,あ,false,55.7,97.30000000000001,37.4,4,0.30000000000000004,16.3,3.3000000000000003,-8.700000000000001,17.2,148.70000000000002,-65.89999999999999,-249.90000000000003
Chrome Mobile,90.0.4430.82,Asus X01AD,Asus,Blink,[object Object],Chrome Mobile 90.0.4430.82 on Asus X01AD (Android 9),2021-05-06T06:05:42.290Z,歩行,あ,false,132.20000000000002,120.60000000000001,-38.7,-2.4000000000000004,-10.100000000000001,0,0.1,-16.900000000000002,3.1,12.8,-65.89999999999999,66.9
Chrome Mobile,90.0.4430.82,Asus X01AD,Asus,Blink,[object Object],Chrome Mobile 90.0.4430.82 on Asus X01AD (Android 9),2021-05-06T06:05:42.491Z,歩行,あ,false,146.6,62.1,-61.1,30.400000000000002,39.1,23.200000000000003,27.3,32.300000000000004,21.400000000000002,-250.00000000000003,68.60000000000001,247.2
Chrome Mobile,90.0.4430.82,Asus X01AD,Asus,Blink,[object Object],Chrome Mobile 90.0.4430.82 on Asus X01AD (Android 9),2021-05-06T06:05:42.692Z,歩行,あ,false,134.5,98.4,-41.400000000000006,-0.30000000000000004,-5.4,6.9,0.6000000000000001,-14.200000000000001,7.9,171.70000000000002,34.800000000000004,-249.90000000000003
Chrome Mobile,90.0.4430.82,Asus X01AD,Asus,Blink,[object Object],Chrome Mobile 90.0.4430.82 on Asus X01AD (Android 9),2021-05-06T06:05:42.893Z,歩行,あ,false,133.8,114.9,-42.300000000000004,-2.4000000000000004,-6.800000000000001,1.4000000000000001,-0.2,-13.8,3.8000000000000003,-41.300000000000004,-42.7,130.8
Chrome Mobile,90.0.4430.82,Asus X01AD,Asus,Blink,[object Object],Chrome Mobile 90.0.4430.82 on Asus X01AD (Android 9),2021-05-06T06:05:43.093Z,歩行,あ,false,142.70000000000002,63.900000000000006,-55.800000000000004,10.100000000000001,39.1,14.200000000000001,7.1000000000000005,31.700000000000003,12.100000000000001,-100.80000000000001,89.10000000000001,79.5
Chrome Mobile,90.0.4430.82,Asus X01AD,Asus,Blink,[object Object],Chrome Mobile 90.0.4430.82 on Asus X01AD (Android 9),2021-05-06T06:05:43.294Z,歩行,あ,false,125.9,117.9,-38.800000000000004,0.5,-6.6000000000000005,-2.8000000000000003,3,-14.100000000000001,0.4,165.3,-48.9,-127.40000000000002
Chrome Mobile,90.0.4430.82,Asus X01AD,Asus,Blink,[object Object],Chrome Mobile 90.0.4430.82 on Asus X01AD (Android 9),2021-05-06T06:05:43.495Z,歩行,あ,false,110.2,108.10000000000001,-20.700000000000003,0.7000000000000001,-5.1000000000000005,1.6,1.8,-12.100000000000001,4,-120.10000000000001,-23.800000000000004,164.79999999999998
Chrome Mobile,90.0.4430.82,Asus X01AD,Asus,Blink,[object Object],Chrome Mobile 90.0.4430.82 on Asus X01AD (Android 9),2021-05-06T06:05:43.695Z,歩行,あ,false,160.4,71.7,-65.5,14.100000000000001,30.900000000000002,-0.6000000000000001,11.5,22.3,-1.8,249.4,20.400000000000002,-225
Chrome Mobile,90.0.4430.82,Asus X01AD,Asus,Blink,[object Object],Chrome Mobile 90.0.4430.82 on Asus X01AD (Android 9),2021-05-06T06:05:43.896Z,歩行,あ,false,135.5,124.60000000000001,-39.2,-1.8,-10.3,5,1.2000000000000002,-17.2,8.700000000000001,75.3,-30.5,-61.599999999999994
Chrome Mobile,90.0.4430.82,Asus X01AD,Asus,Blink,[object Object],Chrome Mobile 90.0.4430.82 on Asus X01AD (Android 9),2021-05-06T06:05:44.097Z,歩行,あ,false,70.2,103.9,25.700000000000003,2.5,-0.2,1.9000000000000001,1.8,-7.2,3.4000000000000004,-250.00000000000003,17.200000000000003,235.70000000000002
Chrome Mobile,90.0.4430.82,Asus X01AD,Asus,Blink,[object Object],Chrome Mobile 90.0.4430.82 on Asus X01AD (Android 9),2021-05-06T06:05:44.297Z,歩行,あ,false,178.3,71.4,-76.80000000000001,10,12.9,-3.5,10.100000000000001,8.700000000000001,-6.2,250.00000000000003,-14.100000000000001,-249.90000000000003
Chrome Mobile,90.0.4430.82,Asus X01AD,Asus,Blink,[object Object],Chrome Mobile 90.0.4430.82 on Asus X01AD (Android 9),2021-05-06T06:05:44.498Z,歩行,あ,false,136.8,114.2,-39.300000000000004,0.1,-8.8,6.300000000000001,2.2,-16.3,8.9,4.1,-19.200000000000003,-28.200000000000003
Chrome Mobile,90.0.4430.82,Asus X01AD,Asus,Blink,[object Object],Chrome Mobile 90.0.4430.82 on Asus X01AD (Android 9),2021-05-06T06:05:44.699Z,歩行,あ,false,11.4,105.9,84.4,5.7,3.5,9.1,3.8000000000000003,-3.4000000000000004,9.3,-249.5,-40.1,250.10000000000002
Chrome Mobile,90.0.4430.82,Asus X01AD,Asus,Blink,[object Object],Chrome Mobile 90.0.4430.82 on Asus X01AD (Android 9),2021-05-06T06:05:44.900Z,歩行,あ,false,177.70000000000002,77.80000000000001,-75.2,5.300000000000001,3.3000000000000003,9.1,3.4000000000000004,-5.800000000000001,8.6,191,-27.2,-249.90000000000003
Chrome Mobile,90.0.4430.82,Asus X01AD,Asus,Blink,[object Object],Chrome Mobile 90.0.4430.82 on Asus X01AD (Android 9),2021-05-06T06:05:45.101Z,歩行,あ,false,138.70000000000002,116.30000000000001,-37.5,-1.1,-6.800000000000001,1.1,1.7000000000000002,-14.100000000000001,4.2,-1.7,-5.300000000000001,13.200000000000003
Chrome Mobile,90.0.4430.82,Asus X01AD,Asus,Blink,[object Object],Chrome Mobile 90.0.4430.82 on Asus X01AD (Android 9),2021-05-06T06:05:45.302Z,歩行,あ,false,17.5,102,77.30000000000001,5.2,11.8,5.6000000000000005,3.7,4.6000000000000005,5.9,-249.20000000000002,17.799999999999997,249.90000000000003
Chrome Mobile,90.0.4430.82,Asus X01AD,Asus,Blink,[object Object],Chrome Mobile 90.0.4430.82 on Asus X01AD (Android 9),2021-05-06T06:05:45.503Z,歩行,あ,false,53.800000000000004,93.10000000000001,47.400000000000006,4.7,2.9000000000000004,7.9,4.3,-6.300000000000001,8.3,126.10000000000001,0.8,-249.80000000000004
Chrome Mobile,90.0.4430.82,Asus X01AD,Asus,Blink,[object Object],Chrome Mobile 90.0.4430.82 on Asus X01AD (Android 9),2021-05-06T06:05:45.704Z,歩行,あ,false,144.20000000000002,112.4,-42.800000000000004,-0.8,-8.200000000000001,1,1.2000000000000002,-15.4,3.2,-31.6,-11.000000000000002,123.8
Chrome Mobile,90.0.4430.82,Asus X01AD,Asus,Blink,[object Object],Chrome Mobile 90.0.4430.82 on Asus X01AD (Android 9),2021-05-06T06:05:45.904Z,歩行,あ,false,145.20000000000002,57.2,-49.800000000000004,12.3,39.1,19.900000000000002,9,32.2,17.1,-165.6,37.2,105.7
Chrome Mobile,90.0.4430.82,Asus X01AD,Asus,Blink,[object Object],Chrome Mobile 90.0.4430.82 on Asus X01AD (Android 9),2021-05-06T06:05:46.106Z,歩行,あ,false,118.5,101.80000000000001,-20.400000000000002,0.1,-1.7000000000000002,6.4,0.5,-10.700000000000001,7.800000000000001,233.50000000000003,-56.400000000000006,-155.20000000000002
Chrome Mobile,90.0.4430.82,Asus X01AD,Asus,Blink,[object Object],Chrome Mobile 90.0.4430.82 on Asus X01AD (Android 9),2021-05-06T06:05:46.307Z,歩行,あ,false,124.60000000000001,108.2,-25.400000000000002,-2.6,-5.6000000000000005,2.5,-1.6,-13,4.7,-99.10000000000001,32.300000000000004,105.4
Chrome Mobile,90.0.4430.82,Asus X01AD,Asus,Blink,[object Object],Chrome Mobile 90.0.4430.82 on Asus X01AD (Android 9),2021-05-06T06:05:46.508Z,歩行,あ,false,141.1,60.1,-38.900000000000006,12.9,39.1,22.5,10.100000000000001,31.400000000000002,19,153.3,38.400000000000006,-3.6000000000000005
Chrome Mobile,90.0.4430.82,Asus X01AD,Asus,Blink,[object Object],Chrome Mobile 90.0.4430.82 on Asus X01AD (Android 9),2021-05-06T06:05:46.716Z,歩行,あ,false,143.6,108.30000000000001,-40.7,0,-4.6000000000000005,0.7000000000000001,1.6,-13.3,2.7,130.6,21.400000000000002,-113.5
Chrome Mobile,90.0.4430.82,Asus X01AD,Asus,Blink,[object Object],Chrome Mobile 90.0.4430.82 on Asus X01AD (Android 9),2021-05-06T06:05:46.917Z,歩行,あ,false,127.9,105.30000000000001,-30.3,-1.2000000000000002,-5,0.4,-0.1,-12.4,2.1,-102.7,-36.9,180.39999999999998
Chrome Mobile,90.0.4430.82,Asus X01AD,Asus,Blink,[object Object],Chrome Mobile 90.0.4430.82 on Asus X01AD (Android 9),2021-05-06T06:05:47.118Z,歩行,あ,false,147,69.10000000000001,-47.2,11.9,27.8,11,9.4,19,8.700000000000001,250.00000000000003,14.800000000000002,-141.6
Chrome Mobile,90.0.4430.82,Asus X01AD,Asus,Blink,[object Object],Chrome Mobile 90.0.4430.82 on Asus X01AD (Android 9),2021-05-06T06:05:47.318Z,歩行,あ,false,139.3,118.80000000000001,-41.400000000000006,-0.4,-7,-1.1,2.4000000000000004,-14.700000000000001,2.1,98.60000000000001,-27.700000000000003,-83.4
Chrome Mobile,90.0.4430.82,Asus X01AD,Asus,Blink,[object Object],Chrome Mobile 90.0.4430.82 on Asus X01AD (Android 9),2021-05-06T06:05:47.519Z,歩行,あ,false,125.4,104.5,-32.7,-1.5,-0.30000000000000004,-0.2,-0.4,-7.800000000000001,1.4000000000000001,-145.5,-54.199999999999996,191.49999999999997
Chrome Mobile,90.0.4430.82,Asus X01AD,Asus,Blink,[object Object],Chrome Mobile 90.0.4430.82 on Asus X01AD (Android 9),2021-05-06T06:05:47.719Z,歩行,あ,false,5.1000000000000005,96.10000000000001,89.2,6,16.2,-4.3,5,6.800000000000001,-4.3,210.1,9.2,-221.40000000000003
Chrome Mobile,90.0.4430.82,Asus X01AD,Asus,Blink,[object Object],Chrome Mobile 90.0.4430.82 on Asus X01AD (Android 9),2021-05-06T06:05:47.920Z,歩行,あ,false,141.1,119.30000000000001,-45.900000000000006,-0.4,-7.5,3.1,2.6,-15,6,-31.099999999999998,22.8,-19.799999999999997
Chrome Mobile,90.0.4430.82,Asus X01AD,Asus,Blink,[object Object],Chrome Mobile 90.0.4430.82 on Asus X01AD (Android 9),2021-05-06T06:05:48.122Z,歩行,あ,false,127.7,85.9,-35.4,0.9,11.3,7.9,0.5,3.6,7.4,-249.5,-76.80000000000001,250.10000000000002
Chrome Mobile,90.0.4430.82,Asus X01AD,Asus,Blink,[object Object],Chrome Mobile 90.0.4430.82 on Asus X01AD (Android 9),2021-05-06T06:05:48.323Z,歩行,あ,false,16.400000000000002,86.4,78,2.9000000000000004,6.4,5.300000000000001,3.5,-3.1,5.2,204.20000000000002,-15.899999999999999,-239.6
Chrome Mobile,90.0.4430.82,Asus X01AD,Asus,Blink,[object Object],Chrome Mobile 90.0.4430.82 on Asus X01AD (Android 9),2021-05-06T06:05:48.524Z,歩行,あ,false,148.3,121.10000000000001,-53.7,-0.2,-7.5,0,3.3000000000000003,-14.700000000000001,2.6,-1.6,-7.500000000000001,60.1
Chrome Mobile,90.0.4430.82,Asus X01AD,Asus,Blink,[object Object],Chrome Mobile 90.0.4430.82 on Asus X01AD (Android 9),2021-05-06T06:05:48.725Z,歩行,あ,false,129.70000000000002,69.60000000000001,-38.900000000000006,17.8,36.7,15.200000000000001,16,29.1,13,-243.50000000000003,-15.899999999999999,224.8
Chrome Mobile,90.0.4430.82,Asus X01AD,Asus,Blink,[object Object],Chrome Mobile 90.0.4430.82 on Asus X01AD (Android 9),2021-05-06T06:05:48.925Z,歩行,あ,false,156.9,96.4,-61.2,-1.2000000000000002,-0.7000000000000001,10.4,-0.30000000000000004,-10.100000000000001,10.9,178.70000000000002,7,-186.99999999999997
Chrome Mobile,90.0.4430.82,Asus X01AD,Asus,Blink,[object Object],Chrome Mobile 90.0.4430.82 on Asus X01AD (Android 9),2021-05-06T06:05:49.126Z,歩行,あ,false,133.6,114.9,-39.5,-0.5,-5.300000000000001,0.6000000000000001,1.7000000000000002,-12.9,3.3000000000000003,-73.4,40.300000000000004,64.2
Chrome Mobile,90.0.4430.82,Asus X01AD,Asus,Blink,[object Object],Chrome Mobile 90.0.4430.82 on Asus X01AD (Android 9),2021-05-06T06:05:49.327Z,歩行,あ,false,134.1,63.1,-35.800000000000004,13.4,39.1,23,11,31.200000000000003,19.700000000000003,-86.00000000000001,77.80000000000001,47.400000000000006
Chrome Mobile,90.0.4430.82,Asus X01AD,Asus,Blink,[object Object],Chrome Mobile 90.0.4430.82 on Asus X01AD (Android 9),2021-05-06T06:05:49.528Z,歩行,あ,false,138,108.9,-38.900000000000006,-0.1,-3.7,1.5,1.8,-12.5,3.8000000000000003,155.9,-23.6,-144.5
Chrome Mobile,90.0.4430.82,Asus X01AD,Asus,Blink,[object Object],Chrome Mobile 90.0.4430.82 on Asus X01AD (Android 9),2021-05-06T06:05:49.729Z,歩行,あ,false,132.5,113.5,-34.6,-1.2000000000000002,-4,-1,0.6000000000000001,-11.5,1.7000000000000002,-88.7,-9.5,100.9
Chrome Mobile,90.0.4430.82,Asus X01AD,Asus,Blink,[object Object],Chrome Mobile 90.0.4430.82 on Asus X01AD (Android 9),2021-05-06T06:05:49.929Z,歩行,あ,false,142,60.6,-42.800000000000004,16.900000000000002,39.1,17.3,13.9,31.200000000000003,14,-20.3,45.8,41.50000000000001
Chrome Mobile,90.0.4430.82,Asus X01AD,Asus,Blink,[object Object],Chrome Mobile 90.0.4430.82 on Asus X01AD (Android 9),2021-05-06T06:05:50.130Z,歩行,あ,false,142.6,108.9,-48,0.6000000000000001,-1.7000000000000002,3.7,2.9000000000000004,-10.700000000000001,5.7,141,-35.699999999999996,-195.20000000000002
Chrome Mobile,90.0.4430.82,Asus X01AD,Asus,Blink,[object Object],Chrome Mobile 90.0.4430.82 on Asus X01AD (Android 9),2021-05-06T06:05:50.330Z,歩行,あ,false,141.4,121.5,-49.6,-2.8000000000000003,-3.7,-0.9,0.5,-10.9,2,-91.4,25.900000000000002,108.90000000000002
Chrome Mobile,90.0.4430.82,Asus X01AD,Asus,Blink,[object Object],Chrome Mobile 90.0.4430.82 on Asus X01AD (Android 9),2021-05-06T06:05:50.531Z,歩行,あ,false,128.5,68.2,-35.1,10.200000000000001,39.1,15.600000000000001,8.3,30.700000000000003,12.9,-171.20000000000002,35.8,32.8
Chrome Mobile,90.0.4430.82,Asus X01AD,Asus,Blink,[object Object],Chrome Mobile 90.0.4430.82 on Asus X01AD (Android 9),2021-05-06T06:05:50.732Z,歩行,あ,false,137.5,109.4,-44.300000000000004,-0.7000000000000001,-2.2,0.5,1.8,-11.100000000000001,3.1,205.5,-53.50000000000001,-139.60000000000002
Chrome Mobile,90.0.4430.82,Asus X01AD,Asus,Blink,[object Object],Chrome Mobile 90.0.4430.82 on Asus X01AD (Android 9),2021-05-06T06:05:50.933Z,歩行,あ,false,135.8,118.30000000000001,-44.2,-2.1,-5,0.7000000000000001,0.8,-12.5,3.6,-96.9,22.3,77.9
Chrome Mobile,90.0.4430.82,Asus X01AD,Asus,Blink,[object Object],Chrome Mobile 90.0.4430.82 on Asus X01AD (Android 9),2021-05-06T06:05:51.134Z,歩行,あ,false,139,65.9,-43.2,14.9,39,9.700000000000001,12.4,30.8,7,-72,59.20000000000001,86.1
Chrome Mobile,90.0.4430.82,Asus X01AD,Asus,Blink,[object Object],Chrome Mobile 90.0.4430.82 on Asus X01AD (Android 9),2021-05-06T06:05:51.335Z,歩行,あ,false,147.6,110.7,-51.1,-0.6000000000000001,-2.6,5.4,2.1,-11.600000000000001,7.5,173.7,-19.1,-136.8
Chrome Mobile,90.0.4430.82,Asus X01AD,Asus,Blink,[object Object],Chrome Mobile 90.0.4430.82 on Asus X01AD (Android 9),2021-05-06T06:05:51.536Z,歩行,あ,false,136.70000000000002,118.2,-42.7,0,-5.2,0,2.6,-12.600000000000001,2.9000000000000004,-117,7.6,145.7
Chrome Mobile,90.0.4430.82,Asus X01AD,Asus,Blink,[object Object],Chrome Mobile 90.0.4430.82 on Asus X01AD (Android 9),2021-05-06T06:05:51.740Z,歩行,あ,false,134.70000000000002,61.5,-38.2,10,39.1,26.1,7.300000000000001,31,22.700000000000003,-126.8,95.1,11.900000000000002
Chrome Mobile,90.0.4430.82,Asus X01AD,Asus,Blink,[object Object],Chrome Mobile 90.0.4430.82 on Asus X01AD (Android 9),2021-05-06T06:05:51.946Z,歩行,あ,false,144.8,112,-51,-1.2000000000000002,-3.7,-0.2,1.6,-12.600000000000001,2.1,195.79999999999998,-57.400000000000006,-146.5
Chrome Mobile,90.0.4430.82,Asus X01AD,Asus,Blink,[object Object],Chrome Mobile 90.0.4430.82 on Asus X01AD (Android 9),2021-05-06T06:05:52.147Z,歩行,あ,false,147.3,111.7,-52.800000000000004,-0.8,-4.9,0.7000000000000001,1.7000000000000002,-12.600000000000001,2.6,-118.50000000000001,-10.700000000000001,129.70000000000002
Chrome Mobile,90.0.4430.82,Asus X01AD,Asus,Blink,[object Object],Chrome Mobile 90.0.4430.82 on Asus X01AD (Android 9),2021-05-06T06:05:52.347Z,歩行,あ,false,125.4,55.900000000000006,-37.5,19.6,39.1,30.700000000000003,16.400000000000002,31,26.6,166.9,96.9,-36.5
Chrome Mobile,90.0.4430.82,Asus X01AD,Asus,Blink,[object Object],Chrome Mobile 90.0.4430.82 on Asus X01AD (Android 9),2021-05-06T06:05:52.548Z,歩行,あ,false,142.6,116.7,-57.800000000000004,-2.7,-3.4000000000000004,-4.4,0.9,-12,-2.1,168.8,40.5,-173
Chrome Mobile,90.0.4430.82,Asus X01AD,Asus,Blink,[object Object],Chrome Mobile 90.0.4430.82 on Asus X01AD (Android 9),2021-05-06T06:05:52.753Z,歩行,あ,false,146.6,115.80000000000001,-61.800000000000004,-3.2,-5.1000000000000005,1.4000000000000001,0,-12.700000000000001,3.1,-74.4,-9,165.5
Chrome Mobile,90.0.4430.82,Asus X01AD,Asus,Blink,[object Object],Chrome Mobile 90.0.4430.82 on Asus X01AD (Android 9),2021-05-06T06:05:52.954Z,歩行,あ,false,135,63.900000000000006,-44.1,14.700000000000001,39.1,-3.8000000000000003,11.8,30.700000000000003,-6.7,10.5,81.4,-7.8
Chrome Mobile,90.0.4430.82,Asus X01AD,Asus,Blink,[object Object],Chrome Mobile 90.0.4430.82 on Asus X01AD (Android 9),2021-05-06T06:05:53.155Z,歩行,あ,false,161.20000000000002,109.60000000000001,-76.5,2.9000000000000004,-2.9000000000000004,6.800000000000001,6,-12,7.5,63,81.50000000000001,-180
Chrome Mobile,90.0.4430.82,Asus X01AD,Asus,Blink,[object Object],Chrome Mobile 90.0.4430.82 on Asus X01AD (Android 9),2021-05-06T06:05:53.356Z,歩行,あ,false,144.4,118.9,-66.10000000000001,-1.9000000000000001,-6.9,3,1.8,-14.4,4.6000000000000005,-88.9,20.900000000000002,143.5
Chrome Mobile,90.0.4430.82,Asus X01AD,Asus,Blink,[object Object],Chrome Mobile 90.0.4430.82 on Asus X01AD (Android 9),2021-05-06T06:05:53.557Z,歩行,あ,false,118.9,58.7,-42.6,17.7,39.1,13.9,14.600000000000001,31.5,10.5,-216,40,126.8
Chrome Mobile,90.0.4430.82,Asus X01AD,Asus,Blink,[object Object],Chrome Mobile 90.0.4430.82 on Asus X01AD (Android 9),2021-05-06T06:05:53.757Z,歩行,あ,false,140.5,109.4,-63,2.1,-5.6000000000000005,0.6000000000000001,4.6000000000000005,-14.8,1.7000000000000002,247.8,-0.6000000000000001,-237.70000000000005
Chrome Mobile,90.0.4430.82,Asus X01AD,Asus,Blink,[object Object],Chrome Mobile 90.0.4430.82 on Asus X01AD (Android 9),2021-05-06T06:05:53.958Z,歩行,あ,false,151.9,115.2,-67.9,-1.5,-6.6000000000000005,3.1,1.8,-14,4.5,-77.3,15.100000000000001,149.50000000000003
Chrome Mobile,90.0.4430.82,Asus X01AD,Asus,Blink,[object Object],Chrome Mobile 90.0.4430.82 on Asus X01AD (Android 9),2021-05-06T06:05:54.159Z,歩行,あ,false,124.9,58.400000000000006,-38.900000000000006,16.3,39.1,10,13.3,31.5,6.300000000000001,-77.20000000000002,76.89999999999999,93.4
Chrome Mobile,90.0.4430.82,Asus X01AD,Asus,Blink,[object Object],Chrome Mobile 90.0.4430.82 on Asus X01AD (Android 9),2021-05-06T06:05:54.361Z,歩行,あ,false,140.6,114.30000000000001,-58.300000000000004,0.7000000000000001,-6.6000000000000005,-1.5,4,-15.100000000000001,0.5,168.2,-43.50000000000001,-172.70000000000002
Chrome Mobile,90.0.4430.82,Asus X01AD,Asus,Blink,[object Object],Chrome Mobile 90.0.4430.82 on Asus X01AD (Android 9),2021-05-06T06:05:54.561Z,歩行,あ,false,140.3,110.4,-60,-2.5,-5.800000000000001,0,-0.1,-13.3,1.4000000000000001,-28.900000000000002,-41.4,201.50000000000003
Chrome Mobile,90.0.4430.82,Asus X01AD,Asus,Blink,[object Object],Chrome Mobile 90.0.4430.82 on Asus X01AD (Android 9),2021-05-06T06:05:54.762Z,歩行,あ,false,128.9,64.9,-46.900000000000006,19.1,37,5.4,16.1,28.400000000000002,2.6,250.00000000000003,30.000000000000004,-166.9
Chrome Mobile,90.0.4430.82,Asus X01AD,Asus,Blink,[object Object],Chrome Mobile 90.0.4430.82 on Asus X01AD (Android 9),2021-05-06T06:05:54.968Z,歩行,あ,false,138.8,120.10000000000001,-58.2,-1.5,-10,-2.5,2.4000000000000004,-17.8,-0.1,44.4,32.9,-123.5
Chrome Mobile,90.0.4430.82,Asus X01AD,Asus,Blink,[object Object],Chrome Mobile 90.0.4430.82 on Asus X01AD (Android 9),2021-05-06T06:05:55.169Z,歩行,あ,false,134.1,101.80000000000001,-58.5,1.8,-2.9000000000000004,0.2,3.2,-10.600000000000001,1.1,-65.4,-28.900000000000002,238.40000000000003
Chrome Mobile,90.0.4430.82,Asus X01AD,Asus,Blink,[object Object],Chrome Mobile 90.0.4430.82 on Asus X01AD (Android 9),2021-05-06T06:05:55.370Z,歩行,あ,false,133.8,68.60000000000001,-50.2,16.5,26.6,4,13.8,17.5,1.7000000000000002,249.20000000000002,-23.3,-218.50000000000003
Chrome Mobile,90.0.4430.82,Asus X01AD,Asus,Blink,[object Object],Chrome Mobile 90.0.4430.82 on Asus X01AD (Android 9),2021-05-06T06:05:55.571Z,歩行,あ,false,137.20000000000002,123.80000000000001,-53,-2.1,-11.3,0.7000000000000001,1.9000000000000001,-18.7,3.7,19.9,37.400000000000006,-123.19999999999999
Chrome Mobile,90.0.4430.82,Asus X01AD,Asus,Blink,[object Object],Chrome Mobile 90.0.4430.82 on Asus X01AD (Android 9),2021-05-06T06:05:55.771Z,歩行,あ,false,118,103.30000000000001,-38.6,6.9,-1.3,-1.3,8,-8.8,0.1,-236.00000000000003,-45.2,250.10000000000002
Chrome Mobile,90.0.4430.82,Asus X01AD,Asus,Blink,[object Object],Chrome Mobile 90.0.4430.82 on Asus X01AD (Android 9),2021-05-06T06:05:55.975Z,歩行,あ,false,147.1,79.4,-64.3,15.200000000000001,19.200000000000003,-0.7000000000000001,13.600000000000001,9.700000000000001,-1.5,237.60000000000005,-58.2,-249.90000000000003
Chrome Mobile,90.0.4430.82,Asus X01AD,Asus,Blink,[object Object],Chrome Mobile 90.0.4430.82 on Asus X01AD (Android 9),2021-05-06T06:05:56.175Z,歩行,あ,false,133.4,128.9,-51,-2.9000000000000004,-11.100000000000001,-0.1,1.3,-17.8,3.4000000000000004,-8.100000000000001,29.900000000000006,-32.1
Chrome Mobile,90.0.4430.82,Asus X01AD,Asus,Blink,[object Object],Chrome Mobile 90.0.4430.82 on Asus X01AD (Android 9),2021-05-06T06:05:56.376Z,歩行,あ,false,23.900000000000002,91.5,56.5,9.200000000000001,4.2,5.800000000000001,9,-3.3000000000000003,5.9,-249.90000000000003,-35.1,250.10000000000002
Chrome Mobile,90.0.4430.82,Asus X01AD,Asus,Blink,[object Object],Chrome Mobile 90.0.4430.82 on Asus X01AD (Android 9),2021-05-06T06:05:56.577Z,歩行,あ,false,52.6,92.2,25.700000000000003,5.1000000000000005,4.5,11.5,4.9,-5,11.8,72.2,7.8,-249.90000000000003
Chrome Mobile,90.0.4430.82,Asus X01AD,Asus,Blink,[object Object],Chrome Mobile 90.0.4430.82 on Asus X01AD (Android 9),2021-05-06T06:05:56.778Z,歩行,あ,false,137.20000000000002,124.30000000000001,-53.6,-1.9000000000000001,-10.5,0.5,1.9000000000000001,-17.3,3.3000000000000003,-40.9,-2.6,74.89999999999999
Chrome Mobile,90.0.4430.82,Asus X01AD,Asus,Blink,[object Object],Chrome Mobile 90.0.4430.82 on Asus X01AD (Android 9),2021-05-06T06:05:56.979Z,歩行,あ,false,121.2,69.8,-47.6,18.1,39.1,21.400000000000002,16,31.400000000000002,19.5,-244,28.1,226.6
Chrome Mobile,90.0.4430.82,Asus X01AD,Asus,Blink,[object Object],Chrome Mobile 90.0.4430.82 on Asus X01AD (Android 9),2021-05-06T06:05:57.179Z,歩行,あ,false,124,108.7,-45,0.8,-5.4,5.6000000000000005,2.9000000000000004,-14.200000000000001,7.7,214.29999999999998,18.6,-240.10000000000002
Chrome Mobile,90.0.4430.82,Asus X01AD,Asus,Blink,[object Object],Chrome Mobile 90.0.4430.82 on Asus X01AD (Android 9),2021-05-06T06:05:57.380Z,歩行,あ,false,119.9,117.9,-40.400000000000006,-0.30000000000000004,-5.9,0.9,2,-12.8,3.7,-75.4,-16.200000000000003,175.00000000000003
Chrome Mobile,90.0.4430.82,Asus X01AD,Asus,Blink,[object Object],Chrome Mobile 90.0.4430.82 on Asus X01AD (Android 9),2021-05-06T06:05:57.581Z,歩行,あ,false,133.70000000000002,66.9,-56.6,19,39.1,9.1,16.1,31,7.2,106.20000000000002,123.9,-78.9
Chrome Mobile,90.0.4430.82,Asus X01AD,Asus,Blink,[object Object],Chrome Mobile 90.0.4430.82 on Asus X01AD (Android 9),2021-05-06T06:05:57.782Z,歩行,あ,false,127.2,121,-50.900000000000006,2,-6.2,2.8000000000000003,5.5,-13.700000000000001,5.7,60.400000000000006,12.8,-146
Chrome Mobile,90.0.4430.82,Asus X01AD,Asus,Blink,[object Object],Chrome Mobile 90.0.4430.82 on Asus X01AD (Android 9),2021-05-06T06:05:57.983Z,歩行,あ,false,117.4,110.4,-39.5,2.1,-5.7,0.8,3.8000000000000003,-12.8,2.8000000000000003,-126.89999999999999,-48.300000000000004,250.10000000000002
Chrome Mobile,90.0.4430.82,Asus X01AD,Asus,Blink,[object Object],Chrome Mobile 90.0.4430.82 on Asus X01AD (Android 9),2021-05-06T06:05:58.183Z,歩行,あ,false,131,68.8,-53,13.9,33.300000000000004,4.7,11.3,24.700000000000003,2.7,250.00000000000003,-9.899999999999999,-170
Chrome Mobile,90.0.4430.82,Asus X01AD,Asus,Blink,[object Object],Chrome Mobile 90.0.4430.82 on Asus X01AD (Android 9),2021-05-06T06:05:58.384Z,歩行,あ,false,129.5,121.10000000000001,-50.400000000000006,-1.5,-11.700000000000001,-1.6,2,-19,1.3,32.8,38.400000000000006,-112
Chrome Mobile,90.0.4430.82,Asus X01AD,Asus,Blink,[object Object],Chrome Mobile 90.0.4430.82 on Asus X01AD (Android 9),2021-05-06T06:05:58.585Z,歩行,あ,false,105,98.30000000000001,-34.300000000000004,-0.30000000000000004,1,-1.1,0.30000000000000004,-6.300000000000001,-0.2,-230.20000000000005,-30.1,250.10000000000002
Chrome Mobile,90.0.4430.82,Asus X01AD,Asus,Blink,[object Object],Chrome Mobile 90.0.4430.82 on Asus X01AD (Android 9),2021-05-06T06:05:58.791Z,歩行,あ,false,146.9,84.2,-73.60000000000001,8.700000000000001,12.100000000000001,-3.9000000000000004,6.800000000000001,-0.8,-1.8,181.9,15.299999999999999,-249.90000000000003
Chrome Mobile,90.0.4430.82,Asus X01AD,Asus,Blink,[object Object],Chrome Mobile 90.0.4430.82 on Asus X01AD (Android 9),2021-05-06T06:05:58.996Z,歩行,あ,false,128.9,124,-55.7,-1.6,-9.600000000000001,4.2,2.2,-16.400000000000002,6.800000000000001,-21.6,14.5,17.300000000000004
Chrome Mobile,90.0.4430.82,Asus X01AD,Asus,Blink,[object Object],Chrome Mobile 90.0.4430.82 on Asus X01AD (Android 9),2021-05-06T06:05:59.196Z,歩行,あ,false,112.4,74,-46.6,10.200000000000001,38.1,11.600000000000001,8.6,30.6,10.100000000000001,-249.4,8.100000000000001,247.2
Chrome Mobile,90.0.4430.82,Asus X01AD,Asus,Blink,[object Object],Chrome Mobile 90.0.4430.82 on Asus X01AD (Android 9),2021-05-06T06:05:59.397Z,歩行,あ,false,138.4,101.10000000000001,-66.7,2.1,-5.1000000000000005,8.6,4.6000000000000005,-13.200000000000001,11.4,202,-13.5,-249.90000000000003
Chrome Mobile,90.0.4430.82,Asus X01AD,Asus,Blink,[object Object],Chrome Mobile 90.0.4430.82 on Asus X01AD (Android 9),2021-05-06T06:05:59.598Z,歩行,あ,false,133.70000000000002,120.10000000000001,-60.5,-3.1,-7.7,1,0.4,-14.5,3,-25.200000000000003,-40.4,128.4
Chrome Mobile,90.0.4430.82,Asus X01AD,Asus,Blink,[object Object],Chrome Mobile 90.0.4430.82 on Asus X01AD (Android 9),2021-05-06T06:05:59.799Z,歩行,あ,false,116.4,70.8,-48.6,14.9,39.1,12.3,12.8,31.1,10.5,81.2,83.89999999999999,44.2
Chrome Mobile,90.0.4430.82,Asus X01AD,Asus,Blink,[object Object],Chrome Mobile 90.0.4430.82 on Asus X01AD (Android 9),2021-05-06T06:05:59.999Z,歩行,あ,false,118.10000000000001,123.4,-49.300000000000004,3.8000000000000003,-8.1,-3.5,7.4,-15.3,-0.4,169.70000000000002,-12.9,-195.79999999999998
Chrome Mobile,90.0.4430.82,Asus X01AD,Asus,Blink,[object Object],Chrome Mobile 90.0.4430.82 on Asus X01AD (Android 9),2021-05-06T06:06:00.201Z,歩行,あ,false,113.80000000000001,117,-44.5,0.2,-6.800000000000001,0.4,2.6,-13.4,2.8000000000000003,-100.4,-37.400000000000006,250.10000000000002
Chrome Mobile,90.0.4430.82,Asus X01AD,Asus,Blink,[object Object],Chrome Mobile 90.0.4430.82 on Asus X01AD (Android 9),2021-05-06T06:06:00.401Z,歩行,あ,false,102.4,77.7,-34.300000000000004,12.3,24,9.9,11.3,15.200000000000001,8.3,249.10000000000002,35.4,-237.90000000000003
Chrome Mobile,90.0.4430.82,Asus X01AD,Asus,Blink,[object Object],Chrome Mobile 90.0.4430.82 on Asus X01AD (Android 9),2021-05-06T06:06:00.602Z,歩行,あ,false,128.9,131.8,-53.800000000000004,-2.7,-12.3,0,1.7000000000000002,-18.400000000000002,3.2,73.4,-43.800000000000004,-21.6
Chrome Mobile,90.0.4430.82,Asus X01AD,Asus,Blink,[object Object],Chrome Mobile 90.0.4430.82 on Asus X01AD (Android 9),2021-05-06T06:06:00.803Z,歩行,あ,false,104.2,101.10000000000001,-43,9.5,9.4,4.800000000000001,10.4,2.3000000000000003,5.9,-250.00000000000003,-38.60000000000001,250.10000000000002
Chrome Mobile,90.0.4430.82,Asus X01AD,Asus,Blink,[object Object],Chrome Mobile 90.0.4430.82 on Asus X01AD (Android 9),2021-05-06T06:06:01.004Z,歩行,あ,false,112.80000000000001,96.10000000000001,-46.2,5.300000000000001,3.5,13.600000000000001,6,-5.5,14.200000000000001,102.5,56.6,-249.90000000000003
Chrome Mobile,90.0.4430.82,Asus X01AD,Asus,Blink,[object Object],Chrome Mobile 90.0.4430.82 on Asus X01AD (Android 9),2021-05-06T06:06:01.205Z,歩行,あ,false,122.60000000000001,131.5,-55.7,-2.7,-9.700000000000001,1.5,1.6,-15.5,4.5,2.6,12,74.5
Chrome Mobile,90.0.4430.82,Asus X01AD,Asus,Blink,[object Object],Chrome Mobile 90.0.4430.82 on Asus X01AD (Android 9),2021-05-06T06:06:01.405Z,歩行,あ,false,114.4,76.3,-52.1,19.1,39,20.3,17.6,31.400000000000002,19.1,-210.20000000000002,45.2,206.00000000000003
Chrome Mobile,90.0.4430.82,Asus X01AD,Asus,Blink,[object Object],Chrome Mobile 90.0.4430.82 on Asus X01AD (Android 9),2021-05-06T06:06:01.606Z,歩行,あ,false,120.80000000000001,117.80000000000001,-53.7,1.6,-5.300000000000001,4.7,4.5,-13.200000000000001,6.800000000000001,219.10000000000002,-28.1,-249.7
Chrome Mobile,90.0.4430.82,Asus X01AD,Asus,Blink,[object Object],Chrome Mobile 90.0.4430.82 on Asus X01AD (Android 9),2021-05-06T06:06:01.807Z,歩行,あ,false,123.80000000000001,124.9,-55.1,-2.9000000000000004,-7.800000000000001,1,0.6000000000000001,-13.9,3.5,-81.4,-11.700000000000001,199.6
Chrome Mobile,90.0.4430.82,Asus X01AD,Asus,Blink,[object Object],Chrome Mobile 90.0.4430.82 on Asus X01AD (Android 9),2021-05-06T06:06:02.008Z,歩行,あ,false,127.2,83.4,-60,11.600000000000001,38.800000000000004,-0.6000000000000001,10.700000000000001,30.200000000000003,-1.1,203.2,30.5,-142.7
Chrome Mobile,90.0.4430.82,Asus X01AD,Asus,Blink,[object Object],Chrome Mobile 90.0.4430.82 on Asus X01AD (Android 9),2021-05-06T06:06:02.210Z,歩行,あ,false,122.30000000000001,131.8,-53.6,-3.1,-12,-0.7000000000000001,1.2000000000000002,-18,2.4000000000000004,-9.600000000000001,3.9,-7.8
Chrome Mobile,90.0.4430.82,Asus X01AD,Asus,Blink,[object Object],Chrome Mobile 90.0.4430.82 on Asus X01AD (Android 9),2021-05-06T06:06:02.411Z,歩行,あ,false,104,97,-43.2,4.7,8.1,7,5.300000000000001,1.1,7.6000000000000005,-249.80000000000004,-22.9,249.80000000000004
Chrome Mobile,90.0.4430.82,Asus X01AD,Asus,Blink,[object Object],Chrome Mobile 90.0.4430.82 on Asus X01AD (Android 9),2021-05-06T06:06:02.611Z,歩行,あ,false,114.2,96,-49.5,4.9,4.800000000000001,4.1000000000000005,5.6000000000000005,-4.1000000000000005,4.7,122.10000000000002,8.899999999999999,-249.90000000000003
Chrome Mobile,90.0.4430.82,Asus X01AD,Asus,Blink,[object Object],Chrome Mobile 90.0.4430.82 on Asus X01AD (Android 9),2021-05-06T06:06:02.812Z,歩行,あ,false,124.5,126.60000000000001,-59.6,0.1,-8.8,5.2,4,-15,7.5,-22.8,-3.9,67.3
Chrome Mobile,90.0.4430.82,Asus X01AD,Asus,Blink,[object Object],Chrome Mobile 90.0.4430.82 on Asus X01AD (Android 9),2021-05-06T06:06:03.012Z,歩行,あ,false,85.80000000000001,76.4,-27.200000000000003,8.8,39.1,21.400000000000002,8,31.6,19.8,-100.2,-15.299999999999999,172.6
Chrome Mobile,90.0.4430.82,Asus X01AD,Asus,Blink,[object Object],Chrome Mobile 90.0.4430.82 on Asus X01AD (Android 9),2021-05-06T06:06:03.213Z,歩行,あ,false,115.10000000000001,121.4,-51.7,1.6,-2.8000000000000003,3.9000000000000004,5.2,-10.200000000000001,6.7,228.80000000000004,-8.600000000000001,-224.3
Chrome Mobile,90.0.4430.82,Asus X01AD,Asus,Blink,[object Object],Chrome Mobile 90.0.4430.82 on Asus X01AD (Android 9),2021-05-06T06:06:03.413Z,歩行,あ,false,110,132.20000000000002,-47.1,-3.7,-9,-1.2000000000000002,0,-14.600000000000001,2.2,-39.300000000000004,-66.7,208.20000000000002
Chrome Mobile,90.0.4430.82,Asus X01AD,Asus,Blink,[object Object],Chrome Mobile 90.0.4430.82 on Asus X01AD (Android 9),2021-05-06T06:06:03.614Z,歩行,あ,false,102.5,75.9,-40.2,16.6,39.1,28.200000000000003,15.200000000000001,31,26.400000000000002,173,96.7,-25.900000000000002
Chrome Mobile,90.0.4430.82,Asus X01AD,Asus,Blink,[object Object],Chrome Mobile 90.0.4430.82 on Asus X01AD (Android 9),2021-05-06T06:06:03.815Z,歩行,あ,false,111.4,136.5,-49.800000000000004,0.5,-7.300000000000001,-0.7000000000000001,5.1000000000000005,-13,3.2,177.6,-17.5,-198.60000000000002
Chrome Mobile,90.0.4430.82,Asus X01AD,Asus,Blink,[object Object],Chrome Mobile 90.0.4430.82 on Asus X01AD (Android 9),2021-05-06T06:06:04.015Z,歩行,あ,false,102.60000000000001,130.9,-47.5,2.5,-4.4,-0.4,6,-9.9,2.9000000000000004,-108.50000000000001,-41.7,250.10000000000002
Chrome Mobile,90.0.4430.82,Asus X01AD,Asus,Blink,[object Object],Chrome Mobile 90.0.4430.82 on Asus X01AD (Android 9),2021-05-06T06:06:04.216Z,歩行,あ,false,10.600000000000001,94.30000000000001,50.2,10.100000000000001,30.400000000000002,-2.9000000000000004,9.600000000000001,21.700000000000003,-2.5,235.60000000000002,69.10000000000001,-194.7
Chrome Mobile,90.0.4430.82,Asus X01AD,Asus,Blink,[object Object],Chrome Mobile 90.0.4430.82 on Asus X01AD (Android 9),2021-05-06T06:06:04.418Z,歩行,あ,false,114.30000000000001,137.8,-48.300000000000004,-2.6,-10.200000000000001,0.7000000000000001,1.9000000000000001,-15.600000000000001,4.7,-6.500000000000001,-3.9,-103.60000000000001
Chrome Mobile,90.0.4430.82,Asus X01AD,Asus,Blink,[object Object],Chrome Mobile 90.0.4430.82 on Asus X01AD (Android 9),2021-05-06T06:06:04.618Z,歩行,あ,false,104.60000000000001,109.4,-44.900000000000006,4.7,3.6,-2.3000000000000003,6.4,-3.1,-0.6000000000000001,-250.00000000000003,-92.2,250.00000000000003
Chrome Mobile,90.0.4430.82,Asus X01AD,Asus,Blink,[object Object],Chrome Mobile 90.0.4430.82 on Asus X01AD (Android 9),2021-05-06T06:06:04.825Z,歩行,あ,false,108.4,101.30000000000001,-52,3.3000000000000003,6.800000000000001,15.100000000000001,4.7,-1.9000000000000001,16.2,159,-4.7,-249.90000000000003
Chrome Mobile,90.0.4430.82,Asus X01AD,Asus,Blink,[object Object],Chrome Mobile 90.0.4430.82 on Asus X01AD (Android 9),2021-05-06T06:06:05.028Z,歩行,あ,false,100,138.20000000000002,-48.2,0.1,-7.9,-0.1,4.3,-12.9,3.7,5.500000000000001,-17.300000000000004,100.30000000000001
Chrome Mobile,90.0.4430.82,Asus X01AD,Asus,Blink,[object Object],Chrome Mobile 90.0.4430.82 on Asus X01AD (Android 9),2021-05-06T06:06:05.229Z,歩行,あ,false,117.4,81.80000000000001,-65.9,14.200000000000001,39.1,16,13.200000000000001,31.700000000000003,15.600000000000001,-196.20000000000002,80,230.30000000000004
Chrome Mobile,90.0.4430.82,Asus X01AD,Asus,Blink,[object Object],Chrome Mobile 90.0.4430.82 on Asus X01AD (Android 9),2021-05-06T06:06:05.429Z,歩行,あ,false,108.30000000000001,112.2,-53.7,1.4000000000000001,-3.9000000000000004,7.4,4,-11.8,9.4,250.00000000000003,1.3,-236.20000000000002
Chrome Mobile,90.0.4430.82,Asus X01AD,Asus,Blink,[object Object],Chrome Mobile 90.0.4430.82 on Asus X01AD (Android 9),2021-05-06T06:06:05.630Z,歩行,あ,false,105.7,132.1,-48.7,-2.6,-7.4,1.7000000000000002,1.2000000000000002,-13,5,-69.20000000000002,-11.5,131.9
Chrome Mobile,90.0.4430.82,Asus X01AD,Asus,Blink,[object Object],Chrome Mobile 90.0.4430.82 on Asus X01AD (Android 9),2021-05-06T06:06:05.831Z,歩行,あ,false,104.7,73.9,-53.900000000000006,13.4,39.1,13.3,11.600000000000001,31.5,12,-58,65.89999999999999,119.30000000000003
Chrome Mobile,90.0.4430.82,Asus X01AD,Asus,Blink,[object Object],Chrome Mobile 90.0.4430.82 on Asus X01AD (Android 9),2021-05-06T06:06:06.031Z,歩行,あ,false,101,121.10000000000001,-46.7,0.4,-3.8000000000000003,1.1,3.4000000000000004,-11.3,3.9000000000000004,183.6,16.4,-187.79999999999998
Chrome Mobile,90.0.4430.82,Asus X01AD,Asus,Blink,[object Object],Chrome Mobile 90.0.4430.82 on Asus X01AD (Android 9),2021-05-06T06:06:06.232Z,歩行,あ,false,100.5,125.9,-43.7,-2.5,-5.6000000000000005,-1.1,0.5,-11.600000000000001,2,-82.39999999999999,-31.5,172.2
Chrome Mobile,90.0.4430.82,Asus X01AD,Asus,Blink,[object Object],Chrome Mobile 90.0.4430.82 on Asus X01AD (Android 9),2021-05-06T06:06:06.433Z,歩行,あ,false,93.10000000000001,74,-37.5,12.100000000000001,39.1,17.3,10.600000000000001,30.900000000000002,15.4,188.10000000000002,67.4,-46.800000000000004
Chrome Mobile,90.0.4430.82,Asus X01AD,Asus,Blink,[object Object],Chrome Mobile 90.0.4430.82 on Asus X01AD (Android 9),2021-05-06T06:06:06.633Z,歩行,あ,false,110.2,127.9,-50.400000000000006,-0.9,-7.1000000000000005,-1.9000000000000001,3.1,-13.600000000000001,1.4000000000000001,68.80000000000001,41.900000000000006,-94.9
Chrome Mobile,90.0.4430.82,Asus X01AD,Asus,Blink,[object Object],Chrome Mobile 90.0.4430.82 on Asus X01AD (Android 9),2021-05-06T06:06:06.834Z,歩行,あ,false,99.30000000000001,118,-42,2.3000000000000003,-0.9,-0.6000000000000001,4.5,-7.300000000000001,1.9000000000000001,-89.6,37.50000000000001,131.5
Chrome Mobile,90.0.4430.82,Asus X01AD,Asus,Blink,[object Object],Chrome Mobile 90.0.4430.82 on Asus X01AD (Android 9),2021-05-06T06:06:07.034Z,歩行,あ,false,107,82.30000000000001,-46.800000000000004,10.200000000000001,32.5,-0.7000000000000001,9.4,23.8,-1.5,250.00000000000003,-14.700000000000001,-198.9
Chrome Mobile,90.0.4430.82,Asus X01AD,Asus,Blink,[object Object],Chrome Mobile 90.0.4430.82 on Asus X01AD (Android 9),2021-05-06T06:06:07.235Z,歩行,あ,false,112.60000000000001,135.20000000000002,-53.2,-2.4000000000000004,-7.9,0.4,2.3000000000000003,-13.700000000000001,3.8000000000000003,53.7,27.700000000000003,-100.30000000000001
Chrome Mobile,90.0.4430.82,Asus X01AD,Asus,Blink,[object Object],Chrome Mobile 90.0.4430.82 on Asus X01AD (Android 9),2021-05-06T06:06:07.436Z,歩行,あ,false,97,120.80000000000001,-43.800000000000004,7.300000000000001,-2.9000000000000004,4.9,9.8,-9.1,7.5,-26.400000000000006,-55.5,250.10000000000002
Chrome Mobile,90.0.4430.82,Asus X01AD,Asus,Blink,[object Object],Chrome Mobile 90.0.4430.82 on Asus X01AD (Android 9),2021-05-06T06:06:07.637Z,歩行,あ,false,121,80.60000000000001,-64.8,14.600000000000001,28.400000000000002,-5.6000000000000005,13.3,19.700000000000003,-6.2,249.20000000000002,38.1,-238.99999999999997
Chrome Mobile,90.0.4430.82,Asus X01AD,Asus,Blink,[object Object],Chrome Mobile 90.0.4430.82 on Asus X01AD (Android 9),2021-05-06T06:06:07.837Z,歩行,あ,false,106.10000000000001,132.4,-47.7,-0.6000000000000001,-8.1,5.800000000000001,3.4000000000000004,-14.100000000000001,9.4,87.60000000000001,48.300000000000004,-80.30000000000001
Chrome Mobile,90.0.4430.82,Asus X01AD,Asus,Blink,[object Object],Chrome Mobile 90.0.4430.82 on Asus X01AD (Android 9),2021-05-06T06:06:08.038Z,歩行,あ,false,86,108.7,-26.200000000000003,4.4,-2.9000000000000004,3.8000000000000003,5.4,-9.600000000000001,5.800000000000001,-249.5,-21.900000000000002,250.10000000000002
Chrome Mobile,90.0.4430.82,Asus X01AD,Asus,Blink,[object Object],Chrome Mobile 90.0.4430.82 on Asus X01AD (Android 9),2021-05-06T06:06:08.239Z,歩行,あ,false,146.6,78.10000000000001,-84.9,11,24.3,-5.7,9.200000000000001,15.600000000000001,-5.9,208.3,34.2,-210.8
Chrome Mobile,90.0.4430.82,Asus X01AD,Asus,Blink,[object Object],Chrome Mobile 90.0.4430.82 on Asus X01AD (Android 9),2021-05-06T06:06:08.440Z,歩行,あ,false,103.9,128.8,-43.7,-2.4000000000000004,-7.9,-0.7000000000000001,1.1,-14.3,3,62.7,-16.3,-63.900000000000006
Chrome Mobile,90.0.4430.82,Asus X01AD,Asus,Blink,[object Object],Chrome Mobile 90.0.4430.82 on Asus X01AD (Android 9),2021-05-06T06:06:08.640Z,歩行,あ,false,88.5,101.2,-28.400000000000002,5.300000000000001,4.9,0.5,5.9,-2.2,1.7000000000000002,-250.00000000000003,-17,202.60000000000002
Chrome Mobile,90.0.4430.82,Asus X01AD,Asus,Blink,[object Object],Chrome Mobile 90.0.4430.82 on Asus X01AD (Android 9),2021-05-06T06:06:08.841Z,歩行,あ,false,348.70000000000005,98.9,76.9,5.800000000000001,13.5,-0.6000000000000001,4.5,4.5,-0.30000000000000004,220.9,10.4,-225.20000000000002
Chrome Mobile,90.0.4430.82,Asus X01AD,Asus,Blink,[object Object],Chrome Mobile 90.0.4430.82 on Asus X01AD (Android 9),2021-05-06T06:06:09.042Z,歩行,あ,false,100.5,131.1,-40.5,-2,-7.4,-1.7000000000000002,1.5,-13.600000000000001,2.4000000000000004,71.5,-47.5,-34.2
Chrome Mobile,90.0.4430.82,Asus X01AD,Asus,Blink,[object Object],Chrome Mobile 90.0.4430.82 on Asus X01AD (Android 9),2021-05-06T06:06:09.243Z,歩行,あ,false,43.900000000000006,95.80000000000001,-0.7000000000000001,12.9,15.3,11,12.9,8.1,11.8,-250.00000000000003,-153.50000000000003,250.10000000000002
Chrome Mobile,90.0.4430.82,Asus X01AD,Asus,Blink,[object Object],Chrome Mobile 90.0.4430.82 on Asus X01AD (Android 9),2021-05-06T06:06:09.444Z,歩行,あ,false,77.10000000000001,99.2,-33,5.800000000000001,5.7,11.200000000000001,6.6000000000000005,-3.3000000000000003,12.5,112.5,-2.9,-249.90000000000003
Chrome Mobile,90.0.4430.82,Asus X01AD,Asus,Blink,[object Object],Chrome Mobile 90.0.4430.82 on Asus X01AD (Android 9),2021-05-06T06:06:09.644Z,歩行,あ,false,95.2,134.4,-51.2,0,-8.1,0.2,4.4,-13.9,3.8000000000000003,7.6,-9.2,59.5
Chrome Mobile,90.0.4430.82,Asus X01AD,Asus,Blink,[object Object],Chrome Mobile 90.0.4430.82 on Asus X01AD (Android 9),2021-05-06T06:06:09.845Z,歩行,あ,false,348.40000000000003,96.2,47.2,16.6,26.900000000000002,2,16,19.5,2.5,-211.60000000000002,-22.9,250.10000000000002
Chrome Mobile,90.0.4430.82,Asus X01AD,Asus,Blink,[object Object],Chrome Mobile 90.0.4430.82 on Asus X01AD (Android 9),2021-05-06T06:06:10.045Z,歩行,あ,false,101.5,100.30000000000001,-53.1,4.2,1.3,12.200000000000001,5.6000000000000005,-7.7,13.200000000000001,131.4,41.4,-248.3
Chrome Mobile,90.0.4430.82,Asus X01AD,Asus,Blink,[object Object],Chrome Mobile 90.0.4430.82 on Asus X01AD (Android 9),2021-05-06T06:06:10.246Z,歩行,あ,false,106.9,125,-51.7,-1.5,-9.200000000000001,0,2.1,-15.700000000000001,2.9000000000000004,12,-10.4,57.400000000000006
Chrome Mobile,90.0.4430.82,Asus X01AD,Asus,Blink,[object Object],Chrome Mobile 90.0.4430.82 on Asus X01AD (Android 9),2021-05-06T06:06:10.447Z,歩行,あ,false,100,76.10000000000001,-53.5,17.400000000000002,28.1,16,16,20.8,14.9,-250.00000000000003,6.500000000000001,250.10000000000002
Chrome Mobile,90.0.4430.82,Asus X01AD,Asus,Blink,[object Object],Chrome Mobile 90.0.4430.82 on Asus X01AD (Android 9),2021-05-06T06:06:10.648Z,歩行,あ,false,138.70000000000002,95.9,-85.30000000000001,2.8000000000000003,-0.6000000000000001,11.200000000000001,3.8000000000000003,-9.8,11.3,132.4,41.900000000000006,-249.90000000000003
Chrome Mobile,90.0.4430.82,Asus X01AD,Asus,Blink,[object Object],Chrome Mobile 90.0.4430.82 on Asus X01AD (Android 9),2021-05-06T06:06:10.854Z,歩行,あ,false,105,124.7,-52.800000000000004,-0.30000000000000004,-7.300000000000001,-0.1,3.4000000000000004,-13.9,2.6,-35.8,-10.1,45.3
Chrome Mobile,90.0.4430.82,Asus X01AD,Asus,Blink,[object Object],Chrome Mobile 90.0.4430.82 on Asus X01AD (Android 9),2021-05-06T06:06:11.059Z,歩行,あ,false,118.5,82.9,-71.7,15.8,23.200000000000003,12.3,14.9,15.8,12,-250.00000000000003,-3.5,250.10000000000002
Chrome Mobile,90.0.4430.82,Asus X01AD,Asus,Blink,[object Object],Chrome Mobile 90.0.4430.82 on Asus X01AD (Android 9),2021-05-06T06:06:11.260Z,歩行,あ,false,103.4,99.4,-52.300000000000004,1.2000000000000002,-3,8.5,2.4000000000000004,-12,9.4,204.70000000000002,25.5,-249.90000000000003
Chrome Mobile,90.0.4430.82,Asus X01AD,Asus,Blink,[object Object],Chrome Mobile 90.0.4430.82 on Asus X01AD (Android 9),2021-05-06T06:06:11.461Z,歩行,あ,false,111.7,118.5,-54.5,-1.4000000000000001,-7.4,1.3,1.7000000000000002,-14.4,3.5,-27.3,-19.700000000000003,94
Chrome Mobile,90.0.4430.82,Asus X01AD,Asus,Blink,[object Object],Chrome Mobile 90.0.4430.82 on Asus X01AD (Android 9),2021-05-06T06:06:11.662Z,歩行,あ,false,97.80000000000001,66.4,-51.800000000000004,19,39.1,32.1,16.5,31.900000000000002,30.200000000000003,-223.29999999999998,-66.60000000000001,250.10000000000002
Chrome Mobile,90.0.4430.82,Asus X01AD,Asus,Blink,[object Object],Chrome Mobile 90.0.4430.82 on Asus X01AD (Android 9),2021-05-06T06:06:11.863Z,歩行,あ,false,80.10000000000001,105.80000000000001,-27.200000000000003,2.3000000000000003,-4.3,2.8000000000000003,3.4000000000000004,-13.100000000000001,5,250.00000000000003,-29.400000000000002,-249.90000000000003
Chrome Mobile,90.0.4430.82,Asus X01AD,Asus,Blink,[object Object],Chrome Mobile 90.0.4430.82 on Asus X01AD (Android 9),2021-05-06T06:06:12.064Z,歩行,あ,false,93.30000000000001,122.80000000000001,-41.5,-0.2,-5.5,1.2000000000000002,2.6,-12,4.3,-41.1,-4.7,132.9
Chrome Mobile,90.0.4430.82,Asus X01AD,Asus,Blink,[object Object],Chrome Mobile 90.0.4430.82 on Asus X01AD (Android 9),2021-05-06T06:06:12.265Z,歩行,あ,false,111.5,64.60000000000001,-63.2,9.700000000000001,39.1,7.2,6.5,31.6,5.6000000000000005,-153,92.2,134.9
Chrome Mobile,90.0.4430.82,Asus X01AD,Asus,Blink,[object Object],Chrome Mobile 90.0.4430.82 on Asus X01AD (Android 9),2021-05-06T06:06:12.465Z,歩行,あ,false,93,109.2,-43.1,1.4000000000000001,-2.6,0.9,3.5,-11.200000000000001,3.1,245.00000000000003,-59.9,-201.8
Chrome Mobile,90.0.4430.82,Asus X01AD,Asus,Blink,[object Object],Chrome Mobile 90.0.4430.82 on Asus X01AD (Android 9),2021-05-06T06:06:12.666Z,歩行,あ,false,101.80000000000001,118.7,-50.800000000000004,-1.3,-6.800000000000001,1,1.7000000000000002,-13.8,3.4000000000000004,-67.10000000000001,-5.1000000000000005,113.2
Chrome Mobile,90.0.4430.82,Asus X01AD,Asus,Blink,[object Object],Chrome Mobile 90.0.4430.82 on Asus X01AD (Android 9),2021-05-06T06:06:12.867Z,歩行,あ,false,95.7,63.300000000000004,-50.1,10.9,39,13.3,8,31.6,10.9,-41.6,-11.3,133.70000000000002
Chrome Mobile,90.0.4430.82,Asus X01AD,Asus,Blink,[object Object],Chrome Mobile 90.0.4430.82 on Asus X01AD (Android 9),2021-05-06T06:06:13.067Z,歩行,あ,false,104.80000000000001,105.2,-54.6,-0.5,-0.1,2.9000000000000004,1.4000000000000001,-9,4.3,112.80000000000001,55.1,-157.5
Chrome Mobile,90.0.4430.82,Asus X01AD,Asus,Blink,[object Object],Chrome Mobile 90.0.4430.82 on Asus X01AD (Android 9),2021-05-06T06:06:13.268Z,歩行,あ,false,103.5,113.30000000000001,-50.400000000000006,0.8,-6.4,0.9,3.2,-13.8,3,-42.900000000000006,-19.799999999999997,106.1
Chrome Mobile,90.0.4430.82,Asus X01AD,Asus,Blink,[object Object],Chrome Mobile 90.0.4430.82 on Asus X01AD (Android 9),2021-05-06T06:06:13.469Z,歩行,あ,false,99.7,62.2,-53.400000000000006,12.9,39,8.9,8.5,31.5,14.9,-250.00000000000003,66.60000000000001,145.60000000000002
Chrome Mobile,90.0.4430.82,Asus X01AD,Asus,Blink,[object Object],Chrome Mobile 90.0.4430.82 on Asus X01AD (Android 9),2021-05-06T06:06:13.670Z,歩行,あ,false,97.4,106.30000000000001,-48.400000000000006,-1.4000000000000001,-4.4,-0.7000000000000001,0.6000000000000001,-13.200000000000001,1.1,210.8,-39.9,-241.8
Chrome Mobile,90.0.4430.82,Asus X01AD,Asus,Blink,[object Object],Chrome Mobile 90.0.4430.82 on Asus X01AD (Android 9),2021-05-06T06:06:13.870Z,歩行,あ,false,97.60000000000001,110.30000000000001,-45.900000000000006,-2.4000000000000004,-6.7,1.7000000000000002,-0.4,-14.200000000000001,3.6,-73.9,-16,157
Chrome Mobile,90.0.4430.82,Asus X01AD,Asus,Blink,[object Object],Chrome Mobile 90.0.4430.82 on Asus X01AD (Android 9),2021-05-06T06:06:14.071Z,歩行,あ,false,107.7,58.900000000000006,-57.2,16,39.1,10.600000000000001,12.200000000000001,31.6,8.200000000000001,33.2,98.60000000000001,72.80000000000001
Chrome Mobile,90.0.4430.82,Asus X01AD,Asus,Blink,[object Object],Chrome Mobile 90.0.4430.82 on Asus X01AD (Android 9),2021-05-06T06:06:14.272Z,歩行,あ,false,101.10000000000001,108.80000000000001,-49.300000000000004,-0.5,-4.5,-1.8,1.8,-13.100000000000001,0.1,202.70000000000002,-20.5,-182.5
Chrome Mobile,90.0.4430.82,Asus X01AD,Asus,Blink,[object Object],Chrome Mobile 90.0.4430.82 on Asus X01AD (Android 9),2021-05-06T06:06:14.473Z,歩行,あ,false,108.9,107.9,-55.800000000000004,-2.7,-6.6000000000000005,2.8000000000000003,-0.6000000000000001,-14.200000000000001,4.1000000000000005,-30.200000000000003,-65,175.4
Chrome Mobile,90.0.4430.82,Asus X01AD,Asus,Blink,[object Object],Chrome Mobile 90.0.4430.82 on Asus X01AD (Android 9),2021-05-06T06:06:14.674Z,歩行,あ,false,95.5,58.400000000000006,-49.6,22.700000000000003,39.1,30.6,19,31.6,27.3,80,43.00000000000001,-6.699999999999999
Chrome Mobile,90.0.4430.82,Asus X01AD,Asus,Blink,[object Object],Chrome Mobile 90.0.4430.82 on Asus X01AD (Android 9),2021-05-06T06:06:14.874Z,歩行,あ,false,102.10000000000001,115.2,-49.900000000000006,-1.5,-6.7,-2.1,1.4000000000000001,-14.8,0.30000000000000004,179.2,29.900000000000006,-137.60000000000002
Chrome Mobile,90.0.4430.82,Asus X01AD,Asus,Blink,[object Object],Chrome Mobile 90.0.4430.82 on Asus X01AD (Android 9),2021-05-06T06:06:15.075Z,歩行,あ,false,76,111,-29.3,1.8,-4.6000000000000005,3.5,3.1,-11.8,5.9,25.300000000000004,-87.2,205.79999999999998
Chrome Mobile,90.0.4430.82,Asus X01AD,Asus,Blink,[object Object],Chrome Mobile 90.0.4430.82 on Asus X01AD (Android 9),2021-05-06T06:06:15.277Z,歩行,あ,false,113.10000000000001,72.10000000000001,-64.2,13.8,32.800000000000004,-1.4000000000000001,11.200000000000001,24,-2.6,184.6,64.60000000000001,-190.9
Chrome Mobile,90.0.4430.82,Asus X01AD,Asus,Blink,[object Object],Chrome Mobile 90.0.4430.82 on Asus X01AD (Android 9),2021-05-06T06:06:15.477Z,歩行,あ,false,104.9,118.7,-53.1,0.1,-6.6000000000000005,3.5,3.5,-14.3,6.1000000000000005,-30.9,10.700000000000001,-73.30000000000001
Chrome Mobile,90.0.4430.82,Asus X01AD,Asus,Blink,[object Object],Chrome Mobile 90.0.4430.82 on Asus X01AD (Android 9),2021-05-06T06:06:15.678Z,歩行,あ,false,59.6,104.60000000000001,-12.200000000000001,2.9000000000000004,-2.1,-0.7000000000000001,3.3000000000000003,-9.4,1.2000000000000002,-110.80000000000001,-8.5,250.10000000000002
Chrome Mobile,90.0.4430.82,Asus X01AD,Asus,Blink,[object Object],Chrome Mobile 90.0.4430.82 on Asus X01AD (Android 9),2021-05-06T06:06:15.879Z,歩行,あ,false,134.8,74.8,-80,12.600000000000001,23.6,-4.7,9.8,14.600000000000001,-5.300000000000001,187.20000000000002,2.9,-249.90000000000003
Chrome Mobile,90.0.4430.82,Asus X01AD,Asus,Blink,[object Object],Chrome Mobile 90.0.4430.82 on Asus X01AD (Android 9),2021-05-06T06:06:16.080Z,歩行,あ,false,105.4,119.9,-47.7,1.5,-6.6000000000000005,3.1,4.7,-14.100000000000001,6.1000000000000005,17.1,-2.8,-78.80000000000001
Chrome Mobile,90.0.4430.82,Asus X01AD,Asus,Blink,[object Object],Chrome Mobile 90.0.4430.82 on Asus X01AD (Android 9),2021-05-06T06:06:16.281Z,歩行,あ,false,70.8,105.80000000000001,-15.600000000000001,4.1000000000000005,-0.9,-2.8000000000000003,4.6000000000000005,-8.200000000000001,-0.8,-123.4,19.200000000000003,250.10000000000002
Chrome Mobile,90.0.4430.82,Asus X01AD,Asus,Blink,[object Object],Chrome Mobile 90.0.4430.82 on Asus X01AD (Android 9),2021-05-06T06:06:16.482Z,歩行,あ,false,340.40000000000003,100.4,77.9,8.4,17.6,-0.8,6.7,8.3,-0.4,24.3,23.900000000000006,-249.5
Chrome Mobile,90.0.4430.82,Asus X01AD,Asus,Blink,[object Object],Chrome Mobile 90.0.4430.82 on Asus X01AD (Android 9),2021-05-06T06:06:16.683Z,歩行,あ,false,116.60000000000001,121.10000000000001,-58.5,-1.8,-8.200000000000001,3.2,1.9000000000000001,-15.5,5.5,30.799999999999997,-18.1,-13.900000000000002
Chrome Mobile,90.0.4430.82,Asus X01AD,Asus,Blink,[object Object],Chrome Mobile 90.0.4430.82 on Asus X01AD (Android 9),2021-05-06T06:06:16.898Z,歩行,あ,false,32.2,95.60000000000001,24.5,6.6000000000000005,6.2,2.1,6.300000000000001,-1.3,2.8000000000000003,-212.29999999999998,36.300000000000004,249.90000000000003
Chrome Mobile,90.0.4430.82,Asus X01AD,Asus,Blink,[object Object],Chrome Mobile 90.0.4430.82 on Asus X01AD (Android 9),2021-05-06T06:06:17.099Z,歩行,あ,false,339.6,89.9,83.80000000000001,3.2,4.4,6.1000000000000005,3.2,-5.1000000000000005,6.1000000000000005,81.2,33.2,-249.90000000000003
Chrome Mobile,90.0.4430.82,Asus X01AD,Asus,Blink,[object Object],Chrome Mobile 90.0.4430.82 on Asus X01AD (Android 9),2021-05-06T06:06:17.300Z,歩行,あ,false,117.60000000000001,119.10000000000001,-58.2,-0.2,-8,-0.7000000000000001,3.3000000000000003,-15.3,1.5,8.4,-8.2,41.800000000000004
Chrome Mobile,90.0.4430.82,Asus X01AD,Asus,Blink,[object Object],Chrome Mobile 90.0.4430.82 on Asus X01AD (Android 9),2021-05-06T06:06:17.500Z,歩行,あ,false,110.2,79,-52,8.200000000000001,18.5,11.9,7,11,11,-250.00000000000003,-37,250.10000000000002
Chrome Mobile,90.0.4430.82,Asus X01AD,Asus,Blink,[object Object],Chrome Mobile 90.0.4430.82 on Asus X01AD (Android 9),2021-05-06T06:06:17.701Z,歩行,あ,false,36.6,85,25.1,1.8,2.6,11,2.1,-6.800000000000001,10.200000000000001,137,17,-249.90000000000003
Chrome Mobile,90.0.4430.82,Asus X01AD,Asus,Blink,[object Object],Chrome Mobile 90.0.4430.82 on Asus X01AD (Android 9),2021-05-06T06:06:17.902Z,歩行,あ,false,120.10000000000001,120.30000000000001,-64.7,0.7000000000000001,-6.300000000000001,2.2,4.5,-13.600000000000001,4,-1.2000000000000002,6.1000000000000005,44.300000000000004
Chrome Mobile,90.0.4430.82,Asus X01AD,Asus,Blink,[object Object],Chrome Mobile 90.0.4430.82 on Asus X01AD (Android 9),2021-05-06T06:06:18.103Z,歩行,あ,false,105.4,74.5,-51.2,14.600000000000001,23.700000000000003,2.8000000000000003,13.4,16,1.8,-250.00000000000003,-22.6,250.10000000000002
Chrome Mobile,90.0.4430.82,Asus X01AD,Asus,Blink,[object Object],Chrome Mobile 90.0.4430.82 on Asus X01AD (Android 9),2021-05-06T06:06:18.309Z,歩行,あ,false,142.8,94.9,-83.30000000000001,2.5,-0.9,9.600000000000001,3.3000000000000003,-10.4,9.700000000000001,211.4,-19.6,-249.90000000000003
Chrome Mobile,90.0.4430.82,Asus X01AD,Asus,Blink,[object Object],Chrome Mobile 90.0.4430.82 on Asus X01AD (Android 9),2021-05-06T06:06:18.510Z,歩行,あ,false,121.10000000000001,113.7,-60.900000000000006,-1.8,-5.6000000000000005,-0.30000000000000004,1,-13.100000000000001,1.2000000000000002,-28.400000000000002,25.200000000000003,125.30000000000001
Chrome Mobile,90.0.4430.82,Asus X01AD,Asus,Blink,[object Object],Chrome Mobile 90.0.4430.82 on Asus X01AD (Android 9),2021-05-06T06:06:18.711Z,歩行,あ,false,100.5,61.800000000000004,-45.300000000000004,6.4,39.1,22.200000000000003,2.1,31.700000000000003,23.700000000000003,-248.6,21.8,122.39999999999999
Chrome Mobile,90.0.4430.82,Asus X01AD,Asus,Blink,[object Object],Chrome Mobile 90.0.4430.82 on Asus X01AD (Android 9),2021-05-06T06:06:18.912Z,歩行,あ,false,121,105,-60.2,1.3,-2.7,1.2000000000000002,3.4000000000000004,-11.8,2.4000000000000004,207.4,-38.300000000000004,-235
Chrome Mobile,90.0.4430.82,Asus X01AD,Asus,Blink,[object Object],Chrome Mobile 90.0.4430.82 on Asus X01AD (Android 9),2021-05-06T06:06:19.112Z,歩行,あ,false,118.5,115.7,-57.400000000000006,-1.9000000000000001,-5.4,-0.4,1.1,-12.8,1.5,-10.600000000000001,11.700000000000001,151.3
Chrome Mobile,90.0.4430.82,Asus X01AD,Asus,Blink,[object Object],Chrome Mobile 90.0.4430.82 on Asus X01AD (Android 9),2021-05-06T06:06:19.318Z,歩行,あ,false,101.5,59.7,-47.5,8.200000000000001,39.1,27,4.800000000000001,31.700000000000003,23.700000000000003,-186.6,34.800000000000004,103.89999999999999
Chrome Mobile,90.0.4430.82,Asus X01AD,Asus,Blink,[object Object],Chrome Mobile 90.0.4430.82 on Asus X01AD (Android 9),2021-05-06T06:06:19.520Z,歩行,あ,false,118.2,105.4,-60.900000000000006,1.7000000000000002,-2.5,0.1,3.9000000000000004,-11.600000000000001,1.4000000000000001,210.6,-44.9,-223.1
Chrome Mobile,90.0.4430.82,Asus X01AD,Asus,Blink,[object Object],Chrome Mobile 90.0.4430.82 on Asus X01AD (Android 9),2021-05-06T06:06:19.722Z,歩行,あ,false,113.30000000000001,119.5,-59.400000000000006,-1.8,-5.4,1.7000000000000002,1.7000000000000002,-12.600000000000001,3.8000000000000003,-11.900000000000002,-2.6,126.20000000000002
Chrome Mobile,90.0.4430.82,Asus X01AD,Asus,Blink,[object Object],Chrome Mobile 90.0.4430.82 on Asus X01AD (Android 9),2021-05-06T06:06:19.924Z,歩行,あ,false,110.2,66.9,-53.2,15.100000000000001,39.1,9.8,12.3,31,7.7,-53.50000000000001,106.60000000000001,101.6
Chrome Mobile,90.0.4430.82,Asus X01AD,Asus,Blink,[object Object],Chrome Mobile 90.0.4430.82 on Asus X01AD (Android 9),2021-05-06T06:06:20.124Z,歩行,あ,false,124.30000000000001,109.5,-64.3,1.4000000000000001,-3.5,-1.8,3.7,-12.8,0.30000000000000004,101.6,24.900000000000002,-149.3
Chrome Mobile,90.0.4430.82,Asus X01AD,Asus,Blink,[object Object],Chrome Mobile 90.0.4430.82 on Asus X01AD (Android 9),2021-05-06T06:06:20.326Z,歩行,あ,false,117.80000000000001,105.2,-59,1.3,-5.1000000000000005,1.9000000000000001,3,-12.700000000000001,2.9000000000000004,-11.900000000000002,-44.4,183.6
Chrome Mobile,90.0.4430.82,Asus X01AD,Asus,Blink,[object Object],Chrome Mobile 90.0.4430.82 on Asus X01AD (Android 9),2021-05-06T06:06:20.527Z,歩行,あ,false,106.9,58.1,-47.800000000000004,18.8,39.1,11.700000000000001,15.200000000000001,31.200000000000003,8.4,250.00000000000003,67.2,-83.89999999999999
Chrome Mobile,90.0.4430.82,Asus X01AD,Asus,Blink,[object Object],Chrome Mobile 90.0.4430.82 on Asus X01AD (Android 9),2021-05-06T06:06:20.728Z,歩行,あ,false,112,115.5,-55.2,-1.3,-4.9,-0.4,2,-13.200000000000001,1.8,152,-58,-186.3
Chrome Mobile,90.0.4430.82,Asus X01AD,Asus,Blink,[object Object],Chrome Mobile 90.0.4430.82 on Asus X01AD (Android 9),2021-05-06T06:06:20.929Z,歩行,あ,false,104.5,115.4,-51.300000000000004,-2,-5.7,0.30000000000000004,0.7000000000000001,-12.9,2.5,-13.200000000000003,-12,211.1
Chrome Mobile,90.0.4430.82,Asus X01AD,Asus,Blink,[object Object],Chrome Mobile 90.0.4430.82 on Asus X01AD (Android 9),2021-05-06T06:06:21.130Z,歩行,あ,false,109,61.7,-49.800000000000004,18.1,39.1,13.700000000000001,14.9,31.1,10.9,155.4,102.5,16.900000000000002
Chrome Mobile,90.0.4430.82,Asus X01AD,Asus,Blink,[object Object],Chrome Mobile 90.0.4430.82 on Asus X01AD (Android 9),2021-05-06T06:06:21.330Z,歩行,あ,false,122.4,115,-60.6,0,-2.9000000000000004,-2.8000000000000003,3.4000000000000004,-11.3,-0.9,59.1,52.300000000000004,-161.5
Chrome Mobile,90.0.4430.82,Asus X01AD,Asus,Blink,[object Object],Chrome Mobile 90.0.4430.82 on Asus X01AD (Android 9),2021-05-06T06:06:21.535Z,歩行,あ,false,124.9,117.4,-63.400000000000006,-0.2,-7.1000000000000005,4.1000000000000005,3.1,-14.3,5.800000000000001,-39.1,-47.1,160.60000000000002
Chrome Mobile,90.0.4430.82,Asus X01AD,Asus,Blink,[object Object],Chrome Mobile 90.0.4430.82 on Asus X01AD (Android 9),2021-05-06T06:06:21.736Z,歩行,あ,false,101.80000000000001,61.5,-45.5,3.9000000000000004,39.1,29.400000000000002,0.9,31.5,26.5,-177.4,35.5,128.4
Chrome Mobile,90.0.4430.82,Asus X01AD,Asus,Blink,[object Object],Chrome Mobile 90.0.4430.82 on Asus X01AD (Android 9),2021-05-06T06:06:21.937Z,歩行,あ,false,112.4,112.5,-54.2,1.4000000000000001,-0.9,-1.9000000000000001,4.3,-9.5,0.2,132.3,-4.6,-190.60000000000002
Chrome Mobile,90.0.4430.82,Asus X01AD,Asus,Blink,[object Object],Chrome Mobile 90.0.4430.82 on Asus X01AD (Android 9),2021-05-06T06:06:22.137Z,歩行,あ,false,118.7,120,-59.7,-1,-7.800000000000001,4,2.5,-14.9,6,-58.400000000000006,-1.7,132
Chrome Mobile,90.0.4430.82,Asus X01AD,Asus,Blink,[object Object],Chrome Mobile 90.0.4430.82 on Asus X01AD (Android 9),2021-05-06T06:06:22.338Z,歩行,あ,false,112.5,63.2,-54.7,10.100000000000001,39.1,13.9,7,31.5,11.700000000000001,-135.3,59.40000000000001,155.60000000000002
Chrome Mobile,90.0.4430.82,Asus X01AD,Asus,Blink,[object Object],Chrome Mobile 90.0.4430.82 on Asus X01AD (Android 9),2021-05-06T06:06:22.539Z,歩行,あ,false,124.4,106.10000000000001,-64.60000000000001,3.8000000000000003,-4.9,0.5,6.2,-13.9,1.6,150.2,7.500000000000001,-224.2
Chrome Mobile,90.0.4430.82,Asus X01AD,Asus,Blink,[object Object],Chrome Mobile 90.0.4430.82 on Asus X01AD (Android 9),2021-05-06T06:06:22.740Z,歩行,あ,false,124,112.30000000000001,-62.400000000000006,-2.1,-6.9,2.7,0.5,-14.200000000000001,4.1000000000000005,3,-13.399999999999999,178.8
Chrome Mobile,90.0.4430.82,Asus X01AD,Asus,Blink,[object Object],Chrome Mobile 90.0.4430.82 on Asus X01AD (Android 9),2021-05-06T06:06:22.946Z,歩行,あ,false,111,55.7,-48.6,5.9,39.1,36.2,2.2,31.900000000000002,33,-159.2,69.4,112.5
Chrome Mobile,90.0.4430.82,Asus X01AD,Asus,Blink,[object Object],Chrome Mobile 90.0.4430.82 on Asus X01AD (Android 9),2021-05-06T06:06:23.146Z,歩行,あ,false,117.7,111.30000000000001,-51.900000000000006,-0.1,-4.6000000000000005,-0.6000000000000001,2.5,-13.100000000000001,1.5,135.3,-15.399999999999999,-210.3
Chrome Mobile,90.0.4430.82,Asus X01AD,Asus,Blink,[object Object],Chrome Mobile 90.0.4430.82 on Asus X01AD (Android 9),2021-05-06T06:06:23.347Z,歩行,あ,false,114,112.5,-49.2,0.5,-6.9,3.5,2.8000000000000003,-14.3,5.5,-6.2,-9.4,168.5
Chrome Mobile,90.0.4430.82,Asus X01AD,Asus,Blink,[object Object],Chrome Mobile 90.0.4430.82 on Asus X01AD (Android 9),2021-05-06T06:06:23.548Z,歩行,あ,false,129.4,55.2,-63.2,13.8,39.1,17.2,9.4,32,15,-88.60000000000001,93.4,138.10000000000002
Chrome Mobile,90.0.4430.82,Asus X01AD,Asus,Blink,[object Object],Chrome Mobile 90.0.4430.82 on Asus X01AD (Android 9),2021-05-06T06:06:23.749Z,歩行,あ,false,101.30000000000001,104.4,-30.400000000000002,2.7,-3.2,2.6,2.9000000000000004,-12.4,2.5,225.20000000000002,-31.099999999999998,-249.90000000000003
Chrome Mobile,90.0.4430.82,Asus X01AD,Asus,Blink,[object Object],Chrome Mobile 90.0.4430.82 on Asus X01AD (Android 9),2021-05-06T06:06:23.949Z,歩行,あ,false,116,114.5,-42.400000000000006,0.6000000000000001,-7,4.1000000000000005,2.8000000000000003,-14.3,6.6000000000000005,-30.1,26.300000000000004,135.5
Chrome Mobile,90.0.4430.82,Asus X01AD,Asus,Blink,[object Object],Chrome Mobile 90.0.4430.82 on Asus X01AD (Android 9),2021-05-06T06:06:24.151Z,歩行,あ,false,137.5,59.300000000000004,-72.8,8.4,39,11.100000000000001,4.3,31.8,9.9,-94.10000000000001,24.7,157.4
Chrome Mobile,90.0.4430.82,Asus X01AD,Asus,Blink,[object Object],Chrome Mobile 90.0.4430.82 on Asus X01AD (Android 9),2021-05-06T06:06:24.357Z,歩行,あ,false,100.5,106.7,-29.3,3.5,-2.7,4.5,4.4,-11.8,6.6000000000000005,208.00000000000003,-33.9,-249.90000000000003
Chrome Mobile,90.0.4430.82,Asus X01AD,Asus,Blink,[object Object],Chrome Mobile 90.0.4430.82 on Asus X01AD (Android 9),2021-05-06T06:06:24.560Z,歩行,あ,false,119.60000000000001,121,-48.800000000000004,-0.9,-7.4,3.9000000000000004,2.2,-14.4,6.6000000000000005,-29.200000000000003,23.2,115.60000000000001
Chrome Mobile,90.0.4430.82,Asus X01AD,Asus,Blink,[object Object],Chrome Mobile 90.0.4430.82 on Asus X01AD (Android 9),2021-05-06T06:06:24.761Z,歩行,あ,false,130.70000000000002,62.900000000000006,-64.7,9.8,39.1,17.6,6.2,31.400000000000002,15.9,-31.400000000000002,81.7,99.2
Chrome Mobile,90.0.4430.82,Asus X01AD,Asus,Blink,[object Object],Chrome Mobile 90.0.4430.82 on Asus X01AD (Android 9),2021-05-06T06:06:24.962Z,歩行,あ,false,126.60000000000001,111.60000000000001,-53.900000000000006,0.8,-2.9000000000000004,-2.1,3.2,-11.5,-0.2,89.2,54,-244.60000000000002
Chrome Mobile,90.0.4430.82,Asus X01AD,Asus,Blink,[object Object],Chrome Mobile 90.0.4430.82 on Asus X01AD (Android 9),2021-05-06T06:06:25.162Z,歩行,あ,false,126.5,117.7,-50.5,-2,-6.800000000000001,3.5,0.8,-13.9,5.800000000000001,-34.7,10.700000000000001,159.6
Chrome Mobile,90.0.4430.82,Asus X01AD,Asus,Blink,[object Object],Chrome Mobile 90.0.4430.82 on Asus X01AD (Android 9),2021-05-06T06:06:25.363Z,歩行,あ,false,136.1,65.5,-65.3,8.4,39.1,14.200000000000001,5.2,31.3,12.700000000000001,-65.4,60.5,59.20000000000001
Chrome Mobile,90.0.4430.82,Asus X01AD,Asus,Blink,[object Object],Chrome Mobile 90.0.4430.82 on Asus X01AD (Android 9),2021-05-06T06:06:25.564Z,歩行,あ,false,131.20000000000002,113,-58.300000000000004,1.4000000000000001,-4.7,0.30000000000000004,4.4,-12.9,2.1,147.7,2.2,-210
Chrome Mobile,90.0.4430.82,Asus X01AD,Asus,Blink,[object Object],Chrome Mobile 90.0.4430.82 on Asus X01AD (Android 9),2021-05-06T06:06:25.764Z,歩行,あ,false,129.20000000000002,115,-52.900000000000006,-5.5,-8.1,0,-2.9000000000000004,-15.200000000000001,2,-30.4,-52.60000000000001,200.70000000000002
Chrome Mobile,90.0.4430.82,Asus X01AD,Asus,Blink,[object Object],Chrome Mobile 90.0.4430.82 on Asus X01AD (Android 9),2021-05-06T06:06:25.965Z,歩行,あ,false,139.70000000000002,70.4,-64.60000000000001,11.200000000000001,38.7,-10.200000000000001,8.5,30.200000000000003,-11.5,249.00000000000003,43.800000000000004,-147.6
Chrome Mobile,90.0.4430.82,Asus X01AD,Asus,Blink,[object Object],Chrome Mobile 90.0.4430.82 on Asus X01AD (Android 9),2021-05-06T06:06:26.166Z,歩行,あ,false,138.3,119.60000000000001,-62,-0.2,-5.2,0.6000000000000001,3.6,-12.8,2.6,58.60000000000001,41.4,-206.20000000000002
Chrome Mobile,90.0.4430.82,Asus X01AD,Asus,Blink,[object Object],Chrome Mobile 90.0.4430.82 on Asus X01AD (Android 9),2021-05-06T06:06:26.369Z,歩行,あ,false,131.1,116.30000000000001,-55.300000000000004,0.5,-7,-0.1,3.3000000000000003,-13.9,1.9000000000000001,-29.500000000000004,-82.60000000000001,250.10000000000002
Chrome Mobile,90.0.4430.82,Asus X01AD,Asus,Blink,[object Object],Chrome Mobile 90.0.4430.82 on Asus X01AD (Android 9),2021-05-06T06:06:26.570Z,歩行,あ,false,158.9,80.9,-84.30000000000001,11.100000000000001,31,-7.300000000000001,9.600000000000001,22,-7.5,246.50000000000006,-39.400000000000006,-229.2
Chrome Mobile,90.0.4430.82,Asus X01AD,Asus,Blink,[object Object],Chrome Mobile 90.0.4430.82 on Asus X01AD (Android 9),2021-05-06T06:06:26.771Z,歩行,あ,false,137.4,127.4,-61.1,-1.4000000000000001,-6.5,-1.6,3.2,-13.4,0.9,-58.7,68,-132.3
Chrome Mobile,90.0.4430.82,Asus X01AD,Asus,Blink,[object Object],Chrome Mobile 90.0.4430.82 on Asus X01AD (Android 9),2021-05-06T06:06:26.972Z,歩行,あ,false,128.70000000000002,111.60000000000001,-53,3.6,-4.1000000000000005,-1,5.800000000000001,-11.100000000000001,0.7000000000000001,-71.10000000000001,-38.300000000000004,245.90000000000003
Chrome Mobile,90.0.4430.82,Asus X01AD,Asus,Blink,[object Object],Chrome Mobile 90.0.4430.82 on Asus X01AD (Android 9),2021-05-06T06:06:27.173Z,歩行,あ,false,131.20000000000002,73.2,-54,12.3,28.200000000000003,-5.7,10.5,19.200000000000003,-6.800000000000001,247,13.3,-249.90000000000003
Chrome Mobile,90.0.4430.82,Asus X01AD,Asus,Blink,[object Object],Chrome Mobile 90.0.4430.82 on Asus X01AD (Android 9),2021-05-06T06:06:27.374Z,歩行,あ,false,143.3,123.80000000000001,-64.3,-2.8000000000000003,-6.1000000000000005,0.9,1.5,-13.3,3,5.9,50.2,-116.2
Chrome Mobile,90.0.4430.82,Asus X01AD,Asus,Blink,[object Object],Chrome Mobile 90.0.4430.82 on Asus X01AD (Android 9),2021-05-06T06:06:27.575Z,歩行,あ,false,119.5,114,-45.6,-0.2,-5.300000000000001,-2.4000000000000004,2,-12.100000000000001,-0.30000000000000004,9.100000000000001,-46.1,250.10000000000002
Chrome Mobile,90.0.4430.82,Asus X01AD,Asus,Blink,[object Object],Chrome Mobile 90.0.4430.82 on Asus X01AD (Android 9),2021-05-06T06:06:27.776Z,歩行,あ,false,32,95.2,48.2,10.5,19.400000000000002,-8,9.5,10.3,-7.6000000000000005,172.2,-21.7,-249.7
Chrome Mobile,90.0.4430.82,Asus X01AD,Asus,Blink,[object Object],Chrome Mobile 90.0.4430.82 on Asus X01AD (Android 9),2021-05-06T06:06:27.977Z,歩行,あ,false,141.9,129.20000000000002,-66.2,-1.8,-8.4,5,3,-14.8,7.1000000000000005,-39.400000000000006,21.6,0.1
Chrome Mobile,90.0.4430.82,Asus X01AD,Asus,Blink,[object Object],Chrome Mobile 90.0.4430.82 on Asus X01AD (Android 9),2021-05-06T06:06:28.177Z,歩行,あ,false,99.60000000000001,97.5,-23.5,7.800000000000001,5.9,2.4000000000000004,8.200000000000001,-1.3,3.2,-232,-6.300000000000001,250.10000000000002
Chrome Mobile,90.0.4430.82,Asus X01AD,Asus,Blink,[object Object],Chrome Mobile 90.0.4430.82 on Asus X01AD (Android 9),2021-05-06T06:06:28.378Z,歩行,あ,false,138.4,85,-59.300000000000004,9.8,12.5,8,9.1,3.2,7.6000000000000005,-15.899999999999999,49.50000000000001,-249.90000000000003
Chrome Mobile,90.0.4430.82,Asus X01AD,Asus,Blink,[object Object],Chrome Mobile 90.0.4430.82 on Asus X01AD (Android 9),2021-05-06T06:06:28.580Z,歩行,あ,false,150.8,121,-65.8,1.7000000000000002,-7.2,4,5.6000000000000005,-14.3,5.800000000000001,50.2,-55.2,-27.800000000000004
Chrome Mobile,90.0.4430.82,Asus X01AD,Asus,Blink,[object Object],Chrome Mobile 90.0.4430.82 on Asus X01AD (Android 9),2021-05-06T06:06:28.786Z,歩行,あ,false,117.4,104.5,-38.2,5.5,1.9000000000000001,-4,6.6000000000000005,-5.1000000000000005,-2.6,-69.10000000000001,-21.200000000000003,250.10000000000002
Chrome Mobile,90.0.4430.82,Asus X01AD,Asus,Blink,[object Object],Chrome Mobile 90.0.4430.82 on Asus X01AD (Android 9),2021-05-06T06:06:28.991Z,歩行,あ,false,153,80.9,-70.10000000000001,10.3,17.400000000000002,-3.8000000000000003,8.9,8.200000000000001,-4.3,139.4,10.700000000000001,-249.3
Chrome Mobile,90.0.4430.82,Asus X01AD,Asus,Blink,[object Object],Chrome Mobile 90.0.4430.82 on Asus X01AD (Android 9),2021-05-06T06:06:29.192Z,歩行,あ,false,150.5,120.60000000000001,-71.4,-4.3,-10,6.2,-0.30000000000000004,-17.1,7.6000000000000005,-50.2,43.1,15.2
Chrome Mobile,90.0.4430.82,Asus X01AD,Asus,Blink,[object Object],Chrome Mobile 90.0.4430.82 on Asus X01AD (Android 9),2021-05-06T06:06:29.393Z,歩行,あ,false,143.6,64.7,-34.9,12.5,8.1,20.8,10.700000000000001,1.3,18.1,-250.00000000000003,125.10000000000001,249.00000000000003
Chrome Mobile,90.0.4430.82,Asus X01AD,Asus,Blink,[object Object],Chrome Mobile 90.0.4430.82 on Asus X01AD (Android 9),2021-05-06T06:06:29.593Z,歩行,あ,false,151.5,26.400000000000002,-20.1,3.5,2.4000000000000004,15.600000000000001,0.9,-1.4000000000000001,8.5,-26.300000000000004,82.3,55.8
Chrome Mobile,90.0.4430.82,Asus X01AD,Asus,Blink,[object Object],Chrome Mobile 90.0.4430.82 on Asus X01AD (Android 9),2021-05-06T06:06:29.794Z,歩行,あ,false,162.3,30.1,-18.1,2,1.8,7.7,-0.2,-2.5,0.7000000000000001,41.900000000000006,39.50000000000001,26.6