platform_name,platform_version,platform_product,platform_manufacturer,platform_layout,platform_os,platform_description,date,label,s_movement,do_absolute,do_alpha,do_beta,do_gamma,acc_g_x,acc_g_y,acc_g_z,acc_x,acc_y,acc_z,rot_alpha,rot_beta,rot_gamma
Chrome Mobile,90.0.4430.82,Asus X01AD,Asus,Blink,[object Object],Chrome Mobile 90.0.4430.82 on Asus X01AD (Android 9),2021-05-06T05:13:08.159Z,着席,あ,false,51.1,14.200000000000001,-8.8,2.2,2.7,9.9,0.7000000000000001,0.30000000000000004,0.30000000000000004,19.1,-36.2,-12.299999999999999
Chrome Mobile,90.0.4430.82,Asus X01AD,Asus,Blink,[object Object],Chrome Mobile 90.0.4430.82 on Asus X01AD (Android 9),2021-05-06T05:13:08.360Z,着席,あ,false,30.1,68.9,-2.6,2.4000000000000004,-1.3,7.9,2.2,-10.9,4.2,139.1,-3.7000000000000006,-70.2
Chrome Mobile,90.0.4430.82,Asus X01AD,Asus,Blink,[object Object],Chrome Mobile 90.0.4430.82 on Asus X01AD (Android 9),2021-05-06T05:13:08.560Z,着席,あ,false,47.900000000000006,61.5,-22.700000000000003,5.2,34.9,12.600000000000001,3.5,26.6,8.5,-250.00000000000003,-1.8000000000000003,151.8
Chrome Mobile,90.0.4430.82,Asus X01AD,Asus,Blink,[object Object],Chrome Mobile 90.0.4430.82 on Asus X01AD (Android 9),2021-05-06T05:13:08.761Z,着席,あ,false,314.70000000000005,80.10000000000001,67.2,-2.4000000000000004,-16.1,4.6000000000000005,-0.8,-25.8,3.9000000000000004,5.1000000000000005,45.6,-71.19999999999999
Chrome Mobile,90.0.4430.82,Asus X01AD,Asus,Blink,[object Object],Chrome Mobile 90.0.4430.82 on Asus X01AD (Android 9),2021-05-06T05:13:08.961Z,着席,あ,false,44.300000000000004,67.10000000000001,-14.600000000000001,6,30.3,8.5,5,25.8,7.2,150.3,35.699999999999996,-73.5
Chrome Mobile,90.0.4430.82,Asus X01AD,Asus,Blink,[object Object],Chrome Mobile 90.0.4430.82 on Asus X01AD (Android 9),2021-05-06T05:13:09.162Z,着席,あ,false,327.6,79.9,68.8,-2.8000000000000003,-9.5,-2.3000000000000003,-1.2000000000000002,-18.8,-2.9000000000000004,-60.5,49.50000000000001,92
Chrome Mobile,90.0.4430.82,Asus X01AD,Asus,Blink,[object Object],Chrome Mobile 90.0.4430.82 on Asus X01AD (Android 9),2021-05-06T05:13:09.362Z,着席,あ,false,45.2,68.7,-4.3,1.7000000000000002,15,5.800000000000001,1.4000000000000001,5.4,2.1,229.2,-11.5,-73.2
Chrome Mobile,90.0.4430.82,Asus X01AD,Asus,Blink,[object Object],Chrome Mobile 90.0.4430.82 on Asus X01AD (Android 9),2021-05-06T05:13:09.563Z,着席,あ,false,28.8,76.7,11.700000000000001,0.1,3.1,-3.3000000000000003,0.5,-6,-5.4,-133,-13.900000000000002,112.20000000000002
Chrome Mobile,90.0.4430.82,Asus X01AD,Asus,Blink,[object Object],Chrome Mobile 90.0.4430.82 on Asus X01AD (Android 9),2021-05-06T05:13:09.764Z,着席,あ,false,33.2,77.30000000000001,11.3,0.5,-0.7000000000000001,0.5,0.9,-10.700000000000001,-1.7000000000000002,153.60000000000002,29.600000000000005,-89.70000000000002
Chrome Mobile,90.0.4430.82,Asus X01AD,Asus,Blink,[object Object],Chrome Mobile 90.0.4430.82 on Asus X01AD (Android 9),2021-05-06T05:13:09.965Z,着席,あ,false,50.800000000000004,67.7,-5.7,1.8,20,8.1,1.5,11.4,4.6000000000000005,-248.5,50.3,100.70000000000002
Chrome Mobile,90.0.4430.82,Asus X01AD,Asus,Blink,[object Object],Chrome Mobile 90.0.4430.82 on Asus X01AD (Android 9),2021-05-06T05:13:10.166Z,着席,あ,false,7.300000000000001,79.4,34.4,-2.6,-6.7,-0.30000000000000004,-1.5,-16.5,-1.8,95.69999999999999,-12,-83.70000000000002
Chrome Mobile,90.0.4430.82,Asus X01AD,Asus,Blink,[object Object],Chrome Mobile 90.0.4430.82 on Asus X01AD (Android 9),2021-05-06T05:13:10.366Z,着席,あ,false,53.400000000000006,60.300000000000004,-9,9,33.800000000000004,19.8,8.3,25.5,15.200000000000001,-201.50000000000003,-3.6000000000000005,54.699999999999996
Chrome Mobile,90.0.4430.82,Asus X01AD,Asus,Blink,[object Object],Chrome Mobile 90.0.4430.82 on Asus X01AD (Android 9),2021-05-06T05:13:10.567Z,着席,あ,false,347.5,78.2,56.7,-4.7,-9.9,-0.6000000000000001,-3,-19.6,-1.7000000000000002,39.599999999999994,35.599999999999994,-67.3
Chrome Mobile,90.0.4430.82,Asus X01AD,Asus,Blink,[object Object],Chrome Mobile 90.0.4430.82 on Asus X01AD (Android 9),2021-05-06T05:13:10.768Z,着席,あ,false,58.5,57.6,-14.9,10.3,37.6,26.1,9,29.3,21,-20.7,-36.300000000000004,31.2
Chrome Mobile,90.0.4430.82,Asus X01AD,Asus,Blink,[object Object],Chrome Mobile 90.0.4430.82 on Asus X01AD (Android 9),2021-05-06T05:13:10.968Z,着席,あ,false,335,78.7,70.2,-6.2,-10.200000000000001,-0.5,-4.4,-19.700000000000003,-1.1,-29.900000000000006,53.8,-49.6
Chrome Mobile,90.0.4430.82,Asus X01AD,Asus,Blink,[object Object],Chrome Mobile 90.0.4430.82 on Asus X01AD (Android 9),2021-05-06T05:13:11.169Z,着席,あ,false,58.300000000000004,60.2,-14.600000000000001,10.100000000000001,35.5,20.1,8.8,26.900000000000002,15.3,14.900000000000002,-5.300000000000001,-2.6
Chrome Mobile,90.0.4430.82,Asus X01AD,Asus,Blink,[object Object],Chrome Mobile 90.0.4430.82 on Asus X01AD (Android 9),2021-05-06T05:13:11.369Z,着席,あ,false,330.1,76.4,77.9,-6.300000000000001,-12.100000000000001,-1.3,-4.1000000000000005,-21.5,-1.8,-24.200000000000003,48,-17
Chrome Mobile,90.0.4430.82,Asus X01AD,Asus,Blink,[object Object],Chrome Mobile 90.0.4430.82 on Asus X01AD (Android 9),2021-05-06T05:13:11.570Z,着席,あ,false,59.900000000000006,66.60000000000001,-12.100000000000001,7.4,26.3,11.600000000000001,6.6000000000000005,16.900000000000002,7.6000000000000005,164.6,33.300000000000004,-20.900000000000002
Chrome Mobile,90.0.4430.82,Asus X01AD,Asus,Blink,[object Object],Chrome Mobile 90.0.4430.82 on Asus X01AD (Android 9),2021-05-06T05:13:11.771Z,着席,あ,false,349.8,81,59.6,-4.3,-7.4,-3.8000000000000003,-3.1,-16.5,-4.5,-90.6,-26.700000000000003,110.5
Chrome Mobile,90.0.4430.82,Asus X01AD,Asus,Blink,[object Object],Chrome Mobile 90.0.4430.82 on Asus X01AD (Android 9),2021-05-06T05:13:11.972Z,着席,あ,false,54.800000000000004,74.3,-8.4,2.1,10.700000000000001,5.9,1.7000000000000002,0.7000000000000001,3.2,222.1,-2.5,-98
Chrome Mobile,90.0.4430.82,Asus X01AD,Asus,Blink,[object Object],Chrome Mobile 90.0.4430.82 on Asus X01AD (Android 9),2021-05-06T05:13:12.173Z,着席,あ,false,24.900000000000002,79.7,21.900000000000002,0.9,1.4000000000000001,-2.1,1.5,-7.7,-3.6,-173.5,-78.7,149.60000000000002
Chrome Mobile,90.0.4430.82,Asus X01AD,Asus,Blink,[object Object],Chrome Mobile 90.0.4430.82 on Asus X01AD (Android 9),2021-05-06T05:13:12.374Z,着席,あ,false,27.700000000000003,79.4,19,0.4,-0.9,2.8000000000000003,1,-11,1.1,192.2,-3.3000000000000007,-143.6
Chrome Mobile,90.0.4430.82,Asus X01AD,Asus,Blink,[object Object],Chrome Mobile 90.0.4430.82 on Asus X01AD (Android 9),2021-05-06T05:13:12.575Z,着席,あ,false,53.6,70.4,-5.1000000000000005,5.1000000000000005,25.400000000000002,13.100000000000001,4.800000000000001,16.7,10,-249.5,-6.2,146.60000000000002
Chrome Mobile,90.0.4430.82,Asus X01AD,Asus,Blink,[object Object],Chrome Mobile 90.0.4430.82 on Asus X01AD (Android 9),2021-05-06T05:13:12.775Z,着席,あ,false,327.3,80.5,80.80000000000001,-2.8000000000000003,-7.5,-1.1,-1.4000000000000001,-17.400000000000002,-1.5,117.30000000000001,-1.2000000000000002,-141.2
Chrome Mobile,90.0.4430.82,Asus X01AD,Asus,Blink,[object Object],Chrome Mobile 90.0.4430.82 on Asus X01AD (Android 9),2021-05-06T05:13:12.976Z,着席,あ,false,61.900000000000006,65.3,-11,5.2,31.3,25.8,4.4,22.6,21.900000000000002,-224.8,-6.2,65.6
Chrome Mobile,90.0.4430.82,Asus X01AD,Asus,Blink,[object Object],Chrome Mobile 90.0.4430.82 on Asus X01AD (Android 9),2021-05-06T05:13:13.176Z,着席,あ,false,111.2,90.2,-63,-2.9000000000000004,-8.4,-1,-2.9000000000000004,-18.2,-1,4.1,31,-95.20000000000002
Chrome Mobile,90.0.4430.82,Asus X01AD,Asus,Blink,[object Object],Chrome Mobile 90.0.4430.82 on Asus X01AD (Android 9),2021-05-06T05:13:13.377Z,着席,あ,false,64,66.10000000000001,-12.200000000000001,5.5,31.3,15.4,4.6000000000000005,22.3,11.5,-3.5,-2.7,28.900000000000002
Chrome Mobile,90.0.4430.82,Asus X01AD,Asus,Blink,[object Object],Chrome Mobile 90.0.4430.82 on Asus X01AD (Android 9),2021-05-06T05:13:13.578Z,着席,あ,false,348.20000000000005,83.30000000000001,65.3,-6.300000000000001,-9.200000000000001,-0.6000000000000001,-5.300000000000001,-18.7,-1,-62.800000000000004,74,-14
Chrome Mobile,90.0.4430.82,Asus X01AD,Asus,Blink,[object Object],Chrome Mobile 90.0.4430.82 on Asus X01AD (Android 9),2021-05-06T05:13:13.778Z,着席,あ,false,69.5,67.8,-13.200000000000001,6.7,28,13.100000000000001,5.800000000000001,18.8,9.1,161.4,3.8,10.600000000000001
Chrome Mobile,90.0.4430.82,Asus X01AD,Asus,Blink,[object Object],Chrome Mobile 90.0.4430.82 on Asus X01AD (Android 9),2021-05-06T05:13:13.979Z,着席,あ,false,342.70000000000005,83.30000000000001,76.5,-3.4000000000000004,-7.800000000000001,-1.4000000000000001,-2.3000000000000003,-17.1,-1.6,-85.5,-7.200000000000001,38.7
Chrome Mobile,90.0.4430.82,Asus X01AD,Asus,Blink,[object Object],Chrome Mobile 90.0.4430.82 on Asus X01AD (Android 9),2021-05-06T05:13:14.187Z,着席,あ,false,79.80000000000001,72.3,-22.200000000000003,6,17.8,7.4,4.800000000000001,8,4.5,191.70000000000002,19,-34.50000000000001
Chrome Mobile,90.0.4430.82,Asus X01AD,Asus,Blink,[object Object],Chrome Mobile 90.0.4430.82 on Asus X01AD (Android 9),2021-05-06T05:13:14.387Z,着席,あ,false,58.1,85.30000000000001,1.1,0,-0.8,-1.5,0,-10,-2.2,-190.9,5.300000000000001,70
Chrome Mobile,90.0.4430.82,Asus X01AD,Asus,Blink,[object Object],Chrome Mobile 90.0.4430.82 on Asus X01AD (Android 9),2021-05-06T05:13:14.592Z,着席,あ,false,80.30000000000001,80,-18.7,1.5,8.8,2.5,0.8,-1.3,0.4,201.60000000000002,-19,-76.7
Chrome Mobile,90.0.4430.82,Asus X01AD,Asus,Blink,[object Object],Chrome Mobile 90.0.4430.82 on Asus X01AD (Android 9),2021-05-06T05:13:14.792Z,着席,あ,false,73.2,80.5,-12,0.8,3.8000000000000003,0.7000000000000001,0.5,-5.300000000000001,-0.7000000000000001,-190.8,-7.300000000000001,97.00000000000001
Chrome Mobile,90.0.4430.82,Asus X01AD,Asus,Blink,[object Object],Chrome Mobile 90.0.4430.82 on Asus X01AD (Android 9),2021-05-06T05:13:14.993Z,着席,あ,false,87.60000000000001,80.30000000000001,-26.200000000000003,0.7000000000000001,3.6,0.9,-0.1,-6.4,-0.6000000000000001,147.5,-35.699999999999996,-97.40000000000002
Chrome Mobile,90.0.4430.82,Asus X01AD,Asus,Blink,[object Object],Chrome Mobile 90.0.4430.82 on Asus X01AD (Android 9),2021-05-06T05:13:15.193Z,着席,あ,false,73.4,74.8,-11.5,0.4,6.7,2.8000000000000003,-0.1,-2.2,0.4,-192.40000000000003,28.700000000000003,127.9
Chrome Mobile,90.0.4430.82,Asus X01AD,Asus,Blink,[object Object],Chrome Mobile 90.0.4430.82 on Asus X01AD (Android 9),2021-05-06T05:13:15.394Z,着席,あ,false,46.300000000000004,79.9,16.3,-3.1,1.3,2.5,-2.6,-8.700000000000001,0.8,181.1,-14.300000000000002,-92.3
Chrome Mobile,90.0.4430.82,Asus X01AD,Asus,Blink,[object Object],Chrome Mobile 90.0.4430.82 on Asus X01AD (Android 9),2021-05-06T05:13:15.595Z,着席,あ,false,83,80.4,-22.3,1,9.200000000000001,2,0.4,0.1,0.5,-166.4,27.3,134.10000000000002
Chrome Mobile,90.0.4430.82,Asus X01AD,Asus,Blink,[object Object],Chrome Mobile 90.0.4430.82 on Asus X01AD (Android 9),2021-05-06T05:13:15.796Z,着席,あ,false,61.900000000000006,81.5,-1.8,-1,2.2,3.5,-1,-7.800000000000001,2,94.4,-43.800000000000004,-111.9
Chrome Mobile,90.0.4430.82,Asus X01AD,Asus,Blink,[object Object],Chrome Mobile 90.0.4430.82 on Asus X01AD (Android 9),2021-05-06T05:13:15.997Z,着席,あ,false,79.5,71.10000000000001,-16.8,6.2,25.6,8.6,5.4,16.7,5.6000000000000005,-138.50000000000003,21.500000000000004,90.6
Chrome Mobile,90.0.4430.82,Asus X01AD,Asus,Blink,[object Object],Chrome Mobile 90.0.4430.82 on Asus X01AD (Android 9),2021-05-06T05:13:16.198Z,着席,あ,false,15,82.10000000000001,46.300000000000004,-5.7,-6,-1.7000000000000002,-4.7,-15.600000000000001,-2.7,3.3000000000000007,38.50000000000001,-35.3
Chrome Mobile,90.0.4430.82,Asus X01AD,Asus,Blink,[object Object],Chrome Mobile 90.0.4430.82 on Asus X01AD (Android 9),2021-05-06T05:13:16.398Z,着席,あ,false,82.2,66.5,-20.200000000000003,9.4,24.700000000000003,10.700000000000001,8,15.5,6.9,95.80000000000001,43.2,-52.1
Chrome Mobile,90.0.4430.82,Asus X01AD,Asus,Blink,[object Object],Chrome Mobile 90.0.4430.82 on Asus X01AD (Android 9),2021-05-06T05:13:16.599Z,着席,あ,false,19.1,80.9,41.900000000000006,-5.4,-6.5,-2.5,-4.4,-15.8,-3.6,-85.30000000000001,13.100000000000001,94.9
Chrome Mobile,90.0.4430.82,Asus X01AD,Asus,Blink,[object Object],Chrome Mobile 90.0.4430.82 on Asus X01AD (Android 9),2021-05-06T05:13:16.799Z,着席,あ,false,77.7,72.8,-15.8,3.7,11.3,4.2,2.9000000000000004,1.6,1.3,167.40000000000003,16,-98.10000000000001
Chrome Mobile,90.0.4430.82,Asus X01AD,Asus,Blink,[object Object],Chrome Mobile 90.0.4430.82 on Asus X01AD (Android 9),2021-05-06T05:13:17.000Z,着席,あ,false,47.300000000000004,81.10000000000001,12.700000000000001,-3.1,-0.4,0,-2.8000000000000003,-9.600000000000001,-1.4000000000000001,-171.39999999999998,13.000000000000002,111
Chrome Mobile,90.0.4430.82,Asus X01AD,Asus,Blink,[object Object],Chrome Mobile 90.0.4430.82 on Asus X01AD (Android 9),2021-05-06T05:13:17.201Z,着席,あ,false,56,78.2,4.6000000000000005,0.5,2.5,1.6,0.7000000000000001,-7.4,-0.4,166.00000000000003,17,-95.4
Chrome Mobile,90.0.4430.82,Asus X01AD,Asus,Blink,[object Object],Chrome Mobile 90.0.4430.82 on Asus X01AD (Android 9),2021-05-06T05:13:17.402Z,着席,あ,false,89.9,74.3,-29.900000000000002,4.800000000000001,17.400000000000002,7.300000000000001,3.6,8.6,5.2,-146.8,-113.60000000000001,181.2
Chrome Mobile,90.0.4430.82,Asus X01AD,Asus,Blink,[object Object],Chrome Mobile 90.0.4430.82 on Asus X01AD (Android 9),2021-05-06T05:13:17.602Z,着席,あ,false,48.800000000000004,85.2,11,-0.8,-0.5,0.5,-0.6000000000000001,-10.600000000000001,-0.30000000000000004,89.2,-31.9,-125.60000000000001
Chrome Mobile,90.0.4430.82,Asus X01AD,Asus,Blink,[object Object],Chrome Mobile 90.0.4430.82 on Asus X01AD (Android 9),2021-05-06T05:13:17.803Z,着席,あ,false,79.4,69.10000000000001,-16.400000000000002,8.200000000000001,28.5,14.8,7.2,19.6,11.5,-100.6,-44.300000000000004,101
Chrome Mobile,90.0.4430.82,Asus X01AD,Asus,Blink,[object Object],Chrome Mobile 90.0.4430.82 on Asus X01AD (Android 9),2021-05-06T05:13:18.004Z,着席,あ,false,352.3,80.4,70.60000000000001,-3.7,-5.4,-1.6,-2.2,-15.100000000000001,-2.1,15.700000000000001,34,-73
Chrome Mobile,90.0.4430.82,Asus X01AD,Asus,Blink,[object Object],Chrome Mobile 90.0.4430.82 on Asus X01AD (Android 9),2021-05-06T05:13:18.205Z,着席,あ,false,80.10000000000001,68.60000000000001,-18,9.3,28.900000000000002,14.100000000000001,8.200000000000001,19.700000000000003,10.600000000000001,42.5,35.599999999999994,-15.6
Chrome Mobile,90.0.4430.82,Asus X01AD,Asus,Blink,[object Object],Chrome Mobile 90.0.4430.82 on Asus X01AD (Android 9),2021-05-06T05:13:18.406Z,着席,あ,false,354,80.7,68.9,-6.6000000000000005,-7.300000000000001,-2,-5.2,-16.7,-2.5,-28.500000000000004,7.500000000000001,26.6
Chrome Mobile,90.0.4430.82,Asus X01AD,Asus,Blink,[object Object],Chrome Mobile 90.0.4430.82 on Asus X01AD (Android 9),2021-05-06T05:13:18.607Z,着席,あ,false,88.30000000000001,69.60000000000001,-27.200000000000003,8.5,21,4.4,6.800000000000001,11.5,1.2000000000000002,121.5,20.7,-74.2
Chrome Mobile,90.0.4430.82,Asus X01AD,Asus,Blink,[object Object],Chrome Mobile 90.0.4430.82 on Asus X01AD (Android 9),2021-05-06T05:13:18.808Z,着席,あ,false,21.700000000000003,82.30000000000001,38.400000000000006,-4.9,-4.9,-1.1,-4.1000000000000005,-14.200000000000001,-2.1,-93.10000000000001,13.100000000000001,75.60000000000001
Chrome Mobile,90.0.4430.82,Asus X01AD,Asus,Blink,[object Object],Chrome Mobile 90.0.4430.82 on Asus X01AD (Android 9),2021-05-06T05:13:19.009Z,着席,あ,false,84.4,70.5,-22.400000000000002,6.4,14.5,5.6000000000000005,5.1000000000000005,4.800000000000001,2.5,132.1,10.600000000000001,-128.4
Chrome Mobile,90.0.4430.82,Asus X01AD,Asus,Blink,[object Object],Chrome Mobile 90.0.4430.82 on Asus X01AD (Android 9),2021-05-06T05:13:19.209Z,着席,あ,false,13.100000000000001,81.60000000000001,49.5,-2.9000000000000004,-4.4,-4,-1.8,-13.600000000000001,-4.9,-87.00000000000001,-8.600000000000001,119.1
Chrome Mobile,90.0.4430.82,Asus X01AD,Asus,Blink,[object Object],Chrome Mobile 90.0.4430.82 on Asus X01AD (Android 9),2021-05-06T05:13:19.410Z,着席,あ,false,69.5,76.5,-11,1.3,6.9,3.6,0.9,-3,1.3,126,28.1,-155.8
Chrome Mobile,90.0.4430.82,Asus X01AD,Asus,Blink,[object Object],Chrome Mobile 90.0.4430.82 on Asus X01AD (Android 9),2021-05-06T05:13:19.610Z,着席,あ,false,67.2,77.2,-9.3,0.1,8.700000000000001,1.1,-0.2,-0.30000000000000004,-0.9,-168.4,-29.200000000000003,158.29999999999998
Chrome Mobile,90.0.4430.82,Asus X01AD,Asus,Blink,[object Object],Chrome Mobile 90.0.4430.82 on Asus X01AD (Android 9),2021-05-06T05:13:19.811Z,着席,あ,false,53.6,83.30000000000001,2.9000000000000004,-1.3,1.4000000000000001,1.1,-1.2000000000000002,-8.6,-0.1,94,0,-107.7
Chrome Mobile,90.0.4430.82,Asus X01AD,Asus,Blink,[object Object],Chrome Mobile 90.0.4430.82 on Asus X01AD (Android 9),2021-05-06T05:13:20.012Z,着席,あ,false,79.30000000000001,71.8,-20.900000000000002,3.8000000000000003,17.400000000000002,5,2.8000000000000003,8.6,2.3000000000000003,-200.60000000000002,5.9,154.7
Chrome Mobile,90.0.4430.82,Asus X01AD,Asus,Blink,[object Object],Chrome Mobile 90.0.4430.82 on Asus X01AD (Android 9),2021-05-06T05:13:20.226Z,着席,あ,false,61.900000000000006,82,-3.9000000000000004,-0.1,-1.9000000000000001,2.1,0.7000000000000001,-10.3,0.7000000000000001,90.4,-31.6,-123.8
Chrome Mobile,90.0.4430.82,Asus X01AD,Asus,Blink,[object Object],Chrome Mobile 90.0.4430.82 on Asus X01AD (Android 9),2021-05-06T05:13:20.427Z,着席,あ,false,85.2,64.3,-28.200000000000003,12.3,25.3,11.9,10.4,16.900000000000002,8.4,-185.3,-29.500000000000004,126.8
Chrome Mobile,90.0.4430.82,Asus X01AD,Asus,Blink,[object Object],Chrome Mobile 90.0.4430.82 on Asus X01AD (Android 9),2021-05-06T05:13:20.627Z,着席,あ,false,54.7,79.80000000000001,1.1,-1.9000000000000001,-0.2,1,-1.8,-10.100000000000001,-0.8,97.50000000000001,-18.3,-105.5
Chrome Mobile,90.0.4430.82,Asus X01AD,Asus,Blink,[object Object],Chrome Mobile 90.0.4430.82 on Asus X01AD (Android 9),2021-05-06T05:13:20.829Z,着席,あ,false,75.7,64.7,-18,6.300000000000001,23.5,9.5,5.1000000000000005,15,5.7,-200,39.2,118.60000000000001
Chrome Mobile,90.0.4430.82,Asus X01AD,Asus,Blink,[object Object],Chrome Mobile 90.0.4430.82 on Asus X01AD (Android 9),2021-05-06T05:13:21.029Z,着席,あ,false,48.2,81.4,6.2,-1.4000000000000001,-1.8,-0.5,-1.3,-11.600000000000001,-2,94.80000000000001,-15.6,-94.2
Chrome Mobile,90.0.4430.82,Asus X01AD,Asus,Blink,[object Object],Chrome Mobile 90.0.4430.82 on Asus X01AD (Android 9),2021-05-06T05:13:21.231Z,着席,あ,false,83.2,65.9,-29.1,12.200000000000001,27.6,10,10.3,18.7,6.5,-2.9,9.8,11.700000000000001
Chrome Mobile,90.0.4430.82,Asus X01AD,Asus,Blink,[object Object],Chrome Mobile 90.0.4430.82 on Asus X01AD (Android 9),2021-05-06T05:13:21.432Z,着席,あ,false,37.4,79.2,18.400000000000002,-5.1000000000000005,-2.9000000000000004,-1.2000000000000002,-4.5,-12.4,-2.9000000000000004,-41.4,3.2,-3.2
Chrome Mobile,90.0.4430.82,Asus X01AD,Asus,Blink,[object Object],Chrome Mobile 90.0.4430.82 on Asus X01AD (Android 9),2021-05-06T05:13:21.632Z,着席,あ,false,69.60000000000001,69.9,-12.4,3.9000000000000004,13.9,7,3.2,4.4,3.6,122.79999999999998,33.7,-97.60000000000001
Chrome Mobile,90.0.4430.82,Asus X01AD,Asus,Blink,[object Object],Chrome Mobile 90.0.4430.82 on Asus X01AD (Android 9),2021-05-06T05:13:21.833Z,着席,あ,false,23,80,37.9,-5.2,-0.4,-3.7,-4.2,-9.700000000000001,-5,-84.2,-6.300000000000001,106.1
Chrome Mobile,90.0.4430.82,Asus X01AD,Asus,Blink,[object Object],Chrome Mobile 90.0.4430.82 on Asus X01AD (Android 9),2021-05-06T05:13:22.034Z,着席,あ,false,61.6,77,-3.5,1.4000000000000001,5.800000000000001,-0.8,1.2000000000000002,-3.9000000000000004,-3.1,87.40000000000002,22.9,-100
Chrome Mobile,90.0.4430.82,Asus X01AD,Asus,Blink,[object Object],Chrome Mobile 90.0.4430.82 on Asus X01AD (Android 9),2021-05-06T05:13:22.239Z,着席,あ,false,74.4,70.7,-18.400000000000002,8.5,23.200000000000003,7.1000000000000005,7.5,14.3,4.1000000000000005,-100,-32.1,116.1
Chrome Mobile,90.0.4430.82,Asus X01AD,Asus,Blink,[object Object],Chrome Mobile 90.0.4430.82 on Asus X01AD (Android 9),2021-05-06T05:13:22.441Z,着席,あ,false,3.7,83.9,51.300000000000004,-1.3,-1.6,-0.6000000000000001,-0.5,-11.4,-1.2000000000000002,66.60000000000001,5.4,-61.7
Chrome Mobile,90.0.4430.82,Asus X01AD,Asus,Blink,[object Object],Chrome Mobile 90.0.4430.82 on Asus X01AD (Android 9),2021-05-06T05:13:22.641Z,着席,あ,false,71.8,68.60000000000001,-15.9,7.300000000000001,28.700000000000003,12.8,6.300000000000001,19.900000000000002,9.5,-127.40000000000002,-9.2,107.6
Chrome Mobile,90.0.4430.82,Asus X01AD,Asus,Blink,[object Object],Chrome Mobile 90.0.4430.82 on Asus X01AD (Android 9),2021-05-06T05:13:22.842Z,着席,あ,false,15.9,84.30000000000001,35.4,0.30000000000000004,-3.9000000000000004,1.1,0.8,-13.700000000000001,0.30000000000000004,63.8,-8.899999999999999,-78.80000000000001
Chrome Mobile,90.0.4430.82,Asus X01AD,Asus,Blink,[object Object],Chrome Mobile 90.0.4430.82 on Asus X01AD (Android 9),2021-05-06T05:13:23.043Z,着席,あ,false,70.7,64.10000000000001,-17.3,6.4,29.5,13.200000000000001,5.2,20.8,9.200000000000001,-136.3,-51.50000000000001,9.4
Chrome Mobile,90.0.4430.82,Asus X01AD,Asus,Blink,[object Object],Chrome Mobile 90.0.4430.82 on Asus X01AD (Android 9),2021-05-06T05:13:23.243Z,着席,あ,false,353.70000000000005,83.5,58.6,-1.4000000000000001,-3.8000000000000003,0,-0.6000000000000001,-14.4,-1.5,113.60000000000001,-9.600000000000001,-57.3
Chrome Mobile,90.0.4430.82,Asus X01AD,Asus,Blink,[object Object],Chrome Mobile 90.0.4430.82 on Asus X01AD (Android 9),2021-05-06T05:13:23.444Z,着席,あ,false,69,71.60000000000001,-15.3,4.6000000000000005,25.1,10.4,3.8000000000000003,16,7.4,-81.8,-50.1,53.300000000000004
Chrome Mobile,90.0.4430.82,Asus X01AD,Asus,Blink,[object Object],Chrome Mobile 90.0.4430.82 on Asus X01AD (Android 9),2021-05-06T05:13:23.645Z,着席,あ,false,42.900000000000006,82.10000000000001,10.4,-2,-1.7000000000000002,-0.8,-1.7000000000000002,-11.4,-2.1,6.8,12.299999999999999,-50
Chrome Mobile,90.0.4430.82,Asus X01AD,Asus,Blink,[object Object],Chrome Mobile 90.0.4430.82 on Asus X01AD (Android 9),2021-05-06T05:13:23.846Z,着席,あ,false,82.10000000000001,68.7,-29.400000000000002,7.4,21.8,8.700000000000001,5.6000000000000005,12.5,5.5,52.300000000000004,47.7,-55.2
Chrome Mobile,90.0.4430.82,Asus X01AD,Asus,Blink,[object Object],Chrome Mobile 90.0.4430.82 on Asus X01AD (Android 9),2021-05-06T05:13:24.046Z,着席,あ,false,31.1,81.30000000000001,25.200000000000003,-5.2,-4,-2.6,-4.5,-13.4,-3.9000000000000004,-53.300000000000004,14.300000000000002,55.900000000000006
Chrome Mobile,90.0.4430.82,Asus X01AD,Asus,Blink,[object Object],Chrome Mobile 90.0.4430.82 on Asus X01AD (Android 9),2021-05-06T05:13:24.247Z,着席,あ,false,77.2,73,-22.5,3.4000000000000004,10.5,3.1,2.3000000000000003,0.8,0.30000000000000004,113.8,16.6,-127.69999999999999
Chrome Mobile,90.0.4430.82,Asus X01AD,Asus,Blink,[object Object],Chrome Mobile 90.0.4430.82 on Asus X01AD (Android 9),2021-05-06T05:13:24.447Z,着席,あ,false,46.400000000000006,76.2,6.5,-3.8000000000000003,-0.2,-1.1,-3.5,-9.1,-3.3000000000000003,-146.20000000000002,-40.300000000000004,157.4
Chrome Mobile,90.0.4430.82,Asus X01AD,Asus,Blink,[object Object],Chrome Mobile 90.0.4430.82 on Asus X01AD (Android 9),2021-05-06T05:13:24.648Z,着席,あ,false,62.7,74.10000000000001,-10.100000000000001,1.8,4.7,1.8,1.4000000000000001,-5,-0.9,139,3,-143.70000000000002
Chrome Mobile,90.0.4430.82,Asus X01AD,Asus,Blink,[object Object],Chrome Mobile 90.0.4430.82 on Asus X01AD (Android 9),2021-05-06T05:13:24.849Z,着席,あ,false,65.8,71.5,-13.100000000000001,2.9000000000000004,12.200000000000001,2.4000000000000004,2.3000000000000003,3.5,-0.5,-142,-51.9,204.6
Chrome Mobile,90.0.4430.82,Asus X01AD,Asus,Blink,[object Object],Chrome Mobile 90.0.4430.82 on Asus X01AD (Android 9),2021-05-06T05:13:25.049Z,着席,あ,false,18.3,80.80000000000001,37.9,-2.3000000000000003,-4,-1.5,-1.3,-13.9,-2.8000000000000003,111.20000000000002,5.6,-114.80000000000001
Chrome Mobile,90.0.4430.82,Asus X01AD,Asus,Blink,[object Object],Chrome Mobile 90.0.4430.82 on Asus X01AD (Android 9),2021-05-06T05:13:25.250Z,着席,あ,false,74.3,63.7,-18.400000000000002,7.800000000000001,29,20.6,6.5,20.5,16.6,-172.1,-33.300000000000004,92.7
Chrome Mobile,90.0.4430.82,Asus X01AD,Asus,Blink,[object Object],Chrome Mobile 90.0.4430.82 on Asus X01AD (Android 9),2021-05-06T05:13:25.450Z,着席,あ,false,29.1,83.60000000000001,24,-1.4000000000000001,-3.6,-0.1,-1,-13.5,-1.1,81.60000000000001,-3.3000000000000007,-95.69999999999999
Chrome Mobile,90.0.4430.82,Asus X01AD,Asus,Blink,[object Object],Chrome Mobile 90.0.4430.82 on Asus X01AD (Android 9),2021-05-06T05:13:25.651Z,着席,あ,false,75.3,66.10000000000001,-20.200000000000003,8.8,30.5,14.100000000000001,7.5,21.8,10.5,-120.3,-71.9,49.699999999999996
Chrome Mobile,90.0.4430.82,Asus X01AD,Asus,Blink,[object Object],Chrome Mobile 90.0.4430.82 on Asus X01AD (Android 9),2021-05-06T05:13:25.851Z,着席,あ,false,359,82.4,54.1,-3.9000000000000004,-5.7,-0.5,-2.8000000000000003,-15.4,-1.3,30.3,26.5,-65.5
Chrome Mobile,90.0.4430.82,Asus X01AD,Asus,Blink,[object Object],Chrome Mobile 90.0.4430.82 on Asus X01AD (Android 9),2021-05-06T05:13:26.052Z,着席,あ,false,73.10000000000001,63.5,-20.8,9.3,32.300000000000004,13.4,7.800000000000001,23.5,9.3,-8,8.2,-0.4
Chrome Mobile,90.0.4430.82,Asus X01AD,Asus,Blink,[object Object],Chrome Mobile 90.0.4430.82 on Asus X01AD (Android 9),2021-05-06T05:13:26.257Z,着席,あ,false,358.6,81.9,53.5,-5,-7.5,0.6000000000000001,-3.9000000000000004,-17.1,-0.2,-8.700000000000001,32,4.7
Chrome Mobile,90.0.4430.82,Asus X01AD,Asus,Blink,[object Object],Chrome Mobile 90.0.4430.82 on Asus X01AD (Android 9),2021-05-06T05:13:26.458Z,着席,あ,false,84,65.5,-28.700000000000003,10,26.700000000000003,8.4,8,17.5,4.7,92.90000000000002,28.800000000000004,-33.2
Chrome Mobile,90.0.4430.82,Asus X01AD,Asus,Blink,[object Object],Chrome Mobile 90.0.4430.82 on Asus X01AD (Android 9),2021-05-06T05:13:26.658Z,着席,あ,false,5.9,82.2,48.5,-5.800000000000001,-6.800000000000001,-0.4,-4.9,-16.2,-1.3,-24.1,30.1,26.1
Chrome Mobile,90.0.4430.82,Asus X01AD,Asus,Blink,[object Object],Chrome Mobile 90.0.4430.82 on Asus X01AD (Android 9),2021-05-06T05:13:26.859Z,着席,あ,false,81.7,63.900000000000006,-26.900000000000002,9.3,23,8.700000000000001,7.300000000000001,13.9,4.7,100.4,27.2,-103.49999999999999
Chrome Mobile,90.0.4430.82,Asus X01AD,Asus,Blink,[object Object],Chrome Mobile 90.0.4430.82 on Asus X01AD (Android 9),2021-05-06T05:13:27.060Z,着席,あ,false,11.600000000000001,81,42.1,-5.4,-6.800000000000001,-2.4000000000000004,-4.4,-16.2,-3.5,-34.1,36.9,52.00000000000001
Chrome Mobile,90.0.4430.82,Asus X01AD,Asus,Blink,[object Object],Chrome Mobile 90.0.4430.82 on Asus X01AD (Android 9),2021-05-06T05:13:27.261Z,着席,あ,false,89.4,71.2,-34.5,7.6000000000000005,18,2.6,5.7,8.4,-0.2,141.70000000000002,57.800000000000004,-115.60000000000001
Chrome Mobile,90.0.4430.82,Asus X01AD,Asus,Blink,[object Object],Chrome Mobile 90.0.4430.82 on Asus X01AD (Android 9),2021-05-06T05:13:27.461Z,着席,あ,false,29.5,83,26.6,-2.2,-3.9000000000000004,-1.9000000000000001,-1.7000000000000002,-13.100000000000001,-2.9000000000000004,-90.80000000000001,-5,108.60000000000001
Chrome Mobile,90.0.4430.82,Asus X01AD,Asus,Blink,[object Object],Chrome Mobile 90.0.4430.82 on Asus X01AD (Android 9),2021-05-06T05:13:27.662Z,着席,あ,false,70.2,73.4,-14.4,3.6,11.200000000000001,4.2,2.9000000000000004,1.3,1.4000000000000001,160,-3.3000000000000007,-124
Chrome Mobile,90.0.4430.82,Asus X01AD,Asus,Blink,[object Object],Chrome Mobile 90.0.4430.82 on Asus X01AD (Android 9),2021-05-06T05:13:27.864Z,着席,あ,false,39.400000000000006,82.10000000000001,15.600000000000001,-2,0.30000000000000004,-2.7,-1.6,-8.8,-3.9000000000000004,-151.20000000000002,4,124
Chrome Mobile,90.0.4430.82,Asus X01AD,Asus,Blink,[object Object],Chrome Mobile 90.0.4430.82 on Asus X01AD (Android 9),2021-05-06T05:13:28.065Z,着席,あ,false,61.900000000000006,80.80000000000001,-6.4,0.9,5.5,2.6,0.8,-4.6000000000000005,0.9,154.8,-28.900000000000002,-141
Chrome Mobile,90.0.4430.82,Asus X01AD,Asus,Blink,[object Object],Chrome Mobile 90.0.4430.82 on Asus X01AD (Android 9),2021-05-06T05:13:28.271Z,着席,あ,false,42.800000000000004,81.2,10.100000000000001,-1.9000000000000001,-0.7000000000000001,-1.7000000000000002,-1.4000000000000001,-9.8,-2.8000000000000003,-162.50000000000003,-10.8,114.6
Chrome Mobile,90.0.4430.82,Asus X01AD,Asus,Blink,[object Object],Chrome Mobile 90.0.4430.82 on Asus X01AD (Android 9),2021-05-06T05:13:28.471Z,着席,あ,false,61.7,75.7,-9.9,1.3,6.9,4.1000000000000005,0.8,-3,1.6,167.50000000000003,-1.8000000000000003,-129.5
Chrome Mobile,90.0.4430.82,Asus X01AD,Asus,Blink,[object Object],Chrome Mobile 90.0.4430.82 on Asus X01AD (Android 9),2021-05-06T05:13:28.675Z,着席,あ,false,28.700000000000003,81.60000000000001,23.200000000000003,-1.6,-0.5,-2.3000000000000003,-1.1,-9.600000000000001,-3.5,-149.79999999999998,-12.299999999999999,114.80000000000001
Chrome Mobile,90.0.4430.82,Asus X01AD,Asus,Blink,[object Object],Chrome Mobile 90.0.4430.82 on Asus X01AD (Android 9),2021-05-06T05:13:28.875Z,着席,あ,false,57.300000000000004,77.7,-3.5,0.2,5.5,3.7,0,-4.6000000000000005,1.5,176.9,6.2,-134.8
Chrome Mobile,90.0.4430.82,Asus X01AD,Asus,Blink,[object Object],Chrome Mobile 90.0.4430.82 on Asus X01AD (Android 9),2021-05-06T05:13:29.076Z,着席,あ,false,20.5,82.5,32.9,-0.4,0.2,-2.1,0.2,-8.9,-3.1,-144.3,-22.1,115.10000000000002
Chrome Mobile,90.0.4430.82,Asus X01AD,Asus,Blink,[object Object],Chrome Mobile 90.0.4430.82 on Asus X01AD (Android 9),2021-05-06T05:13:29.277Z,着席,あ,false,41.7,78.10000000000001,9.9,-0.4,4.9,4.7,-0.1,-5.2,2.6,169.50000000000003,-30.3,-151.7
Chrome Mobile,90.0.4430.82,Asus X01AD,Asus,Blink,[object Object],Chrome Mobile 90.0.4430.82 on Asus X01AD (Android 9),2021-05-06T05:13:29.478Z,着席,あ,false,17.7,79.80000000000001,34.2,-0.1,3.3000000000000003,-0.9,0.8,-5.800000000000001,-2.2,-178.1,-21,114.99999999999999
Chrome Mobile,90.0.4430.82,Asus X01AD,Asus,Blink,[object Object],Chrome Mobile 90.0.4430.82 on Asus X01AD (Android 9),2021-05-06T05:13:29.678Z,着席,あ,false,55,78.4,-3,-0.30000000000000004,6.4,3.7,-0.4,-3.7,1.6,175.20000000000002,-9,-96
Chrome Mobile,90.0.4430.82,Asus X01AD,Asus,Blink,[object Object],Chrome Mobile 90.0.4430.82 on Asus X01AD (Android 9),2021-05-06T05:13:29.879Z,着席,あ,false,16.6,81.2,36.2,-0.8,-2,-0.8,0.1,-11.100000000000001,-1.9000000000000001,-142.50000000000003,-5.300000000000001,85.5
Chrome Mobile,90.0.4430.82,Asus X01AD,Asus,Blink,[object Object],Chrome Mobile 90.0.4430.82 on Asus X01AD (Android 9),2021-05-06T05:13:30.080Z,着席,あ,false,46.400000000000006,75.9,5.9,-0.7000000000000001,5.800000000000001,4.4,-0.5,-4.2,1.9000000000000001,201.1,1.1,-96.5
Chrome Mobile,90.0.4430.82,Asus X01AD,Asus,Blink,[object Object],Chrome Mobile 90.0.4430.82 on Asus X01AD (Android 9),2021-05-06T05:13:30.283Z,着席,あ,false,335.40000000000003,85.9,76.9,-0.9,-1.7000000000000002,-0.8,-0.2,-11,-0.9,-104.7,-11.6,76.4
Chrome Mobile,90.0.4430.82,Asus X01AD,Asus,Blink,[object Object],Chrome Mobile 90.0.4430.82 on Asus X01AD (Android 9),2021-05-06T05:13:30.484Z,着席,あ,false,68.4,70.9,-13.100000000000001,3.6,17.900000000000002,6.7,2.9000000000000004,8.3,3.5,113.7,14.700000000000001,-97.7
Chrome Mobile,90.0.4430.82,Asus X01AD,Asus,Blink,[object Object],Chrome Mobile 90.0.4430.82 on Asus X01AD (Android 9),2021-05-06T05:13:30.684Z,着席,あ,false,8,84.4,43.6,-2.8000000000000003,-3.3000000000000003,0.1,-2.1,-12.700000000000001,-0.6000000000000001,-66.60000000000001,32.6,60.8
Chrome Mobile,90.0.4430.82,Asus X01AD,Asus,Blink,[object Object],Chrome Mobile 90.0.4430.82 on Asus X01AD (Android 9),2021-05-06T05:13:30.885Z,着席,あ,false,75.2,71.10000000000001,-23.1,5.2,16.7,6.300000000000001,3.9000000000000004,7,3.3000000000000003,145.00000000000003,16.700000000000003,-81.7
Chrome Mobile,90.0.4430.82,Asus X01AD,Asus,Blink,[object Object],Chrome Mobile 90.0.4430.82 on Asus X01AD (Android 9),2021-05-06T05:13:31.085Z,着席,あ,false,8,83.10000000000001,45.6,-2.7,-3.4000000000000004,-1.2000000000000002,-1.9000000000000001,-12.700000000000001,-2,-87.60000000000001,0.30000000000000004,75.3
Chrome Mobile,90.0.4430.82,Asus X01AD,Asus,Blink,[object Object],Chrome Mobile 90.0.4430.82 on Asus X01AD (Android 9),2021-05-06T05:13:31.286Z,着席,あ,false,70.60000000000001,70.8,-21.1,4.9,18,4.2,3.7,8.4,1.1,169.70000000000002,13.000000000000002,-81.2
Chrome Mobile,90.0.4430.82,Asus X01AD,Asus,Blink,[object Object],Chrome Mobile 90.0.4430.82 on Asus X01AD (Android 9),2021-05-06T05:13:31.487Z,着席,あ,false,12.9,84.60000000000001,36.9,-2.3000000000000003,-4.1000000000000005,-0.1,-1.8,-13.5,-0.8,-70.6,29.500000000000004,72
Chrome Mobile,90.0.4430.82,Asus X01AD,Asus,Blink,[object Object],Chrome Mobile 90.0.4430.82 on Asus X01AD (Android 9),2021-05-06T05:13:31.687Z,着席,あ,false,78.4,69.9,-24.6,7.5,17.2,7.1000000000000005,6.1000000000000005,7.6000000000000005,3.9000000000000004,137.1,33.2,-116.69999999999999
Chrome Mobile,90.0.4430.82,Asus X01AD,Asus,Blink,[object Object],Chrome Mobile 90.0.4430.82 on Asus X01AD (Android 9),2021-05-06T05:13:31.888Z,着席,あ,false,344.70000000000005,83,69.4,-2.6,-4.800000000000001,-3,-1.6,-14.100000000000001,-3.4000000000000004,-68.5,-3.7000000000000006,95
Chrome Mobile,90.0.4430.82,Asus X01AD,Asus,Blink,[object Object],Chrome Mobile 90.0.4430.82 on Asus X01AD (Android 9),2021-05-06T05:13:32.089Z,着席,あ,false,76.10000000000001,68.7,-22.200000000000003,7.6000000000000005,20.700000000000003,6.1000000000000005,6.2,11.3,2.7,132,11.000000000000002,-50.2
Chrome Mobile,90.0.4430.82,Asus X01AD,Asus,Blink,[object Object],Chrome Mobile 90.0.4430.82 on Asus X01AD (Android 9),2021-05-06T05:13:32.296Z,着席,あ,false,332.40000000000003,82.7,79.80000000000001,-2.6,-5.7,-2.7,-1.4000000000000001,-15.100000000000001,-2.9000000000000004,-35.599999999999994,18.3,40.800000000000004
Chrome Mobile,90.0.4430.82,Asus X01AD,Asus,Blink,[object Object],Chrome Mobile 90.0.4430.82 on Asus X01AD (Android 9),2021-05-06T05:13:32.500Z,着席,あ,false,70.2,68.10000000000001,-18.5,7.6000000000000005,19.400000000000002,5.300000000000001,6.4,9.9,1.6,144.8,19.300000000000004,-93.89999999999999
Chrome Mobile,90.0.4430.82,Asus X01AD,Asus,Blink,[object Object],Chrome Mobile 90.0.4430.82 on Asus X01AD (Android 9),2021-05-06T05:13:32.700Z,着席,あ,false,318.90000000000003,82,89.80000000000001,-0.8,-4.3,0.4,0.5,-13.8,0.4,-5.300000000000001,-19.1,59.699999999999996
Chrome Mobile,90.0.4430.82,Asus X01AD,Asus,Blink,[object Object],Chrome Mobile 90.0.4430.82 on Asus X01AD (Android 9),2021-05-06T05:13:32.901Z,着席,あ,false,71.5,67.2,-20,7.9,27.8,11,6.5,18.6,7.300000000000001,107.9,-0.30000000000000004,-8.600000000000001
Chrome Mobile,90.0.4430.82,Asus X01AD,Asus,Blink,[object Object],Chrome Mobile 90.0.4430.82 on Asus X01AD (Android 9),2021-05-06T05:13:33.101Z,着席,あ,false,138.20000000000002,98.10000000000001,-86.5,-4.800000000000001,-8.3,-3.2,-3.4000000000000004,-17.8,-3.1,-48.400000000000006,39.599999999999994,17.5
Chrome Mobile,90.0.4430.82,Asus X01AD,Asus,Blink,[object Object],Chrome Mobile 90.0.4430.82 on Asus X01AD (Android 9),2021-05-06T05:13:33.302Z,着席,あ,false,67.5,63.6,-18,7,31.1,11.600000000000001,5.7,22.1,7.4,106.30000000000001,54.199999999999996,-20.900000000000002
Chrome Mobile,90.0.4430.82,Asus X01AD,Asus,Blink,[object Object],Chrome Mobile 90.0.4430.82 on Asus X01AD (Android 9),2021-05-06T05:13:33.502Z,着席,あ,false,138.70000000000002,96.7,-88.60000000000001,-2.2,-6.4,-1.2000000000000002,-1.1,-16,-1.2000000000000002,-4.800000000000001,16.200000000000003,-6.699999999999999
Chrome Mobile,90.0.4430.82,Asus X01AD,Asus,Blink,[object Object],Chrome Mobile 90.0.4430.82 on Asus X01AD (Android 9),2021-05-06T05:13:33.703Z,着席,あ,false,67.7,63.5,-16.1,7.4,32.7,15.3,6.2,24,11.100000000000001,9.8,-9.3,42.800000000000004
Chrome Mobile,90.0.4430.82,Asus X01AD,Asus,Blink,[object Object],Chrome Mobile 90.0.4430.82 on Asus X01AD (Android 9),2021-05-06T05:13:33.904Z,着席,あ,false,333.20000000000005,84.10000000000001,77.30000000000001,-2.9000000000000004,-5.7,0,-1.9000000000000001,-15.5,-0.2,52.1,14.600000000000001,-39.2
Chrome Mobile,90.0.4430.82,Asus X01AD,Asus,Blink,[object Object],Chrome Mobile 90.0.4430.82 on Asus X01AD (Android 9),2021-05-06T05:13:34.104Z,着席,あ,false,66.7,63.900000000000006,-16.1,5.9,28.5,15.700000000000001,4.800000000000001,20,11.700000000000001,-161.9,-41.900000000000006,39.300000000000004
Chrome Mobile,90.0.4430.82,Asus X01AD,Asus,Blink,[object Object],Chrome Mobile 90.0.4430.82 on Asus X01AD (Android 9),2021-05-06T05:13:34.305Z,着席,あ,false,1.2000000000000002,84.30000000000001,47.900000000000006,-1.8,-3.2,2.2,-1.1,-13.100000000000001,1.5,104.80000000000001,-13.700000000000001,-66.5
Chrome Mobile,90.0.4430.82,Asus X01AD,Asus,Blink,[object Object],Chrome Mobile 90.0.4430.82 on Asus X01AD (Android 9),2021-05-06T05:13:34.505Z,着席,あ,false,69.5,70.10000000000001,-16.7,5.7,24.3,9.8,4.800000000000001,15.5,6.800000000000001,-208.6,4,114.6
Chrome Mobile,90.0.4430.82,Asus X01AD,Asus,Blink,[object Object],Chrome Mobile 90.0.4430.82 on Asus X01AD (Android 9),2021-05-06T05:13:34.706Z,着席,あ,false,2.5,86,46.900000000000006,-1.2000000000000002,-1.8,3.5,-0.7000000000000001,-11.8,3,100.1,-37.300000000000004,-104.50000000000001
Chrome Mobile,90.0.4430.82,Asus X01AD,Asus,Blink,[object Object],Chrome Mobile 90.0.4430.82 on Asus X01AD (Android 9),2021-05-06T05:13:34.907Z,着席,あ,false,55.7,73.10000000000001,-3.3000000000000003,-0.1,10.700000000000001,4.3,-0.2,2,1.6,-249.5,69.80000000000001,123.30000000000003
Chrome Mobile,90.0.4430.82,Asus X01AD,Asus,Blink,[object Object],Chrome Mobile 90.0.4430.82 on Asus X01AD (Android 9),2021-05-06T05:13:35.108Z,着席,あ,false,58.2,80.10000000000001,-7,0.5,3.3000000000000003,4.9,0.30000000000000004,-6.800000000000001,3.2,154.8,-27.700000000000003,-116.5
Chrome Mobile,90.0.4430.82,Asus X01AD,Asus,Blink,[object Object],Chrome Mobile 90.0.4430.82 on Asus X01AD (Android 9),2021-05-06T05:13:35.308Z,着席,あ,false,37,82.5,14.100000000000001,-1,3.7,-1.8,-0.7000000000000001,-5.5,-3,-168.2,-1.7,107.4
Chrome Mobile,90.0.4430.82,Asus X01AD,Asus,Blink,[object Object],Chrome Mobile 90.0.4430.82 on Asus X01AD (Android 9),2021-05-06T05:13:35.509Z,着席,あ,false,62.5,81.80000000000001,-10.600000000000001,2.4000000000000004,9.9,2.9000000000000004,1.3,-2.3000000000000003,1.7000000000000002,152.2,-11.8,-100.6
Chrome Mobile,90.0.4430.82,Asus X01AD,Asus,Blink,[object Object],Chrome Mobile 90.0.4430.82 on Asus X01AD (Android 9),2021-05-06T05:13:35.709Z,着席,あ,false,347.40000000000003,85.2,66.10000000000001,-1.5,-3.1,-2.8000000000000003,-0.8,-12.3,-3.2,-141.4,32.5,96.30000000000001
Chrome Mobile,90.0.4430.82,Asus X01AD,Asus,Blink,[object Object],Chrome Mobile 90.0.4430.82 on Asus X01AD (Android 9),2021-05-06T05:13:35.910Z,着席,あ,false,80.60000000000001,76.60000000000001,-27.900000000000002,4.3,12,4.4,3.2,2,2.3000000000000003,200.2,-13.900000000000002,-113.60000000000001
Chrome Mobile,90.0.4430.82,Asus X01AD,Asus,Blink,[object Object],Chrome Mobile 90.0.4430.82 on Asus X01AD (Android 9),2021-05-06T05:13:36.111Z,着席,あ,false,113.7,95.60000000000001,-61.5,-1.7000000000000002,-3.6,-2.7,-0.9,-12.8,-2.3000000000000003,-123.00000000000001,-6.699999999999999,68.1
Chrome Mobile,90.0.4430.82,Asus X01AD,Asus,Blink,[object Object],Chrome Mobile 90.0.4430.82 on Asus X01AD (Android 9),2021-05-06T05:13:36.311Z,着席,あ,false,72.7,75.3,-19.6,4.4,14.5,6.6000000000000005,3.5,4.5,4.1000000000000005,170.40000000000003,6.9,-89.10000000000001
Chrome Mobile,90.0.4430.82,Asus X01AD,Asus,Blink,[object Object],Chrome Mobile 90.0.4430.82 on Asus X01AD (Android 9),2021-05-06T05:13:36.512Z,着席,あ,false,117.7,99.5,-65.2,-4.5,-6.2,-4.6000000000000005,-3.1,-15.5,-3.9000000000000004,-78.80000000000001,18.8,45.9
Chrome Mobile,90.0.4430.82,Asus X01AD,Asus,Blink,[object Object],Chrome Mobile 90.0.4430.82 on Asus X01AD (Android 9),2021-05-06T05:13:36.713Z,着席,あ,false,73.7,78.5,-23.6,3.4000000000000004,11.4,3.5,2.6,1.3,1.6,160.4,19.1,-124.90000000000002
Chrome Mobile,90.0.4430.82,Asus X01AD,Asus,Blink,[object Object],Chrome Mobile 90.0.4430.82 on Asus X01AD (Android 9),2021-05-06T05:13:36.914Z,着席,あ,false,136.8,97.10000000000001,-87.10000000000001,-3.2,-4.3,-1.2000000000000002,-2.1,-13.5,-1.1,-112.1,-5.300000000000001,67.5
Chrome Mobile,90.0.4430.82,Asus X01AD,Asus,Blink,[object Object],Chrome Mobile 90.0.4430.82 on Asus X01AD (Android 9),2021-05-06T05:13:37.115Z,着席,あ,false,62.1,79.30000000000001,-13.3,2.7,12.700000000000001,1.9000000000000001,2.3000000000000003,2.6,0.1,144.4,5.500000000000001,-106.60000000000001
Chrome Mobile,90.0.4430.82,Asus X01AD,Asus,Blink,[object Object],Chrome Mobile 90.0.4430.82 on Asus X01AD (Android 9),2021-05-06T05:13:37.316Z,着席,あ,false,332.1,82.80000000000001,77.5,-1.9000000000000001,-1.8,-2.9000000000000004,-0.8,-11.100000000000001,-3.1,-97.10000000000001,-0.2,45
Chrome Mobile,90.0.4430.82,Asus X01AD,Asus,Blink,[object Object],Chrome Mobile 90.0.4430.82 on Asus X01AD (Android 9),2021-05-06T05:13:37.517Z,着席,あ,false,49.2,66.5,0.4,2.8000000000000003,16.8,10,2.8000000000000003,7.4,5.9,107.00000000000001,22.6,-66.9
Chrome Mobile,90.0.4430.82,Asus X01AD,Asus,Blink,[object Object],Chrome Mobile 90.0.4430.82 on Asus X01AD (Android 9),2021-05-06T05:13:37.717Z,着席,あ,false,140.1,100.80000000000001,-89.7,-3.2,-4.9,-3,-1.5,-14.200000000000001,-3,-5.500000000000001,15.299999999999999,45.9
Chrome Mobile,90.0.4430.82,Asus X01AD,Asus,Blink,[object Object],Chrome Mobile 90.0.4430.82 on Asus X01AD (Android 9),2021-05-06T05:13:37.918Z,着席,あ,false,59.6,78.2,-12.8,5.5,18.6,3.5,5.1000000000000005,8.700000000000001,1.4000000000000001,175.5,-20.5,-31.6
Chrome Mobile,90.0.4430.82,Asus X01AD,Asus,Blink,[object Object],Chrome Mobile 90.0.4430.82 on Asus X01AD (Android 9),2021-05-06T05:13:38.119Z,着席,あ,false,118.30000000000001,96.80000000000001,-68.2,-2.7,-4.2,0.5,-1.7000000000000002,-13.5,0.9,-74.2,6.300000000000001,24.599999999999998
Chrome Mobile,90.0.4430.82,Asus X01AD,Asus,Blink,[object Object],Chrome Mobile 90.0.4430.82 on Asus X01AD (Android 9),2021-05-06T05:13:38.325Z,着席,あ,false,76.60000000000001,76,-23.200000000000003,7.1000000000000005,21.400000000000002,7.1000000000000005,6.1000000000000005,11.5,4.9,131.10000000000002,48.2,-56
Chrome Mobile,90.0.4430.82,Asus X01AD,Asus,Blink,[object Object],Chrome Mobile 90.0.4430.82 on Asus X01AD (Android 9),2021-05-06T05:13:38.531Z,着席,あ,false,119.7,100,-63.900000000000006,-4.1000000000000005,-5,-3.9000000000000004,-2.7,-14.3,-3.2,-78.2,31.2,39
Chrome Mobile,90.0.4430.82,Asus X01AD,Asus,Blink,[object Object],Chrome Mobile 90.0.4430.82 on Asus X01AD (Android 9),2021-05-06T05:13:38.732Z,着席,あ,false,58.5,77.10000000000001,-5.300000000000001,2.1,15.3,5.4,1.9000000000000001,5.4,3.1,170.2,0.5,-38.800000000000004
Chrome Mobile,90.0.4430.82,Asus X01AD,Asus,Blink,[object Object],Chrome Mobile 90.0.4430.82 on Asus X01AD (Android 9),2021-05-06T05:13:38.933Z,着席,あ,false,121,97.4,-69.7,-2.5,-3.6,-1.6,-1.4000000000000001,-12.9,-1.2000000000000002,-68.4,-17,41.800000000000004
Chrome Mobile,90.0.4430.82,Asus X01AD,Asus,Blink,[object Object],Chrome Mobile 90.0.4430.82 on Asus X01AD (Android 9),2021-05-06T05:13:39.133Z,着席,あ,false,64.2,74.3,-10.4,5.800000000000001,23.700000000000003,7.6000000000000005,3.9000000000000004,10.3,4.1000000000000005,98,29.400000000000002,-67.8
Chrome Mobile,90.0.4430.82,Asus X01AD,Asus,Blink,[object Object],Chrome Mobile 90.0.4430.82 on Asus X01AD (Android 9),2021-05-06T05:13:39.334Z,着席,あ,false,134.1,100.2,-79.80000000000001,-2.7,-5,-3.2,-1.1,-14.3,-2.9000000000000004,-46.1,24.900000000000002,28.700000000000003
Chrome Mobile,90.0.4430.82,Asus X01AD,Asus,Blink,[object Object],Chrome Mobile 90.0.4430.82 on Asus X01AD (Android 9),2021-05-06T05:13:39.535Z,着席,あ,false,62.5,69.7,-7.1000000000000005,7,23,9.700000000000001,6.6000000000000005,13.5,6.2,154.7,1.6,-7.400000000000001
Chrome Mobile,90.0.4430.82,Asus X01AD,Asus,Blink,[object Object],Chrome Mobile 90.0.4430.82 on Asus X01AD (Android 9),2021-05-06T05:13:39.735Z,着席,あ,false,330.8,82.7,85.10000000000001,-3.6,-3.3000000000000003,-3.2,-2.4000000000000004,-12.700000000000001,-3.3000000000000003,-71.19999999999999,0.5,16.6
Chrome Mobile,90.0.4430.82,Asus X01AD,Asus,Blink,[object Object],Chrome Mobile 90.0.4430.82 on Asus X01AD (Android 9),2021-05-06T05:13:39.936Z,着席,あ,false,67.7,72.10000000000001,-12.4,5.5,20.8,6.1000000000000005,4.800000000000001,11.200000000000001,3,124.90000000000002,8.600000000000001,-54.4
Chrome Mobile,90.0.4430.82,Asus X01AD,Asus,Blink,[object Object],Chrome Mobile 90.0.4430.82 on Asus X01AD (Android 9),2021-05-06T05:13:40.158Z,着席,あ,false,133.4,97.60000000000001,-82.5,-2.9000000000000004,-6.4,-0.4,-1.6,-15.8,0.1,-51.9,20.1,6.600000000000001
Chrome Mobile,90.0.4430.82,Asus X01AD,Asus,Blink,[object Object],Chrome Mobile 90.0.4430.82 on Asus X01AD (Android 9),2021-05-06T05:13:40.359Z,着席,あ,false,67.2,69.60000000000001,-12.3,4.9,20,7.6000000000000005,4.1000000000000005,10.600000000000001,4.2,103.8,24.200000000000003,-36.7
Chrome Mobile,90.0.4430.82,Asus X01AD,Asus,Blink,[object Object],Chrome Mobile 90.0.4430.82 on Asus X01AD (Android 9),2021-05-06T05:13:40.560Z,着席,あ,false,22.6,75.60000000000001,34.5,-1.9000000000000001,-1.7000000000000002,-0.8,-0.5,-10.8,-2.7,-111.50000000000001,-65,71.8
Chrome Mobile,90.0.4430.82,Asus X01AD,Asus,Blink,[object Object],Chrome Mobile 90.0.4430.82 on Asus X01AD (Android 9),2021-05-06T05:13:40.760Z,着席,あ,false,57.6,73.5,-3.7,0.30000000000000004,7.2,6,0.1,-2.6,3.1,179.70000000000002,6.600000000000001,-53.599999999999994
Chrome Mobile,90.0.4430.82,Asus X01AD,Asus,Blink,[object Object],Chrome Mobile 90.0.4430.82 on Asus X01AD (Android 9),2021-05-06T05:13:40.961Z,着席,あ,false,60.7,75.8,-4,-0.2,5.6000000000000005,-0.5,-0.30000000000000004,-3.4000000000000004,-2.8000000000000003,-206.4,26.9,89.2
Chrome Mobile,90.0.4430.82,Asus X01AD,Asus,Blink,[object Object],Chrome Mobile 90.0.4430.82 on Asus X01AD (Android 9),2021-05-06T05:13:41.162Z,着席,あ,false,73.8,72.4,-17.8,1.1,5.300000000000001,4.5,0.1,-4.3,1.6,133.3,-8.5,-71.39999999999999
Chrome Mobile,90.0.4430.82,Asus X01AD,Asus,Blink,[object Object],Chrome Mobile 90.0.4430.82 on Asus X01AD (Android 9),2021-05-06T05:13:41.363Z,着席,あ,false,67.5,67.10000000000001,-8.4,1.7000000000000002,16.3,5.1000000000000005,1.2000000000000002,7.7,1.5,-171.39999999999998,12.4,36.5
Chrome Mobile,90.0.4430.82,Asus X01AD,Asus,Blink,[object Object],Chrome Mobile 90.0.4430.82 on Asus X01AD (Android 9),2021-05-06T05:13:41.564Z,着席,あ,false,63.6,78,-7.800000000000001,-0.1,1.3,2.3000000000000003,-0.4,-8.6,0.2,134.70000000000002,-12.7,-68.2
Chrome Mobile,90.0.4430.82,Asus X01AD,Asus,Blink,[object Object],Chrome Mobile 90.0.4430.82 on Asus X01AD (Android 9),2021-05-06T05:13:41.764Z,着席,あ,false,67.7,73.8,-10.9,0.30000000000000004,11.9,0.9,-0.2,3,-1.6,-172.4,19.9,74.30000000000001
Chrome Mobile,90.0.4430.82,Asus X01AD,Asus,Blink,[object Object],Chrome Mobile 90.0.4430.82 on Asus X01AD (Android 9),2021-05-06T05:13:41.965Z,着席,あ,false,59.7,79.10000000000001,-6.4,-0.4,0.9,3.4000000000000004,-0.6000000000000001,-9.1,1.5,141,-27.5,-100.9
Chrome Mobile,90.0.4430.82,Asus X01AD,Asus,Blink,[object Object],Chrome Mobile 90.0.4430.82 on Asus X01AD (Android 9),2021-05-06T05:13:42.166Z,着席,あ,false,64.9,73.8,-9.600000000000001,1.6,10.8,0.7000000000000001,1.1,2,-1.8,-186.4,8.899999999999999,105.7
Chrome Mobile,90.0.4430.82,Asus X01AD,Asus,Blink,[object Object],Chrome Mobile 90.0.4430.82 on Asus X01AD (Android 9),2021-05-06T05:13:42.367Z,着席,あ,false,70.2,78.60000000000001,-17.5,0.7000000000000001,4.3,4.3,0.1,-5.7,2.3000000000000003,185.80000000000004,-20.8,-111.10000000000002
Chrome Mobile,90.0.4430.82,Asus X01AD,Asus,Blink,[object Object],Chrome Mobile 90.0.4430.82 on Asus X01AD (Android 9),2021-05-06T05:13:42.567Z,着席,あ,false,48.6,82.30000000000001,8.9,-1.6,5.6000000000000005,-0.5,-1.4000000000000001,-3.6,-1.7000000000000002,-168.4,54,90.9
Chrome Mobile,90.0.4430.82,Asus X01AD,Asus,Blink,[object Object],Chrome Mobile 90.0.4430.82 on Asus X01AD (Android 9),2021-05-06T05:13:42.768Z,着席,あ,false,79.2,81.2,-21.3,1.3,5.7,1.5,0.7000000000000001,-4.3,0.1,106.70000000000002,-17,-89.4
Chrome Mobile,90.0.4430.82,Asus X01AD,Asus,Blink,[object Object],Chrome Mobile 90.0.4430.82 on Asus X01AD (Android 9),2021-05-06T05:13:42.969Z,着席,あ,false,59.900000000000006,83.10000000000001,-3.2,0.8,3.3000000000000003,-3.2,0.7000000000000001,-5.9,-4.3,-101.20000000000002,-8.899999999999999,95.80000000000001
Chrome Mobile,90.0.4430.82,Asus X01AD,Asus,Blink,[object Object],Chrome Mobile 90.0.4430.82 on Asus X01AD (Android 9),2021-05-06T05:13:43.169Z,着席,あ,false,66.5,74.5,-12.4,1.8,9.9,6.4,1.2000000000000002,0,3.7,162.7,23.099999999999998,-102.2
Chrome Mobile,90.0.4430.82,Asus X01AD,Asus,Blink,[object Object],Chrome Mobile 90.0.4430.82 on Asus X01AD (Android 9),2021-05-06T05:13:43.377Z,着席,あ,false,16.2,82.7,40.1,-3.4000000000000004,-1.2000000000000002,-1.6,-2.7,-10.5,-2.5,-124.10000000000001,-30.200000000000003,100.80000000000001
Chrome Mobile,90.0.4430.82,Asus X01AD,Asus,Blink,[object Object],Chrome Mobile 90.0.4430.82 on Asus X01AD (Android 9),2021-05-06T05:13:43.578Z,着席,あ,false,80,74.8,-24,3.2,11.9,3.3000000000000003,2.1,2,0.9,124.3,8.700000000000001,-112.80000000000001
Chrome Mobile,90.0.4430.82,Asus X01AD,Asus,Blink,[object Object],Chrome Mobile 90.0.4430.82 on Asus X01AD (Android 9),2021-05-06T05:13:43.778Z,着席,あ,false,347.40000000000003,83.2,68.10000000000001,-3.8000000000000003,-2.7,-2.5,-2.7,-12.100000000000001,-2.9000000000000004,-75.4,1.8000000000000003,39.2
Chrome Mobile,90.0.4430.82,Asus X01AD,Asus,Blink,[object Object],Chrome Mobile 90.0.4430.82 on Asus X01AD (Android 9),2021-05-06T05:13:43.978Z,着席,あ,false,88.5,70.3,-31.700000000000003,7.800000000000001,21.6,5.7,6,12.100000000000001,2.8000000000000003,91.6,32.2,-55.3
Chrome Mobile,90.0.4430.82,Asus X01AD,Asus,Blink,[object Object],Chrome Mobile 90.0.4430.82 on Asus X01AD (Android 9),2021-05-06T05:13:44.180Z,着席,あ,false,353,84.80000000000001,63.900000000000006,-3.6,-3.6,-2.9000000000000004,-2.8000000000000003,-13,-3.3000000000000003,-68.3,-1.3,58.400000000000006
Chrome Mobile,90.0.4430.82,Asus X01AD,Asus,Blink,[object Object],Chrome Mobile 90.0.4430.82 on Asus X01AD (Android 9),2021-05-06T05:13:44.385Z,着席,あ,false,90.4,70.5,-34,7.5,19.3,6.4,5.6000000000000005,9.700000000000001,3.6,105.9,49.300000000000004,-87.50000000000001
Chrome Mobile,90.0.4430.82,Asus X01AD,Asus,Blink,[object Object],Chrome Mobile 90.0.4430.82 on Asus X01AD (Android 9),2021-05-06T05:13:44.586Z,着席,あ,false,352.8,82.30000000000001,64.5,-4.3,-5.2,-1.5,-3.2,-14.5,-2.1,-49,6.9,56.300000000000004
Chrome Mobile,90.0.4430.82,Asus X01AD,Asus,Blink,[object Object],Chrome Mobile 90.0.4430.82 on Asus X01AD (Android 9),2021-05-06T05:13:44.787Z,着席,あ,false,78.60000000000001,75.4,-18.2,2.8000000000000003,14.3,5,2,4.4,2.6,130.1,85.60000000000001,-90.1
Chrome Mobile,90.0.4430.82,Asus X01AD,Asus,Blink,[object Object],Chrome Mobile 90.0.4430.82 on Asus X01AD (Android 9),2021-05-06T05:13:44.987Z,着席,あ,false,356.3,83.10000000000001,63.900000000000006,-1.3,-4.3,-1.6,-0.30000000000000004,-13.600000000000001,-2.1,-93.49999999999999,-24.8,51.9
Chrome Mobile,90.0.4430.82,Asus X01AD,Asus,Blink,[object Object],Chrome Mobile 90.0.4430.82 on Asus X01AD (Android 9),2021-05-06T05:13:45.188Z,着席,あ,false,70.2,69,-19.200000000000003,4.6000000000000005,16.5,8.3,3.4000000000000004,6.9,4.9,160.10000000000002,39.699999999999996,-100.2
Chrome Mobile,90.0.4430.82,Asus X01AD,Asus,Blink,[object Object],Chrome Mobile 90.0.4430.82 on Asus X01AD (Android 9),2021-05-06T05:13:45.389Z,着席,あ,false,326.6,80.2,84.2,-3.1,-4.7,-1.9000000000000001,-1.5,-14.100000000000001,-2.1,-34.300000000000004,-15.299999999999999,33.800000000000004
Chrome Mobile,90.0.4430.82,Asus X01AD,Asus,Blink,[object Object],Chrome Mobile 90.0.4430.82 on Asus X01AD (Android 9),2021-05-06T05:13:45.590Z,着席,あ,false,69.10000000000001,70.2,-23.400000000000002,7.6000000000000005,23.3,11.3,6.2,13.700000000000001,8.1,136.9,23.3,-47.5
Chrome Mobile,90.0.4430.82,Asus X01AD,Asus,Blink,[object Object],Chrome Mobile 90.0.4430.82 on Asus X01AD (Android 9),2021-05-06T05:13:45.791Z,着席,あ,false,121,99.4,-75.8,-3.1,-5,-2,-1.6,-14.4,-1.6,-31.7,-5.6,11.4
Chrome Mobile,90.0.4430.82,Asus X01AD,Asus,Blink,[object Object],Chrome Mobile 90.0.4430.82 on Asus X01AD (Android 9),2021-05-06T05:13:45.991Z,着席,あ,false,65.2,68.60000000000001,-20.900000000000002,7.4,29.700000000000003,12.600000000000001,6.1000000000000005,20.3,9.200000000000001,132.70000000000002,26.400000000000006,-20.900000000000002
Chrome Mobile,90.0.4430.82,Asus X01AD,Asus,Blink,[object Object],Chrome Mobile 90.0.4430.82 on Asus X01AD (Android 9),2021-05-06T05:13:46.192Z,着席,あ,false,113.10000000000001,102.5,-68.5,-4,-6.2,-1.5,-2.1,-15.600000000000001,-0.7000000000000001,-0.5,10.9,-2.5
Chrome Mobile,90.0.4430.82,Asus X01AD,Asus,Blink,[object Object],Chrome Mobile 90.0.4430.82 on Asus X01AD (Android 9),2021-05-06T05:13:46.393Z,着席,あ,false,68.9,70.60000000000001,-24.6,7.1000000000000005,33.2,10.100000000000001,5.7,23.900000000000002,7.1000000000000005,-3.1,16.900000000000002,45.8
Chrome Mobile,90.0.4430.82,Asus X01AD,Asus,Blink,[object Object],Chrome Mobile 90.0.4430.82 on Asus X01AD (Android 9),2021-05-06T05:13:46.594Z,着席,あ,false,117.80000000000001,97.9,-72.5,-2.6,-4.9,0.5,-1.4000000000000001,-14.600000000000001,0.9,44.2,16.8,-60.8
Chrome Mobile,90.0.4430.82,Asus X01AD,Asus,Blink,[object Object],Chrome Mobile 90.0.4430.82 on Asus X01AD (Android 9),2021-05-06T05:13:46.794Z,着席,あ,false,60,66.9,-10.700000000000001,5.300000000000001,29.700000000000003,18.1,4.6000000000000005,21,14.5,-170.2,13.200000000000003,82.8
Chrome Mobile,90.0.4430.82,Asus X01AD,Asus,Blink,[object Object],Chrome Mobile 90.0.4430.82 on Asus X01AD (Android 9),2021-05-06T05:13:46.995Z,着席,あ,false,324.1,80.9,83.60000000000001,-1,-1.8,2.1,0.5,-11.600000000000001,2,118.69999999999999,1.6,-101.4
Chrome Mobile,90.0.4430.82,Asus X01AD,Asus,Blink,[object Object],Chrome Mobile 90.0.4430.82 on Asus X01AD (Android 9),2021-05-06T05:13:47.203Z,着席,あ,false,33.2,73.2,15.600000000000001,-2.5,16.400000000000002,7.5,-1.8,7.5,4.9,-237.00000000000003,-23.2,134.20000000000002
Chrome Mobile,90.0.4430.82,Asus X01AD,Asus,Blink,[object Object],Chrome Mobile 90.0.4430.82 on Asus X01AD (Android 9),2021-05-06T05:13:47.404Z,着席,あ,false,9.9,81.60000000000001,41.900000000000006,-1.6,1.2000000000000002,4.3,-0.6000000000000001,-8.8,3.2,132.1,7,-102.7
Chrome Mobile,90.0.4430.82,Asus X01AD,Asus,Blink,[object Object],Chrome Mobile 90.0.4430.82 on Asus X01AD (Android 9),2021-05-06T05:13:47.604Z,着席,あ,false,26.8,79.10000000000001,25.6,-2,4.1000000000000005,1,-1.3,-4.9,-0.6000000000000001,-223.60000000000002,-5.7,83.10000000000001
Chrome Mobile,90.0.4430.82,Asus X01AD,Asus,Blink,[object Object],Chrome Mobile 90.0.4430.82 on Asus X01AD (Android 9),2021-05-06T05:13:47.805Z,着席,あ,false,55.2,77.5,-0.6000000000000001,0.8,6.7,5.800000000000001,0.8,-3.3000000000000003,3.6,133.3,-7.300000000000001,-120.4
Chrome Mobile,90.0.4430.82,Asus X01AD,Asus,Blink,[object Object],Chrome Mobile 90.0.4430.82 on Asus X01AD (Android 9),2021-05-06T05:13:48.005Z,着席,あ,false,348.70000000000005,79.30000000000001,65.8,-2.8000000000000003,-2,-2.5,-1.2000000000000002,-11.100000000000001,-3.2,-116.2,-13.8,75.2
Chrome Mobile,90.0.4430.82,Asus X01AD,Asus,Blink,[object Object],Chrome Mobile 90.0.4430.82 on Asus X01AD (Android 9),2021-05-06T05:13:48.206Z,着席,あ,false,60.7,71.10000000000001,-9.600000000000001,4.3,19.700000000000003,7.7,3.7,10.100000000000001,4.5,153.3,18.6,-65
Chrome Mobile,90.0.4430.82,Asus X01AD,Asus,Blink,[object Object],Chrome Mobile 90.0.4430.82 on Asus X01AD (Android 9),2021-05-06T05:13:48.406Z,着席,あ,false,137.9,100.2,-82.80000000000001,-1.1,-3.7,-2.6,0.6000000000000001,-13.100000000000001,-2.4000000000000004,-7.1000000000000005,-26.9,17.400000000000002
Chrome Mobile,90.0.4430.82,Asus X01AD,Asus,Blink,[object Object],Chrome Mobile 90.0.4430.82 on Asus X01AD (Android 9),2021-05-06T05:13:48.607Z,着席,あ,false,69.9,65.5,-19.8,9.8,34.300000000000004,12.600000000000001,8.4,25.3,8.700000000000001,57.400000000000006,23.900000000000006,38.900000000000006
Chrome Mobile,90.0.4430.82,Asus X01AD,Asus,Blink,[object Object],Chrome Mobile 90.0.4430.82 on Asus X01AD (Android 9),2021-05-06T05:13:48.807Z,着席,あ,false,130,99.9,-77.60000000000001,-2,-4.6000000000000005,-1.2000000000000002,-0.4,-14.200000000000001,-0.9,64.30000000000001,23.400000000000002,-41.6
Chrome Mobile,90.0.4430.82,Asus X01AD,Asus,Blink,[object Object],Chrome Mobile 90.0.4430.82 on Asus X01AD (Android 9),2021-05-06T05:13:49.008Z,着席,あ,false,63.1,72.2,-11.200000000000001,3.2,21.8,8.6,2.6,13,5.800000000000001,-203.29999999999998,-26.9,154.9
Chrome Mobile,90.0.4430.82,Asus X01AD,Asus,Blink,[object Object],Chrome Mobile 90.0.4430.82 on Asus X01AD (Android 9),2021-05-06T05:13:49.208Z,着席,あ,false,355.20000000000005,84.60000000000001,56.2,-1.4000000000000001,-0.2,3.3000000000000003,-0.6000000000000001,-10.3,2.8000000000000003,121.5,-5.8,-110
Chrome Mobile,90.0.4430.82,Asus X01AD,Asus,Blink,[object Object],Chrome Mobile 90.0.4430.82 on Asus X01AD (Android 9),2021-05-06T05:13:49.409Z,着席,あ,false,25.900000000000002,80.60000000000001,24.700000000000003,-4,4.7,0.8,-3.4000000000000004,-4.3,-0.6000000000000001,-200.2,-56.7,123.1
Chrome Mobile,90.0.4430.82,Asus X01AD,Asus,Blink,[object Object],Chrome Mobile 90.0.4430.82 on Asus X01AD (Android 9),2021-05-06T05:13:49.609Z,着席,あ,false,55.5,81.10000000000001,-3.3000000000000003,0.5,6.300000000000001,5.1000000000000005,0.4,-3.9000000000000004,3.5,147.5,4.7,-128.9
Chrome Mobile,90.0.4430.82,Asus X01AD,Asus,Blink,[object Object],Chrome Mobile 90.0.4430.82 on Asus X01AD (Android 9),2021-05-06T05:13:49.810Z,着席,あ,false,135,98.60000000000001,-80.80000000000001,-3.1,-2.3000000000000003,-2.7,-1.8,-11.5,-2.5,-97.50000000000001,-26.5,68.4
Chrome Mobile,90.0.4430.82,Asus X01AD,Asus,Blink,[object Object],Chrome Mobile 90.0.4430.82 on Asus X01AD (Android 9),2021-05-06T05:13:50.010Z,着席,あ,false,74.8,75.8,-21.200000000000003,4.5,18.2,2.8000000000000003,3.6,8.3,0.5,53.50000000000001,28.900000000000002,-107.7
Chrome Mobile,90.0.4430.82,Asus X01AD,Asus,Blink,[object Object],Chrome Mobile 90.0.4430.82 on Asus X01AD (Android 9),2021-05-06T05:13:50.211Z,着席,あ,false,322.20000000000005,80.80000000000001,86.9,-3.1,-4.1000000000000005,-3.2,-1.5,-13.4,-3.2,-63.10000000000001,10.700000000000001,54.300000000000004
Chrome Mobile,90.0.4430.82,Asus X01AD,Asus,Blink,[object Object],Chrome Mobile 90.0.4430.82 on Asus X01AD (Android 9),2021-05-06T05:13:50.422Z,着席,あ,false,60.7,72.2,-8.6,2.3000000000000003,18.8,9.3,1.8,9.1,6.2,118.69999999999999,45.7,-78.80000000000001
Chrome Mobile,90.0.4430.82,Asus X01AD,Asus,Blink,[object Object],Chrome Mobile 90.0.4430.82 on Asus X01AD (Android 9),2021-05-06T05:13:50.626Z,着席,あ,false,331.40000000000003,82.9,85.30000000000001,-2.7,-4.3,-3.7,-1.5,-13.600000000000001,-3.8000000000000003,-59.9,-38.400000000000006,94
Chrome Mobile,90.0.4430.82,Asus X01AD,Asus,Blink,[object Object],Chrome Mobile 90.0.4430.82 on Asus X01AD (Android 9),2021-05-06T05:13:50.826Z,着席,あ,false,81.30000000000001,74.4,-26.900000000000002,6.2,18.5,3.2,5,8.700000000000001,0.7000000000000001,126,29.900000000000006,-96.1
Chrome Mobile,90.0.4430.82,Asus X01AD,Asus,Blink,[object Object],Chrome Mobile 90.0.4430.82 on Asus X01AD (Android 9),2021-05-06T05:13:51.027Z,着席,あ,false,134.6,99.10000000000001,-81.7,-3.2,-5.1000000000000005,-2,-1.7000000000000002,-14.5,-1.7000000000000002,-21.8,-10.8,38.50000000000001
Chrome Mobile,90.0.4430.82,Asus X01AD,Asus,Blink,[object Object],Chrome Mobile 90.0.4430.82 on Asus X01AD (Android 9),2021-05-06T05:13:51.228Z,着席,あ,false,72.9,67.7,-22.900000000000002,7.300000000000001,28.3,10.700000000000001,5.800000000000001,19,7.2,82.9,9.700000000000001,-45.2
Chrome Mobile,90.0.4430.82,Asus X01AD,Asus,Blink,[object Object],Chrome Mobile 90.0.4430.82 on Asus X01AD (Android 9),2021-05-06T05:13:51.428Z,着席,あ,false,133.8,99,-83.5,-3.1,-5.7,-3,-1.6,-15.200000000000001,-2.8000000000000003,-2.5,26.1,-14.5
Chrome Mobile,90.0.4430.82,Asus X01AD,Asus,Blink,[object Object],Chrome Mobile 90.0.4430.82 on Asus X01AD (Android 9),2021-05-06T05:13:51.629Z,着席,あ,false,71.9,69.9,-20.8,6.6000000000000005,27.8,11,5.300000000000001,18.400000000000002,7.800000000000001,50.2,27.5,-71.30000000000001
Chrome Mobile,90.0.4430.82,Asus X01AD,Asus,Blink,[object Object],Chrome Mobile 90.0.4430.82 on Asus X01AD (Android 9),2021-05-06T05:13:51.830Z,着席,あ,false,323,81.7,87.60000000000001,-3.3000000000000003,-5.300000000000001,-0.8,-1.9000000000000001,-14.8,-0.9,-8.700000000000001,13.000000000000002,21.500000000000004
Chrome Mobile,90.0.4430.82,Asus X01AD,Asus,Blink,[object Object],Chrome Mobile 90.0.4430.82 on Asus X01AD (Android 9),2021-05-06T05:13:52.031Z,着席,あ,false,73.60000000000001,69.8,-24.400000000000002,6.2,26.400000000000002,12.3,4.800000000000001,17,9.1,41.900000000000006,18.3,-48
Chrome Mobile,90.0.4430.82,Asus X01AD,Asus,Blink,[object Object],Chrome Mobile 90.0.4430.82 on Asus X01AD (Android 9),2021-05-06T05:13:52.232Z,着席,あ,false,324.1,81,86.10000000000001,-2.9000000000000004,-4.6000000000000005,-1.1,-1.4000000000000001,-14.100000000000001,-1.2000000000000002,3.4,18.8,-17.1
Chrome Mobile,90.0.4430.82,Asus X01AD,Asus,Blink,[object Object],Chrome Mobile 90.0.4430.82 on Asus X01AD (Android 9),2021-05-06T05:13:52.432Z,着席,あ,false,75.9,69.8,-26,10.100000000000001,33.300000000000004,9.5,8.200000000000001,25.1,8.1,30.1,19.200000000000003,7.200000000000001
Chrome Mobile,90.0.4430.82,Asus X01AD,Asus,Blink,[object Object],Chrome Mobile 90.0.4430.82 on Asus X01AD (Android 9),2021-05-06T05:13:52.633Z,着席,あ,false,135.20000000000002,100.2,-82.5,-3.3000000000000003,-5.800000000000001,-0.8,-1.6,-15.4,-0.6000000000000001,32.5,31.099999999999998,-41.50000000000001
Chrome Mobile,90.0.4430.82,Asus X01AD,Asus,Blink,[object Object],Chrome Mobile 90.0.4430.82 on Asus X01AD (Android 9),2021-05-06T05:13:52.833Z,着席,あ,false,74.8,68.9,-19.8,8.5,33,10.8,7.4,24.1,7.6000000000000005,-99.00000000000001,-34.400000000000006,62.50000000000001
Chrome Mobile,90.0.4430.82,Asus X01AD,Asus,Blink,[object Object],Chrome Mobile 90.0.4430.82 on Asus X01AD (Android 9),2021-05-06T05:13:53.034Z,着席,あ,false,347.20000000000005,80.4,66,-2.9000000000000004,-4.1000000000000005,1.3,-1.4000000000000001,-13.8,0.6000000000000001,52.300000000000004,12.600000000000001,-65
Chrome Mobile,90.0.4430.82,Asus X01AD,Asus,Blink,[object Object],Chrome Mobile 90.0.4430.82 on Asus X01AD (Android 9),2021-05-06T05:13:53.234Z,着席,あ,false,75.4,65.7,-19.400000000000002,9.3,28.6,11.3,8.1,20.1,7.6000000000000005,-144.70000000000002,-58.800000000000004,113.89999999999999
Chrome Mobile,90.0.4430.82,Asus X01AD,Asus,Blink,[object Object],Chrome Mobile 90.0.4430.82 on Asus X01AD (Android 9),2021-05-06T05:13:53.435Z,着席,あ,false,37.4,81.7,19.900000000000002,-0.8,-2.8000000000000003,1.3,-0.30000000000000004,-12.8,-0.1,122.60000000000001,-18.700000000000003,-104.50000000000001
Chrome Mobile,90.0.4430.82,Asus X01AD,Asus,Blink,[object Object],Chrome Mobile 90.0.4430.82 on Asus X01AD (Android 9),2021-05-06T05:13:53.636Z,着席,あ,false,67.9,68.9,-9,3.1,23.8,7.9,2.6,15.100000000000001,4.6000000000000005,-177.70000000000002,-10.9,94.4
Chrome Mobile,90.0.4430.82,Asus X01AD,Asus,Blink,[object Object],Chrome Mobile 90.0.4430.82 on Asus X01AD (Android 9),2021-05-06T05:13:53.836Z,着席,あ,false,38.900000000000006,84.2,17.400000000000002,-1.4000000000000001,-2.7,2.1,-0.4,-11.3,0.9,82.3,-17.300000000000004,-99.7
Chrome Mobile,90.0.4430.82,Asus X01AD,Asus,Blink,[object Object],Chrome Mobile 90.0.4430.82 on Asus X01AD (Android 9),2021-05-06T05:13:54.037Z,着席,あ,false,85.30000000000001,72.3,-27.900000000000002,8.4,19.900000000000002,4.3,7,11.100000000000001,1.8,-152.6,-9.4,154.2
Chrome Mobile,90.0.4430.82,Asus X01AD,Asus,Blink,[object Object],Chrome Mobile 90.0.4430.82 on Asus X01AD (Android 9),2021-05-06T05:13:54.237Z,着席,あ,false,37.5,82.9,15.9,-1.6,0.5,2.9000000000000004,-1.2000000000000002,-9.5,1.7000000000000002,97.2,-18.900000000000002,-122.79999999999998
Chrome Mobile,90.0.4430.82,Asus X01AD,Asus,Blink,[object Object],Chrome Mobile 90.0.4430.82 on Asus X01AD (Android 9),2021-05-06T05:13:54.438Z,着席,あ,false,53.7,75.4,1.1,-1.2000000000000002,15.3,4.9,-1.2000000000000002,6.4,2.5,-182.9,-11.3,142.20000000000002
Chrome Mobile,90.0.4430.82,Asus X01AD,Asus,Blink,[object Object],Chrome Mobile 90.0.4430.82 on Asus X01AD (Android 9),2021-05-06T05:13:54.638Z,着席,あ,false,52.900000000000006,86.5,1.1,0.5,3.1,0.30000000000000004,0.5,-7,-0.30000000000000004,126.70000000000002,-6,-101.30000000000001
Chrome Mobile,90.0.4430.82,Asus X01AD,Asus,Blink,[object Object],Chrome Mobile 90.0.4430.82 on Asus X01AD (Android 9),2021-05-06T05:13:54.848Z,着席,あ,false,65.5,80.10000000000001,-8.6,-1,8.5,1.2000000000000002,-1.2000000000000002,-0.6000000000000001,-0.30000000000000004,-215.5,30.200000000000003,163.6
Chrome Mobile,90.0.4430.82,Asus X01AD,Asus,Blink,[object Object],Chrome Mobile 90.0.4430.82 on Asus X01AD (Android 9),2021-05-06T05:13:55.054Z,着席,あ,false,24.700000000000003,82.60000000000001,28.3,-1.2000000000000002,-0.2,1.6,-0.6000000000000001,-10.200000000000001,0.5,94.80000000000001,-11.1,-117.4
Chrome Mobile,90.0.4430.82,Asus X01AD,Asus,Blink,[object Object],Chrome Mobile 90.0.4430.82 on Asus X01AD (Android 9),2021-05-06T05:13:55.254Z,着席,あ,false,62.7,75.9,-8.8,0.4,10.4,3.3000000000000003,0,1.6,1.1,-167,-28.3,207.4
Chrome Mobile,90.0.4430.82,Asus X01AD,Asus,Blink,[object Object],Chrome Mobile 90.0.4430.82 on Asus X01AD (Android 9),2021-05-06T05:13:55.455Z,着席,あ,false,47.400000000000006,84.7,6.300000000000001,0.30000000000000004,1.7000000000000002,-0.5,0.4,-8.4,-1.5,105.10000000000001,-1,-118.50000000000001
Chrome Mobile,90.0.4430.82,Asus X01AD,Asus,Blink,[object Object],Chrome Mobile 90.0.4430.82 on Asus X01AD (Android 9),2021-05-06T05:13:55.656Z,着席,あ,false,71.7,78.5,-18.5,-0.1,14.200000000000001,1.9000000000000001,-0.6000000000000001,5.1000000000000005,0.1,-117.60000000000001,14.400000000000002,181.60000000000002
Chrome Mobile,90.0.4430.82,Asus X01AD,Asus,Blink,[object Object],Chrome Mobile 90.0.4430.82 on Asus X01AD (Android 9),2021-05-06T05:13:55.856Z,着席,あ,false,19.900000000000002,84.30000000000001,36.6,-0.7000000000000001,-0.1,1.4000000000000001,-0.1,-10.100000000000001,0.6000000000000001,78.3,8.4,-134.3
Chrome Mobile,90.0.4430.82,Asus X01AD,Asus,Blink,[object Object],Chrome Mobile 90.0.4430.82 on Asus X01AD (Android 9),2021-05-06T05:13:56.058Z,着席,あ,false,59.2,78.4,-3.8000000000000003,0.5,12.200000000000001,0.8,0.4,3.2,-1.1,-194.7,-24.7,138.7
Chrome Mobile,90.0.4430.82,Asus X01AD,Asus,Blink,[object Object],Chrome Mobile 90.0.4430.82 on Asus X01AD (Android 9),2021-05-06T05:13:56.259Z,着席,あ,false,24.8,84.60000000000001,32,0.1,1.3,2,0.6000000000000001,-8.8,1.2000000000000002,125.00000000000001,-14,-110.10000000000001
Chrome Mobile,90.0.4430.82,Asus X01AD,Asus,Blink,[object Object],Chrome Mobile 90.0.4430.82 on Asus X01AD (Android 9),2021-05-06T05:13:56.466Z,着席,あ,false,54.400000000000006,81.7,1.3,0.30000000000000004,8.9,1.6,0.30000000000000004,-0.2,0.30000000000000004,-170.8,-5.1000000000000005,149.79999999999998
Chrome Mobile,90.0.4430.82,Asus X01AD,Asus,Blink,[object Object],Chrome Mobile 90.0.4430.82 on Asus X01AD (Android 9),2021-05-06T05:13:56.667Z,着席,あ,false,343.90000000000003,84.4,72.2,0,0.9,3,0.9,-9.1,2.7,122.79999999999998,-36.8,-121.9
Chrome Mobile,90.0.4430.82,Asus X01AD,Asus,Blink,[object Object],Chrome Mobile 90.0.4430.82 on Asus X01AD (Android 9),2021-05-06T05:13:56.868Z,着席,あ,false,52.800000000000004,79.7,2.7,-0.6000000000000001,9.4,1.8,-0.5,0.30000000000000004,0.1,-210.6,-9.600000000000001,162.50000000000003
Chrome Mobile,90.0.4430.82,Asus X01AD,Asus,Blink,[object Object],Chrome Mobile 90.0.4430.82 on Asus X01AD (Android 9),2021-05-06T05:13:57.068Z,着席,あ,false,50.7,83.4,4.5,0.6000000000000001,4.1000000000000005,2.6,0.7000000000000001,-6,1.4000000000000001,144,-25.8,-108.3
Chrome Mobile,90.0.4430.82,Asus X01AD,Asus,Blink,[object Object],Chrome Mobile 90.0.4430.82 on Asus X01AD (Android 9),2021-05-06T05:13:57.269Z,着席,あ,false,358.3,84.7,56.400000000000006,-1.4000000000000001,0.1,-2.3000000000000003,-0.7000000000000001,-9.200000000000001,-2.8000000000000003,-129.8,3.7000000000000006,100.9
Chrome Mobile,90.0.4430.82,Asus X01AD,Asus,Blink,[object Object],Chrome Mobile 90.0.4430.82 on Asus X01AD (Android 9),2021-05-06T05:13:57.469Z,着席,あ,false,63.900000000000006,81.9,-9.8,0.30000000000000004,8.200000000000001,3.8000000000000003,0.1,-1.9000000000000001,2.4000000000000004,149.9,-12.7,-121.6
Chrome Mobile,90.0.4430.82,Asus X01AD,Asus,Blink,[object Object],Chrome Mobile 90.0.4430.82 on Asus X01AD (Android 9),2021-05-06T05:13:57.670Z,着席,あ,false,114.80000000000001,93.9,-60.7,-0.2,-1.3,-1.9000000000000001,0.30000000000000004,-10.600000000000001,-1.6,-98.39999999999999,-2.9,81.60000000000001
Chrome Mobile,90.0.4430.82,Asus X01AD,Asus,Blink,[object Object],Chrome Mobile 90.0.4430.82 on Asus X01AD (Android 9),2021-05-06T05:13:57.870Z,着席,あ,false,84.30000000000001,78.4,-31.700000000000003,3.3000000000000003,14.4,3.1,2.2,4.5,1.3,114.40000000000002,-0.1,-89.2
Chrome Mobile,90.0.4430.82,Asus X01AD,Asus,Blink,[object Object],Chrome Mobile 90.0.4430.82 on Asus X01AD (Android 9),2021-05-06T05:13:58.071Z,着席,あ,false,140.3,95.10000000000001,-88.80000000000001,-3.5,-3.2,-2,-2.7,-12.5,-2,-97.8,23.900000000000006,26.700000000000003
Chrome Mobile,90.0.4430.82,Asus X01AD,Asus,Blink,[object Object],Chrome Mobile 90.0.4430.82 on Asus X01AD (Android 9),2021-05-06T05:13:58.271Z,着席,あ,false,79,79,-25.900000000000002,3.5,15.8,3.4000000000000004,2.6,5.800000000000001,1.7000000000000002,123.8,14.800000000000002,-71.9
Chrome Mobile,90.0.4430.82,Asus X01AD,Asus,Blink,[object Object],Chrome Mobile 90.0.4430.82 on Asus X01AD (Android 9),2021-05-06T05:13:58.472Z,着席,あ,false,331,85.2,82.4,-1.7000000000000002,-2.8000000000000003,-1,-1,-12,-1.2000000000000002,-96.9,-17.9,76.5
Chrome Mobile,90.0.4430.82,Asus X01AD,Asus,Blink,[object Object],Chrome Mobile 90.0.4430.82 on Asus X01AD (Android 9),2021-05-06T05:13:58.673Z,着席,あ,false,75.3,77.5,-21.700000000000003,4.6000000000000005,17.400000000000002,4.3,3.6,7.6000000000000005,2,124.8,4,-81.3
Chrome Mobile,90.0.4430.82,Asus X01AD,Asus,Blink,[object Object],Chrome Mobile 90.0.4430.82 on Asus X01AD (Android 9),2021-05-06T05:13:58.874Z,着席,あ,false,348,83.2,64.8,-3.1,-3.1,-2.2,-2.1,-12.4,-2.7,-94.7,-7.400000000000001,83.4
Chrome Mobile,90.0.4430.82,Asus X01AD,Asus,Blink,[object Object],Chrome Mobile 90.0.4430.82 on Asus X01AD (Android 9),2021-05-06T05:13:59.075Z,着席,あ,false,73.9,71.9,-21,5.7,17.3,4.800000000000001,4.6000000000000005,7.7,1.8,153.50000000000003,2.9,-68.80000000000001
Chrome Mobile,90.0.4430.82,Asus X01AD,Asus,Blink,[object Object],Chrome Mobile 90.0.4430.82 on Asus X01AD (Android 9),2021-05-06T05:13:59.281Z,着席,あ,false,138.8,97.10000000000001,-86.80000000000001,-2.3000000000000003,-4.4,-2,-1.1,-13.8,-2,-30.799999999999997,-7.200000000000001,36.2
Chrome Mobile,90.0.4430.82,Asus X01AD,Asus,Blink,[object Object],Chrome Mobile 90.0.4430.82 on Asus X01AD (Android 9),2021-05-06T05:13:59.482Z,着席,あ,false,74.5,76.2,-23.700000000000003,3.2,15.9,4.800000000000001,2.3000000000000003,6,2.6,123.1,15.5,-63.8
Chrome Mobile,90.0.4430.82,Asus X01AD,Asus,Blink,[object Object],Chrome Mobile 90.0.4430.82 on Asus X01AD (Android 9),2021-05-06T05:13:59.683Z,着席,あ,false,138.3,96.2,-85.10000000000001,-2.9000000000000004,-3.8000000000000003,-2.2,-1.9000000000000001,-13.3,-2.1,-53,11.4,37
Chrome Mobile,90.0.4430.82,Asus X01AD,Asus,Blink,[object Object],Chrome Mobile 90.0.4430.82 on Asus X01AD (Android 9),2021-05-06T05:13:59.883Z,着席,あ,false,75.5,70,-20.8,5.5,23.6,10.5,4.3,14.100000000000001,7.300000000000001,52.5,62.4,-122.69999999999999
Chrome Mobile,90.0.4430.82,Asus X01AD,Asus,Blink,[object Object],Chrome Mobile 90.0.4430.82 on Asus X01AD (Android 9),2021-05-06T05:14:00.086Z,着席,あ,false,135.6,98.80000000000001,-83.10000000000001,-2.9000000000000004,-4.9,-0.1,-1.4000000000000001,-14.3,0,-33,3.4,7.500000000000001
Chrome Mobile,90.0.4430.82,Asus X01AD,Asus,Blink,[object Object],Chrome Mobile 90.0.4430.82 on Asus X01AD (Android 9),2021-05-06T05:14:00.287Z,着席,あ,false,70.60000000000001,69.7,-17.6,6.4,29.5,9.8,5.4,20.200000000000003,6.5,54.199999999999996,42.5,9.8
Chrome Mobile,90.0.4430.82,Asus X01AD,Asus,Blink,[object Object],Chrome Mobile 90.0.4430.82 on Asus X01AD (Android 9),2021-05-06T05:14:00.487Z,着席,あ,false,138.8,97.7,-86.4,-2,-4.1000000000000005,-1.5,-0.7000000000000001,-13.700000000000001,-1.4000000000000001,17.6,4.7,-26.1
Chrome Mobile,90.0.4430.82,Asus X01AD,Asus,Blink,[object Object],Chrome Mobile 90.0.4430.82 on Asus X01AD (Android 9),2021-05-06T05:14:00.688Z,着席,あ,false,71,70.60000000000001,-15.3,5.2,28.200000000000003,7.800000000000001,4.3,18.8,4.7,51.300000000000004,42.1,14.100000000000001
Chrome Mobile,90.0.4430.82,Asus X01AD,Asus,Blink,[object Object],Chrome Mobile 90.0.4430.82 on Asus X01AD (Android 9),2021-05-06T05:14:00.889Z,着席,あ,false,330.1,84.30000000000001,84.60000000000001,-2,-3.9000000000000004,-0.4,-1.1,-13.5,-0.5,16.900000000000002,-13.000000000000002,-28.500000000000004
Chrome Mobile,90.0.4430.82,Asus X01AD,Asus,Blink,[object Object],Chrome Mobile 90.0.4430.82 on Asus X01AD (Android 9),2021-05-06T05:14:01.089Z,着席,あ,false,76.3,66,-24.6,7.1000000000000005,31.6,15.5,5.5,22.6,11.8,-37.6,-11.5,0
Chrome Mobile,90.0.4430.82,Asus X01AD,Asus,Blink,[object Object],Chrome Mobile 90.0.4430.82 on Asus X01AD (Android 9),2021-05-06T05:14:01.290Z,着席,あ,false,329.40000000000003,84.10000000000001,82.4,-1.7000000000000002,-3.2,-0.2,-0.7000000000000001,-12.9,-0.30000000000000004,66.1,-3.6000000000000005,-40.300000000000004
Chrome Mobile,90.0.4430.82,Asus X01AD,Asus,Blink,[object Object],Chrome Mobile 90.0.4430.82 on Asus X01AD (Android 9),2021-05-06T05:14:01.491Z,着席,あ,false,79.30000000000001,68.8,-25.3,9.600000000000001,31.400000000000002,11,8.1,22.400000000000002,7.800000000000001,-29.200000000000003,-21.400000000000002,100.2
Chrome Mobile,90.0.4430.82,Asus X01AD,Asus,Blink,[object Object],Chrome Mobile 90.0.4430.82 on Asus X01AD (Android 9),2021-05-06T05:14:01.692Z,着席,あ,false,329.5,84.2,82.10000000000001,-0.8,-3.3000000000000003,1.3,0.2,-13.200000000000001,1.2000000000000002,75.9,0.9000000000000001,-79.7
Chrome Mobile,90.0.4430.82,Asus X01AD,Asus,Blink,[object Object],Chrome Mobile 90.0.4430.82 on Asus X01AD (Android 9),2021-05-06T05:14:01.892Z,着席,あ,false,75.9,71.10000000000001,-21.900000000000002,7.4,25.5,12.200000000000001,6.2,16.7,9.4,-141.2,1.8000000000000003,157
Chrome Mobile,90.0.4430.82,Asus X01AD,Asus,Blink,[object Object],Chrome Mobile 90.0.4430.82 on Asus X01AD (Android 9),2021-05-06T05:14:02.093Z,着席,あ,false,6,85.60000000000001,47.5,-2.3000000000000003,-2.9000000000000004,2.6,-1.7000000000000002,-12.8,2.1,99.30000000000001,-14.200000000000001,-90.80000000000001
Chrome Mobile,90.0.4430.82,Asus X01AD,Asus,Blink,[object Object],Chrome Mobile 90.0.4430.82 on Asus X01AD (Android 9),2021-05-06T05:14:02.294Z,着席,あ,false,68.60000000000001,72.4,-15.100000000000001,4.5,23.200000000000003,6.5,3.8000000000000003,14.200000000000001,3.8000000000000003,-172.6,5.500000000000001,112.20000000000002
Chrome Mobile,90.0.4430.82,Asus X01AD,Asus,Blink,[object Object],Chrome Mobile 90.0.4430.82 on Asus X01AD (Android 9),2021-05-06T05:14:02.500Z,着席,あ,false,24.200000000000003,85.5,28.1,-0.1,1.2000000000000002,2.1,0.30000000000000004,-8.8,1.4000000000000001,114.6,-6,-80.4
Chrome Mobile,90.0.4430.82,Asus X01AD,Asus,Blink,[object Object],Chrome Mobile 90.0.4430.82 on Asus X01AD (Android 9),2021-05-06T05:14:02.700Z,着席,あ,false,72.8,75.2,-19.3,4.2,22.5,8.8,3.4000000000000004,13.5,6.5,-197.70000000000002,3.2,120.3
Chrome Mobile,90.0.4430.82,Asus X01AD,Asus,Blink,[object Object],Chrome Mobile 90.0.4430.82 on Asus X01AD (Android 9),2021-05-06T05:14:02.907Z,着席,あ,false,140.1,94,-88.80000000000001,-1.7000000000000002,-0.9,0.8,-1,-10.9,0.8,86.4,-20.5,-87.89999999999999
Chrome Mobile,90.0.4430.82,Asus X01AD,Asus,Blink,[object Object],Chrome Mobile 90.0.4430.82 on Asus X01AD (Android 9),2021-05-06T05:14:03.107Z,着席,あ,false,65,76.5,-13.9,2.7,18.2,4.6000000000000005,2.2,9.200000000000001,2.5,-228.4,25.5,114.70000000000002
Chrome Mobile,90.0.4430.82,Asus X01AD,Asus,Blink,[object Object],Chrome Mobile 90.0.4430.82 on Asus X01AD (Android 9),2021-05-06T05:14:03.308Z,着席,あ,false,36.1,86.5,12.600000000000001,-1.1,1.7000000000000002,1.5,-1,-8.3,0.9,112.60000000000001,-3.3000000000000007,-73.30000000000001
Chrome Mobile,90.0.4430.82,Asus X01AD,Asus,Blink,[object Object],Chrome Mobile 90.0.4430.82 on Asus X01AD (Android 9),2021-05-06T05:14:03.508Z,着席,あ,false,69.8,79.9,-20.5,-2.2,11.700000000000001,2.5,-2.8000000000000003,2.6,1,-176.7,37.7,128.9
Chrome Mobile,90.0.4430.82,Asus X01AD,Asus,Blink,[object Object],Chrome Mobile 90.0.4430.82 on Asus X01AD (Android 9),2021-05-06T05:14:03.710Z,着席,あ,false,55.400000000000006,85.30000000000001,-2.7,-0.2,1.5,2.8000000000000003,-0.30000000000000004,-8.5,1.9000000000000001,111.70000000000002,-24.5,-111.10000000000002
Chrome Mobile,90.0.4430.82,Asus X01AD,Asus,Blink,[object Object],Chrome Mobile 90.0.4430.82 on Asus X01AD (Android 9),2021-05-06T05:14:03.910Z,着席,あ,false,71.9,81.10000000000001,-19.700000000000003,0.2,10.100000000000001,0.30000000000000004,-0.2,0.9,-1,-154.5,-4.800000000000001,137
Chrome Mobile,90.0.4430.82,Asus X01AD,Asus,Blink,[object Object],Chrome Mobile 90.0.4430.82 on Asus X01AD (Android 9),2021-05-06T05:14:04.111Z,着席,あ,false,82.60000000000001,85,-31,0.30000000000000004,3.7,1.2000000000000002,-0.1,-6.300000000000001,0.5,107.9,-13.700000000000001,-99.5
Chrome Mobile,90.0.4430.82,Asus X01AD,Asus,Blink,[object Object],Chrome Mobile 90.0.4430.82 on Asus X01AD (Android 9),2021-05-06T05:14:04.312Z,着席,あ,false,70.8,78,-17.900000000000002,0.4,13.5,2.3000000000000003,-0.2,4.4,0.5,-170.2,37.800000000000004,126.8
Chrome Mobile,90.0.4430.82,Asus X01AD,Asus,Blink,[object Object],Chrome Mobile 90.0.4430.82 on Asus X01AD (Android 9),2021-05-06T05:14:04.513Z,着席,あ,false,57.400000000000006,85,-6.6000000000000005,0.4,2.8000000000000003,2.2,0.30000000000000004,-7.2,1.3,119.8,-7.699999999999999,-103.49999999999999
Chrome Mobile,90.0.4430.82,Asus X01AD,Asus,Blink,[object Object],Chrome Mobile 90.0.4430.82 on Asus X01AD (Android 9),2021-05-06T05:14:04.713Z,着席,あ,false,75.9,78.80000000000001,-23.900000000000002,2.1,13.8,0.9,1.4000000000000001,4.800000000000001,-0.7000000000000001,-174.3,1.7,167.1
Chrome Mobile,90.0.4430.82,Asus X01AD,Asus,Blink,[object Object],Chrome Mobile 90.0.4430.82 on Asus X01AD (Android 9),2021-05-06T05:14:04.914Z,着席,あ,false,52,85.9,-0.6000000000000001,-0.2,1.7000000000000002,1.5,-0.2,-8.3,0.8,101.6,-31.099999999999998,-111
Chrome Mobile,90.0.4430.82,Asus X01AD,Asus,Blink,[object Object],Chrome Mobile 90.0.4430.82 on Asus X01AD (Android 9),2021-05-06T05:14:05.114Z,着席,あ,false,73.60000000000001,81.2,-22.5,-0.30000000000000004,8.8,-1.2000000000000002,-0.8,-0.4,-2.5,-137.4,6.699999999999999,156.6
Chrome Mobile,90.0.4430.82,Asus X01AD,Asus,Blink,[object Object],Chrome Mobile 90.0.4430.82 on Asus X01AD (Android 9),2021-05-06T05:14:05.315Z,着席,あ,false,30.6,86.7,21.6,0.5,2.1,0.30000000000000004,0.8,-7.9,-0.2,128.8,-5.8,-95.4
Chrome Mobile,90.0.4430.82,Asus X01AD,Asus,Blink,[object Object],Chrome Mobile 90.0.4430.82 on Asus X01AD (Android 9),2021-05-06T05:14:05.515Z,着席,あ,false,76.4,79.30000000000001,-21.900000000000002,0.5,13.200000000000001,1.1,-0.2,4.2,-0.5,-184.3,5.4,150.2
Chrome Mobile,90.0.4430.82,Asus X01AD,Asus,Blink,[object Object],Chrome Mobile 90.0.4430.82 on Asus X01AD (Android 9),2021-05-06T05:14:05.716Z,着席,あ,false,27.8,85.2,26.200000000000003,-0.30000000000000004,0.9,3,0.1,-9.200000000000001,2.2,96.5,-28.900000000000002,-124.2
Chrome Mobile,90.0.4430.82,Asus X01AD,Asus,Blink,[object Object],Chrome Mobile 90.0.4430.82 on Asus X01AD (Android 9),2021-05-06T05:14:05.916Z,着席,あ,false,66.9,79.10000000000001,-11.200000000000001,1.5,11.600000000000001,1.7000000000000002,1.1,2.6,0,-202,18.3,137.1
Chrome Mobile,90.0.4430.82,Asus X01AD,Asus,Blink,[object Object],Chrome Mobile 90.0.4430.82 on Asus X01AD (Android 9),2021-05-06T05:14:06.117Z,着席,あ,false,50,82.60000000000001,5.1000000000000005,-0.2,4.4,3.1,-0.1,-5.6000000000000005,1.8,113.60000000000001,-21.6,-123.1
Chrome Mobile,90.0.4430.82,Asus X01AD,Asus,Blink,[object Object],Chrome Mobile 90.0.4430.82 on Asus X01AD (Android 9),2021-05-06T05:14:06.317Z,着席,あ,false,29.200000000000003,81.9,26.200000000000003,0.2,4.6000000000000005,2.2,0.8,-4.5,1.1,-115.20000000000002,-19.1,129.00000000000003
Chrome Mobile,90.0.4430.82,Asus X01AD,Asus,Blink,[object Object],Chrome Mobile 90.0.4430.82 on Asus X01AD (Android 9),2021-05-06T05:14:06.518Z,着席,あ,false,57.1,81.9,-0.2,1.3,7.5,2.6,1.3,-2.6,1.2000000000000002,123.1,-1.9,-110.9
Chrome Mobile,90.0.4430.82,Asus X01AD,Asus,Blink,[object Object],Chrome Mobile 90.0.4430.82 on Asus X01AD (Android 9),2021-05-06T05:14:06.718Z,着席,あ,false,4.6000000000000005,81.7,51.5,-1.7000000000000002,-0.7000000000000001,-1.3,-0.6000000000000001,-9.9,-2.1,-140.5,-1.5,93.8
Chrome Mobile,90.0.4430.82,Asus X01AD,Asus,Blink,[object Object],Chrome Mobile 90.0.4430.82 on Asus X01AD (Android 9),2021-05-06T05:14:06.919Z,着席,あ,false,61,77.7,-6,1.2000000000000002,9.700000000000001,3.3000000000000003,1,-0.2,1.1,147.29999999999998,7.300000000000001,-111
Chrome Mobile,90.0.4430.82,Asus X01AD,Asus,Blink,[object Object],Chrome Mobile 90.0.4430.82 on Asus X01AD (Android 9),2021-05-06T05:14:07.119Z,着席,あ,false,331.70000000000005,82,83.5,-2.6,-3.5,-3.7,-1.3,-12.8,-3.8000000000000003,-83.60000000000001,5.6,72.50000000000001
Chrome Mobile,90.0.4430.82,Asus X01AD,Asus,Blink,[object Object],Chrome Mobile 90.0.4430.82 on Asus X01AD (Android 9),2021-05-06T05:14:07.320Z,着席,あ,false,75.4,73.5,-17.900000000000002,4.4,15.4,5.4,3.5,5.6000000000000005,2.7,136.8,30.1,-119
Chrome Mobile,90.0.4430.82,Asus X01AD,Asus,Blink,[object Object],Chrome Mobile 90.0.4430.82 on Asus X01AD (Android 9),2021-05-06T05:14:07.521Z,着席,あ,false,332.40000000000003,80.60000000000001,84.9,-3.2,-3.5,-2.5,-1.7000000000000002,-12.8,-2.6,-43.6,-8.2,52.00000000000001
Chrome Mobile,90.0.4430.82,Asus X01AD,Asus,Blink,[object Object],Chrome Mobile 90.0.4430.82 on Asus X01AD (Android 9),2021-05-06T05:14:07.721Z,着席,あ,false,82.5,73.60000000000001,-25.6,6.7,21.700000000000003,5,5.5,12,2.4000000000000004,108.8,7.699999999999999,-76.1
Chrome Mobile,90.0.4430.82,Asus X01AD,Asus,Blink,[object Object],Chrome Mobile 90.0.4430.82 on Asus X01AD (Android 9),2021-05-06T05:14:07.922Z,着席,あ,false,329.8,80.4,87.5,-3.4000000000000004,-4.5,-1.3,-1.8,-13.9,-1.3,-17.400000000000002,-0.30000000000000004,47.900000000000006
Chrome Mobile,90.0.4430.82,Asus X01AD,Asus,Blink,[object Object],Chrome Mobile 90.0.4430.82 on Asus X01AD (Android 9),2021-05-06T05:14:08.122Z,着席,あ,false,78.60000000000001,70.3,-24.200000000000003,7.7,29,8.200000000000001,6.300000000000001,19.6,5.1000000000000005,109.7,25,-37.400000000000006
Chrome Mobile,90.0.4430.82,Asus X01AD,Asus,Blink,[object Object],Chrome Mobile 90.0.4430.82 on Asus X01AD (Android 9),2021-05-06T05:14:08.323Z,着席,あ,false,133.4,100.80000000000001,-77.30000000000001,-1.7000000000000002,-5.4,-2.7,0.1,-14.9,-2.3000000000000003,37.1,10.200000000000001,-48
Chrome Mobile,90.0.4430.82,Asus X01AD,Asus,Blink,[object Object],Chrome Mobile 90.0.4430.82 on Asus X01AD (Android 9),2021-05-06T05:14:08.528Z,着席,あ,false,70.4,69.2,-15,6.9,33.5,14.100000000000001,6,24.5,10.700000000000001,-47.400000000000006,-51.9,50.1
Chrome Mobile,90.0.4430.82,Asus X01AD,Asus,Blink,[object Object],Chrome Mobile 90.0.4430.82 on Asus X01AD (Android 9),2021-05-06T05:14:08.729Z,着席,あ,false,325.8,80.5,87.5,-3.3000000000000003,-3.6,-0.4,-1.7000000000000002,-13.200000000000001,-0.5,48.9,-11.4,-28.500000000000004
Chrome Mobile,90.0.4430.82,Asus X01AD,Asus,Blink,[object Object],Chrome Mobile 90.0.4430.82 on Asus X01AD (Android 9),2021-05-06T05:14:08.929Z,着席,あ,false,60,61.300000000000004,-4.2,2.1,13.600000000000001,16.6,1.8,5.300000000000001,12.100000000000001,-250.00000000000003,10,34.1
Chrome Mobile,90.0.4430.82,Asus X01AD,Asus,Blink,[object Object],Chrome Mobile 90.0.4430.82 on Asus X01AD (Android 9),2021-05-06T05:14:09.130Z,着席,あ,false,58.300000000000004,41.6,-0.6000000000000001,1.1,6.2,8.200000000000001,1,-0.2,0.9,-86.89999999999999,28.600000000000005,-17.1